33	> 本章属于：Burbidge, Burbidge, Fowler, Hoyle (1957) — *Synthesis of the Elements in Stars* (B²FH)	> 本章属于：Burbidge, Burbidge, Fowler, Hoyle (1957) — *Synthesis of the Elements in Stars* (B$^2$FH)	R2 核素/希腊字母/单位
52	| **Keywords** | 核合成、r 过程、s 过程、p 过程、α 过程、ε 过程、Big Bang 核合成、超新星、中子俘获、元素丰度、恒星演化、技术锝（Tc⁹⁹）、超重元素 |	| **Keywords** | 核合成、r 过程、s 过程、p 过程、$\alpha$ 过程、$\epsilon$ 过程、Big Bang 核合成、超新星、中子俘获、元素丰度、恒星演化、技术锝（Tc⁹⁹）、超重元素 |	R2 核素/希腊字母/单位
61	[FACT] 本文提出：**宇宙中所有比氦重的元素，都是在恒星内部或恒星爆炸（特别是超新星）过程中，通过一套相互关联的核反应过程（pp 链/CN 循环、³He 燃烧、α 过程、ε 平衡过程、s 过程、r 过程、p 过程、x 过程）从原始氢逐步"合成"出来的**，并系统解释了观测到的元素/同位素丰度曲线的全部精细结构（铁峰、A=80/130/194 双峰、N=50/82/126 幻数峰、质子富集核的缺失等）。	[FACT] 本文提出：**宇宙中所有比氦重的元素，都是在恒星内部或恒星爆炸（特别是超新星）过程中，通过一套相互关联的核反应过程（pp 链/CN 循环、$^{3}{\rm He}$ 燃烧、$\alpha$ 过程、$\epsilon$ 平衡过程、s 过程、r 过程、p 过程、x 过程）从原始氢逐步"合成"出来的**，并系统解释了观测到的元素/同位素丰度曲线的全部精细结构（铁峰、A=80/130/194 双峰、N=50/82/126 幻数峰、质子富集核的缺失等）。	R2 核素/希腊字母/单位
82	III. Hydrogen Burning, Helium Burning, the α Process, and Neutron Production (P13–P31)	III. Hydrogen Burning, Helium Burning, the $\alpha$ Process, and Neutron Production (P13–P31)	R2 核素/希腊字母/单位
85	C. Pure Helium Burning (3α→¹²C；⁴He 链至 ²⁰Ne、²⁴Mg)	C. Pure Helium Burning (3$\alpha$→$^{12}{\rm C}$；$^{4}{\rm He}$ 链至 $^{20}{\rm Ne}$、$^{24}{\rm Mg}$)	R2 核素/希腊字母/单位
86	D. The α Process (²⁰Ne 起始的 α 逐次加积至 ⁴⁰Ca/⁴⁴Ca/⁴⁸Ti)	D. The $\alpha$ Process ($^{20}{\rm Ne}$ 起始的 $\alpha$ 逐次加积至 $^{40}{\rm Ca}$/$^{44}{\rm Ca}$/$^{48}{\rm Ti}$)	R2 核素/希腊字母/单位
88	F. Burning of Hydrogen and Helium with Mixtures of Other Elements; Stellar Neutron Sources (¹²C(n,α)⁹Be, ²⁰Ne(α,n)²⁴Mg)	F. Burning of Hydrogen and Helium with Mixtures of Other Elements; Stellar Neutron Sources ($^{12}{\rm C}$(n,$\alpha$)$^{9}{\rm Be}$, $^{20}{\rm Ne}$($\alpha$,n)$^{24}{\rm Mg}$)	R2 核素/希腊字母/单位
89	IV.  The ε (equilibrium) Process (P31–P36)	IV.  The $\epsilon$ (equilibrium) Process (P31–P36)	R2 核素/希腊字母/单位
90	极高 T、ρ 下的铁族元素合成；N/Z 平衡与自由中子/质子费米分布；Tuttle 计算	极高 T、$\rho$ 下的铁族元素合成；N/Z 平衡与自由中子/质子费米分布；Tuttle 计算	R2 核素/希腊字母/单位
96	Steady-flow 概念、σN 常数关系、双时间标度、幻数峰	Steady-flow 概念、$\sigma$N 常数关系、双时间标度、幻数峰	R2 核素/希腊字母/单位
108	(p,γ) 与 (γ,n) 光致蜕变；质子富集核（p-nuclei）	(p,$\gamma$) 与 ($\gamma$,n) 光致蜕变；质子富集核（p-nuclei）	R2 核素/希腊字母/单位
116	B. α Process	B. $\alpha$ Process	R2 核素/希腊字母/单位
118	D–G. s/r/p/α 过程在各型恒星中的体现（S 型星、碳星、Population II、peculiar A stars 等）	D–G. s/r/p/$\alpha$ 过程在各型恒星中的体现（S 型星、碳星、Population II、peculiar A stars 等）	R2 核素/希腊字母/单位
137	| (ii) | Helium Burning | 3α 与 α 逐次俘获 | ¹²C、¹⁶O、²⁰Ne、²⁴Mg | $10^{7}$–$10^{8}$ yr | 红巨星核心（T~$10^{8}$ K，ρ~$10^{5}$ g/cm³） |	| (ii) | Helium Burning | 3$\alpha$ 与 $\alpha$ 逐次俘获 | $^{12}{\rm C}$、$^{16}{\rm O}$、$^{20}{\rm Ne}$、$^{24}{\rm Mg}$ | $10^{7}$–$10^{8}$ yr | 红巨星核心（T~$10^{8}$ K，$\rho$~$10^{5}$ g/cm³） |	R2 核素/希腊字母/单位
138	| (iii) | α (alpha) Process | Ne²⁰ 起逐次 α 俘获 | ²⁴Mg、²⁸Si、³²S、³⁶Ar、⁴⁰Ca、⁴⁴Ca、⁴⁸Ti | $10^{6}$–$10^{7}$ yr | 演化后期收缩相 |	| (iii) | $\alpha$ (alpha) Process | Ne²⁰ 起逐次 $\alpha$ 俘获 | $^{24}{\rm Mg}$、$^{28}{\rm Si}$、$^{32}{\rm S}$、$^{36}{\rm Ar}$、$^{40}{\rm Ca}$、$^{44}{\rm Ca}$、$^{48}{\rm Ti}$ | $10^{6}$–$10^{7}$ yr | 演化后期收缩相 |	R2 核素/希腊字母/单位
139	| (iv) | ε (epsilon) Process | 极高 T、ρ 下的统计平衡 | 铁族（V,Cr,Mn,Fe,Co,Ni，A≈50–62） | 秒或分钟 | 超新星爆发前 |	| (iv) | $\epsilon$ (epsilon) Process | 极高 T、$\rho$ 下的统计平衡 | 铁族（V,Cr,Mn,Fe,Co,Ni，A≈50–62） | 秒或分钟 | 超新星爆发前 |	R2 核素/希腊字母/单位
140	| (v) | s Process（slow） | (n,γ)，每步间 β 衰变慢于中子俘获 | 23≲A≲46（大部分）；63≲A≲209（相当比例） | $10^{3}$–$10^{8}$ yr | 红巨星内部（伴随 Tc⁹⁹） |	| (v) | s Process（slow） | (n,$\gamma$)，每步间 $\beta$ 衰变慢于中子俘获 | 23≲A≲46（大部分）；63≲A≲209（相当比例） | $10^{3}$–$10^{8}$ yr | 红巨星内部（伴随 Tc⁹⁹） |	R2 核素/希腊字母/单位
141	| (vi) | r Process（rapid） | (n,γ)，中子俘获极快；β 衰变时标 0.01–1 s | 70≲A≲209（大量）；U、Th；可能含轻元素如 ⁴⁴Ca | 10–100 s | 超新星爆发 |	| (vi) | r Process（rapid） | (n,$\gamma$)，中子俘获极快；$\beta$ 衰变时标 0.01–1 s | 70≲A≲209（大量）；U、Th；可能含轻元素如 $^{44}{\rm Ca}$ | 10–100 s | 超新星爆发 |	R2 核素/希腊字母/单位
142	| (vii) | p Process | (p,γ) 或 (γ,n) 光致蜕变 | 质子富集核（低丰度） | 分钟级 | 超新星 II 型外抛壳 |	| (vii) | p Process | (p,$\gamma$) 或 ($\gamma$,n) 光致蜕变 | 质子富集核（低丰度） | 分钟级 | 超新星 II 型外抛壳 |	R2 核素/希腊字母/单位
145	**辅助过程**：自由中子源（¹²C(n,α)⁹Be 及 ²⁰Ne(α,n)²⁴Mg）——Cameron (1954/55) 与 Greenstein (1954) 首先提出，Marion & Fowler 给出速率。	**辅助过程**：自由中子源（$^{12}{\rm C}$(n,$\alpha$)$^{9}{\rm Be}$ 及 $^{20}{\rm Ne}$($\alpha$,n)$^{24}{\rm Mg}$）——Cameron (1954/55) 与 Greenstein (1954) 首先提出，Marion & Fowler 给出速率。	R2 核素/希腊字母/单位
152	4. 超新星中 ⁵⁶Ni/⁵⁶Co 衰变链——超新星爆发内快速中子俘获的证据。	4. 超新星中 $^{56}{\rm Ni}$/$^{56}{\rm Co}$ 衰变链——超新星爆发内快速中子俘获的证据。	R2 核素/希腊字母/单位
183	| 附表 III.4 | α 过程产物相对丰度 |	| 附表 III.4 | $\alpha$ 过程产物相对丰度 |	R2 核素/希腊字母/单位
187	| 附录 | 每个同位素的 σ(n,γ)、t_β、过程归属（P96–P102，共 1200+ 核素） |	| 附录 | 每个同位素的 $\sigma$(n,$\gamma$)、t_$\beta$、过程归属（P96–P102，共 1200+ 核素） |	R2 核素/希腊字母/单位
204	- [`0002_trimble-1975`](../../0002_trimble-1975/literature_analysis/00_overview.md) — Trimble 1975 是 B²FH 18 年后的权威更新综述	- [`0002_trimble-1975`](../../0002_trimble-1975/literature_analysis/00_overview.md) — Trimble 1975 是 B$^2$FH 18 年后的权威更新综述	R2 核素/希腊字母/单位
205	- [`0003_fowler-1984`](../../0003_fowler-1984/literature_analysis/00_overview.md) — Fowler 1984 Nobel Lecture 部分作者来自 B²FH 团队	- [`0003_fowler-1984`](../../0003_fowler-1984/literature_analysis/00_overview.md) — Fowler 1984 Nobel Lecture 部分作者来自 B$^2$FH 团队	R2 核素/希腊字母/单位
206	- [`0004_wallerstein-1997`](../../0004_wallerstein-1997/literature_analysis/00_overview.md) — Wallerstein 1997 是 B²FH 40 年回顾	- [`0004_wallerstein-1997`](../../0004_wallerstein-1997/literature_analysis/00_overview.md) — Wallerstein 1997 是 B$^2$FH 40 年回顾	R2 核素/希腊字母/单位
210	- [`0004_wallerstein-1997`](../../0004_wallerstein-1997/literature_analysis/00_overview.md) — B²FH 40 年进展综述	- [`0004_wallerstein-1997`](../../0004_wallerstein-1997/literature_analysis/00_overview.md) — B$^2$FH 40 年进展综述	R2 核素/希腊字母/单位
1	> 本章属于：B²FH (1957) — *Synthesis of the Elements in Stars*	> 本章属于：B$^2$FH (1957) — *Synthesis of the Elements in Stars*	R2 核素/希腊字母/单位
63	| A>100 后斜率骤降为缓变 | s 过程 σ(n,γ) 常数；r 过程的"循环（cycling）" |	| A>100 后斜率骤降为缓变 | s 过程 $\sigma$(n,$\gamma$) 常数；r 过程的"循环（cycling）" |	R2 核素/希腊字母/单位
65	| α 粒子核（¹²C、¹⁶O、²⁰Ne、²⁴Mg、²⁸Si、³²S、³⁶Ar、⁴⁰Ca）丰度偏高 | He 燃烧和 α 过程比 H 燃烧、s 过程在轻区更有效 |	| $\alpha$ 粒子核（$^{12}{\rm C}$、$^{16}{\rm O}$、$^{20}{\rm Ne}$、$^{24}{\rm Mg}$、$^{28}{\rm Si}$、$^{32}{\rm S}$、$^{36}{\rm Ar}$、$^{40}{\rm Ca}$）丰度偏高 | He 燃烧和 $\alpha$ 过程比 H 燃烧、s 过程在轻区更有效 |	R2 核素/希腊字母/单位
66	| 以 Fe⁵⁶ 为中心的强大丰度峰 | ε 过程；恒星演化到 Fe⁵⁶ 附近（结合能最小处）时释放能量最大 |	| 以 Fe⁵⁶ 为中心的强大丰度峰 | $\epsilon$ 过程；恒星演化到 Fe⁵⁶ 附近（结合能最小处）时释放能量最大 |	R2 核素/希腊字母/单位
93	3. **观测反例**：S 型星中的 **Tc⁹⁹**、超新星中的 **⁵⁶Co**（⁵⁶Ni 衰变）——直接证据表明核合成仍在进行中。	3. **观测反例**：S 型星中的 **Tc⁹⁹**、超新星中的 **$^{56}{\rm Co}$**（$^{56}{\rm Ni}$ 衰变）——直接证据表明核合成仍在进行中。	R2 核素/希腊字母/单位
116	> "Our view is that the elements have evolved, and are evolving, by a whole series of processes. These are marked in the schematic abundance curve, Fig. I.1, as H burning, He burning, α, ε, r, s, and p processes. The nature of these processes is shown in detail in Fig. I.2."	> "Our view is that the elements have evolved, and are evolving, by a whole series of processes. These are marked in the schematic abundance curve, Fig. I.1, as H burning, He burning, $\alpha$, $\epsilon$, r, s, and p processes. The nature of these processes is shown in detail in Fig. I.2."	R2 核素/希腊字母/单位
120	- **pp 链 → He⁴ → ³He → ⁷Li** 等轻核合成（H 燃烧）。	- **pp 链 → He⁴ → $^{3}{\rm He}$ → $^{7}{\rm Li}$** 等轻核合成（H 燃烧）。	R2 核素/希腊字母/单位
122	- **He 燃烧**：3α→¹²C → α 俘获 → ¹⁶O、²⁰Ne、²⁴Mg。	- **He 燃烧**：3$\alpha$→$^{12}{\rm C}$ → $\alpha$ 俘获 → $^{16}{\rm O}$、$^{20}{\rm Ne}$、$^{24}{\rm Mg}$。	R2 核素/希腊字母/单位
123	- **α 过程**：²⁰Ne 起 α 链 → ²⁸Si、³²S、³⁶Ar、⁴⁰Ca、⁴⁴Ca、⁴⁸Ti。	- **$\alpha$ 过程**：$^{20}{\rm Ne}$ 起 $\alpha$ 链 → $^{28}{\rm Si}$、$^{32}{\rm S}$、$^{36}{\rm Ar}$、$^{40}{\rm Ca}$、$^{44}{\rm Ca}$、$^{48}{\rm Ti}$。	R2 核素/希腊字母/单位
124	- **ε 过程**：铁族，统计平衡（— — — 线）。	- **$\epsilon$ 过程**：铁族，统计平衡（— — — 线）。	R2 核素/希腊字母/单位
125	- **s 过程**：Fe⁵⁶ 起 (n,γ) 慢俘获链 → 上至 Bi/Pb 区（曲线箭头）。	- **s 过程**：Fe⁵⁶ 起 (n,$\gamma$) 慢俘获链 → 上至 Bi/Pb 区（曲线箭头）。	R2 核素/希腊字母/单位
126	- **r 过程**：Fe⁵⁶ 起 (n,γ) 快速俘获链 → 上至 U/Th 区（曲线箭头）。	- **r 过程**：Fe⁵⁶ 起 (n,$\gamma$) 快速俘获链 → 上至 U/Th 区（曲线箭头）。	R2 核素/希腊字母/单位
127	- **p 过程**：(p,γ)/(γ,n) 光致蜕变修改 → 质子富集核。	- **p 过程**：(p,$\gamma$)/($\gamma$,n) 光致蜕变修改 → 质子富集核。	R2 核素/希腊字母/单位
129	- **⁵⁶Co** 标出为"超新星快中子俘获的证据"。	- **$^{56}{\rm Co}$** 标出为"超新星快中子俘获的证据"。	R2 核素/希腊字母/单位
134	- `---` = ε 平衡过程	- `---` = $\epsilon$ 平衡过程	R2 核素/希腊字母/单位
135	- `····` = α 俘获过程	- `····` = $\alpha$ 俘获过程	R2 核素/希腊字母/单位
137	- 虚线箭头 = 光致蜕变/α 衰变/裂变	- 虚线箭头 = 光致蜕变/$\alpha$ 衰变/裂变	R2 核素/希腊字母/单位
157	| α 过程（24,28,…,48） | 2.2×$10^{6}$ | 5.1×$10^{-7}$ |	| $\alpha$ 过程（24,28,…,48） | 2.2×$10^{6}$ | 5.1×$10^{-7}$ |	R2 核素/希腊字母/单位
159	| ε 过程（50≤A≤62） | 6.4×$10^{5}$ | 1.5×$10^{-6}$ |	| $\epsilon$ 过程（50≤A≤62） | 6.4×$10^{5}$ | 1.5×$10^{-6}$ |	R2 核素/希腊字母/单位
166	**总结 [FACT]**：Σ(H)=0.755，F(He)=0.231，Z(A<4)=0.014	**总结 [FACT]**：$\Sigma$(H)=0.755，F(He)=0.231，Z(A<4)=0.014	R2 核素/希腊字母/单位
175	→ 观测到 Tc⁹⁹/⁵⁶Co 表明合成仍在恒星内进行	→ 观测到 Tc⁹⁹/$^{56}{\rm Co}$ 表明合成仍在恒星内进行	R2 核素/希腊字母/单位
183	1. 论文的开篇逻辑结构是"由事实（丰度曲线）反推动因"：作者先列出异常（幻数峰、Fe 峰、α 粒子的过剩），再提出"每种异常必然对应一种合成机制"——这一思路奠定了后文每一个过程论证的结构。	1. 论文的开篇逻辑结构是"由事实（丰度曲线）反推动因"：作者先列出异常（幻数峰、Fe 峰、$\alpha$ 粒子的过剩），再提出"每种异常必然对应一种合成机制"——这一思路奠定了后文每一个过程论证的结构。	R2 核素/希腊字母/单位
200	- 第 III 章（H/He 燃烧与 α 过程） → `03_figures.md`	- 第 III 章（H/He 燃烧与 $\alpha$ 过程） → `03_figures.md`	R2 核素/希腊字母/单位
201	- 第 IV 章（ε 过程） → `04_epsilon_process.md`	- 第 IV 章（$\epsilon$ 过程） → `04_epsilon_process.md`	R2 核素/希腊字母/单位
1	> 本章属于：B²FH (1957) — *Synthesis of the Elements in Stars*	> 本章属于：B$^2$FH (1957) — *Synthesis of the Elements in Stars*	R2 核素/希腊字母/单位
21	- 合成 ¹²C（由 3α 反应）；进一步 α 俘获产生 ¹⁶O、²⁰Ne，可能还有 ²⁴Mg。	- 合成 $^{12}{\rm C}$（由 3$\alpha$ 反应）；进一步 $\alpha$ 俘获产生 $^{16}{\rm O}$、$^{20}{\rm Ne}$，可能还有 $^{24}{\rm Mg}$。	R2 核素/希腊字母/单位
24	### (iii) α Process（alpha Process）	### (iii) $\alpha$ Process（alpha Process）	R2 核素/希腊字母/单位
25	- α 粒子依次加成到 ²⁰Ne 上合成 **四结构核**：**²⁴Mg, ²⁸Si, ³²S, ³⁶Ar, ⁴⁰Ca**，可能还有 ⁴⁴Ca, ⁴⁸Ti。	- $\alpha$ 粒子依次加成到 $^{20}{\rm Ne}$ 上合成 **四结构核**：**$^{24}{\rm Mg}$, $^{28}{\rm Si}$, $^{32}{\rm S}$, $^{36}{\rm Ar}$, $^{40}{\rm Ca}$**，可能还有 $^{44}{\rm Ca}$, $^{48}{\rm Ti}$。	R2 核素/希腊字母/单位
26	- α 粒子来源不同于 He 燃烧（来自中子产生反应等）。	- $\alpha$ 粒子来源不同于 He 燃烧（来自中子产生反应等）。	R2 核素/希腊字母/单位
28	### (iv) ε Process（equilibrium Process）	### (iv) $\epsilon$ Process（equilibrium Process）	R2 核素/希腊字母/单位
33	- 通过 (n,γ) 中子俘获合成，**每次中子俘获时间标度从 $10^{3}$ yr 到 ~$10^{7}$ yr**（比夹在中间的 β 衰变慢）。	- 通过 (n,$\gamma$) 中子俘获合成，**每次中子俘获时间标度从 $10^{3}$ yr 到 ~$10^{7}$ yr**（比夹在中间的 $\beta$ 衰变慢）。	R2 核素/希腊字母/单位
39	- 通过 (n,γ) 中子俘获合成，时间标度极短 **~0.01–1 s**（β 衰变夹在中子俘获之间）。	- 通过 (n,$\gamma$) 中子俘获合成，时间标度极短 **~0.01–1 s**（$\beta$ 衰变夹在中子俘获之间）。	R2 核素/希腊字母/单位
40	- 产物：**A=70–209 区间大量同位素**，以及 **U 和 Th**；可能还有轻元素合成（⁴⁴Ca, ⁴⁸Ca, ⁵⁰Ca，可能 ⁴⁶Ti, ⁴⁸Ti, ⁵⁰Ti）。	- 产物：**A=70–209 区间大量同位素**，以及 **U 和 Th**；可能还有轻元素合成（$^{44}{\rm Ca}$, $^{48}{\rm Ca}$, $^{50}{\rm Ca}$，可能 $^{46}{\rm Ti}$, $^{48}{\rm Ti}$, $^{50}{\rm Ti}$）。	R2 核素/希腊字母/单位
45	- (p,γ) 质子俘获或 (γ,n) 光致蜕变。	- (p,$\gamma$) 质子俘获或 ($\gamma$,n) 光致蜕变。	R2 核素/希腊字母/单位
56	- **¹²C(n,α)⁹Be** — Cameron (1954, 1955) & Greenstein (1954)	- **$^{12}{\rm C}$(n,$\alpha$)$^{9}{\rm Be}$** — Cameron (1954, 1955) & Greenstein (1954)	R2 核素/希腊字母/单位
57	- **²⁰Ne(α,n)²⁴Mg** — Fowler, Burbidge, Burbidge (1955)	- **$^{20}{\rm Ne}$($\alpha$,n)$^{24}{\rm Mg}$** — Fowler, Burbidge, Burbidge (1955)	R2 核素/希腊字母/单位
72	- 某些同位素被**屏蔽**（shielded）——它们不可能通过中子俘获链从邻近核到达（因为邻近核的 (n,γ) 截面极小）。	- 某些同位素被**屏蔽**（shielded）——它们不可能通过中子俘获链从邻近核到达（因为邻近核的 (n,$\gamma$) 截面极小）。	R2 核素/希腊字母/单位
79	- **稳态流（Steady Flow）**：对 s 过程而言，稳态流给出 σ(A)·N(A) = const。σN 曲线的形状是区分过程的关键。	- **稳态流（Steady Flow）**：对 s 过程而言，稳态流给出 $\sigma$(A)·N(A) = const。$\sigma$N 曲线的形状是区分过程的关键。	R2 核素/希腊字母/单位
80	- Suess & Urey 及 Coryell 指出：A=90/138/208 的峰强烈表明 s 过程（稳定核有 N=50, 82, 126 封闭壳）；A=80/130/194 的峰向低 A 偏移 ΔA=8–14，表明 r 过程（中子更富集一侧）。	- Suess & Urey 及 Coryell 指出：A=90/138/208 的峰强烈表明 s 过程（稳定核有 N=50, 82, 126 封闭壳）；A=80/130/194 的峰向低 A 偏移 $\Delta$A=8–14，表明 r 过程（中子更富集一侧）。	R2 核素/希腊字母/单位
87	- 分支点：β 衰变半衰期与中子俘获时标相比时，可能产生**回路（loop）**。	- 分支点：$\beta$ 衰变半衰期与中子俘获时标相比时，可能产生**回路（loop）**。	R2 核素/希腊字母/单位
89	- **σ(n,γ)** 与 **t_β** 一并给出（对 s 过程分析至关重要）。	- **$\sigma$(n,$\gamma$)** 与 **t_$\beta$** 一并给出（对 s 过程分析至关重要）。	R2 核素/希腊字母/单位
100	- 由 Hoyle & Schwarzschild 计算：允许 ¹²C 合成。	- 由 Hoyle & Schwarzschild 计算：允许 $^{12}{\rm C}$ 合成。	R2 核素/希腊字母/单位
103	### (3) α Process	### (3) $\alpha$ Process	R2 核素/希腊字母/单位
107	- ⁴⁸Ti 合成需要 ~20 yr 从上一核生成。	- $^{48}{\rm Ti}$ 合成需要 ~20 yr 从上一核生成。	R2 核素/希腊字母/单位
112	| ε 过程 | 秒或分钟 | 超新星爆发前 |	| $\epsilon$ 过程 | 秒或分钟 | 超新星爆发前 |	R2 核素/希腊字母/单位
124	- 在 Se⁷⁸（β 半衰期 7×$10^{5}$ yr）处的 s 过程回路。	- 在 Se⁷⁸（$\beta$ 半衰期 7×$10^{5}$ yr）处的 s 过程回路。	R2 核素/希腊字母/单位
125	- 在 Fe 附近（σ=30 mb）的中子俘获半衰期：**~5×$10^{6}$ yr**。	- 在 Fe 附近（$\sigma$=30 mb）的中子俘获半衰期：**~5×$10^{6}$ yr**。	R2 核素/希腊字母/单位
129	- Sm¹⁴⁷（β 半衰期 80 yr）必须在 β 衰变前先俘获中子。	- Sm¹⁴⁷（$\beta$ 半衰期 80 yr）必须在 $\beta$ 衰变前先俘获中子。	R2 核素/希腊字母/单位
130	- 得到 t_γ(Sm¹⁴⁷) ≈ **5 yr**（在 A=150 附近）。	- 得到 t_$\gamma$(Sm¹⁴⁷) ≈ **5 yr**（在 A=150 附近）。	R2 核素/希腊字母/单位
139	图 II.4（P12）展示了各过程在一颗 ~1 M☉ 恒星中的内部温度随时间演化曲线：	图 II.4（P12）展示了各过程在一颗 ~1 $M_\odot$ 恒星中的内部温度随时间演化曲线：	R2 核素/希腊字母/单位
142	- α 过程：$10^{9}$ K（$10^{7}$ yr）	- $\alpha$ 过程：$10^{9}$ K（$10^{7}$ yr）	R2 核素/希腊字母/单位
143	- ε 过程：5×$10^{9}$ K（秒）	- $\epsilon$ 过程：5×$10^{9}$ K（秒）	R2 核素/希腊字母/单位
153	N(Kr⁸⁰)·λ_γ(Kr⁸⁰) = 0.92 · N(Se⁷⁸)·λ_γ(Se⁷⁸)	N(Kr⁸⁰)·$\lambda$_$\gamma$(Kr⁸⁰) = 0.92 · N(Se⁷⁸)·$\lambda$_$\gamma$(Se⁷⁸)	R2 核素/希腊字母/单位
154	N(Kr⁸²)·λ_γ(Kr⁸²) = λ_γ(Se⁸⁰)·N(Se⁸⁰) + λ_β(Kr⁸¹)·N(Kr⁸¹)	N(Kr⁸²)·$\lambda$_$\gamma$(Kr⁸²) = $\lambda$_$\gamma$(Se⁸⁰)·N(Se⁸⁰) + $\lambda$_$\beta$(Kr⁸¹)·N(Kr⁸¹)	R2 核素/希腊字母/单位
156	系数 0.92 来自 Se⁷⁸ 回路中 Br 的 β 衰变分支比（92%）。	系数 0.92 来自 Se⁷⁸ 回路中 Br 的 $\beta$ 衰变分支比（92%）。	R2 核素/希腊字母/单位
160	t_γ(Se⁷⁸) + t_β(Se⁷⁸) / t_γ(Kr⁸⁰)·λ_γ(Kr⁸⁰) = 0.92 / t_γ(Se⁷⁸)·λ_γ(Kr⁸⁰)	t_$\gamma$(Se⁷⁸) + t_$\beta$(Se⁷⁸) / t_$\gamma$(Kr⁸⁰)·$\lambda$_$\gamma$(Kr⁸⁰) = 0.92 / t_$\gamma$(Se⁷⁸)·$\lambda$_$\gamma$(Kr⁸⁰)	R2 核素/希腊字母/单位
164	t_γ(Se⁷⁸) ≈ 5×$10^{6}$ yr (在 A≈40 区)	t_$\gamma$(Se⁷⁸) ≈ 5×$10^{6}$ yr (在 A≈40 区)	R2 核素/希腊字母/单位
165	t_γ(Fe⁵⁶) ≈ 6×$10^{6}$ yr (按 σ 折算，σ=30 mb)	t_$\gamma$(Fe⁵⁶) ≈ 6×$10^{6}$ yr (按 $\sigma$ 折算，$\sigma$=30 mb)	R2 核素/希腊字母/单位
173	- 蟹状星云超新星：⁵⁶Ni → ⁵⁶Co 衰变链（~55 天 e-fold），暗示 Cf²⁵⁴ 自发裂变。	- 蟹状星云超新星：$^{56}{\rm Ni}$ → $^{56}{\rm Co}$ 衰变链（~55 天 e-fold），暗示 Cf²⁵⁴ 自发裂变。	R2 核素/希腊字母/单位
180	→ 通过 (n,γ) 截面与 β 衰变半衰期比值	→ 通过 (n,$\gamma$) 截面与 $\beta$ 衰变半衰期比值	R2 核素/希腊字母/单位
189	2. 稳态流 (σN=const) 判据在**今天**仍然是 s 过程理论的核心工具，本文首次将其系统化。	2. 稳态流 ($\sigma$N=const) 判据在**今天**仍然是 s 过程理论的核心工具，本文首次将其系统化。	R2 核素/希腊字母/单位
194	1. 作者对 r 过程"10–100 s"时间标度的论证依赖 Cf²⁵⁴ 自发裂变的假设，**今日已知 Cf²⁵⁴ 半衰期为 60.5 天，不是 r 过程核素的直接证据**——后来证实超新星中主要供能核素是 ⁵⁶Ni/⁵⁶Co（而非 Cf²⁵⁴）。这是 B²FH 论文中最著名的**历史误判**之一。	1. 作者对 r 过程"10–100 s"时间标度的论证依赖 Cf²⁵⁴ 自发裂变的假设，**今日已知 Cf²⁵⁴ 半衰期为 60.5 天，不是 r 过程核素的直接证据**——后来证实超新星中主要供能核素是 $^{56}{\rm Ni}$/$^{56}{\rm Co}$（而非 Cf²⁵⁴）。这是 B$^2$FH 论文中最著名的**历史误判**之一。	R2 核素/希腊字母/单位
196	3. s 过程的"$10^{3}$–$10^{7}$ yr"时间标度被**现代 AGB 星模型**验证（~$10^{4}$–$10^{5}$ yr），但中子源 ¹²C(α,n) 在现代 AGB 模型中是主要中子源，而非论文强调的 ²⁰Ne(α,n)。	3. s 过程的"$10^{3}$–$10^{7}$ yr"时间标度被**现代 AGB 星模型**验证（~$10^{4}$–$10^{5}$ yr），但中子源 $^{12}{\rm C}$($\alpha$,n) 在现代 AGB 模型中是主要中子源，而非论文强调的 $^{20}{\rm Ne}$($\alpha$,n)。	R2 核素/希腊字母/单位
1	> 本章属于：B²FH (1957) — *Synthesis of the Elements in Stars*	> 本章属于：B$^2$FH (1957) — *Synthesis of the Elements in Stars*	R2 核素/希腊字母/单位
9	[FACT] B²FH 1957 论文共包含约 27 张图，分布在 12 个章节中。本节选取其中最具代表性的 14 张（覆盖论文的丰度框架、核过程标识、s/r 过程动力学、ε 过程平衡、超新星应用等核心论据线），逐一分析其目的、元素、关键观察和物理意义。	[FACT] B$^2$FH 1957 论文共包含约 27 张图，分布在 12 个章节中。本节选取其中最具代表性的 14 张（覆盖论文的丰度框架、核过程标识、s/r 过程动力学、$\epsilon$ 过程平衡、超新星应用等核心论据线），逐一分析其目的、元素、关键观察和物理意义。	R2 核素/希腊字母/单位
18	- **物理意义**：[FACT] 此曲线是论文的"因变量"——所有 8 个合成过程的设计目标都是解释这条曲线的所有精细结构。铁峰指向 ε 统计平衡过程；双峰分别指向 r 过程（中子幻数 N=50, 82, 126）和 s 过程（质子幻数 Z=50, 82）；D-Li-Be-B 的低丰度指向 x 过程的特殊要求。	- **物理意义**：[FACT] 此曲线是论文的"因变量"——所有 8 个合成过程的设计目标都是解释这条曲线的所有精细结构。铁峰指向 $\epsilon$ 统计平衡过程；双峰分别指向 r 过程（中子幻数 N=50, 82, 126）和 s 过程（质子幻数 Z=50, 82）；D-Li-Be-B 的低丰度指向 x 过程的特殊要求。	R2 核素/希腊字母/单位
24	- **图的目的**：以流程图形式展示 H 燃烧、He 燃烧、α 过程、ε 过程、s 过程、r 过程、p 过程、x 过程之间的相互关系和产物传递路径。	- **图的目的**：以流程图形式展示 H 燃烧、He 燃烧、$\alpha$ 过程、$\epsilon$ 过程、s 过程、r 过程、p 过程、x 过程之间的相互关系和产物传递路径。	R2 核素/希腊字母/单位
25	- **图中元素**：从左上角 H 燃烧开始，流向 He 燃烧（产生 ¹²C, ¹⁶O, ²⁰Ne），然后分支为 α 过程（→ ²⁴Mg, ²⁸Si, ³²S, ³⁶Ar, ⁴⁰Ca）和 ε 过程（→ 铁峰）。同时标注了 s 过程（慢中子俘获，发生在红巨星中）和 r 过程（快中子俘获，发生在超新星中），以及 p 过程和 x 过程作为修改性过程。图中还标注了中子源反应（¹²C+α→⁹Be+n, ²⁰Ne+α→²⁴Mg+n）和 Cf²⁵⁴ 自发裂变链。	- **图中元素**：从左上角 H 燃烧开始，流向 He 燃烧（产生 $^{12}{\rm C}$, $^{16}{\rm O}$, $^{20}{\rm Ne}$），然后分支为 $\alpha$ 过程（→ $^{24}{\rm Mg}$, $^{28}{\rm Si}$, $^{32}{\rm S}$, $^{36}{\rm Ar}$, $^{40}{\rm Ca}$）和 $\epsilon$ 过程（→ 铁峰）。同时标注了 s 过程（慢中子俘获，发生在红巨星中）和 r 过程（快中子俘获，发生在超新星中），以及 p 过程和 x 过程作为修改性过程。图中还标注了中子源反应（$^{12}{\rm C}$+$\alpha$→$^{9}{\rm Be}$+n, $^{20}{\rm Ne}$+$\alpha$→$^{24}{\rm Mg}$+n）和 Cf²⁵⁴ 自发裂变链。	R2 核素/希腊字母/单位
33	- **图的目的**：在恒星内部温度 T 对密度 ρ 的二维平面上，标出各核合成过程发生的位置及时间标度。	- **图的目的**：在恒星内部温度 T 对密度 $\rho$ 的二维平面上，标出各核合成过程发生的位置及时间标度。	R2 核素/希腊字母/单位
34	- **图中元素**：横轴为温度 T（对数标度，$10^{7}$–$10^{10}$ K），纵轴为密度 ρ（对数标度，$10^{1}$–$10^{12}$ g/cm³）。图中画出了 H 燃烧、He 燃烧、α 过程、ε 过程各自对应的 T-ρ 区域，以及从主序星到红巨星再到超新星爆发的演化路径（箭头线）。标注了爆炸点（explosion point）和冷却阶段（cooling）。	- **图中元素**：横轴为温度 T（对数标度，$10^{7}$–$10^{10}$ K），纵轴为密度 $\rho$（对数标度，$10^{1}$–$10^{12}$ g/cm³）。图中画出了 H 燃烧、He 燃烧、$\alpha$ 过程、$\epsilon$ 过程各自对应的 T-$\rho$ 区域，以及从主序星到红巨星再到超新星爆发的演化路径（箭头线）。标注了爆炸点（explosion point）和冷却阶段（cooling）。	R2 核素/希腊字母/单位
35	- **关键观察**：[FACT] ε 过程发生在极高温度（T>3×$10^{9}$ K）但较低密度区域；r 过程发生在超新星爆炸的快速冷却阶段；s 过程发生在红巨星阶段（T≈$10^{8}$ K, ρ 中等）。时间标度从 s 过程的 $10^{6}$–$10^{8}$ yr 到 r 过程的 10–100 s 跨越 13 个数量级。	- **关键观察**：[FACT] $\epsilon$ 过程发生在极高温度（T>3×$10^{9}$ K）但较低密度区域；r 过程发生在超新星爆炸的快速冷却阶段；s 过程发生在红巨星阶段（T≈$10^{8}$ K, $\rho$ 中等）。时间标度从 s 过程的 $10^{6}$–$10^{8}$ yr 到 r 过程的 10–100 s 跨越 13 个数量级。	R2 核素/希腊字母/单位
43	- **图中元素**：横轴为温度 T（单位 $10^{6}$ K），纵轴为平均寿命 τ（对数标度，年）。画出了 pp 反应、C¹²(p,γ)N¹³、N¹⁴(p,γ)O¹⁵ 等关键反应的 τ-T 曲线。还标注了 NeNa 循环中 Ne²⁰ 和 Na²³ 的寿命。	- **图中元素**：横轴为温度 T（单位 $10^{6}$ K），纵轴为平均寿命 $\tau$（对数标度，年）。画出了 pp 反应、C¹²(p,$\gamma$)N¹³、N¹⁴(p,$\gamma$)O¹⁵ 等关键反应的 $\tau$-T 曲线。还标注了 NeNa 循环中 Ne²⁰ 和 Na²³ 的寿命。	R2 核素/希腊字母/单位
44	- **关键观察**：[FACT] CN 循环中 N¹⁴(p,γ)O¹⁵ 是最慢的反应，控制整个循环的速率。在 T≈2×$10^{7}$ K 下，CN 循环平均寿命约 $10^{7}$ yr。pp 链条在较低温度下的寿命远长于 CN 循环。	- **关键观察**：[FACT] CN 循环中 N¹⁴(p,$\gamma$)O¹⁵ 是最慢的反应，控制整个循环的速率。在 T≈2×$10^{7}$ K 下，CN 循环平均寿命约 $10^{7}$ yr。pp 链条在较低温度下的寿命远长于 CN 循环。	R2 核素/希腊字母/单位
51	- **图的目的**：比较 3α→¹²C、C¹²(α,γ)O¹⁶、O¹⁶(α,γ)Ne²⁰、Ne²⁰(α,γ)Mg²⁴ 等 He 燃烧核心反应的平均寿命。	- **图的目的**：比较 3$\alpha$→$^{12}{\rm C}$、C¹²($\alpha$,$\gamma$)O¹⁶、O¹⁶($\alpha$,$\gamma$)Ne²⁰、Ne²⁰($\alpha$,$\gamma$)Mg²⁴ 等 He 燃烧核心反应的平均寿命。	R2 核素/希腊字母/单位
52	- **图中元素**：横轴 T（$10^{8}$ K），纵轴 τ（年，对数）。展示了四个关键反应的 τ-T 曲线。特别标注了 Hoyle 预测的 3α 共振（7.68 MeV 态）比非共振情况快～$10^{6}$ 倍。	- **图中元素**：横轴 T（$10^{8}$ K），纵轴 $\tau$（年，对数）。展示了四个关键反应的 $\tau$-T 曲线。特别标注了 Hoyle 预测的 3$\alpha$ 共振（7.68 MeV 态）比非共振情况快～$10^{6}$ 倍。	R2 核素/希腊字母/单位
53	- **关键观察**：[FACT] 在 T=1.0–1.3×$10^{8}$ K 范围内，3α、C¹²(α,γ)O¹⁶、O¹⁶(α,γ)Ne²⁰ 的速率都在同一数量级内，但 Ne²⁰(α,γ)Mg²⁴ 慢得多。这解释了观测到的 C¹²:O¹⁶:Ne²⁰:Mg²⁴ 丰度比（约 1:6:2:0.2）。	- **关键观察**：[FACT] 在 T=1.0–1.3×$10^{8}$ K 范围内，3$\alpha$、C¹²($\alpha$,$\gamma$)O¹⁶、O¹⁶($\alpha$,$\gamma$)Ne²⁰ 的速率都在同一数量级内，但 Ne²⁰($\alpha$,$\gamma$)Mg²⁴ 慢得多。这解释了观测到的 C¹²:O¹⁶:Ne²⁰:Mg²⁴ 丰度比（约 1:6:2:0.2）。	R2 核素/希腊字母/单位
54	- **物理意义**：此图定量解释了 He 燃烧产物比例对温度敏感的原因。C/O 比是核天体物理中一个关键参数——它决定了恒星后续演化路径（是否形成碳星等）。Hoyle 的 3α 共振预测是此图的核心。	- **物理意义**：此图定量解释了 He 燃烧产物比例对温度敏感的原因。C/O 比是核天体物理中一个关键参数——它决定了恒星后续演化路径（是否形成碳星等）。Hoyle 的 3$\alpha$ 共振预测是此图的核心。	R2 核素/希腊字母/单位
58	## Figure III,4 — C¹²(p,γ) 和 N¹⁴(p,γ) 反应产额（Yields of C¹²(p,γ) and N¹⁴(p,γ) Reactions）	## Figure III,4 — C¹²(p,$\gamma$) 和 N¹⁴(p,$\gamma$) 反应产额（Yields of C¹²(p,$\gamma$) and N¹⁴(p,$\gamma$) Reactions）	R2 核素/希腊字母/单位
60	- **图的目的**：展示 Lamb & Hester (1957, UCRL Livermore) 的实验测量——C¹²(p,γ) 和 N¹⁴(p,γ) 反应截面随入射质子能量的变化。	- **图的目的**：展示 Lamb & Hester (1957, UCRL Livermore) 的实验测量——C¹²(p,$\gamma$) 和 N¹⁴(p,$\gamma$) 反应截面随入射质子能量的变化。	R2 核素/希腊字母/单位
61	- **图中元素**：横轴为入射质子能量（keV，80–160 keV），纵轴为反应产额（相对单位）。两条曲线分别对应 C¹²(p,γ)N¹³ 和 N¹⁴(p,γ)O¹⁵。	- **图中元素**：横轴为入射质子能量（keV，80–160 keV），纵轴为反应产额（相对单位）。两条曲线分别对应 C¹²(p,$\gamma$)N¹³ 和 N¹⁴(p,$\gamma$)O¹⁵。	R2 核素/希腊字母/单位
62	- **关键观察**：[FACT] C¹²(p,γ) 在 125 keV 处有清晰的共振结构；N¹⁴(p,γ) 截面较小且未发现明显共振。Lamb & Hester 给出 N¹⁴(p,γ) 在 125 keV 的代表值为 σ=7.0×$10^{-10}$ barn。	- **关键观察**：[FACT] C¹²(p,$\gamma$) 在 125 keV 处有清晰的共振结构；N¹⁴(p,$\gamma$) 截面较小且未发现明显共振。Lamb & Hester 给出 N¹⁴(p,$\gamma$) 在 125 keV 的代表值为 $\sigma$=7.0×$10^{-10}$ barn。	R2 核素/希腊字母/单位
63	- **物理意义**：CN 循环中 N¹⁴(p,γ) 是速率限制步骤。此图给出了实验截面数据，使作者能计算 CN 循环的平衡温度和 CN 比，进而推断在什么样的恒星条件下 C 和 N 的丰度比可被 CN 循环调节。	- **物理意义**：CN 循环中 N¹⁴(p,$\gamma$) 是速率限制步骤。此图给出了实验截面数据，使作者能计算 CN 循环的平衡温度和 CN 比，进而推断在什么样的恒星条件下 C 和 N 的丰度比可被 CN 循环调节。	R2 核素/希腊字母/单位
67	## Figure IV,1 — ε 过程平衡丰度与观测比较（ε-Process Equilibrium Abundances vs Observed Solar Abundances）	## Figure IV,1 — $\epsilon$ 过程平衡丰度与观测比较（$\epsilon$-Process Equilibrium Abundances vs Observed Solar Abundances）	R2 核素/希腊字母/单位
69	- **图的目的**：比较 ε 过程（统计平衡）计算的铁族元素丰度与 Goldberg et al. (1957) 太阳丰度观测值。	- **图的目的**：比较 $\epsilon$ 过程（统计平衡）计算的铁族元素丰度与 Goldberg et al. (1957) 太阳丰度观测值。	R2 核素/希腊字母/单位
71	- **关键观察**：[FACT] 在 50≤A≤62 范围内，计算值与观测值拟合极好，对数标准偏差仅 0.3。特别是 Fe⁵⁶、Fe⁵⁴、Ni⁵⁸、Ni⁶⁰、Cr⁵²、Mn⁵⁵ 等核的丰度比值与 ε 过程平衡计算一致。	- **关键观察**：[FACT] 在 50≤A≤62 范围内，计算值与观测值拟合极好，对数标准偏差仅 0.3。特别是 Fe⁵⁶、Fe⁵⁴、Ni⁵⁸、Ni⁶⁰、Cr⁵²、Mn⁵⁵ 等核的丰度比值与 $\epsilon$ 过程平衡计算一致。	R2 核素/希腊字母/单位
72	- **物理意义**：此图是 ε 过程的核心验证——铁峰元素确实可以通过在极高温度（T>3×$10^{9}$ K）和密度下的统计平衡合成。Fe⁵⁶ 的丰度峰值直接对应于核结合能曲线在 A≈56 的最大值（最稳定核）。这一结果排除了此前 Gamow 等人提出的"原始大爆炸全部元素合成"理论的可行性。	- **物理意义**：此图是 $\epsilon$ 过程的核心验证——铁峰元素确实可以通过在极高温度（T>3×$10^{9}$ K）和密度下的统计平衡合成。Fe⁵⁶ 的丰度峰值直接对应于核结合能曲线在 A≈56 的最大值（最稳定核）。这一结果排除了此前 Gamow 等人提出的"原始大爆炸全部元素合成"理论的可行性。	R2 核素/希腊字母/单位
79	- **图中元素**：横轴为原子量 A，纵轴为质子数 Z。β 稳定线大致沿对角线方向。s 过程路径沿稳定线附近"爬行"（一步 (n,γ)，一步 β 衰变），r 过程路径则深入中子富集区（中子结合能 ≈2 MeV 的等值线），在幻数 N=50, 82, 126 处向稳定线"折返"。	- **图中元素**：横轴为原子量 A，纵轴为质子数 Z。$\beta$ 稳定线大致沿对角线方向。s 过程路径沿稳定线附近"爬行"（一步 (n,$\gamma$)，一步 $\beta$ 衰变），r 过程路径则深入中子富集区（中子结合能 ≈2 MeV 的等值线），在幻数 N=50, 82, 126 处向稳定线"折返"。	R2 核素/希腊字母/单位
80	- **关键观察**：[FACT] s 过程路径紧贴 β 稳定线，每一步 (n,γ) 俘获后通常有足够的 β 衰变时间。r 过程路径则在稳定线以下 10–15 个 Z 单位处平行于稳定线，仅在幻数核处大幅跳回稳定线。这解释了为什么 r 过程峰（A=80, 130, 194）比 s 过程峰（A=90, 138, 208）的 A 偏小。	- **关键观察**：[FACT] s 过程路径紧贴 $\beta$ 稳定线，每一步 (n,$\gamma$) 俘获后通常有足够的 $\beta$ 衰变时间。r 过程路径则在稳定线以下 10–15 个 Z 单位处平行于稳定线，仅在幻数核处大幅跳回稳定线。这解释了为什么 r 过程峰（A=80, 130, 194）比 s 过程峰（A=90, 138, 208）的 A 偏小。	R2 核素/希腊字母/单位
81	- **物理意义**：此图是整个 s/r 过程理论的几何基础。它直观地说明了为什么两个过程产生不同的峰位偏移——s 过程在稳定核中积累，r 过程在中子富集核中积累，然后 β 衰变到稳定核。	- **物理意义**：此图是整个 s/r 过程理论的几何基础。它直观地说明了为什么两个过程产生不同的峰位偏移——s 过程在稳定核中积累，r 过程在中子富集核中积累，然后 $\beta$ 衰变到稳定核。	R2 核素/希腊字母/单位
85	## Figure VI,1 — σN vs A 对 s 过程同位素（σN vs A for s-Process Isotopes, 23<A<46）	## Figure VI,1 — $\sigma$N vs A 对 s 过程同位素（$\sigma$N vs A for s-Process Isotopes, 23<A<46）	R2 核素/希腊字母/单位
87	- **图的目的**：验证 s 过程稳态流假设——σ(A)·N(A) = constant 在轻区（23<A<46）的适用性。	- **图的目的**：验证 s 过程稳态流假设——$\sigma$(A)·N(A) = constant 在轻区（23<A<46）的适用性。	R2 核素/希腊字母/单位
88	- **图中元素**：横轴为原子量 A（23–46），纵轴为 σN 乘积（对数标度）。各点对应被分配为 s 过程主导的核素（如 Na²³, Mg²⁵, Mg²⁶, Al²⁷, Si²⁹, Si³⁰, P³¹, S³³, S³⁴, Cl³⁵, Cl³⁷, Ar³⁶, Ar³⁸, K³⁹, K⁴¹, Ca⁴⁰, Ca⁴², Ca⁴³, Ca⁴⁴, Sc⁴⁵, Ti⁴⁶, Ti⁴⁷, Ti⁴⁸, V⁵⁰, V⁵¹, Cr⁵⁰, Cr⁵², Cr⁵³, Cr⁵⁴, Mn⁵⁵ 等）。	- **图中元素**：横轴为原子量 A（23–46），纵轴为 $\sigma$N 乘积（对数标度）。各点对应被分配为 s 过程主导的核素（如 Na²³, Mg²⁵, Mg²⁶, Al²⁷, Si²⁹, Si³⁰, P³¹, S³³, S³⁴, Cl³⁵, Cl³⁷, Ar³⁶, Ar³⁸, K³⁹, K⁴¹, Ca⁴⁰, Ca⁴², Ca⁴³, Ca⁴⁴, Sc⁴⁵, Ti⁴⁶, Ti⁴⁷, Ti⁴⁸, V⁵⁰, V⁵¹, Cr⁵⁰, Cr⁵², Cr⁵³, Cr⁵⁴, Mn⁵⁵ 等）。	R2 核素/希腊字母/单位
89	- **关键观察**：[FACT] σN 在 23<A<46 范围内是一个非常平滑的函数，验证了这些核素确实由 s 过程主导。Sc⁴⁵ 是唯一稳定同位素，其 σN 落在平滑曲线上，支持其被分配到 s 过程。	- **关键观察**：[FACT] $\sigma$N 在 23<A<46 范围内是一个非常平滑的函数，验证了这些核素确实由 s 过程主导。Sc⁴⁵ 是唯一稳定同位素，其 $\sigma$N 落在平滑曲线上，支持其被分配到 s 过程。	R2 核素/希腊字母/单位
90	- **物理意义**：σN 常数是 s 过程稳态流的核心判据。此图提供的证据是论文将 23<A<46 区间大部分核素分配给 s 过程的主要依据。它也是论文区分 s 过程与其他过程（如 α 过程、ε 过程）贡献的主要工具。	- **物理意义**：$\sigma$N 常数是 s 过程稳态流的核心判据。此图提供的证据是论文将 23<A<46 区间大部分核素分配给 s 过程的主要依据。它也是论文区分 s 过程与其他过程（如 $\alpha$ 过程、$\epsilon$ 过程）贡献的主要工具。	R2 核素/希腊字母/单位
94	## Figure VI,3 — σN vs A 扩展图（σN vs A for s-Process, Extended Range A=63–209）	## Figure VI,3 — $\sigma$N vs A 扩展图（$\sigma$N vs A for s-Process, Extended Range A=63–209）	R2 核素/希腊字母/单位
96	- **图的目的**：将 σN 分析扩展到整个 s 过程重元素区（A=63–209），检验 s 过程同位素分配并识别 r 过程贡献。	- **图的目的**：将 $\sigma$N 分析扩展到整个 s 过程重元素区（A=63–209），检验 s 过程同位素分配并识别 r 过程贡献。	R2 核素/希腊字母/单位
97	- **图中元素**：横轴 A（63–209），纵轴 σN（对数标度，$10^{1}$–$10^{6}$）。用不同符号区分"仅 s 过程"、"s 主导"、"s=r 各半"、"r 主导"等不同分配类别的核素。画出了平滑趋势线。	- **图中元素**：横轴 A（63–209），纵轴 $\sigma$N（对数标度，$10^{1}$–$10^{6}$）。用不同符号区分"仅 s 过程"、"s 主导"、"s=r 各半"、"r 主导"等不同分配类别的核素。画出了平滑趋势线。	R2 核素/希腊字母/单位
98	- **关键观察**：[FACT] σN 在局部区域保持常数，但整体范围（A=63–209）内变化很大（从 ~$10^{4}$ 降至 ~$10^{2}$）。在 A≈90, 138, 208 处出现 σN 的局部极小（对应 s 过程峰，因 σ 在幻数处极小，N 极大）。在 A≈100 处曲线急剧下降，表明可能有两种不同的 s 过程源（C¹²(α,n) 和 Ne²⁰(α,n) 中子源）。	- **关键观察**：[FACT] $\sigma$N 在局部区域保持常数，但整体范围（A=63–209）内变化很大（从 ~$10^{4}$ 降至 ~$10^{2}$）。在 A≈90, 138, 208 处出现 $\sigma$N 的局部极小（对应 s 过程峰，因 $\sigma$ 在幻数处极小，N 极大）。在 A≈100 处曲线急剧下降，表明可能有两种不同的 s 过程源（C¹²($\alpha$,n) 和 Ne²⁰($\alpha$,n) 中子源）。	R2 核素/希腊字母/单位
108	- **物理意义**：此图是 r 过程理论的"底线结果"——它表明即使在 1957 年，使用简化的 Weizsäcker 质量公式和 β 衰变寿命参数，也能半定量地再现观测丰度的主要特征（三个幻数峰）。这是对 r 过程理论最直接的验证。	- **物理意义**：此图是 r 过程理论的"底线结果"——它表明即使在 1957 年，使用简化的 Weizsäcker 质量公式和 $\beta$ 衰变寿命参数，也能半定量地再现观测丰度的主要特征（三个幻数峰）。这是对 r 过程理论最直接的验证。	R2 核素/希腊字母/单位
121	## Figure VIII,1 — 自发裂变和 α 衰变半衰期 vs 中子数（Spontaneous Fission and Alpha Half-Lives vs Neutron Number）	## Figure VIII,1 — 自发裂变和 $\alpha$ 衰变半衰期 vs 中子数（Spontaneous Fission and Alpha Half-Lives vs Neutron Number）	R2 核素/希腊字母/单位
123	- **图的目的**：展示 Ghiorso 实验数据——自发裂变和 α 衰变半衰期随中子数 N 的变化，确定 r 过程的终止点。	- **图的目的**：展示 Ghiorso 实验数据——自发裂变和 $\alpha$ 衰变半衰期随中子数 N 的变化，确定 r 过程的终止点。	R2 核素/希腊字母/单位
124	- **图中元素**：横轴为中子数 N（≈140–160），纵轴为半衰期（对数，年）。两条曲线分别对应自发裂变（SF）和 α 衰变（α）。图中标注了 N=152 的"幻数"效应——在 N 超过 152 后自发裂变半衰期骤降。	- **图中元素**：横轴为中子数 N（≈140–160），纵轴为半衰期（对数，年）。两条曲线分别对应自发裂变（SF）和 $\alpha$ 衰变（$\alpha$）。图中标注了 N=152 的"幻数"效应——在 N 超过 152 后自发裂变半衰期骤降。	R2 核素/希腊字母/单位
150	[FACT] B²FH 论文的 14 张关键图构成了一条完整的论证链：	[FACT] B$^2$FH 论文的 14 张关键图构成了一条完整的论证链：	R2 核素/希腊字母/单位
154	3. **天体物理场所**（Fig. II,4）→ 确定各过程发生的 T-ρ 条件	3. **天体物理场所**（Fig. II,4）→ 确定各过程发生的 T-$\rho$ 条件	R2 核素/希腊字母/单位
156	5. **铁峰合成**（Fig. IV,1）→ ε 过程平衡计算验证	5. **铁峰合成**（Fig. IV,1）→ $\epsilon$ 过程平衡计算验证	R2 核素/希腊字母/单位
158	7. **s 过程验证**（Fig. VI,1, VI,3）→ σN 常数检验	7. **s 过程验证**（Fig. VI,1, VI,3）→ $\sigma$N 常数检验	R2 核素/希腊字母/单位
1	> 本章属于：B²FH (1957) — *Synthesis of the Elements in Stars*	> 本章属于：B$^2$FH (1957) — *Synthesis of the Elements in Stars*	R2 核素/希腊字母/单位
7	# 3. Hydrogen Burning, Helium Burning, α Process & Neutron Production（第 III 章，P13–P31）	# 3. Hydrogen Burning, Helium Burning, $\alpha$ Process & Neutron Production（第 III 章，P13–P31）	R2 核素/希腊字母/单位
11	建立核反应截面的恒星内处理形式（S 因子）、详细推导 pp 链与 CN 循环的能量产率、氦燃烧的 3α 反应及进一步 α 俘获链（直至 ⁴⁸Ti）、并分析恒星中子源（¹²C(n,α) 与 ²⁰Ne(α,n)）。	建立核反应截面的恒星内处理形式（S 因子）、详细推导 pp 链与 CN 循环的能量产率、氦燃烧的 3$\alpha$ 反应及进一步 $\alpha$ 俘获链（直至 $^{48}{\rm Ti}$）、并分析恒星中子源（$^{12}{\rm C}$(n,$\alpha$) 与 $^{20}{\rm Ne}$($\alpha$,n)）。	R2 核素/希腊字母/单位
18	S = σ(E) · E · exp(31.28 · $Z_{1}$ · $Z_{0}$ · √(A/E))   keV·barn	S = $\sigma$(E) · E · exp(31.28 · $Z_{1}$ · $Z_{0}$ · √(A/E))   keV·barn	R2 核素/希腊字母/单位
22	- σ(E)：质心系能量 E (keV) 下的截面 (barn, $10^{-24}$ cm²)	- $\sigma$(E)：质心系能量 E (keV) 下的截面 (barn, $10^{-24}$ cm²)	R2 核素/希腊字母/单位
29	S = σ(E_l) · E_l · exp(31.28 · $Z_{1}$ · $Z_{0}$ · √(A_l/E_l))   keV·barn	S = $\sigma$(E_l) · E_l · exp(31.28 · $Z_{1}$ · $Z_{0}$ · √(A_l/E_l))   keV·barn	R2 核素/希腊字母/单位
37	ΔE_0 = 0.75 · ($Z_{1}$²·$Z_{0}$²·A·$T_{9}$²)^(1/6)   keV	$\Delta$E_0 = 0.75 · ($Z_{1}$²·$Z_{0}$²·A·$T_{9}$²)^(1/6)   keV	R2 核素/希腊字母/单位
44	R = n_0 · n_1 · <σv> = 3.63×$10^{-12}$ · ($X_{0}$·$X_{1}$/√($A_{0}$·$A_{1}$)) · (σv)   反应数·cm⁻³·s⁻¹	R = n_0 · n_1 · <$\sigma$v> = 3.63×$10^{-12}$ · ($X_{0}$·$X_{1}$/√($A_{0}$·$A_{1}$)) · ($\sigma$v)   反应数·cm⁻³·s⁻¹	R2 核素/希腊字母/单位
49	R = 7.20×$10^{-11}$ · $T_{9}$⁻²/³ · exp(-3τ) · (A·$Z_{1}$²·$Z_{0}$²)^(-1/3) · f_c · $S_{0}$   反应数·cm⁻³·s⁻¹	R = 7.20×$10^{-11}$ · $T_{9}$⁻²/³ · exp(-3$\tau$) · (A·$Z_{1}$²·$Z_{0}$²)^(-1/3) · f_c · $S_{0}$   反应数·cm⁻³·s⁻¹	R2 核素/希腊字母/单位
51	其中 τ = 42.48·($Z_{1}$·$Z_{0}$·√(A/$T_{9}$))^(1/3)，f_c 是电子屏蔽（Salpeter, 1954）因子。	其中 $\tau$ = 42.48·($Z_{1}$·$Z_{0}$·√(A/$T_{9}$))^(1/3)，f_c 是电子屏蔽（Salpeter, 1954）因子。	R2 核素/希腊字母/单位
56	1/τ_γ(0) = 4.34×$10^{-11}$ · $X_{1}$ · ρ · $S_{0}$ · f_c · (A·$Z_{1}$²·$Z_{0}$²)^(-1/3) · $T_{9}$⁻²/³ · exp(-τ)   s⁻¹	1/$\tau$_$\gamma$(0) = 4.34×$10^{-11}$ · $X_{1}$ · $\rho$ · $S_{0}$ · f_c · (A·$Z_{1}$²·$Z_{0}$²)^(-1/3) · $T_{9}$⁻²/³ · exp(-$\tau$)   s⁻¹	R2 核素/希腊字母/单位
61	对落在 Gamow 窗外 ($E_{0}$±2Δ$E_{0}$) 的孤立共振：	对落在 Gamow 窗外 ($E_{0}$±2$\Delta$$E_{0}$) 的孤立共振：	R2 核素/希腊字母/单位
63	σ = πλ̄² · g · (Γ₀·Γ₂)/((E-$E_{0}$)² + Γ²/4)	$\sigma$ = $\pi$$\lambda$̄² · g · ($\Gamma$₀·$\Gamma$₂)/((E-$E_{0}$)² + $\Gamma$²/4)	R2 核素/希腊字母/单位
64	S_0 = 3.10×$10^{13}$ · g · ($E_{0}$/R) · (Γ₀·Γ₂) / (A · K_{$l_{0}$+$l_{1}$}(x) · ($E_{0}$+Γ²/4))   keV·barn	S_0 = 3.10×$10^{13}$ · g · ($E_{0}$/R) · ($\Gamma$₀·$\Gamma$₂) / (A · K_{$l_{0}$+$l_{1}$}(x) · ($E_{0}$+$\Gamma$²/4))   keV·barn	R2 核素/希腊字母/单位
68	- λ̄ = 144·√(A/E) fermi —— De Broglie 波长	- $\lambda$̄ = 144·√(A/E) fermi —— De Broglie 波长	R2 核素/希腊字母/单位
79	D/(Γ_R·P_l) = ρ($E_{0}$)	D/($\Gamma$_R·P_l) = $\rho$($E_{0}$)	R2 核素/希腊字母/单位
83	$S_{0}$(l=0) = 1.8×$10^{-20}$ · ($E_{0}$/R) · (1/A) · (Γ₂) · (1/(ΔE)) · exp(+4τ)	$S_{0}$(l=0) = 1.8×$10^{-20}$ · ($E_{0}$/R) · (1/A) · ($\Gamma$₂) · (1/($\Delta$E)) · exp(+4$\tau$)	R2 核素/希腊字母/单位
85	典型值：(p,γ) 在轻核上，$S_{0}$ ≈ 1–100 keV·barn；(p,n)，$S_{0}$ ≈ $10^{-3}$–$10^{-4}$ keV·barn。	典型值：(p,$\gamma$) 在轻核上，$S_{0}$ ≈ 1–100 keV·barn；(p,n)，$S_{0}$ ≈ $10^{-3}$–$10^{-4}$ keV·barn。	R2 核素/希腊字母/单位
90	σ_res = πλ̄² · g · 4·Γ₁·Γ₂/Γ²	$\sigma$_res = $\pi$$\lambda$̄² · g · 4·$\Gamma$₁·$\Gamma$₂/$\Gamma$²	R2 核素/希腊字母/单位
92	两种极限情况：Γ₁=Γ₂≫Γ₀ 与 Γ₀≫Γ₁。	两种极限情况：$\Gamma$₁=$\Gamma$₂≫$\Gamma$₀ 与 $\Gamma$₀≫$\Gamma$₁。	R2 核素/希腊字母/单位
100	p + p → d + e⁺ + ν_e + 0.421 MeV	p + p → d + e⁺ + $\nu$_e + 0.421 MeV	R2 核素/希腊字母/单位
107	pp I:  p + p → d + e⁺ + ν;    d + p → ³He + γ;    ²³He + ³He → ⁴He + 2p	pp I:  p + p → d + e⁺ + $\nu$;    d + p → $^{3}{\rm He}$ + $\gamma$;    $^{23}{\rm He}$ + $^{3}{\rm He}$ → $^{4}{\rm He}$ + 2p	R2 核素/希腊字母/单位
108	pp II: ... + ⁴He → ⁷Be + γ;   ⁷Be + e⁻ → ⁷Li + ν;   ⁷Li + p → ²⁴He	pp II: ... + $^{4}{\rm He}$ → $^{7}{\rm Be}$ + $\gamma$;   $^{7}{\rm Be}$ + e⁻ → $^{7}{\rm Li}$ + $\nu$;   $^{7}{\rm Li}$ + p → $^{24}{\rm He}$	R2 核素/希腊字母/单位
109	pp III: ... + p → ⁸B + e⁺ + ν;   ⁸B → ²⁴He + e⁺ + ν	pp III: ... + p → $^{8}{\rm B}$ + e⁺ + $\nu$;   $^{8}{\rm B}$ → $^{24}{\rm He}$ + e⁺ + $\nu$	R2 核素/希腊字母/单位
114	| T ($10^{6}$ K) | $E_{0}$ (keV) pp | CN (¹⁴N(p,γ)) | ¹²C(p,γ) |	| T ($10^{6}$ K) | $E_{0}$ (keV) pp | CN ($^{14}{\rm N}$(p,$\gamma$)) | $^{12}{\rm C}$(p,$\gamma$) |	R2 核素/希腊字母/单位
124	| 20.8(⁴He) | — | +12.3 | +13.5 |	| 20.8($^{4}{\rm He}$) | — | +12.3 | +13.5 |	R2 核素/希腊字母/单位
129	¹²C(p,γ)¹³N(β⁺)¹³C(p,γ)¹⁴N(p,γ)¹⁵O(β⁺)¹⁵N(p,α)¹²C	$^{12}{\rm C}$(p,$\gamma$)$^{13}{\rm N}$($\beta^{"+" if m.group(1)=="⁺" else "-"}$)$^{13}{\rm C}$(p,$\gamma$)$^{14}{\rm N}$(p,$\gamma$)$^{15}{\rm O}$($\beta^{"+" if m.group(1)=="⁺" else "-"}$)$^{15}{\rm N}$(p,$\alpha$)$^{12}{\rm C}$	R2 核素/希腊字母/单位
131	**限制步**：¹⁴N(p,γ)¹⁵O。	**限制步**：$^{14}{\rm N}$(p,$\gamma$)$^{15}{\rm O}$。	R2 核素/希腊字母/单位
138	ε_CN = (0.786 ± 0.16) · (X_C · X_H) · $10^{28}$ erg·s⁻¹·g⁻¹	$\epsilon$_CN = (0.786 ± 0.16) · (X_C · X_H) · $10^{28}$ erg·s⁻¹·g⁻¹	R2 核素/希腊字母/单位
143	τ_γ(H) = 1.90 · (X_H/X_CN) · $10^{10}$ yr	$\tau$_$\gamma$(H) = 1.90 · (X_H/X_CN) · $10^{10}$ yr	R2 核素/希腊字母/单位
149	τ_γ(N¹⁴) = 0.55 · (X_CN/X_CN) · $10^{10}$ yr	$\tau$_$\gamma$(N¹⁴) = 0.55 · (X_CN/X_CN) · $10^{10}$ yr	R2 核素/希腊字母/单位
155	- **CNO 循环**：产生 N¹⁴ 堆积（因 ¹⁴N(p,γ) 是限制步）。	- **CNO 循环**：产生 N¹⁴ 堆积（因 $^{14}{\rm N}$(p,$\gamma$) 是限制步）。	R2 核素/希腊字母/单位
156	- **Ne-Na 循环**：²²Ne(p,γ)²³Na(p,γ)²⁴Mg 等。	- **Ne-Na 循环**：$^{22}{\rm Ne}$(p,$\gamma$)$^{23}{\rm Na}$(p,$\gamma$)$^{24}{\rm Mg}$ 等。	R2 核素/希腊字母/单位
157	- **Mg-Al 循环**：²⁶Al(β⁺)²⁶Mg 等。	- **Mg-Al 循环**：$^{26}{\rm Al}$($\beta^{"+" if m.group(1)=="⁺" else "-"}$)$^{26}{\rm Mg}$ 等。	R2 核素/希腊字母/单位
162	### 3.4.1 三 α 反应 [FACT]	### 3.4.1 三 $\alpha$ 反应 [FACT]	R2 核素/希腊字母/单位
166	²⁴He + ²⁴He ↔ ⁴⁸Be  (激发态，不稳定)	$^{24}{\rm He}$ + $^{24}{\rm He}$ ↔ $^{48}{\rm Be}$  (激发态，不稳定)	R2 核素/希腊字母/单位
167	⁴⁸Be + ²⁴He → ¹²C* (7.65 MeV 激发态) → ¹²C + γ	$^{48}{\rm Be}$ + $^{24}{\rm He}$ → $^{12}{\rm C}$* (7.65 MeV 激发态) → $^{12}{\rm C}$ + $\gamma$	R2 核素/希腊字母/单位
169	**关键共振**：¹²C* 的 **7.65 MeV 激发态**（Hoyle 态，1954 预测），对恒星 3α 反应速率**决定性**的作用。	**关键共振**：$^{12}{\rm C}$* 的 **7.65 MeV 激发态**（Hoyle 态，1954 预测），对恒星 3$\alpha$ 反应速率**决定性**的作用。	R2 核素/希腊字母/单位
171	### 3.4.2 进一步 α 俘获 [FACT]	### 3.4.2 进一步 $\alpha$ 俘获 [FACT]	R2 核素/希腊字母/单位
174	¹²C(α,γ)¹⁶O  →  ¹⁶O(α,γ)²⁰Ne  →  ²⁰Ne(α,γ)²⁴Mg	$^{12}{\rm C}$($\alpha$,$\gamma$)$^{16}{\rm O}$  →  $^{16}{\rm O}$($\alpha$,$\gamma$)$^{20}{\rm Ne}$  →  $^{20}{\rm Ne}$($\alpha$,$\gamma$)$^{24}{\rm Mg}$	R2 核素/希腊字母/单位
177	### 3.4.3 16O(α,γ)²⁰Ne 的共振 [FACT]	### 3.4.3 16O($\alpha$,$\gamma$)$^{20}{\rm Ne}$ 的共振 [FACT]	R2 核素/希腊字母/单位
183	### 3.4.4 Table III.4 — α 过程产物相对丰度 [FACT]	### 3.4.4 Table III.4 — $\alpha$ 过程产物相对丰度 [FACT]	R2 核素/希腊字母/单位
195	## 3.5 α 过程（III.D，P21–P23）[FACT]	## 3.5 $\alpha$ 过程（III.D，P21–P23）[FACT]	R2 核素/希腊字母/单位
197	**定义**：从 ²⁰Ne 起逐次 α 俘获：	**定义**：从 $^{20}{\rm Ne}$ 起逐次 $\alpha$ 俘获：	R2 核素/希腊字母/单位
199	²⁰Ne(α,γ)²⁴Mg → (α,γ)²⁸Si → (α,γ)³²S → (α,γ)³⁶Ar → (α,γ)⁴⁰Ca → (α,γ)⁴⁴Ca → (α,γ)⁴⁸Ti	$^{20}{\rm Ne}$($\alpha$,$\gamma$)$^{24}{\rm Mg}$ → ($\alpha$,$\gamma$)$^{28}{\rm Si}$ → ($\alpha$,$\gamma$)$^{32}{\rm S}$ → ($\alpha$,$\gamma$)$^{36}{\rm Ar}$ → ($\alpha$,$\gamma$)$^{40}{\rm Ca}$ → ($\alpha$,$\gamma$)$^{44}{\rm Ca}$ → ($\alpha$,$\gamma$)$^{48}{\rm Ti}$	R2 核素/希腊字母/单位
201	[FACT] α 过程不同于 He 燃烧的关键点：**α 粒子来源**不同——此处来自中子源反应中的 ⁴He 产物。	[FACT] $\alpha$ 过程不同于 He 燃烧的关键点：**$\alpha$ 粒子来源**不同——此处来自中子源反应中的 $^{4}{\rm He}$ 产物。	R2 核素/希腊字母/单位
215	| **¹²C(α,n)¹⁶O** | Cameron (1954/55) & Greenstein (1954) | 红巨星 C/O 核心 |	| **$^{12}{\rm C}$($\alpha$,n)$^{16}{\rm O}$** | Cameron (1954/55) & Greenstein (1954) | 红巨星 C/O 核心 |	R2 核素/希腊字母/单位
216	| **²⁰Ne(α,n)²⁴Mg** | Fowler, Burbidge, Burbidge (1955) | 需要混合核心与包层（H+He 产物） |	| **$^{20}{\rm Ne}$($\alpha$,n)$^{24}{\rm Mg}$** | Fowler, Burbidge, Burbidge (1955) | 需要混合核心与包层（H+He 产物） |	R2 核素/希腊字母/单位
220	- ¹²C(α,n) 在红巨星内部提供**充足中子通量**以覆盖整个重元素合成，**但**需要**混合**（core-envelope mixing）。	- $^{12}{\rm C}$($\alpha$,n) 在红巨星内部提供**充足中子通量**以覆盖整个重元素合成，**但**需要**混合**（core-envelope mixing）。	R2 核素/希腊字母/单位
221	- ²⁰Ne(α,n) 可避免混合问题，**但**需要某些条件满足。	- $^{20}{\rm Ne}$($\alpha$,n) 可避免混合问题，**但**需要某些条件满足。	R2 核素/希腊字母/单位
228	¹⁰B(n,α) + ¹⁶O(γ,n) + ²⁰Ne(α,n)²⁴Mg + ¹³C(α,n)¹⁶O	$^{10}{\rm B}$(n,$\alpha$) + $^{16}{\rm O}$($\gamma$,n) + $^{20}{\rm Ne}$($\alpha$,n)$^{24}{\rm Mg}$ + $^{13}{\rm C}$($\alpha$,n)$^{16}{\rm O}$	R2 核素/希腊字母/单位
229	¹⁷O(α,n)²⁰Ne + ¹⁸O(α,n)²¹Ne ...	$^{17}{\rm O}$($\alpha$,n)$^{20}{\rm Ne}$ + $^{18}{\rm O}$($\alpha$,n)$^{21}{\rm Ne}$ ...	R2 核素/希腊字母/单位
231	图 III.6 显示：所有 β 衰变时标都很短（秒级），中子可在 H 比 Ne²⁰ 多 1–5 倍时持续产生。	图 III.6 显示：所有 $\beta$ 衰变时标都很短（秒级），中子可在 H 比 Ne²⁰ 多 1–5 倍时持续产生。	R2 核素/希腊字母/单位
237	n_n / n_p ≈ exp(-Δm·c² / kT)	n_n / n_p ≈ exp(-$\Delta$m·c² / kT)	R2 核素/希腊字母/单位
239	Δm·c² = 1.293 MeV（中子-质子质量差）。	$\Delta$m·c² = 1.293 MeV（中子-质子质量差）。	R2 核素/希腊字母/单位
246	→ 温度升高后 He 燃烧 3α→¹²C	→ 温度升高后 He 燃烧 3$\alpha$→$^{12}{\rm C}$	R2 核素/希腊字母/单位
247	→ 12C(α,γ)¹⁶O → 16O(α,γ)²⁰Ne → 20Ne(α,γ)²⁴Mg ...	→ 12C($\alpha$,$\gamma$)$^{16}{\rm O}$ → 16O($\alpha$,$\gamma$)$^{20}{\rm Ne}$ → 20Ne($\alpha$,$\gamma$)$^{24}{\rm Mg}$ ...	R2 核素/希腊字母/单位
249	→ 中子源：12C(α,n) 与 20Ne(α,n) 为 s/r 过程提供"种子"中子	→ 中子源：12C($\alpha$,n) 与 20Ne($\alpha$,n) 为 s/r 过程提供"种子"中子	R2 核素/希腊字母/单位
254	1. **Hoyle 态（7.65 MeV）**是 3α 反应的关键：没有它，恒星内 ¹²C 生成率会**指数级**低——这就是著名的"碳共振"论据。	1. **Hoyle 态（7.65 MeV）**是 3$\alpha$ 反应的关键：没有它，恒星内 $^{12}{\rm C}$ 生成率会**指数级**低——这就是著名的"碳共振"论据。	R2 核素/希腊字母/单位
255	2. 16O(α,γ)²⁰Ne 反应截面决定了**宇宙中 O/C 比值**——这是 1957 年至今天仍在争论的中心问题。	2. 16O($\alpha$,$\gamma$)$^{20}{\rm Ne}$ 反应截面决定了**宇宙中 O/C 比值**——这是 1957 年至今天仍在争论的中心问题。	R2 核素/希腊字母/单位
256	3. 论文提出的两个中子源反应中，**¹²C(α,n)** 今日仍是 AGB 星 s 过程的主要中子源。	3. 论文提出的两个中子源反应中，**$^{12}{\rm C}$($\alpha$,n)** 今日仍是 AGB 星 s 过程的主要中子源。	R2 核素/希腊字母/单位
262	3. 论文的"恒星中子源"讨论忽略了今天已知的 **¹³C(α,n)** 反应——这是现代 AGB 星 s 过程**第一脉冲**的中子源。	3. 论文的"恒星中子源"讨论忽略了今天已知的 **$^{13}{\rm C}$($\alpha$,n)** 反应——这是现代 AGB 星 s 过程**第一脉冲**的中子源。	R2 核素/希腊字母/单位
1	> 本章属于：B²FH (1957) — *Synthesis of the Elements in Stars*	> 本章属于：B$^2$FH (1957) — *Synthesis of the Elements in Stars*	R2 核素/希腊字母/单位
7	# 4. The ε (Equilibrium) Process（第 IV 章，P31–P36）	# 4. The $\epsilon$ (Equilibrium) Process（第 IV 章，P31–P36）	R2 核素/希腊字母/单位
17	- **密度**：极高（ρ ~ $10^{7}$ g/cm³）	- **密度**：极高（$\rho$ ~ $10^{7}$ g/cm³）	R2 核素/希腊字母/单位
34	n_i / n_j = (g_i / g_j) · (A_j / A_i) · (ρ N_A / A_i)^(A_i - A_j) ·	n_i / n_j = (g_i / g_j) · (A_j / A_i) · ($\rho$ N_A / A_i)^(A_i - A_j) ·	R2 核素/希腊字母/单位
35	(2π ℏ² / m_u kT)^(3(A_j - A_i)/2) · exp(-Q_ij / kT)	(2$\pi$ ℏ² / m_u kT)^(3(A_j - A_i)/2) · exp(-Q_ij / kT)	R2 核素/希腊字母/单位
45	$\log_{10}$(N(A,Z)/N(Fe⁵⁶)) = $\log_{10}$(g_AZ / g_Fe56) - 27·$\log_{10}$(ρ·N_A/56) · (1 - 56/A)	$\log_{10}$(N(A,Z)/N(Fe⁵⁶)) = $\log_{10}$(g_AZ / g_Fe56) - 27·$\log_{10}$($\rho$·N_A/56) · (1 - 56/A)	R2 核素/希腊字母/单位
46	+ 1.5·(A-56)·$\log_{10}$(kT / (2π·m_u·c²))	+ 1.5·(A-56)·$\log_{10}$(kT / (2$\pi$·m_u·c²))	R2 核素/希腊字母/单位
57	n_n / n_p = (m_n / m_p)^(3/2) · exp(-Δm·c² / kT)	n_n / n_p = (m_n / m_p)^(3/2) · exp(-$\Delta$m·c² / kT)	R2 核素/希腊字母/单位
68	**计算条件**：T = 3.78×$10^{9}$ K，$\log_{10}$(ρN_A/56) = 5	**计算条件**：T = 3.78×$10^{9}$ K，$\log_{10}$($\rho$N_A/56) = 5	R2 核素/希腊字母/单位
80	**核心结论 [FACT]**：T = 3.78×$10^{9}$ K 与 $\log_{10}$(ρN_A/56) = 5 条件下，计算得到的铁峰元素丰度**"符合观测相当好"**（fair agreement）。	**核心结论 [FACT]**：T = 3.78×$10^{9}$ K 与 $\log_{10}$($\rho$N_A/56) = 5 条件下，计算得到的铁峰元素丰度**"符合观测相当好"**（fair agreement）。	R2 核素/希腊字母/单位
87	3. **Mn⁵⁵** 等核素——需要精确的 T 与 ρ 组合。	3. **Mn⁵⁵** 等核素——需要精确的 T 与 $\rho$ 组合。	R2 核素/希腊字母/单位
92	[FACT] 论文强调，ε 过程与 s 过程的**稳态流**概念在数学上类似：	[FACT] 论文强调，$\epsilon$ 过程与 s 过程的**稳态流**概念在数学上类似：	R2 核素/希腊字母/单位
94	ε 过程：结合能 Q(A,Z) 决定分布	$\epsilon$ 过程：结合能 Q(A,Z) 决定分布	R2 核素/希腊字母/单位
95	s 过程：σ(A)·N(A) = const 决定分布	s 过程：$\sigma$(A)·N(A) = const 决定分布	R2 核素/希腊字母/单位
99	## 4.7 双/三重 β 衰变与稳定性 [FACT]	## 4.7 双/三重 $\beta$ 衰变与稳定性 [FACT]	R2 核素/希腊字母/单位
101	[FACT] 论文讨论：对某些（A,Z）点，可能存在三个稳定核素（对应 $b_{2}$ > $B_{2}$ 的条件），允许**双 β 衰变**，其半衰期 > $10^{18}$ yr。	[FACT] 论文讨论：对某些（A,Z）点，可能存在三个稳定核素（对应 $b_{2}$ > $B_{2}$ 的条件），允许**双 $\beta$ 衰变**，其半衰期 > $10^{18}$ yr。	R2 核素/希腊字母/单位
115	1. ε 过程本质上就是**核统计平衡（NSE）**——这一概念今日仍在恒星演化模拟中被使用。	1. $\epsilon$ 过程本质上就是**核统计平衡（NSE）**——这一概念今日仍在恒星演化模拟中被使用。	R2 核素/希腊字母/单位
1	> 本章属于：B²FH (1957) — *Synthesis of the Elements in Stars*	> 本章属于：B$^2$FH (1957) — *Synthesis of the Elements in Stars*	R2 核素/希腊字母/单位
12	- 第 VI 章：s 过程的"稳态流"分析、σN=const 判据、双时间标度、幻数峰。	- 第 VI 章：s 过程的"稳态流"分析、$\sigma$N=const 判据、双时间标度、幻数峰。	R2 核素/希腊字母/单位
19	- 某些同位素在 s 或 r 的中子俘获链上**不可能被到达**——因为它们的前身（同 Z 的上一 A）的 (n,γ) 截面极低（~毫靶量级或以下），或因为该同位素本身是**稳定**的、没有 (n,γ) 可进入的路径。	- 某些同位素在 s 或 r 的中子俘获链上**不可能被到达**——因为它们的前身（同 Z 的上一 A）的 (n,$\gamma$) 截面极低（~毫靶量级或以下），或因为该同位素本身是**稳定**的、没有 (n,$\gamma$) 可进入的路径。	R2 核素/希腊字母/单位
25	| Tc⁹⁹ | s 与 r 均不能到达 | **必须由 s 过程**在 β 衰变前被"绕过"合成 |	| Tc⁹⁹ | s 与 r 均不能到达 | **必须由 s 过程**在 $\beta$ 衰变前被"绕过"合成 |	R2 核素/希腊字母/单位
28	### 5.2.2 σN 曲线判据 [FACT]	### 5.2.2 $\sigma$N 曲线判据 [FACT]	R2 核素/希腊字母/单位
30	**对 s 过程**：稳态流下 σ(A)·N(A) = const。	**对 s 过程**：稳态流下 $\sigma$(A)·N(A) = const。	R2 核素/希腊字母/单位
31	- 因此，若将 **σ × N 对所有 A 作图**，s 过程核素形成**平滑曲线**。	- 因此，若将 **$\sigma$ × N 对所有 A 作图**，s 过程核素形成**平滑曲线**。	R2 核素/希腊字母/单位
34	**对 r 过程**：由于 r 过程的**产物分布**（β 衰变后）取决于**等待点（waiting-point）**丰度，而非直接由截面决定，因此 r 过程核素的 σN 曲线**形状不同**。	**对 r 过程**：由于 r 过程的**产物分布**（$\beta$ 衰变后）取决于**等待点（waiting-point）**丰度，而非直接由截面决定，因此 r 过程核素的 $\sigma$N 曲线**形状不同**。	R2 核素/希腊字母/单位
42	| N=50 | A=90 (Zr⁹⁰) | A=80 (Se⁸⁰) | ΔA≈10 |	| N=50 | A=90 (Zr⁹⁰) | A=80 (Se⁸⁰) | $\Delta$A≈10 |	R2 核素/希腊字母/单位
43	| N=82 | A=138 (Ba¹³⁸) | A=130 (Xe¹³⁰) | ΔA≈8 |	| N=82 | A=138 (Ba¹³⁸) | A=130 (Xe¹³⁰) | $\Delta$A≈8 |	R2 核素/希腊字母/单位
44	| N=126 | A=208 (Pb²⁰⁸) | A=194 (Os¹⁹⁴) | ΔA≈14 |	| N=126 | A=208 (Pb²⁰⁸) | A=194 (Os¹⁹⁴) | $\Delta$A≈14 |	R2 核素/希腊字母/单位
69	- **A ~ 60–100**（非幻数）：σ ≈ **20–100 mb**	- **A ~ 60–100**（非幻数）：$\sigma$ ≈ **20–100 mb**	R2 核素/希腊字母/单位
70	- **A > 100**（非幻数）：σ ≈ **300–2000 mb**（按 1/v 定律）	- **A > 100**（非幻数）：$\sigma$ ≈ **300–2000 mb**（按 1/v 定律）	R2 核素/希腊字母/单位
71	- **幻数核**（N=50, 82, 126）：σ ≈ **1–10 mb**	- **幻数核**（N=50, 82, 126）：$\sigma$ ≈ **1–10 mb**	R2 核素/希腊字母/单位
77	σ(A) · N(A) = const = C	$\sigma$(A) · N(A) = const = C	R2 核素/希腊字母/单位
81	N(A) ∝ 1/σ(A)	N(A) ∝ 1/$\sigma$(A)	R2 核素/希腊字母/单位
83	这与**观测**符合良好——σN 曲线平滑。	这与**观测**符合良好——$\sigma$N 曲线平滑。	R2 核素/希腊字母/单位
91	| 条件 | 中子密度 | 每 Fe 核中子数 | t_γ (nearly Fe) | t_γ (A~150) | 稳态流? |	| 条件 | 中子密度 | 每 Fe 核中子数 | t_$\gamma$ (nearly Fe) | t_$\gamma$ (A~150) | 稳态流? |	R2 核素/希腊字母/单位
93	| 低（红巨星内 ¹²C(α,n) 为主） | ~$10^{7}$ cm⁻³ | ~5 | 6×$10^{6}$ yr | $10^{7}$–$10^{8}$ yr | σN 下降 |	| 低（红巨星内 $^{12}{\rm C}$($\alpha$,n) 为主） | ~$10^{7}$ cm⁻³ | ~5 | 6×$10^{6}$ yr | $10^{7}$–$10^{8}$ yr | $\sigma$N 下降 |	R2 核素/希腊字母/单位
94	| 高（²⁰Ne(α,n) 或强混合） | ~$10^{11}$ cm⁻³ | ~100 | $10^{4}$ yr | 10 yr | σN 常数 |	| 高（$^{20}{\rm Ne}$($\alpha$,n) 或强混合） | ~$10^{11}$ cm⁻³ | ~100 | $10^{4}$ yr | 10 yr | $\sigma$N 常数 |	R2 核素/希腊字母/单位
98	Se⁷⁸ 的 β 衰变半衰期 = 7×$10^{5}$ yr（**关键的分支点**）：	Se⁷⁸ 的 $\beta$ 衰变半衰期 = 7×$10^{5}$ yr（**关键的分支点**）：	R2 核素/希腊字母/单位
104	λ_γ(Kr⁸⁰)·N(Kr⁸⁰) = 0.92 · λ_γ(Se⁷⁸)·N(Se⁷⁸)	$\lambda$_$\gamma$(Kr⁸⁰)·N(Kr⁸⁰) = 0.92 · $\lambda$_$\gamma$(Se⁷⁸)·N(Se⁷⁸)	R2 核素/希腊字母/单位
105	λ_γ(Kr⁸²)·N(Kr⁸²) = λ_γ(Se⁸⁰)·N(Se⁸⁰) + λ_β(Kr⁸¹)·N(Kr⁸¹)	$\lambda$_$\gamma$(Kr⁸²)·N(Kr⁸²) = $\lambda$_$\gamma$(Se⁸⁰)·N(Se⁸⁰) + $\lambda$_$\beta$(Kr⁸¹)·N(Kr⁸¹)	R2 核素/希腊字母/单位
108	推导出 t_γ(Se⁷⁸) ≈ 5×$10^{6}$ yr，折算到 Fe 附近（σ=30 mb）：t_γ ≈ **6×$10^{6}$ yr**。	推导出 t_$\gamma$(Se⁷⁸) ≈ 5×$10^{6}$ yr，折算到 Fe 附近（$\sigma$=30 mb）：t_$\gamma$ ≈ **6×$10^{6}$ yr**。	R2 核素/希腊字母/单位
112	Sm¹⁴⁷（β 半衰期 80 yr）的分支：	Sm¹⁴⁷（$\beta$ 半衰期 80 yr）的分支：	R2 核素/希腊字母/单位
118	N(Gd¹⁵²) / N(Gd¹⁵⁴) ≈ t_γ(Sm¹⁴⁷) / t_β(Sm¹⁴⁷)	N(Gd¹⁵²) / N(Gd¹⁵⁴) ≈ t_$\gamma$(Sm¹⁴⁷) / t_$\beta$(Sm¹⁴⁷)	R2 核素/希腊字母/单位
120	推导出 **t_γ(Sm¹⁴⁷) ≈ 5 yr**（在 A=150 附近）。	推导出 **t_$\gamma$(Sm¹⁴⁷) ≈ 5 yr**（在 A=150 附近）。	R2 核素/希腊字母/单位
126	- 稳态流下中子链在 N=82 处"堵塞"，因为 N=82 核的 (n,γ) 截面极小（~10 mb 量级）	- 稳态流下中子链在 N=82 处"堵塞"，因为 N=82 核的 (n,$\gamma$) 截面极小（~10 mb 量级）	R2 核素/希腊字母/单位
135	### 5.4.5 图 V.1 — σN 曲线 [FACT]	### 5.4.5 图 V.1 — $\sigma$N 曲线 [FACT]	R2 核素/希腊字母/单位
139	- **r 过程核素**的 σN 曲线偏离（因为它们不是由 (n,γ) 直接决定）	- **r 过程核素**的 $\sigma$N 曲线偏离（因为它们不是由 (n,$\gamma$) 直接决定）	R2 核素/希腊字母/单位
145	→ s 过程核素 σN=const（稳态流）	→ s 过程核素 $\sigma$N=const（稳态流）	R2 核素/希腊字母/单位
153	1. **σN=const** 是 s 过程分析中**最优雅的判据**——今日仍在用。	1. **$\sigma$N=const** 是 s 过程分析中**最优雅的判据**——今日仍在用。	R2 核素/希腊字母/单位
160	2. **¹³C(α,n)** 作为主 s 过程中子源（今日标准模型）在本文未被讨论——1957 年尚未被认识。	2. **$^{13}{\rm C}$($\alpha$,n)** 作为主 s 过程中子源（今日标准模型）在本文未被讨论——1957 年尚未被认识。	R2 核素/希腊字母/单位
1	> 本章属于：B²FH (1957) — *Synthesis of the Elements in Stars*	> 本章属于：B$^2$FH (1957) — *Synthesis of the Elements in Stars*	R2 核素/希腊字母/单位
20	- 在等待点上，中子俘获被"暂停"，β 衰变进行。	- 在等待点上，中子俘获被"暂停"，$\beta$ 衰变进行。	R2 核素/希腊字母/单位
25	如果 Q_n < Q_0，β 衰变发生	如果 Q_n < Q_0，$\beta$ 衰变发生	R2 核素/希腊字母/单位
44	Δ(Q_n - Q_p) = [M(Z, A-1) - M(Z-1, A-1)] + [m_n - m_p] - ΔQ	$\Delta$(Q_n - Q_p) = [M(Z, A-1) - M(Z-1, A-1)] + [m_n - m_p] - $\Delta$Q	R2 核素/希腊字母/单位
59	ΔQ_n / ΔA ≈ -0.25 to -0.10 MeV	$\Delta$Q_n / $\Delta$A ≈ -0.25 to -0.10 MeV	R2 核素/希腊字母/单位
71	σ_γ(A)·N(A) = λ_γ(A-1)·N(A-1) = const	$\sigma$_$\gamma$(A)·N(A) = $\lambda$_$\gamma$(A-1)·N(A-1) = const	R2 核素/希腊字母/单位
72	N(A) ∝ 1/σ_γ(A)	N(A) ∝ 1/$\sigma$_$\gamma$(A)	R2 核素/希腊字母/单位
79	σ_γ ≈ π·(R + λ)² ≈ 几何截面（~4–5 barns）	$\sigma$_$\gamma$ ≈ $\pi$·(R + $\lambda$)² ≈ 几何截面（~4–5 barns）	R2 核素/希腊字母/单位
84	在等待点（β 衰变主导），丰度由 β 衰变半衰期决定：	在等待点（$\beta$ 衰变主导），丰度由 $\beta$ 衰变半衰期决定：	R2 核素/希腊字母/单位
86	N(A_waiting) ∝ 1 / λ_β(A_waiting) = t_β(A_waiting) / ln2	N(A_waiting) ∝ 1 / $\lambda$_$\beta$(A_waiting) = t_$\beta$(A_waiting) / ln2	R2 核素/希腊字母/单位
89	### 6.3.4 β 衰变能量 W_β [FACT]	### 6.3.4 $\beta$ 衰变能量 W_$\beta$ [FACT]	R2 核素/希腊字母/单位
93	t_β ∝ 1/W_β⁵      （Fermi β 衰变理论）	t_$\beta$ ∝ 1/W_$\beta$⁵      （Fermi $\beta$ 衰变理论）	R2 核素/希腊字母/单位
98	W_β(A) ≈ 有效 β 衰变能量（MeV）	W_$\beta$(A) ≈ 有效 $\beta$ 衰变能量（MeV）	R2 核素/希腊字母/单位
106	平均过量 ΔB_n = B_n(实测) - B_n(Weizsäcker)	平均过量 $\Delta$B_n = B_n(实测) - B_n(Weizsäcker)	R2 核素/希腊字母/单位
118	dN(A)/dt = λ_γ(A-1)·N(A-1) - [λ_γ(A) + λ_β(A)]·N(A) = 0	dN(A)/dt = $\lambda$_$\gamma$(A-1)·N(A-1) - [$\lambda$_$\gamma$(A) + $\lambda$_$\beta$(A)]·N(A) = 0	R2 核素/希腊字母/单位
146	- 富中子的等待点核素开始**级联 β 衰变**回到 β 稳定线。	- 富中子的等待点核素开始**级联 $\beta$ 衰变**回到 $\beta$ 稳定线。	R2 核素/希腊字母/单位
151	冻结时间 ~ 最后等待点的 β 衰变半衰期（~秒级）。	冻结时间 ~ 最后等待点的 $\beta$ 衰变半衰期（~秒级）。	R2 核素/希腊字母/单位
182	- 冻结后 β 衰变链将 N=126 → A=194（Os¹⁹⁴, Ir¹⁹⁴, Pt¹⁹⁴, Au¹⁹⁷）。	- 冻结后 $\beta$ 衰变链将 N=126 → A=194（Os¹⁹⁴, Ir¹⁹⁴, Pt¹⁹⁴, Au¹⁹⁷）。	R2 核素/希腊字母/单位
189	→ 等待点：β 衰变决定丰度	→ 等待点：$\beta$ 衰变决定丰度	R2 核素/希腊字母/单位
190	→ 幻数处 β 衰变"堵塞" → 丰度峰	→ 幻数处 $\beta$ 衰变"堵塞" → 丰度峰	R2 核素/希腊字母/单位
192	→ 冻结后级联 β 衰变	→ 冻结后级联 $\beta$ 衰变	R2 核素/希腊字母/单位
1	> 本章属于：B²FH (1957) — *Synthesis of the Elements in Stars*	> 本章属于：B$^2$FH (1957) — *Synthesis of the Elements in Stars*	R2 核素/希腊字母/单位
19	| 4n（Th 系） | Th²³² | 1.39×$10^{10}$ yr | α |	| 4n（Th 系） | Th²³² | 1.39×$10^{10}$ yr | $\alpha$ |	R2 核素/希腊字母/单位
20	| 4n+2（U 系） | U²³⁸ | 4.51×$10^{9}$ yr | α |	| 4n+2（U 系） | U²³⁸ | 4.51×$10^{9}$ yr | $\alpha$ |	R2 核素/希腊字母/单位
21	| 4n+3（Actinium 系） | U²³⁵ | 7.04×$10^{8}$ yr | α |	| 4n+3（Actinium 系） | U²³⁵ | 7.04×$10^{8}$ yr | $\alpha$ |	R2 核素/希腊字母/单位
35	- 衰变类型（β, α, fission）	- 衰变类型（$\beta$, $\alpha$, fission）	R2 核素/希腊字母/单位
41	- A<78 的 β 衰变：~2×$10^{2}$ 质量单位释放，~5 天	- A<78 的 $\beta$ 衰变：~2×$10^{2}$ 质量单位释放，~5 天	R2 核素/希腊字母/单位
42	- A=78–150：α+β 衰变：~2×$10^{2}$ 质量单位	- A=78–150：$\alpha$+$\beta$ 衰变：~2×$10^{2}$ 质量单位	R2 核素/希腊字母/单位
69	**[CRITIQUE]** 论文对超新星供能的判断后来被证实**基本错误**——I 型超新星（今日 Ia 型）的能量主要来自 ⁵⁶Ni → ⁵⁶Co → ⁵⁶Fe 衰变链（63 天与 111 天半衰期）；Cf²⁵⁴ 不是主要供能者。	**[CRITIQUE]** 论文对超新星供能的判断后来被证实**基本错误**——I 型超新星（今日 Ia 型）的能量主要来自 $^{56}{\rm Ni}$ → $^{56}{\rm Co}$ → $^{56}{\rm Fe}$ 衰变链（63 天与 111 天半衰期）；Cf²⁵⁴ 不是主要供能者。	R2 核素/希腊字母/单位
84	dU²³⁵(t)/dt = -λ₂₃₅·U²³⁵(t) + $P_{235}$（连续合成项）	dU²³⁵(t)/dt = -$\lambda$₂₃₅·U²³⁵(t) + $P_{235}$（连续合成项）	R2 核素/希腊字母/单位
85	dU²³⁸(t)/dt = -λ₂₃₈·U²³⁸(t) + $P_{238}$	dU²³⁸(t)/dt = -$\lambda$₂₃₈·U²³⁸(t) + $P_{238}$	R2 核素/希腊字母/单位
104	（用 λ₂₃₅/λ₂₃₈ = 0.693·4.51/0.713·7.04 = 0.640）	（用 $\lambda$₂₃₅/$\lambda$₂₃₈ = 0.693·4.51/0.713·7.04 = 0.640）	R2 核素/希腊字母/单位
146	- Bi²⁰⁹：半衰期 ~1.9×$10^{19}$ yr，实际上是 s 过程的**最终稳定终点**（因 α 衰变极慢）。	- Bi²⁰⁹：半衰期 ~1.9×$10^{19}$ yr，实际上是 s 过程的**最终稳定终点**（因 $\alpha$ 衰变极慢）。	R2 核素/希腊字母/单位
161	- 显示不同 A 区间的贡献：A<78（β 衰变），A=78–254（α+β），A>254（自发裂变）。	- 显示不同 A 区间的贡献：A<78（$\beta$ 衰变），A=78–254（$\alpha$+$\beta$），A>254（自发裂变）。	R2 核素/希腊字母/单位
164	图 VIII.3（P58）：超新星放射性能量释放（含 ⁵⁶Ni 等），比较不同假设。	图 VIII.3（P58）：超新星放射性能量释放（含 $^{56}{\rm Ni}$ 等），比较不同假设。	R2 核素/希腊字母/单位
173	1. Cf²⁵⁴ 作为 I 型超新星供能者的主张被**后来修正**——Ia 型超新星的真实供能是 ⁵⁶Ni/⁵⁶Co 衰变链。	1. Cf²⁵⁴ 作为 I 型超新星供能者的主张被**后来修正**——Ia 型超新星的真实供能是 $^{56}{\rm Ni}$/$^{56}{\rm Co}$ 衰变链。	R2 核素/希腊字母/单位
1	> 本章属于：B²FH (1957) — *Synthesis of the Elements in Stars*	> 本章属于：B$^2$FH (1957) — *Synthesis of the Elements in Stars*	R2 核素/希腊字母/单位
11	论述 p 过程（proton-rich process）：质子富集核（p-nuclei）的合成机制，包括 (p,γ) 质子俘获与 (γ,n) 光致蜕变，以及 p 过程在 (Z,A) 平面中的路径。	论述 p 过程（proton-rich process）：质子富集核（p-nuclei）的合成机制，包括 (p,$\gamma$) 质子俘获与 ($\gamma$,n) 光致蜕变，以及 p 过程在 (Z,A) 平面中的路径。	R2 核素/希腊字母/单位
25	1. **(p,γ) 质子俘获**——直接加质子。	1. **(p,$\gamma$) 质子俘获**——直接加质子。	R2 核素/希腊字母/单位
26	2. **(γ,n) 光致蜕变**——光子打出中子（在稳定核上）。	2. **($\gamma$,n) 光致蜕变**——光子打出中子（在稳定核上）。	R2 核素/希腊字母/单位
32	| 70–90 | ⁷⁴Se, ⁷⁸Kr, ⁸⁴Sr, ⁸⁶,⁸⁷,⁸⁸,⁸⁹,⁹⁰Y |	| 70–90 | $^{74}{\rm Se}$, $^{78}{\rm Kr}$, $^{84}{\rm Sr}$, ⁸⁶,⁸⁷,⁸⁸,⁸⁹,$^{90}{\rm Y}$ |	R2 核素/希腊字母/单位
33	| 90–130 | ⁹²Mo, ⁹⁶Ru, ⁹⁸Ru, ¹⁰⁰Pd, ¹⁰⁴Pd, ¹⁰⁶Pd, ¹⁰⁸Pd |	| 90–130 | $^{92}{\rm Mo}$, $^{96}{\rm Ru}$, $^{98}{\rm Ru}$, $^{100}{\rm Pd}$, $^{104}{\rm Pd}$, $^{106}{\rm Pd}$, $^{108}{\rm Pd}$ |	R2 核素/希腊字母/单位
34	| 130–190 | ¹¹²Sn, ¹¹⁶Sn, ¹²⁰Sn, ¹²⁴Xe, ¹²⁶Ba, ¹³⁰Ba, ¹³⁸La, ¹⁴⁰Ce, ¹⁴²Ce, ¹⁴⁴Sm, ¹⁴⁸Gd, ¹⁵²Gd, ¹⁵⁴Gd, ¹⁵⁸Er, ¹⁶²Er, ¹⁶⁶Er, ¹⁷⁰Er, ¹⁷⁴Yb, ¹⁷⁸Hf, ¹⁸⁰Hf, ¹⁸⁴Os, ¹⁸⁶Os, ¹⁹⁰Pt, ¹⁹²Pt, ¹⁹⁴Pt |	| 130–190 | $^{112}{\rm Sn}$, $^{116}{\rm Sn}$, $^{120}{\rm Sn}$, $^{124}{\rm Xe}$, $^{126}{\rm Ba}$, $^{130}{\rm Ba}$, $^{138}{\rm La}$, $^{140}{\rm Ce}$, $^{142}{\rm Ce}$, $^{144}{\rm Sm}$, $^{148}{\rm Gd}$, $^{152}{\rm Gd}$, $^{154}{\rm Gd}$, $^{158}{\rm Er}$, $^{162}{\rm Er}$, $^{166}{\rm Er}$, $^{170}{\rm Er}$, $^{174}{\rm Yb}$, $^{178}{\rm Hf}$, $^{180}{\rm Hf}$, $^{184}{\rm Os}$, $^{186}{\rm Os}$, $^{190}{\rm Pt}$, $^{192}{\rm Pt}$, $^{194}{\rm Pt}$ |	R2 核素/希腊字母/单位
48	- 经历**光致蜕变 (γ,n)**：光子打出中子，原子核向质子富集方向移动。	- 经历**光致蜕变 ($\gamma$,n)**：光子打出中子，原子核向质子富集方向移动。	R2 核素/希腊字母/单位
51	**位移量 δZ [FACT]**：	**位移量 $\delta$Z [FACT]**：	R2 核素/希腊字母/单位
53	δZ ≈ ΔZ/ΔA × ΔA = 3 × ΔA	$\delta$Z ≈ $\Delta$Z/$\Delta$A × $\Delta$A = 3 × $\Delta$A	R2 核素/希腊字母/单位
59	### 8.5.1 (p,γ) 反应 [FACT]	### 8.5.1 (p,$\gamma$) 反应 [FACT]	R2 核素/希腊字母/单位
63	1/τ_γ(p) ≈ 3.1×$10^{5}$ · (ρ·X_p / √(A_p·$A_{0}$)) · S_p · $T_{9}$^(-2/3)	1/$\tau$_$\gamma$(p) ≈ 3.1×$10^{5}$ · ($\rho$·X_p / √(A_p·$A_{0}$)) · S_p · $T_{9}$^(-2/3)	R2 核素/希腊字母/单位
67	### 8.5.2 (γ,n) 光致蜕变 [FACT]	### 8.5.2 ($\gamma$,n) 光致蜕变 [FACT]	R2 核素/希腊字母/单位
71	1/τ_γ(γ,n) = ∫ σ(γ,n)·φ(γ) dγ	1/$\tau$_$\gamma$($\gamma$,n) = ∫ $\sigma$($\gamma$,n)·$\phi$($\gamma$) d$\gamma$	R2 核素/希腊字母/单位
73	其中 φ(γ) 是黑体辐射光子谱。	其中 $\phi$($\gamma$) 是黑体辐射光子谱。	R2 核素/希腊字母/单位
76	- (γ,n) 反应要求光子能量 > 中子分离能 Q_n（通常 7–10 MeV）。	- ($\gamma$,n) 反应要求光子能量 > 中子分离能 Q_n（通常 7–10 MeV）。	R2 核素/希腊字母/单位
102	2. 论文提出的两个机制 ((p,γ) 与 (γ,n)) 中，**今日 (γ,n) 光致蜕变被确认为主要机制**（因为 (p,γ) 在如此高温下逆反应 (γ,p) 太快）。	2. 论文提出的两个机制 ((p,$\gamma$) 与 ($\gamma$,n)) 中，**今日 ($\gamma$,n) 光致蜕变被确认为主要机制**（因为 (p,$\gamma$) 在如此高温下逆反应 ($\gamma$,p) 太快）。	R2 核素/希腊字母/单位
103	3. **p 过程核素的起源**至今仍是活跃研究领域——特别是**部分 p 核可能来自 ν 过程（中微子驱动的核合成）**。	3. **p 过程核素的起源**至今仍是活跃研究领域——特别是**部分 p 核可能来自 $\nu$ 过程（中微子驱动的核合成）**。	R2 核素/希腊字母/单位
108	2. 论文未讨论**中微子过程（ν 过程）**——1957 年时太阳中微子问题尚未被认识。	2. 论文未讨论**中微子过程（$\nu$ 过程）**——1957 年时太阳中微子问题尚未被认识。	R2 核素/希腊字母/单位
1	> 本章属于：B²FH (1957) — *Synthesis of the Elements in Stars*	> 本章属于：B$^2$FH (1957) — *Synthesis of the Elements in Stars*	R2 核素/希腊字母/单位
22	D(p,γ)³He        T_d ≈ $10^{6}$ K	D(p,$\gamma$)$^{3}{\rm He}$        T_d ≈ $10^{6}$ K	R2 核素/希腊字母/单位
23	³Li(p,t)²⁴He     T_d ≈ 2.5×$10^{6}$ K	$^{3}{\rm Li}$(p,t)$^{24}{\rm He}$     T_d ≈ 2.5×$10^{6}$ K	R2 核素/希腊字母/单位
24	⁷Li(p,α)⁴He      T_d ≈ 2.5×$10^{6}$ K	$^{7}{\rm Li}$(p,$\alpha$)$^{4}{\rm He}$      T_d ≈ 2.5×$10^{6}$ K	R2 核素/希腊字母/单位
25	⁷Li(α,p)¹⁰B      T_d ≈ 2×$10^{7}$ K	$^{7}{\rm Li}$($\alpha$,p)$^{10}{\rm B}$      T_d ≈ 2×$10^{7}$ K	R2 核素/希腊字母/单位
26	⁹Be(p,d)²⁴He     T_d ≈ 2.5×$10^{6}$ K	$^{9}{\rm Be}$(p,d)$^{24}{\rm He}$     T_d ≈ 2.5×$10^{6}$ K	R2 核素/希腊字母/单位
27	¹¹B(p,α)²⁴He     T_d ≈ 5×$10^{6}$ K	$^{11}{\rm B}$(p,$\alpha$)$^{24}{\rm He}$     T_d ≈ 5×$10^{6}$ K	R2 核素/希腊字母/单位
46	- Li 来自 Big Bang + 宇宙线散裂 + 恒星（μ-CNO 过程）	- Li 来自 Big Bang + 宇宙线散裂 + 恒星（$\mu$-CNO 过程）	R2 核素/希腊字母/单位
93	1. **超新星爆炸**（最剧烈，质量损失 ~M☉）	1. **超新星爆炸**（最剧烈，质量损失 ~$M_\odot$）	R2 核素/希腊字母/单位
94	2. **新星**（较温和，~$10^{-5}$–$10^{-4}$ M☉）	2. **新星**（较温和，~$10^{-5}$–$10^{-4}$ $M_\odot$）	R2 核素/希腊字母/单位
95	3. **巨星/行星状星云**（最缓慢，~$10^{-3}$ M☉/恒星）	3. **巨星/行星状星云**（最缓慢，~$10^{-3}$ $M_\odot$/恒星）	R2 核素/希腊字母/单位
114	- m = 0.1 M☉（蟹状星云剩余中子星质量）	- m = 0.1 $M_\odot$（蟹状星云剩余中子星质量）	R2 核素/希腊字母/单位
134	2. **八大过程**（H 燃烧、He 燃烧、α、ε、s、r、p、x）共同解释了全部 327 种天然核素。	2. **八大过程**（H 燃烧、He 燃烧、$\alpha$、$\epsilon$、s、r、p、x）共同解释了全部 327 种天然核素。	R2 核素/希腊字母/单位
141	附录是**B²FH 论文的心脏数据表**——1200+ 核素的完整信息：	附录是**B$^2$FH 论文的心脏数据表**——1200+ 核素的完整信息：	R2 核素/希腊字母/单位
142	- 每个同位素的 (n,γ) 截面（mb）	- 每个同位素的 (n,$\gamma$) 截面（mb）	R2 核素/希腊字母/单位
143	- β 衰变半衰期	- $\beta$ 衰变半衰期	R2 核素/希腊字母/单位
144	- 过程归属（s only, r only, p, α, ε, x）	- 过程归属（s only, r only, p, $\alpha$, $\epsilon$, x）	R2 核素/希腊字母/单位
170	- **α 过程**：Mg, Si, S, Ar, Ca, Ti	- **$\alpha$ 过程**：Mg, Si, S, Ar, Ca, Ti	R2 核素/希腊字母/单位
171	- **ε 过程**：Fe 族	- **$\epsilon$ 过程**：Fe 族	R2 核素/希腊字母/单位
200	1. **B²FH 论文至今仍是核天体物理学领域的奠基性综述**——它建立了我们今天仍在使用的框架。	1. **B$^2$FH 论文至今仍是核天体物理学领域的奠基性综述**——它建立了我们今天仍在使用的框架。	R2 核素/希腊字母/单位
202	- Cf²⁵⁴ 作为超新星供能者 → **已被 ⁵⁶Ni/⁵⁶Co 取代**	- Cf²⁵⁴ 作为超新星供能者 → **已被 $^{56}{\rm Ni}$/$^{56}{\rm Co}$ 取代**	R2 核素/希腊字母/单位
205	- 忽略 ν 过程（中微子驱动的核合成）	- 忽略 $\nu$ 过程（中微子驱动的核合成）	R2 核素/希腊字母/单位
206	- 未讨论 ¹³C(α,n) 中子源	- 未讨论 $^{13}{\rm C}$($\alpha$,n) 中子源	R2 核素/希腊字母/单位
213	- σN=const 的 s 过程理论	- $\sigma$N=const 的 s 过程理论	R2 核素/希腊字母/单位
13	| 因此 | therefore / consequently | adv. | 因果 | "[FACT] 在膝处谱在给定刚度 (rigidity) 向下弯曲，**因此**更重元素在更高每粒子能量处弯曲" 类比逻辑在 §VII 用于：等待点丰度**因此**由 β 衰变能量 W_β⁵ 决定 | 因果 |	| 因此 | therefore / consequently | adv. | 因果 | "[FACT] 在膝处谱在给定刚度 (rigidity) 向下弯曲，**因此**更重元素在更高每粒子能量处弯曲" 类比逻辑在 §VII 用于：等待点丰度**因此**由 $\beta$ 衰变能量 W_$\beta$⁵ 决定 | 因果 |	R2 核素/希腊字母/单位
14	| 进而 | furthermore / subsequently | adv. | 递进 | "[FACT] 稳态流判据 σ(A)·N(A) = const，**进而**导出 s 过程丰度峰位于质子幻数 Z=50/82 处" | 递进 |	| 进而 | furthermore / subsequently | adv. | 递进 | "[FACT] 稳态流判据 $\sigma$(A)·N(A) = const，**进而**导出 s 过程丰度峰位于质子幻数 Z=50/82 处" | 递进 |	R2 核素/希腊字母/单位
17	| 然而 | however / yet | conj. | 转折 | "[FACT] B²FH 提出超新星是重元素散布的关键场所；**然而** ¹⁴C(α,n) 等中子源在后来被进一步研究修正" | 转折 |	| 然而 | however / yet | conj. | 转折 | "[FACT] B$^2$FH 提出超新星是重元素散布的关键场所；**然而** $^{14}{\rm C}$($\alpha$,n) 等中子源在后来被进一步研究修正" | 转折 |	R2 核素/希腊字母/单位
19	| 随后 | subsequently | adv. | 顺序 | "[FACT] 主序阶段氢燃烧耗尽后，**随后** 恒星核心收缩、升温，进入氦燃烧阶段 (3α→¹²C)" | 顺序 |	| 随后 | subsequently | adv. | 顺序 | "[FACT] 主序阶段氢燃烧耗尽后，**随后** 恒星核心收缩、升温，进入氦燃烧阶段 (3$\alpha$→$^{12}{\rm C}$)" | 顺序 |	R2 核素/希腊字母/单位
20	| 最终 | eventually / ultimately | adv. | 最终结果 | "[FACT] r 过程在 β 衰变回稳定线后**最终**冻结 (freezing)，给出 A=80/130/194 三重峰" | 最终 |	| 最终 | eventually / ultimately | adv. | 最终结果 | "[FACT] r 过程在 $\beta$ 衰变回稳定线后**最终**冻结 (freezing)，给出 A=80/130/194 三重峰" | 最终 |	R2 核素/希腊字母/单位
22	| 即 | namely / i.e. | conj. | 解释 | "[FACT] ε 过程——**即**极高温度与密度下的统计平衡过程——在超新星爆发前数秒内合成铁族元素" | 释义 |	| 即 | namely / i.e. | conj. | 解释 | "[FACT] $\epsilon$ 过程——**即**极高温度与密度下的统计平衡过程——在超新星爆发前数秒内合成铁族元素" | 释义 |	R2 核素/希腊字母/单位
23	| 不仅……而且 | not only … but also | conj. | 递进 | "[FACT] B²FH **不仅**系统解释了元素丰度曲线的精细结构，**而且**首次完整提出恒星内部八大合成过程的分类框架" | 递进 |	| 不仅……而且 | not only … but also | conj. | 递进 | "[FACT] B$^2$FH **不仅**系统解释了元素丰度曲线的精细结构，**而且**首次完整提出恒星内部八大合成过程的分类框架" | 递进 |	R2 核素/希腊字母/单位
25	| 由于/鉴于 | given that / in view of | prep. | 条件 | "[FACT] **鉴于** 327 种天然核素中 U、Th 极稀少，r 过程必须延伸至 β 衰变极慢的重核区" | 条件 |	| 由于/鉴于 | given that / in view of | prep. | 条件 | "[FACT] **鉴于** 327 种天然核素中 U、Th 极稀少，r 过程必须延伸至 $\beta$ 衰变极慢的重核区" | 条件 |	R2 核素/希腊字母/单位
27	| 值得注意的是 | it is worth noting that | phrase | 提示 | "[FACT] **值得注意的是**，B²FH 提出的 Cf²⁵⁴ 供能假设后来被 ⁵⁶Ni/⁵⁶Co 衰变链取代" | 提示 |	| 值得注意的是 | it is worth noting that | phrase | 提示 | "[FACT] **值得注意的是**，B$^2$FH 提出的 Cf²⁵⁴ 供能假设后来被 $^{56}{\rm Ni}$/$^{56}{\rm Co}$ 衰变链取代" | 提示 |	R2 核素/希腊字母/单位
36	| 八大合成过程 (eight processes) | H 燃烧、He 燃烧、α、ε、s、r、p、x 八大过程 | 高频 | §00 |	| 八大合成过程 (eight processes) | H 燃烧、He 燃烧、$\alpha$、$\epsilon$、s、r、p、x 八大过程 | 高频 | §00 |	R2 核素/希腊字母/单位
38	| 稳态流 (steady-flow) | s 过程中 σ(A)·N(A) = const 的分析框架 | 高频 | §05 |	| 稳态流 (steady-flow) | s 过程中 $\sigma$(A)·N(A) = const 的分析框架 | 高频 | §05 |	R2 核素/希腊字母/单位
39	| 等待点近似 (waiting-point) | r 过程丰度由 β 衰变慢的核素决定 | 高频 | §06 |	| 等待点近似 (waiting-point) | r 过程丰度由 $\beta$ 衰变慢的核素决定 | 高频 | §06 |	R2 核素/希腊字母/单位
40	| 中子俘获 (neutron capture, (n,γ)) | 核吸收中子并发射 γ 光子的反应 | 高频 | §05 |	| 中子俘获 (neutron capture, (n,$\gamma$)) | 核吸收中子并发射 $\gamma$ 光子的反应 | 高频 | §05 |	R2 核素/希腊字母/单位
41	| β 衰变 (beta decay) | 核通过弱相互作用改变 Z/N 的衰变 | 高频 | §05 |	| $\beta$ 衰变 (beta decay) | 核通过弱相互作用改变 Z/N 的衰变 | 高频 | §05 |	R2 核素/希腊字母/单位
43	| 截面 (cross section, σ) | 核反应发生概率的量度 (1 barn = $10^{-24}$ cm²) | 高频 | §05 |	| 截面 (cross section, $\sigma$) | 核反应发生概率的量度 (1 barn = $10^{-24}$ cm²) | 高频 | §05 |	R2 核素/希腊字母/单位
46	| 光致蜕变 (photodisintegration, (γ,n)) | γ 光子打飞核内的中子/质子 | 高频 | §08 |	| 光致蜕变 (photodisintegration, ($\gamma$,n)) | $\gamma$ 光子打飞核内的中子/质子 | 高频 | §08 |	R2 核素/希腊字母/单位
48	| S 因子 (S-factor) | 剔除库仑势垒因子的反应截面参数 S = σ·E·exp(Sommerfeld) | 高频 | §03 |	| S 因子 (S-factor) | 剔除库仑势垒因子的反应截面参数 S = $\sigma$·E·exp(Sommerfeld) | 高频 | §03 |	R2 核素/希腊字母/单位
50	| 3α 反应 (triple-alpha) | 3 个 α 粒子合成 ¹²C 的关键反应 | 高频 | §03 |	| 3$\alpha$ 反应 (triple-alpha) | 3 个 $\alpha$ 粒子合成 $^{12}{\rm C}$ 的关键反应 | 高频 | §03 |	R2 核素/希腊字母/单位
51	| Hoyle 态 (Hoyle state) | ¹²C 7.65 MeV 共振态，是 3α 反应的天体物理钥匙 | 中频 | §03 |	| Hoyle 态 (Hoyle state) | $^{12}{\rm C}$ 7.65 MeV 共振态，是 3$\alpha$ 反应的天体物理钥匙 | 中频 | §03 |	R2 核素/希腊字母/单位
54	| ¹²C(α,n)¹⁶O 中子源 | AGB 星 s 过程的重要低温中子源 | 中频 | §05 |	| $^{12}{\rm C}$($\alpha$,n)$^{16}{\rm O}$ 中子源 | AGB 星 s 过程的重要低温中子源 | 中频 | §05 |	R2 核素/希腊字母/单位
55	| ²⁰Ne(α,n)²⁴Mg 中子源 | 高温中子源 | 中频 | §05 |	| $^{20}{\rm Ne}$($\alpha$,n)$^{24}{\rm Mg}$ 中子源 | 高温中子源 | 中频 | §05 |	R2 核素/希腊字母/单位
62	| Cf²⁵⁴ 供能 | B²FH 提出超新星光变曲线由 ²⁵⁴Cf 自发裂变供能 | 中频 | §09 |	| Cf²⁵⁴ 供能 | B$^2$FH 提出超新星光变曲线由 $^{254}{\rm Cf}$ 自发裂变供能 | 中频 | §09 |	R2 核素/希腊字母/单位
72	> [FACT] **B²FH 提出：宇宙中所有比氦重的元素，都是在恒星内部或恒星爆炸（特别是超新星）过程中，通过一套相互关联的核反应过程（pp 链/CN 循环、³He 燃烧、α 过程、ε 平衡过程、s 过程、r 过程、p 过程、x 过程）从原始氢逐步"合成"出来的，并系统解释了观测到的元素/同位素丰度曲线的全部精细结构（铁峰、A=80/130/194 双峰、N=50/82/126 幻数峰、质子富集核的缺失等）。**	> [FACT] **B$^2$FH 提出：宇宙中所有比氦重的元素，都是在恒星内部或恒星爆炸（特别是超新星）过程中，通过一套相互关联的核反应过程（pp 链/CN 循环、$^{3}{\rm He}$ 燃烧、$\alpha$ 过程、$\epsilon$ 平衡过程、s 过程、r 过程、p 过程、x 过程）从原始氢逐步"合成"出来的，并系统解释了观测到的元素/同位素丰度曲线的全部精细结构（铁峰、A=80/130/194 双峰、N=50/82/126 幻数峰、质子富集核的缺失等）。**	R2 核素/希腊字母/单位
74	**主干拆解**：B²FH 提出 [重元素在恒星中通过八大过程从 H 合成] 并 [解释丰度曲线精细结构]。	**主干拆解**：B$^2$FH 提出 [重元素在恒星中通过八大过程从 H 合成] 并 [解释丰度曲线精细结构]。	R2 核素/希腊字母/单位
80	> [FACT] 稳态流判据 σ(A)·N(A) = const（s 过程）；**反之** r 过程丰度由 β 衰变能量 W_β⁵ 决定——等待点近似。	> [FACT] 稳态流判据 $\sigma$(A)·N(A) = const（s 过程）；**反之** r 过程丰度由 $\beta$ 衰变能量 W_$\beta$⁵ 决定——等待点近似。	R2 核素/希腊字母/单位
82	**主干拆解**：两个判据并列——σ·N=const（s 过程）vs W_β⁵ 决定（r 过程）。	**主干拆解**：两个判据并列——$\sigma$·N=const（s 过程）vs W_$\beta$⁵ 决定（r 过程）。	R2 核素/希腊字母/单位
83	**修饰说明**：σ(A) 是中子俘获截面；N(A) 是同位素丰度；等待点近似指 β 衰变慢于中子俘获时 r 过程"停"在那些核上。	**修饰说明**：$\sigma$(A) 是中子俘获截面；N(A) 是同位素丰度；等待点近似指 $\beta$ 衰变慢于中子俘获时 r 过程"停"在那些核上。	R2 核素/希腊字母/单位
88	> [FACT] 铁峰由核统计平衡（NSE）产生，U 和 Th 是 r 过程的产物，p 核由 (γ,n) 光致蜕变产生于超新星外抛壳。	> [FACT] 铁峰由核统计平衡（NSE）产生，U 和 Th 是 r 过程的产物，p 核由 ($\gamma$,n) 光致蜕变产生于超新星外抛壳。	R2 核素/希腊字母/单位
90	**主干拆解**：三个独立从句并列——铁峰←NSE，U/Th←r，p 核←(γ,n)。	**主干拆解**：三个独立从句并列——铁峰←NSE，U/Th←r，p 核←($\gamma$,n)。	R2 核素/希腊字母/单位
104	> [FACT] **值得注意的是**，B²FH 提出的 Cf²⁵⁴ 供能假设后来被 ⁵⁶Ni/⁵⁶Co 衰变链取代，r 过程场所**今天**主流观点认为是中子星并合（而非 1957 年论文设想的超新星）。	> [FACT] **值得注意的是**，B$^2$FH 提出的 Cf²⁵⁴ 供能假设后来被 $^{56}{\rm Ni}$/$^{56}{\rm Co}$ 衰变链取代，r 过程场所**今天**主流观点认为是中子星并合（而非 1957 年论文设想的超新星）。	R2 核素/希腊字母/单位
106	**主干拆解**：两个事实并列——Cf²⁵⁴→⁵⁶Ni/⁵⁶Co 取代；r 过程场所由 SN 变为 NS-NS。	**主干拆解**：两个事实并列——Cf²⁵⁴→$^{56}{\rm Ni}$/$^{56}{\rm Co}$ 取代；r 过程场所由 SN 变为 NS-NS。	R2 核素/希腊字母/单位
1	# 99. Final Summary — B²FH (1957)	# 99. Final Summary — B$^2$FH (1957)	R2 核素/希腊字母/单位
3	> 本章属于：B²FH (1957) — *Synthesis of the Elements in Stars*	> 本章属于：B$^2$FH (1957) — *Synthesis of the Elements in Stars*	R2 核素/希腊字母/单位
11	Burbidge, Burbidge, Fowler, Hoyle (1957) 提出**宇宙中所有比氦重的元素都由恒星内部的八大核过程（H 燃烧、He 燃烧、α、ε、s、r、p、x）从原始氢逐步合成**，并系统解释了观测到的元素丰度曲线的全部精细结构——这是核天体物理学领域最具影响力的奠基论文之一。	Burbidge, Burbidge, Fowler, Hoyle (1957) 提出**宇宙中所有比氦重的元素都由恒星内部的八大核过程（H 燃烧、He 燃烧、$\alpha$、$\epsilon$、s、r、p、x）从原始氢逐步合成**，并系统解释了观测到的元素丰度曲线的全部精细结构——这是核天体物理学领域最具影响力的奠基论文之一。	R2 核素/希腊字母/单位
15	**元素从何而来？** 三种"原始合成"理论（Gamow/Alpher/Herman；Mayer/Teller；Klein/Beskow/Treffenberg）都要求特殊的宇宙初始条件，且无法解释观测到的元素分布。B²FH 论文将问题转向：恒星内部正在进行的核反应，是否足以解释全部 327 种天然核素的丰度分布？	**元素从何而来？** 三种"原始合成"理论（Gamow/Alpher/Herman；Mayer/Teller；Klein/Beskow/Treffenberg）都要求特殊的宇宙初始条件，且无法解释观测到的元素分布。B$^2$FH 论文将问题转向：恒星内部正在进行的核反应，是否足以解释全部 327 种天然核素的丰度分布？	R2 核素/希腊字母/单位
20	2. **过程分类**：根据丰度曲线的异常特征（幻数峰、α 粒子核的过剩、质子富集核的稀少）反推需要的合成机制 → 八大过程。	2. **过程分类**：根据丰度曲线的异常特征（幻数峰、$\alpha$ 粒子核的过剩、质子富集核的稀少）反推需要的合成机制 → 八大过程。	R2 核素/希腊字母/单位
21	3. **稳态流分析**：σ(A)·N(A) = const 判据区分 s/r 过程。	3. **稳态流分析**：$\sigma$(A)·N(A) = const 判据区分 s/r 过程。	R2 核素/希腊字母/单位
22	4. **等待点近似**：r 过程丰度由 β 衰变能量 W_β⁵ 决定。	4. **等待点近似**：r 过程丰度由 $\beta$ 衰变能量 W_$\beta$⁵ 决定。	R2 核素/希腊字母/单位
30	| 八大合成过程 | H 燃烧、He 燃烧、α、ε、s、r、p、x |	| 八大合成过程 | H 燃烧、He 燃烧、$\alpha$、$\epsilon$、s、r、p、x |	R2 核素/希腊字母/单位
33	| 稳态流判据 | σ·N = const（s 过程） |	| 稳态流判据 | $\sigma$·N = const（s 过程） |	R2 核素/希腊字母/单位
35	| 中子源 | ¹²C(α,n)¹⁶O 与 ²⁰Ne(α,n)²⁴Mg |	| 中子源 | $^{12}{\rm C}$($\alpha$,n)$^{16}{\rm O}$ 与 $^{20}{\rm Ne}$($\alpha$,n)$^{24}{\rm Mg}$ |	R2 核素/希腊字母/单位
43	3. **σN=const 稳态流判据**——s 过程分析的标准工具。	3. **$\sigma$N=const 稳态流判据**——s 过程分析的标准工具。	R2 核素/希腊字母/单位
51	1. **Cf²⁵⁴ 供能假设**——后来被 ⁵⁶Ni/⁵⁶Co 衰变链取代。	1. **Cf²⁵⁴ 供能假设**——后来被 $^{56}{\rm Ni}$/$^{56}{\rm Co}$ 衰变链取代。	R2 核素/希腊字母/单位
53	3. **忽略 ν 过程**——中微子驱动的核合成在 1957 年尚未被认识。	3. **忽略 $\nu$ 过程**——中微子驱动的核合成在 1957 年尚未被认识。	R2 核素/希腊字母/单位
54	4. **忽略 ¹³C(α,n)**——今日 AGB 星 s 过程的第一脉冲中子源。	4. **忽略 $^{13}{\rm C}$($\alpha$,n)**——今日 AGB 星 s 过程的第一脉冲中子源。	R2 核素/希腊字母/单位
61	1. **B²FH = Burbidge, Burbidge, Fowler, Hoyle**（1957），Rev. Mod. Phys. 29:547。	1. **B$^2$FH = Burbidge, Burbidge, Fowler, Hoyle**（1957），Rev. Mod. Phys. 29:547。	R2 核素/希腊字母/单位
62	2. **八大过程**：H 燃烧、He 燃烧、α 过程、ε 平衡过程、s 过程、r 过程、p 过程、x 过程。	2. **八大过程**：H 燃烧、He 燃烧、$\alpha$ 过程、$\epsilon$ 平衡过程、s 过程、r 过程、p 过程、x 过程。	R2 核素/希腊字母/单位
65	5. **σN=const** 是 s 过程的稳态流判据。	5. **$\sigma$N=const** 是 s 过程的稳态流判据。	R2 核素/希腊字母/单位
71	11. **中子源**：¹²C(α,n) 与 ²⁰Ne(α,n)。	11. **中子源**：$^{12}{\rm C}$($\alpha$,n) 与 $^{20}{\rm Ne}$($\alpha$,n)。	R2 核素/希腊字母/单位
73	13. **p 核**由 (γ,n) 光致蜕变产生于超新星外抛壳。	13. **p 核**由 ($\gamma$,n) 光致蜕变产生于超新星外抛壳。	R2 核素/希腊字母/单位
75	15. **¹²C 的 Hoyle 态（7.65 MeV）**是 3α 反应的关键。	15. **$^{12}{\rm C}$ 的 Hoyle 态（7.65 MeV）**是 3$\alpha$ 反应的关键。	R2 核素/希腊字母/单位
79	| 相关工作 | 与 B²FH 的关系 |	| 相关工作 | 与 B$^2$FH 的关系 |	R2 核素/希腊字母/单位
81	| Gamow/Alpher/Herman (1948–57) Big Bang 核合成 | B²FH 承认部分轻元素（D）可能来自宇宙早期 |	| Gamow/Alpher/Herman (1948–57) Big Bang 核合成 | B$^2$FH 承认部分轻元素（D）可能来自宇宙早期 |	R2 核素/希腊字母/单位
82	| Hoyle (1946) ε 过程 | B²FH 的 ε 过程直接继承 Hoyle 的平衡态概念 |	| Hoyle (1946) $\epsilon$ 过程 | B$^2$FH 的 $\epsilon$ 过程直接继承 Hoyle 的平衡态概念 |	R2 核素/希腊字母/单位
83	| Cameron (1955) 中子源 | B²FH 直接引用 ¹²C(α,n) |	| Cameron (1955) 中子源 | B$^2$FH 直接引用 $^{12}{\rm C}$($\alpha$,n) |	R2 核素/希腊字母/单位
84	| Suess & Urey (1956) 元素丰度 | B²FH 的数据基础 |	| Suess & Urey (1956) 元素丰度 | B$^2$FH 的数据基础 |	R2 核素/希腊字母/单位
85	| Wapstra (1955) 原子质量 | B²FH 的质量数据来源 |	| Wapstra (1955) 原子质量 | B$^2$FH 的质量数据来源 |	R2 核素/希腊字母/单位
86	| Burbidge (1956) 超新星与 Cf²⁵⁴ | B²FH 中的超新星供能假设 |	| Burbidge (1956) 超新星与 Cf²⁵⁴ | B$^2$FH 中的超新星供能假设 |	R2 核素/希腊字母/单位
87	| Fowler et al. (1955) s 过程计算 | B²FH 的 s 过程截面数据基础 |	| Fowler et al. (1955) s 过程计算 | B$^2$FH 的 s 过程截面数据基础 |	R2 核素/希腊字母/单位
88	| Watson (1954) r 过程初步 | B²FH 扩展并系统化 |	| Watson (1954) r 过程初步 | B$^2$FH 扩展并系统化 |	R2 核素/希腊字母/单位
89	| Burbidge & Burbidge (1956a) Population II | B²FH 第 XI 章的观测基础 |	| Burbidge & Burbidge (1956a) Population II | B$^2$FH 第 XI 章的观测基础 |	R2 核素/希腊字母/单位
90	| Alpher & Herman (1953) 综述 | B²FH 的前驱综述 |	| Alpher & Herman (1953) 综述 | B$^2$FH 的前驱综述 |	R2 核素/希腊字母/单位
94	- 稳态流分析（σN=const）	- 稳态流分析（$\sigma$N=const）	R2 核素/希腊字母/单位
102	- S 因子：S = σ(E)·E·exp(31.28·$Z_{1}$·$Z_{0}$·√(A/E))	- S 因子：S = $\sigma$(E)·E·exp(31.28·$Z_{1}$·$Z_{0}$·√(A/E))	R2 核素/希腊字母/单位
104	- 反应率：R ∝ $S_{0}$·$T_{9}$^(-2/3)·exp(-τ)	- 反应率：R ∝ $S_{0}$·$T_{9}$^(-2/3)·exp(-$\tau$)	R2 核素/希腊字母/单位
105	- s 过程稳态流：σ(A)·N(A) = const	- s 过程稳态流：$\sigma$(A)·N(A) = const	R2 核素/希腊字母/单位
50	[FACT] 本文是对 1957 年经典 B²FH 论文（Burbidge, Burbidge, Fowler, Hoyle, Rev. Mod. Phys. 29, 547，简称 "B²FH"）以及 Cameron (1957) 综述的重要更新。它汇总了 1957—1975 年间近 18 年核合成与天体化学的研究进展，是继 B²FH 之后该领域最权威、最全面的综述之一。	[FACT] 本文是对 1957 年经典 B$^2$FH 论文（Burbidge, Burbidge, Fowler, Hoyle, Rev. Mod. Phys. 29, 547，简称 "B$^2$FH"）以及 Cameron (1957) 综述的重要更新。它汇总了 1957—1975 年间近 18 年核合成与天体化学的研究进展，是继 B$^2$FH 之后该领域最权威、最全面的综述之一。	R2 核素/希腊字母/单位
52	[FACT] 与 B²FH 不同，本文作者仅为 Virginia Trimble 一人（不是 Burbidge 四人组），但文献编号 `0002_burbidge-1975` 反映的是其在 "B²FH 系列更新综述" 这一脉络中的位置。这一点在阅读和引用时应特别注意。	[FACT] 与 B$^2$FH 不同，本文作者仅为 Virginia Trimble 一人（不是 Burbidge 四人组），但文献编号 `0002_burbidge-1975` 反映的是其在 "B$^2$FH 系列更新综述" 这一脉络中的位置。这一点在阅读和引用时应特别注意。	R2 核素/希腊字母/单位
79	D. Violent processes in stars (explosive C, O, Si burning, ε process)	D. Violent processes in stars (explosive C, O, Si burning, $\epsilon$ process)	R2 核素/希腊字母/单位
98	| `01_introduction_and_history.md` | §I | 历史回顾：Goldschmidt→Suess-Urey→B²FH→Cameron |	| `01_introduction_and_history.md` | §I | 历史回顾：Goldschmidt→Suess-Urey→B$^2$FH→Cameron |	R2 核素/希腊字母/单位
120	- 提供了从 B²FH 到 1975 全部进展的精确时间线；	- 提供了从 B$^2$FH 到 1975 全部进展的精确时间线；	R2 核素/希腊字母/单位
130	- **B²FH (1957)** — 本领域奠基论文（Rev. Mod. Phys. 29, 547）	- **B$^2$FH (1957)** — 本领域奠基论文（Rev. Mod. Phys. 29, 547）	R2 核素/希腊字母/单位
135	- [`0001_b2fh-1957`](../../0001_b2fh-1957/literature_analysis/00_overview.md) — Trimble 1975 是 B²FH 的 18 年后版本	- [`0001_b2fh-1957`](../../0001_b2fh-1957/literature_analysis/00_overview.md) — Trimble 1975 是 B$^2$FH 的 18 年后版本	R2 核素/希腊字母/单位
12	1. 交代 B²FH (1957) 之前的丰度表汇编史（Goldschmidt 1937, Brown 1949, Suess & Urey 1956）；	1. 交代 B$^2$FH (1957) 之前的丰度表汇编史（Goldschmidt 1937, Brown 1949, Suess & Urey 1956）；	R2 核素/希腊字母/单位
13	2. 说明 B²FH 与 Cameron (1957) 建立的七过程框架；	2. 说明 B$^2$FH 与 Cameron (1957) 建立的七过程框架；	R2 核素/希腊字母/单位
36	[FACT] 1957 年的 B²FH 和 Cameron (1957) 考虑了 **七个过程**（后经过修改，现在被认为确实发生于恒星中）：	[FACT] 1957 年的 B$^2$FH 和 Cameron (1957) 考虑了 **七个过程**（后经过修改，现在被认为确实发生于恒星中）：	R2 核素/希腊字母/单位
42	6. ε 过程（铁峰元素准平衡合成）；	6. $\epsilon$ 过程（铁峰元素准平衡合成）；	R2 核素/希腊字母/单位
45	[FACT] B²FH 还提出了一个 x process，用来解释观测到的 Li、Be、B 的丰度。因为 Li、Be、B 在恒星内部温度下易被破坏而非生成，所以需要恒星外过程。到 1975 年，x process 已被归因为星际介质中 C、N、O 被宇宙线质子和 α 粒子散裂（以及反向过程）。	[FACT] B$^2$FH 还提出了一个 x process，用来解释观测到的 Li、Be、B 的丰度。因为 Li、Be、B 在恒星内部温度下易被破坏而非生成，所以需要恒星外过程。到 1975 年，x process 已被归因为星际介质中 C、N、O 被宇宙线质子和 $\alpha$ 粒子散裂（以及反向过程）。	R2 核素/希腊字母/单位
54	- 时间跨度：1937 (Goldschmidt) → 1956 (Suess-Urey) → 1957 (B²FH, Cameron) → 1968 (Cameron) → 1975（本文）。	- 时间跨度：1937 (Goldschmidt) → 1956 (Suess-Urey) → 1957 (B$^2$FH, Cameron) → 1968 (Cameron) → 1975（本文）。	R2 核素/希腊字母/单位
62	- 由此引出 B²FH 七过程框架的合理性，	- 由此引出 B$^2$FH 七过程框架的合理性，	R2 核素/希腊字母/单位
70	[INTERPRETATION] 作者特意把 "x process 已被确认 = 宇宙线散裂" 作为 B²FH 框架的第一个被成功解决的子问题来讲，是为了说明整个 B²FH 范式在 18 年里确实得到了实质性的验证和修补，而非仅仅是一个 1957 年的 "猜想"。	[INTERPRETATION] 作者特意把 "x process 已被确认 = 宇宙线散裂" 作为 B$^2$FH 框架的第一个被成功解决的子问题来讲，是为了说明整个 B$^2$FH 范式在 18 年里确实得到了实质性的验证和修补，而非仅仅是一个 1957 年的 "猜想"。	R2 核素/希腊字母/单位
80	[CRITIQUE] 章节中未交代 B²FH 与 Cameron (1957) 之间的具体分歧；对今天的读者而言，需要另行查阅 1957 年原始文献才能厘清两篇论文的差异。	[CRITIQUE] 章节中未交代 B$^2$FH 与 Cameron (1957) 之间的具体分歧；对今天的读者而言，需要另行查阅 1957 年原始文献才能厘清两篇论文的差异。	R2 核素/希腊字母/单位
67	[FACT] 同位素丰度是核合成理论的"指纹"。B²FH 通过比较观测同位素丰度与 s 过程、r 过程路径上的稳定同位素位置，确立了 s 与 r 的双重路径图景。本文对这一框架做了定量更新。	[FACT] 同位素丰度是核合成理论的"指纹"。B$^2$FH 通过比较观测同位素丰度与 s 过程、r 过程路径上的稳定同位素位置，确立了 s 与 r 的双重路径图景。本文对这一框架做了定量更新。	R2 核素/希腊字母/单位
71	[FACT] 太阳/陨石中 He、Ne、C、O 的丰度对宇宙学原初丰度与恒星产量都构成约束。He 是宇宙学产物，Ne 是 α 元素，C 与 O 是 He 燃烧与 H 燃烧的产物。	[FACT] 太阳/陨石中 He、Ne、C、O 的丰度对宇宙学原初丰度与恒星产量都构成约束。He 是宇宙学产物，Ne 是 $\alpha$ 元素，C 与 O 是 He 燃烧与 H 燃烧的产物。	R2 核素/希腊字母/单位
75	[FACT] "Xenonology"（氙同位素地球化学）通过陨石中异常 Xe 同位素组分反推短寿命核素（如 ¹²⁹I, ¹³⁵Cs）在太阳系形成时的存在，从而给出核合成时标约束。	[FACT] "Xenonology"（氙同位素地球化学）通过陨石中异常 Xe 同位素组分反推短寿命核素（如 $^{129}{\rm I}$, $^{135}{\rm Cs}$）在太阳系形成时的存在，从而给出核合成时标约束。	R2 核素/希腊字母/单位
77	[FACT] "Nucleocosmochronology"（核素宇宙年代学）通过长寿命放射性核素（如 ²³⁵U/²³⁸U, ²³²Th 等）的衰变来估计银河重元素合成的时标。本文将其作为 §III F 中银河产量模型的关键外部约束。	[FACT] "Nucleocosmochronology"（核素宇宙年代学）通过长寿命放射性核素（如 $^{235}{\rm U}$/$^{238}{\rm U}$, $^{232}{\rm Th}$ 等）的衰变来估计银河重元素合成的时标。本文将其作为 §III F 中银河产量模型的关键外部约束。	R2 核素/希腊字母/单位
50	- **SNR**：超新星直接抛射物，含 Fe-peak 与 α 元素；	- **SNR**：超新星直接抛射物，含 Fe-peak 与 $\alpha$ 元素；	R2 核素/希腊字母/单位
61	[FACT] 1970 年代中期的 Balloon/卫星实验首次给出宇宙线中同位素分辨数据，显示次级/初级核素比（如 ¹⁰Be/⁹Be）可以约束宇宙线传播时标。	[FACT] 1970 年代中期的 Balloon/卫星实验首次给出宇宙线中同位素分辨数据，显示次级/初级核素比（如 $^{10}{\rm Be}$/$^{9}{\rm Be}$）可以约束宇宙线传播时标。	R2 核素/希腊字母/单位
82	[INTERPRETATION] §II 整体构成一个"从内向外"的丰度地图：太阳系 → 银河系内恒星与 ISM → 河外星系。这个由近及远、由基准到变化的展开方式，是 B²FH 之后的标准做法。	[INTERPRETATION] §II 整体构成一个"从内向外"的丰度地图：太阳系 → 银河系内恒星与 ISM → 河外星系。这个由近及远、由基准到变化的展开方式，是 B$^2$FH 之后的标准做法。	R2 核素/希腊字母/单位
17	[FACT] B²FH (1957) 已经指出，只有 H、He 与极少量 Li 能够由大爆炸核合成解释，且 He 的质量丰度 Y ≈ 0.25 是 BBN 的自然结果。本文 §III A 在 1975 年语境中总结了 Alpher–Herman、Gamow、Wagoner、Weisskopf、Howard、Pecker 与 Hoyle 等人的贡献。	[FACT] B$^2$FH (1957) 已经指出，只有 H、He 与极少量 Li 能够由大爆炸核合成解释，且 He 的质量丰度 Y ≈ 0.25 是 BBN 的自然结果。本文 §III A 在 1975 年语境中总结了 Alpher–Herman、Gamow、Wagoner、Weisskopf、Howard、Pecker 与 Hoyle 等人的贡献。	R2 核素/希腊字母/单位
21	[FACT] BBN 的基本机制：早期宇宙的强相互作用在 t ~ $10^{-5}$ s 后冻结，中子/质子比由弱相互作用冻结时的温度决定（约 1/6）。此后中子经 β 衰变（τ ≈ 878 s）缓慢减少，直到 t ~ 200–300 s 时温度降到 ~$10^{9}$ K，质子与中子结合成 D，进而快速生成 ³He、⁴He 和微量的 ⁷Li。	[FACT] BBN 的基本机制：早期宇宙的强相互作用在 t ~ $10^{-5}$ s 后冻结，中子/质子比由弱相互作用冻结时的温度决定（约 1/6）。此后中子经 $\beta$ 衰变（$\tau$ ≈ 878 s）缓慢减少，直到 t ~ 200–300 s 时温度降到 ~$10^{9}$ K，质子与中子结合成 D，进而快速生成 $^{3}{\rm He}$、$^{4}{\rm He}$ 和微量的 $^{7}{\rm Li}$。	R2 核素/希腊字母/单位
24	- **氘瓶颈**：由于 ²He 与 ⁵He 不稳定，核合成必须先经过 D 这一 "瓶颈"；这要求温度降到 T ≲ $10^{9}$ K 后才能大规模合成 ⁴He。	- **氘瓶颈**：由于 $^{2}{\rm He}$ 与 $^{5}{\rm He}$ 不稳定，核合成必须先经过 D 这一 "瓶颈"；这要求温度降到 T ≲ $10^{9}$ K 后才能大规模合成 $^{4}{\rm He}$。	R2 核素/希腊字母/单位
25	- **最终 ⁴He 丰度**：对 baryon-to-photon 比 η 不敏感，主要由 n/p 冻结比决定；Y_p ≈ 0.24–0.25。	- **最终 $^{4}{\rm He}$ 丰度**：对 baryon-to-photon 比 $\eta$ 不敏感，主要由 n/p 冻结比决定；Y_p ≈ 0.24–0.25。	R2 核素/希腊字母/单位
26	- **D、³He、⁷Li 丰度**：对 η 强烈敏感，可用于约束宇宙重子密度。	- **D、$^{3}{\rm He}$、$^{7}{\rm Li}$ 丰度**：对 $\eta$ 强烈敏感，可用于约束宇宙重子密度。	R2 核素/希腊字母/单位
32	此时 n/p ≈ exp(−Δm/T) ≈ 1/6。	此时 n/p ≈ exp(−$\Delta$m/T) ≈ 1/6。	R2 核素/希腊字母/单位
36	其中 τ_n = 878 s 为中子 β 衰变寿命。	其中 $\tau$_n = 878 s 为中子 $\beta$ 衰变寿命。	R2 核素/希腊字母/单位
38	[FACT] 原初 ⁴He 质量分数（近似解析解）：	[FACT] 原初 $^{4}{\rm He}$ 质量分数（近似解析解）：	R2 核素/希腊字母/单位
46	- ⁷Li 在金属贫乏晕星中的 Spite plateau 尚未被清晰识别（1982 年才报告），因此 1975 年 Li 观测仍存在争议；	- $^{7}{\rm Li}$ 在金属贫乏晕星中的 Spite plateau 尚未被清晰识别（1982 年才报告），因此 1975 年 Li 观测仍存在争议；	R2 核素/希腊字母/单位
51	### 4.3.1 从 B²FH 的 x process 到宇宙线散裂	### 4.3.1 从 B$^2$FH 的 x process 到宇宙线散裂	R2 核素/希腊字母/单位
53	[FACT] B²FH 提出的 x process 用于解释 Li、Be、B 的丰度。B²FH 曾列出 5 个候选来源：	[FACT] B$^2$FH 提出的 x process 用于解释 Li、Be、B 的丰度。B$^2$FH 曾列出 5 个候选来源：	R2 核素/希腊字母/单位
79	- C, N, O + p/α → Li, Be, B + 碎片；	- C, N, O + p/$\alpha$ → Li, Be, B + 碎片；	R2 核素/希腊字母/单位
80	- p, α + C, N, O (ISM) → Li, Be, B + 碎片（"反向"散裂）。	- p, $\alpha$ + C, N, O (ISM) → Li, Be, B + 碎片（"反向"散裂）。	R2 核素/希腊字母/单位
86	- ¹⁰Be 是放射性核（T_{1/2} ≈ 1.5 × $10^{6}$ yr），其宇宙线丰度直接给出传播时标约束；	- $^{10}{\rm Be}$ 是放射性核（T_{1/2} ≈ 1.5 × $10^{6}$ yr），其宇宙线丰度直接给出传播时标约束；	R2 核素/希腊字母/单位
91	- 原初 ⁴He 质量丰度 Y_p ≈ 0.24–0.25；	- 原初 $^{4}{\rm He}$ 质量丰度 Y_p ≈ 0.24–0.25；	R2 核素/希腊字母/单位
93	- 中子 β 衰变寿命 τ_n ≈ 878 s；	- 中子 $\beta$ 衰变寿命 $\tau$_n ≈ 878 s；	R2 核素/希腊字母/单位
94	- ¹⁰Be 半衰期 T_{1/2} ≈ 1.5 × $10^{6}$ yr；	- $^{10}{\rm Be}$ 半衰期 T_{1/2} ≈ 1.5 × $10^{6}$ yr；	R2 核素/希腊字母/单位
99	[INTERPRETATION] §III A 与 B 合在一起构成 "恒星外核合成" 的完整图景：BBN 在大爆炸期间一次性决定了 H/He/D/³He/⁷Li 的原初比例；宇宙线散裂则在银河演化过程中以持续的方式补充 Li/Be/B。两个过程分别在 t ~ 分钟和 t ~ Gyr 的时标上运作，共同解释了 B²FH 框架中 "非恒星起源" 的部分。	[INTERPRETATION] §III A 与 B 合在一起构成 "恒星外核合成" 的完整图景：BBN 在大爆炸期间一次性决定了 H/He/D/$^{3}{\rm He}$/$^{7}{\rm Li}$ 的原初比例；宇宙线散裂则在银河演化过程中以持续的方式补充 Li/Be/B。两个过程分别在 t ~ 分钟和 t ~ Gyr 的时标上运作，共同解释了 B$^2$FH 框架中 "非恒星起源" 的部分。	R2 核素/希腊字母/单位
103	[CRITIQUE] 1975 年的 BBN 计算对 η 的约束仍较宽（$10^{-10}$ < η < $10^{-7}$），主要因为 D 的观测值争议大。1990 年代 COBE/WMAP 之后 η 被精确到 ~$10^{-9}$ 量级，BBN 变成精确检验工具。这是本文写作时未能预见的重要后续进展。	[CRITIQUE] 1975 年的 BBN 计算对 $\eta$ 的约束仍较宽（$10^{-10}$ < $\eta$ < $10^{-7}$），主要因为 D 的观测值争议大。1990 年代 COBE/WMAP 之后 $\eta$ 被精确到 ~$10^{-9}$ 量级，BBN 变成精确检验工具。这是本文写作时未能预见的重要后续进展。	R2 核素/希腊字母/单位
7	# 5. Hydrostatic & Violent Processes in Stars (H, He, C, O, Si Burning, ε Process)	# 5. Hydrostatic & Violent Processes in Stars (H, He, C, O, Si Burning, $\epsilon$ Process)	R2 核素/希腊字母/单位
11	§III C 讨论恒星内部的静力学核燃烧（H、He、C、O、Si）；§III D 讨论相应的爆发燃烧（explosive C, O, Si burning）以及 ε 过程。	§III C 讨论恒星内部的静力学核燃烧（H、He、C、O、Si）；§III D 讨论相应的爆发燃烧（explosive C, O, Si burning）以及 $\epsilon$ 过程。	R2 核素/希腊字母/单位
18	- **pp 链**：主导低质量恒星（M ≲ 1.3 M_☉），能量产生率对温度依赖较弱（ε ∝ T⁴）；	- **pp 链**：主导低质量恒星（M ≲ 1.3 M_☉），能量产生率对温度依赖较弱（$\epsilon$ ∝ T⁴）；	R2 核素/希腊字母/单位
19	- **CNO 循环**：主导大质量恒星（M ≳ 1.3 M_☉），能量产生率对温度依赖很强（ε ∝ T¹⁶ 至 T²⁰），并解释了恒星核心的温度敏感性。	- **CNO 循环**：主导大质量恒星（M ≳ 1.3 M_☉），能量产生率对温度依赖很强（$\epsilon$ ∝ T¹⁶ 至 T²⁰），并解释了恒星核心的温度敏感性。	R2 核素/希腊字母/单位
21	[FACT] "hot CNO cycle"（即 CNO bi-cycle）发生在极高温度下（T ≳ 3 × $10^{8}$ K），涉及 ¹⁴O、¹⁵O 等不稳定核的 β 衰变环节，是 X 射线双星、新星、Ia 型超新星前身星的重要过程。	[FACT] "hot CNO cycle"（即 CNO bi-cycle）发生在极高温度下（T ≳ 3 × $10^{8}$ K），涉及 $^{14}{\rm O}$、$^{15}{\rm O}$ 等不稳定核的 $\beta$ 衰变环节，是 X 射线双星、新星、Ia 型超新星前身星的重要过程。	R2 核素/希腊字母/单位
25	[FACT] 3α 反应在 T ≈ $10^{8}$ K 启动：	[FACT] 3$\alpha$ 反应在 T ≈ $10^{8}$ K 启动：	R2 核素/希腊字母/单位
27	随后 ¹²C(α,γ)¹⁶O 生成氧。	随后 $^{12}{\rm C}$($\alpha$,$\gamma$)$^{16}{\rm O}$ 生成氧。	R2 核素/希腊字母/单位
29	[FACT] ¹²C 与 ¹⁶O 的最终比例对 He 燃烧温度与密度敏感，是恒星核合成的关键不确定度之一。1975 年 Cameron 等人的计算给出 C/O ≈ 1（数密度比），但不同模型的结果可相差数倍。	[FACT] $^{12}{\rm C}$ 与 $^{16}{\rm O}$ 的最终比例对 He 燃烧温度与密度敏感，是恒星核合成的关键不确定度之一。1975 年 Cameron 等人的计算给出 C/O ≈ 1（数密度比），但不同模型的结果可相差数倍。	R2 核素/希腊字母/单位
31	[FACT] Hoyle 共振的存在是 "精细调节"（fine-tuning）最经典的例子：如果 ¹²C 的 7.65 MeV 能级偏离几百 keV，3α 反应速率将急剧下降，宇宙中的重元素生产将基本停滞。	[FACT] Hoyle 共振的存在是 "精细调节"（fine-tuning）最经典的例子：如果 $^{12}{\rm C}$ 的 7.65 MeV 能级偏离几百 keV，3$\alpha$ 反应速率将急剧下降，宇宙中的重元素生产将基本停滞。	R2 核素/希腊字母/单位
36	- **C 燃烧**：T ~ 6–8 × $10^{8}$ K，主要反应 ¹²C+¹²C；	- **C 燃烧**：T ~ 6–8 × $10^{8}$ K，主要反应 $^{12}{\rm C}$+$^{12}{\rm C}$；	R2 核素/希腊字母/单位
37	- **Ne 燃烧**：T ~ 1.2–1.5 × $10^{9}$ K，通过光解 ²⁰Ne 后再生 α；	- **Ne 燃烧**：T ~ 1.2–1.5 × $10^{9}$ K，通过光解 $^{20}{\rm Ne}$ 后再生 $\alpha$；	R2 核素/希腊字母/单位
53	其中 n_i、A_i、g_i、B_i 分别是核种 i 的数密度、质量数、简并度、结合能；n_A 为单位核子的密度。在 NSE 条件下，物质组成由温度、密度、中子过剩 η_n 唯一确定，向结合能最高的 Fe-peak 核（⁵⁶Ni → β⁺ → ⁵⁶Co → β⁺ → ⁵⁶Fe）演化。	其中 n_i、A_i、g_i、B_i 分别是核种 i 的数密度、质量数、简并度、结合能；n_A 为单位核子的密度。在 NSE 条件下，物质组成由温度、密度、中子过剩 $\eta$_n 唯一确定，向结合能最高的 Fe-peak 核（$^{56}{\rm Ni}$ → $\beta^{"+" if m.group(1)=="⁺" else "-"}$ → $^{56}{\rm Co}$ → $\beta^{"+" if m.group(1)=="⁺" else "-"}$ → $^{56}{\rm Fe}$）演化。	R2 核素/希腊字母/单位
60	[FACT] Ia 型超新星（如 SN 1972e）由碳丰度的白矮星（接近 Chandrasekhar 极限 ~1.4 M_☉）中的碳爆燃/爆轰产生。核心 C 一旦点燃，通过 NSE 产生大量 ⁵⁶Ni（~0.5–1.0 M_☉），其衰变链 ⁵⁶Ni → ⁵⁶Co → ⁵⁶Fe 提供了 Ia 型超新星晚期光变的能量来源。	[FACT] Ia 型超新星（如 SN 1972e）由碳丰度的白矮星（接近 Chandrasekhar 极限 ~1.4 M_☉）中的碳爆燃/爆轰产生。核心 C 一旦点燃，通过 NSE 产生大量 $^{56}{\rm Ni}$（~0.5–1.0 M_☉），其衰变链 $^{56}{\rm Ni}$ → $^{56}{\rm Co}$ → $^{56}{\rm Fe}$ 提供了 Ia 型超新星晚期光变的能量来源。	R2 核素/希腊字母/单位
65	[FACT] 大质量恒星的 C 层在核心坍缩 SN 激波穿过时可被点燃，产生部分 α 元素。	[FACT] 大质量恒星的 C 层在核心坍缩 SN 激波穿过时可被点燃，产生部分 $\alpha$ 元素。	R2 核素/希腊字母/单位
67	### 5.3.2 Explosive oxygen and silicon burning and the ε process	### 5.3.2 Explosive oxygen and silicon burning and the $\epsilon$ process	R2 核素/希腊字母/单位
71	[FACT] ε 过程（B²FH 引入）是指 Si 燃烧后期接近 NSE 但尚未完全达到 NSE 时的 "准平衡" 阶段，此时 (n,p) 与 (p,n) 反应导致丰度从 α 元素侧向 Fe-peak 侧 "溢出"，是 Fe-peak 元素生产的关键区域。	[FACT] $\epsilon$ 过程（B$^2$FH 引入）是指 Si 燃烧后期接近 NSE 但尚未完全达到 NSE 时的 "准平衡" 阶段，此时 (n,p) 与 (p,n) 反应导致丰度从 $\alpha$ 元素侧向 Fe-peak 侧 "溢出"，是 Fe-peak 元素生产的关键区域。	R2 核素/希腊字母/单位
77	| H (pp) | ~1.5 × $10^{7}$ | $10^{9}$ yr (1 M_☉) | ⁴He |	| H (pp) | ~1.5 × $10^{7}$ | $10^{9}$ yr (1 M_☉) | $^{4}{\rm He}$ |	R2 核素/希腊字母/单位
78	| H (CNO) | ~2 × $10^{7}$ | $10^{7}$ yr (10 M_☉) | ⁴He + ¹⁴N |	| H (CNO) | ~2 × $10^{7}$ | $10^{7}$ yr (10 M_☉) | $^{4}{\rm He}$ + $^{14}{\rm N}$ |	R2 核素/希腊字母/单位
79	| He | ~$10^{8}$ | ~$10^{6}$ yr | ¹²C, ¹⁶O |	| He | ~$10^{8}$ | ~$10^{6}$ yr | $^{12}{\rm C}$, $^{16}{\rm O}$ |	R2 核素/希腊字母/单位
83	| Si | ~3–5 × $10^{9}$ | ~1 d | Fe-peak (⁵⁶Ni) |	| Si | ~3–5 × $10^{9}$ | ~1 d | Fe-peak ($^{56}{\rm Ni}$) |	R2 核素/希腊字母/单位
84	| Si (explosive) | ~5 × $10^{9}$ | ~10 s | Fe-peak + ε-process |	| Si (explosive) | ~5 × $10^{9}$ | ~10 s | Fe-peak + $\epsilon$-process |	R2 核素/希腊字母/单位
87	- Hoyle 共振：¹²C 激发态在 7.65 MeV	- Hoyle 共振：$^{12}{\rm C}$ 激发态在 7.65 MeV	R2 核素/希腊字母/单位
88	- ⁵⁶Ni → ⁵⁶Co → ⁵⁶Fe 衰变链半衰期：6.1 d → 77.3 d	- $^{56}{\rm Ni}$ → $^{56}{\rm Co}$ → $^{56}{\rm Fe}$ 衰变链半衰期：6.1 d → 77.3 d	R2 核素/希腊字母/单位
89	- Ia 型 SN 产量：每事件 ~0.5–1.0 M_☉ ⁵⁶Ni	- Ia 型 SN 产量：每事件 ~0.5–1.0 M_☉ $^{56}{\rm Ni}$	R2 核素/希腊字母/单位
100	[CRITIQUE] 1975 年的 §III C–D 对 ¹²C/¹⁶O 比、Ia 型 SN 的爆燃/爆轰选择、Si 燃烧 NSE 的精确实现等关键问题都停留在 "理论框架已知但细节未定" 的水平。今天这些已经通过大规模数值模拟被推进到很高精度。	[CRITIQUE] 1975 年的 §III C–D 对 $^{12}{\rm C}$/$^{16}{\rm O}$ 比、Ia 型 SN 的爆燃/爆轰选择、Si 燃烧 NSE 的精确实现等关键问题都停留在 "理论框架已知但细节未定" 的水平。今天这些已经通过大规模数值模拟被推进到很高精度。	R2 核素/希腊字母/单位
17	[FACT] B²FH 提出建造 A > 56 的重元素（特别是 Z ≳ 26）的主要方式有三：	[FACT] B$^2$FH 提出建造 A > 56 的重元素（特别是 Z ≳ 26）的主要方式有三：	R2 核素/希腊字母/单位
18	- **s 过程**（slow neutron capture）：中子俘获时标 ≫ β 衰变时标，核素沿稳定线逐步生长；	- **s 过程**（slow neutron capture）：中子俘获时标 ≫ $\beta$ 衰变时标，核素沿稳定线逐步生长；	R2 核素/希腊字母/单位
19	- **r 过程**（rapid neutron capture）：中子俘获时标 ≪ β 衰变时标，核素被推到远离 β 稳定线的丰中子侧；	- **r 过程**（rapid neutron capture）：中子俘获时标 ≪ $\beta$ 衰变时标，核素被推到远离 $\beta$ 稳定线的丰中子侧；	R2 核素/希腊字母/单位
20	- **p 过程**（photodisintegration / (γ,n) 或 (p,γ)）：通过光子破坏已有核素，或通过质子俘获，生成 "质子富集" 的稳定核（p 核）。	- **p 过程**（photodisintegration / ($\gamma$,n) 或 (p,$\gamma$)）：通过光子破坏已有核素，或通过质子俘获，生成 "质子富集" 的稳定核（p 核）。	R2 核素/希腊字母/单位
29	- **¹³C(α,n)¹⁶O**：在 He 壳层燃烧间隙由 ¹³C 层提供，是中子通量的主要来源；	- **$^{13}{\rm C}$($\alpha$,n)$^{16}{\rm O}$**：在 He 壳层燃烧间隙由 $^{13}{\rm C}$ 层提供，是中子通量的主要来源；	R2 核素/希腊字母/单位
30	- **²²Ne(α,n)²⁵Mg**：在热脉冲期间被激活，产生 "弱 s 过程"（weak s-process）分支。	- **$^{22}{\rm Ne}$($\alpha$,n)$^{25}{\rm Mg}$**：在热脉冲期间被激活，产生 "弱 s 过程"（weak s-process）分支。	R2 核素/希腊字母/单位
32	[FACT] 中子通量 n_n v_n ≈ $10^{7}$–$10^{11}$ cm⁻³ s⁻¹，对应中子俘获时标 τ_n ≈ $10^{1}$–$10^{5}$ yr，远长于大多数 β 衰变时标，因此核素路径紧贴 β 稳定线。	[FACT] 中子通量 n_n v_n ≈ $10^{7}$–$10^{11}$ cm⁻³ s⁻¹，对应中子俘获时标 $\tau$_n ≈ $10^{1}$–$10^{5}$ yr，远长于大多数 $\beta$ 衰变时标，因此核素路径紧贴 $\beta$ 稳定线。	R2 核素/希腊字母/单位
40	- **¹⁷⁷Lu 分支**：¹⁷⁷Lu 有一个低能激发态，其寿命短于基态。s 过程在此分支：基态 β 衰变生成 ¹⁷⁷Hf，激发态则再俘获一个中子生成 ¹⁷⁸Hf。由于激发态布居依赖于温度 T 和电子密度 ρ_e，该分支的产物比可用于反推 s 过程发生的温度条件——这是 §III E 最关键的"核素温度计"。	- **$^{177}{\rm Lu}$ 分支**：$^{177}{\rm Lu}$ 有一个低能激发态，其寿命短于基态。s 过程在此分支：基态 $\beta$ 衰变生成 $^{177}{\rm Hf}$，激发态则再俘获一个中子生成 $^{178}{\rm Hf}$。由于激发态布居依赖于温度 T 和电子密度 $\rho$_e，该分支的产物比可用于反推 s 过程发生的温度条件——这是 §III E 最关键的"核素温度计"。	R2 核素/希腊字母/单位
57	[FACT] r 过程需要极高的中子通量（n_n v_n ≳ $10^{20}$ cm⁻³ s⁻¹），使得核素在被 β 衰变之前就连续俘获多个中子，路径深入到丰中子侧，直到中子分离能降至 ~2 MeV 以下的"r 过程等待点"（waiting points，通常在 N = 50, 82, 126 幻数处），此时中子俘获变得缓慢，核素 β 衰变前进，形成 r 峰。	[FACT] r 过程需要极高的中子通量（n_n v_n ≳ $10^{20}$ cm⁻³ s⁻¹），使得核素在被 $\beta$ 衰变之前就连续俘获多个中子，路径深入到丰中子侧，直到中子分离能降至 ~2 MeV 以下的"r 过程等待点"（waiting points，通常在 N = 50, 82, 126 幻数处），此时中子俘获变得缓慢，核素 $\beta$ 衰变前进，形成 r 峰。	R2 核素/希腊字母/单位
75	[FACT] 放射性长寿命核素 ²³²Th (T_{1/2} ≈ 1.4 × $10^{10}$ yr)、²³⁸U (T_{1/2} ≈ 4.5 × $10^{9}$ yr)、²³⁵U (T_{1/2} ≈ 7.0 × $10^{8}$ yr)、²⁴⁴Pu (T_{1/2} ≈ 8 × $10^{7}$ yr) 都是纯 r 过程产物。它们在陨石中的残余丰度（通过子核的异常 Xe、Pb 同位素比显示）是 r 过程定量约束的基石。	[FACT] 放射性长寿命核素 $^{232}{\rm Th}$ (T_{1/2} ≈ 1.4 × $10^{10}$ yr)、$^{238}{\rm U}$ (T_{1/2} ≈ 4.5 × $10^{9}$ yr)、$^{235}{\rm U}$ (T_{1/2} ≈ 7.0 × $10^{8}$ yr)、$^{244}{\rm Pu}$ (T_{1/2} ≈ 8 × $10^{7}$ yr) 都是纯 r 过程产物。它们在陨石中的残余丰度（通过子核的异常 Xe、Pb 同位素比显示）是 r 过程定量约束的基石。	R2 核素/希腊字母/单位
82	- **(γ,n) 光破坏**：在高温（T ~ 2–3 × $10^{9}$ K）下，已有的 s/r 核被高能光子轰击，逐出中子，"回退"到质子侧的稳定核。这需要一个既高温又富含 s/r 种子的环境——典型场所是超新星 O/Ne 层的激波加热区域。	- **($\gamma$,n) 光破坏**：在高温（T ~ 2–3 × $10^{9}$ K）下，已有的 s/r 核被高能光子轰击，逐出中子，"回退"到质子侧的稳定核。这需要一个既高温又富含 s/r 种子的环境——典型场所是超新星 O/Ne 层的激波加热区域。	R2 核素/希腊字母/单位
83	- **(p,γ) / (α,γ)**：在低 Z 端（如 ⁹²Mo、⁹⁴Mo、⁹⁶Ru、¹⁴⁴Sm）也可能由质子俘获贡献，但效率较低。	- **(p,$\gamma$) / ($\alpha$,$\gamma$)**：在低 Z 端（如 $^{92}{\rm Mo}$、$^{94}{\rm Mo}$、$^{96}{\rm Ru}$、$^{144}{\rm Sm}$）也可能由质子俘获贡献，但效率较低。	R2 核素/希腊字母/单位
87	[FACT] p 核包括 ⁹²Mo、⁹⁴Mo、⁹⁶Ru、¹⁴⁴Sm、¹⁵²Sm、¹⁵⁸Gd、¹⁸⁰Ta、¹⁹²Pt 等，丰度普遍在太阳系丰度曲线的 <1% 级别。	[FACT] p 核包括 $^{92}{\rm Mo}$、$^{94}{\rm Mo}$、$^{96}{\rm Ru}$、$^{144}{\rm Sm}$、$^{152}{\rm Sm}$、$^{158}{\rm Gd}$、$^{180}{\rm Ta}$、$^{192}{\rm Pt}$ 等，丰度普遍在太阳系丰度曲线的 <1% 级别。	R2 核素/希腊字母/单位
107	- 对每层在每阶段（主序、巨星、AGB、SN）计算各核素产物的质量增量 ΔM_i；	- 对每层在每阶段（主序、巨星、AGB、SN）计算各核素产物的质量增量 $\Delta$M_i；	R2 核素/希腊字母/单位
114	其中 Salpeter (1955) 提出的 α = 2.35 是 1975 年标准选择。	其中 Salpeter (1955) 提出的 $\alpha$ = 2.35 是 1975 年标准选择。	R2 核素/希腊字母/单位
122	[FACT] α = 2.35 使大质量恒星数量相对较少，因此每代恒星的重元素产量由 M ≈ 10–40 M_☉ 的恒星主导。α 的微小变化（±0.2）会导致产量变化 ~30–50%。	[FACT] $\alpha$ = 2.35 使大质量恒星数量相对较少，因此每代恒星的重元素产量由 M ≈ 10–40 M_☉ 的恒星主导。$\alpha$ 的微小变化（±0.2）会导致产量变化 ~30–50%。	R2 核素/希腊字母/单位
128	其中 σ 为中子俘获截面，n_n v_n 为中子通量，λ_β 为 β 衰变率。	其中 $\sigma$ 为中子俘获截面，n_n v_n 为中子通量，$\lambda$_$\beta$ 为 $\beta$ 衰变率。	R2 核素/希腊字母/单位
147	| 关键观察 | ¹⁷⁷Lu 分支点——同一核同时有 β 衰变与中子俘获两条路径 |	| 关键观察 | $^{177}{\rm Lu}$ 分支点——同一核同时有 $\beta$ 衰变与中子俘获两条路径 |	R2 核素/希腊字母/单位
148	| 作者的解释 | 分支比依赖 T 与 ρ_e，因此可用于诊断 s 过程的物理条件 |	| 作者的解释 | 分支比依赖 T 与 $\rho$_e，因此可用于诊断 s 过程的物理条件 |	R2 核素/希腊字母/单位
150	| 与正文关系 | 是 §III E 1 的可视化核心，也是 B²FH s 过程图景的定量更新版 |	| 与正文关系 | 是 §III E 1 的可视化核心，也是 B$^2$FH s 过程图景的定量更新版 |	R2 核素/希腊字母/单位
154	[INTERPRETATION] s、r、p 三分法在 1975 年已经非常成熟。到本文写作时，s 过程已几乎完全"就位"（场所 = AGB 恒星、中子源 = ¹³C(α,n) 与 ²²Ne(α,n)、分支点温度约束），p 过程也有定性的场所（SN 激波中的 (γ,n)），唯独 r 过程的场所仍属未定。这一格局今天已基本维持（r 过程的主要场所现在被认为包含中子星并合与部分核心坍缩 SN）。	[INTERPRETATION] s、r、p 三分法在 1975 年已经非常成熟。到本文写作时，s 过程已几乎完全"就位"（场所 = AGB 恒星、中子源 = $^{13}{\rm C}$($\alpha$,n) 与 $^{22}{\rm Ne}$($\alpha$,n)、分支点温度约束），p 过程也有定性的场所（SN 激波中的 ($\gamma$,n)），唯独 r 过程的场所仍属未定。这一格局今天已基本维持（r 过程的主要场所现在被认为包含中子星并合与部分核心坍缩 SN）。	R2 核素/希腊字母/单位
160	[CRITIQUE] §III F 中的产量积分对 IMF 上限和下限的收敛性讨论不充分。α = 2.35 对 M_up → ∞ 不收敛（积分发散），实际计算必须截断，截断方式的选择对产量估计有系统影响。	[CRITIQUE] §III F 中的产量积分对 IMF 上限和下限的收敛性讨论不充分。$\alpha$ = 2.35 对 M_up → ∞ 不收敛（积分发散），实际计算必须截断，截断方式的选择对产量估计有系统影响。	R2 核素/希腊字母/单位
21	4. **气体质量与气体分数**：椭圆星系几乎无气体（μ = M_gas/(M_gas + M_stars) ≪ 0.1），旋涡星系内 0.1–0.5；	4. **气体质量与气体分数**：椭圆星系几乎无气体（$\mu$ = M_gas/(M_gas + M_stars) ≪ 0.1），旋涡星系内 0.1–0.5；	R2 核素/希腊字母/单位
46	- 恒星形成率 dS/dt ∝ μⁿ（μ 为气体质量分数）；	- 恒星形成率 dS/dt ∝ $\mu$ⁿ（$\mu$ 为气体质量分数）；	R2 核素/希腊字母/单位
48	- IMF 恒定（Salpeter, α = 2.35）。	- IMF 恒定（Salpeter, $\alpha$ = 2.35）。	R2 核素/希腊字母/单位
73	| μ 观测范围 | 0.005–0.5 |	| $\mu$ 观测范围 | 0.005–0.5 |	R2 核素/希腊字母/单位
75	| α (Salpeter IMF)| 2.35 |	| $\alpha$ (Salpeter IMF)| 2.35 |	R2 核素/希腊字母/单位
82	- **Z–μ 反相关**：Z 高的地方 μ 低（即消耗气体多的地方金属丰度高）——与观测一致；	- **Z–$\mu$ 反相关**：Z 高的地方 $\mu$ 低（即消耗气体多的地方金属丰度高）——与观测一致；	R2 核素/希腊字母/单位
83	- **Z 的相对均匀性**：μ 在 0.005–0.5 范围内变化时 Z 只变化 ~2.5 倍——解释了为何各类形态星系金属丰度相对接近；	- **Z 的相对均匀性**：$\mu$ 在 0.005–0.5 范围内变化时 Z 只变化 ~2.5 倍——解释了为何各类形态星系金属丰度相对接近；	R2 核素/希腊字母/单位
85	- **Z(t) 演化**：n = 1 时 Z ∝ t（线性增长）；n = 2 时 Z 增长更快但在 μ 小时饱和。	- **Z(t) 演化**：n = 1 时 Z ∝ t（线性增长）；n = 2 时 Z 增长更快但在 $\mu$ 小时饱和。	R2 核素/希腊字母/单位
90	- μ 与颜色的关系；	- $\mu$ 与颜色的关系；	R2 核素/希腊字母/单位
96	- 无法自然解释 α 元素（O、Mg、Si、Ca）与 Fe 的相对丰度比（α/Fe）在不同 [Fe/H] 处的变化——因为 α 主要来自 II 型 SN（快通道，t ~ Myr），Fe 主要来自 Ia 型 SN（慢通道，t ~ Gyr）。需要双通道模型。	- 无法自然解释 $\alpha$ 元素（O、Mg、Si、Ca）与 Fe 的相对丰度比（$\alpha$/Fe）在不同 [Fe/H] 处的变化——因为 $\alpha$ 主要来自 II 型 SN（快通道，t ~ Myr），Fe 主要来自 Ia 型 SN（慢通道，t ~ Gyr）。需要双通道模型。	R2 核素/希腊字母/单位
100	[FACT] 允许 α 随金属丰度或时间变化的 IMF 可以调节产量。1975 年的提议包括：	[FACT] 允许 $\alpha$ 随金属丰度或时间变化的 IMF 可以调节产量。1975 年的提议包括：	R2 核素/希腊字母/单位
136	[INTERPRETATION] §IV 是全文的"闭环"：§I–§III 分别解决了丰度基准、恒星产量问题，§IV 把它们组装成一个动态的、可计算的银河演化模型。simple model 的解析解 Z = y ln(1/μ) 在 1975 年就是一个理论-观测的双重胜利——它以极少的参数复现了大量观测事实。	[INTERPRETATION] §IV 是全文的"闭环"：§I–§III 分别解决了丰度基准、恒星产量问题，§IV 把它们组装成一个动态的、可计算的银河演化模型。simple model 的解析解 Z = y ln(1/$\mu$) 在 1975 年就是一个理论-观测的双重胜利——它以极少的参数复现了大量观测事实。	R2 核素/希腊字母/单位
142	[CRITIQUE] "即时回收"近似在 α 元素 vs Fe 的相对丰度问题上失败，因为这两种元素的产生时标相差 ~$10^{6}$ 倍。这一困难直到 1980s 才通过 "delayed SN Ia channel" 模型被解决（Thomson 1981, Tinsley 1979）。	[CRITIQUE] "即时回收"近似在 $\alpha$ 元素 vs Fe 的相对丰度问题上失败，因为这两种元素的产生时标相差 ~$10^{6}$ 倍。这一困难直到 1980s 才通过 "delayed SN Ia channel" 模型被解决（Thomson 1981, Tinsley 1979）。	R2 核素/希腊字母/单位
19	[FACT] 一个 $H_{0}$ 与观测一致、$q_{0}$ 由星系质量（含大质量晕）决定、最简单的宇宙学模型，在早期高温高相阶段合成了 ¹H、²H、³He、⁴He 和 Li，比例与观测大致符合。	[FACT] 一个 $H_{0}$ 与观测一致、$q_{0}$ 由星系质量（含大质量晕）决定、最简单的宇宙学模型，在早期高温高相阶段合成了 $^{1}{\rm H}$、$^{2}{\rm H}$、$^{3}{\rm He}$、$^{4}{\rm He}$ 和 Li，比例与观测大致符合。	R2 核素/希腊字母/单位
38	- (b) 盘内爆发或准静态的恒星质量损失，引起 Z 缓慢增加与 He 丰度 ΔY 变化；	- (b) 盘内爆发或准静态的恒星质量损失，引起 Z 缓慢增加与 He 丰度 $\Delta$Y 变化；	R2 核素/希腊字母/单位
39	- (c) 宇宙线散裂在 ISM 中产生 ⁷Li、⁹Be、¹¹B；	- (c) 宇宙线散裂在 ISM 中产生 $^{7}{\rm Li}$、$^{9}{\rm Be}$、$^{11}{\rm B}$；	R2 核素/希腊字母/单位
19	| **图中元素** | 沿稳定线的实线 = s 过程路径；线右 = 只能 r 过程；线左 = 只能 p 过程；每核标出名称、原子质量、半衰期（如 β 不稳定）、贡献过程 |	| **图中元素** | 沿稳定线的实线 = s 过程路径；线右 = 只能 r 过程；线左 = 只能 p 过程；每核标出名称、原子质量、半衰期（如 $\beta$ 不稳定）、贡献过程 |	R2 核素/希腊字母/单位
20	| **关键观察** | ¹⁷⁷Lu 分支点：基态 β 衰变到 ¹⁷⁷Hf，低能激发态则中子俘获到 ¹⁷⁸Hf |	| **关键观察** | $^{177}{\rm Lu}$ 分支点：基态 $\beta$ 衰变到 $^{177}{\rm Hf}$，低能激发态则中子俘获到 $^{178}{\rm Hf}$ |	R2 核素/希腊字母/单位
21	| **作者解释** | 分支比依赖 T 与 ρ_e，因此该分支产物可诊断 s 过程物理条件 |	| **作者解释** | 分支比依赖 T 与 $\rho$_e，因此该分支产物可诊断 s 过程物理条件 |	R2 核素/希腊字母/单位
52	[FACT] §III C–E 中包含 pp 链、CNO 循环、3α 反应、Hoyle 共振、s 过程路径、r 过程路径、p 过程光子破坏路径的详细核素图。每图都标出主要反应通道、Q 值与关键中间核素。	[FACT] §III C–E 中包含 pp 链、CNO 循环、3$\alpha$ 反应、Hoyle 共振、s 过程路径、r 过程路径、p 过程光子破坏路径的详细核素图。每图都标出主要反应通道、Q 值与关键中间核素。	R2 核素/希腊字母/单位
70	[FACT] §IV B 引用 Tinsley 数值模型给出的 Z(t) 曲线，验证 simple model 的解析预言 Z = y ln(1/μ) 与数值解的吻合。	[FACT] §IV B 引用 Tinsley 数值模型给出的 Z(t) 曲线，验证 simple model 的解析预言 Z = y ln(1/$\mu$) 与数值解的吻合。	R2 核素/希腊字母/单位
21	| Suess & Urey (1956) | 标准丰度表（B²FH 之前）|	| Suess & Urey (1956) | 标准丰度表（B$^2$FH 之前）|	R2 核素/希腊字母/单位
24	### 10.2.2 B²FH 与 Cameron (1957)	### 10.2.2 B$^2$FH 与 Cameron (1957)	R2 核素/希腊字母/单位
28	| Burbidge, Burbidge, Fowler & Hoyle (1957), Rev. Mod. Phys. 29, 547 | B²FH 原始论文，七过程框架 |	| Burbidge, Burbidge, Fowler & Hoyle (1957), Rev. Mod. Phys. 29, 547 | B$^2$FH 原始论文，七过程框架 |	R2 核素/希腊字母/单位
43	| Hoyle & Fowler (1960) | 3α 反应与 Hoyle 共振 |	| Hoyle & Fowler (1960) | 3$\alpha$ 反应与 Hoyle 共振 |	R2 核素/希腊字母/单位
68	| Salpeter (1955) | IMF ξ(M) ∝ M^−2.35 |	| Salpeter (1955) | IMF $\xi$(M) ∝ M^−2.35 |	R2 核素/希腊字母/单位
69	| Schmidt (1963) | SFR ∝ μⁿ |	| Schmidt (1963) | SFR ∝ $\mu$ⁿ |	R2 核素/希腊字母/单位
86	1. **B²FH + Cameron (1957)** — 提供理论框架；	1. **B$^2$FH + Cameron (1957)** — 提供理论框架；	R2 核素/希腊字母/单位
11	| 因此 | therefore / consequently | adv. | 因果 | "[FACT] B²FH 提出的八过程框架已被大量观测证实，**因此** 本文转向定量检验丰度数据的一致性" | 因果 |	| 因此 | therefore / consequently | adv. | 因果 | "[FACT] B$^2$FH 提出的八过程框架已被大量观测证实，**因此** 本文转向定量检验丰度数据的一致性" | 因果 |	R2 核素/希腊字母/单位
17	| 随后 | subsequently | adv. | 顺序 | "[FACT] B²FH 之后，Cameron (1957) 独立提出 Tc 证据；**随后** Fowler, Caughlan, Zimmerman (1967/1975) 给出 FCZ 反应速率表" | 顺序 |	| 随后 | subsequently | adv. | 顺序 | "[FACT] B$^2$FH 之后，Cameron (1957) 独立提出 Tc 证据；**随后** Fowler, Caughlan, Zimmerman (1967/1975) 给出 FCZ 反应速率表" | 顺序 |	R2 核素/希腊字母/单位
24	| 值得注意的是 | it is worth noting that | phrase | 提示 | "[FACT] **值得注意的是** 1975 年本文对 ¹²C(α,γ)¹⁶O 速率的讨论已被后来 40 年的实验大幅修正" | 提示 |	| 值得注意的是 | it is worth noting that | phrase | 提示 | "[FACT] **值得注意的是** 1975 年本文对 $^{12}{\rm C}$($\alpha$,$\gamma$)$^{16}{\rm O}$ 速率的讨论已被后来 40 年的实验大幅修正" | 提示 |	R2 核素/希腊字母/单位
25	| 因此可以说 | thus / hence | conj. | 结论 | "B²FH 的贡献在于提出统一框架；**因此可以说**本文是对该框架的系统验证" | 总结 |	| 因此可以说 | thus / hence | conj. | 结论 | "B$^2$FH 的贡献在于提出统一框架；**因此可以说**本文是对该框架的系统验证" | 总结 |	R2 核素/希腊字母/单位
41	| s 过程 (slow neutron capture) | 中子俘获慢于 β 衰变的慢中子俘获过程 | 高频 | §06 |	| s 过程 (slow neutron capture) | 中子俘获慢于 $\beta$ 衰变的慢中子俘获过程 | 高频 | §06 |	R2 核素/希腊字母/单位
42	| r 过程 (rapid neutron capture) | 中子俘获远快于 β 衰变的快中子俘获过程 | 高频 | §06 |	| r 过程 (rapid neutron capture) | 中子俘获远快于 $\beta$ 衰变的快中子俘获过程 | 高频 | §06 |	R2 核素/希腊字母/单位
43	| p 过程 (proton process) | 通过 (γ,n) 或 (p,γ) 产生质子富集核的过程 | 中频 | §06 |	| p 过程 (proton process) | 通过 ($\gamma$,n) 或 (p,$\gamma$) 产生质子富集核的过程 | 中频 | §06 |	R2 核素/希腊字母/单位
48	| 稳态流 (steady-flow) | s 过程 σ·N=const 的分析框架 | 中频 | §06 |	| 稳态流 (steady-flow) | s 过程 $\sigma$·N=const 的分析框架 | 中频 | §06 |	R2 核素/希腊字母/单位
49	| 中子俘获截面 (neutron-capture cross section) | (n,γ) 反应的概率 | 高频 | §06 |	| 中子俘获截面 (neutron-capture cross section) | (n,$\gamma$) 反应的概率 | 高频 | §06 |	R2 核素/希腊字母/单位
63	> [FACT] **由于** B²FH 提出的八过程框架已被大量观测证实，**因此** 本文转向定量检验丰度数据的一致性，**进而**把每个过程与银河化学演化模型联系起来，**进而**通过 IMF 和超新星丰度计算得出可检验的预言。	> [FACT] **由于** B$^2$FH 提出的八过程框架已被大量观测证实，**因此** 本文转向定量检验丰度数据的一致性，**进而**把每个过程与银河化学演化模型联系起来，**进而**通过 IMF 和超新星丰度计算得出可检验的预言。	R2 核素/希腊字母/单位
87	> [FACT] **值得注意的是** 1975 年本文对 ¹²C(α,γ)¹⁶O 速率的讨论已被后来 40 年的实验大幅修正，但定量框架（S 因子外推、恒星模型约束）依然有效。	> [FACT] **值得注意的是** 1975 年本文对 $^{12}{\rm C}$($\alpha$,$\gamma$)$^{16}{\rm O}$ 速率的讨论已被后来 40 年的实验大幅修正，但定量框架（S 因子外推、恒星模型约束）依然有效。	R2 核素/希腊字母/单位
9	[FACT] 本文是继 1957 年 B²FH 之后，对 1957–1975 年间核合成理论与观测进展最权威的综述，构建了 "丰度基准 → 核过程 → 银河演化" 三位一体的核化学天体物理学完整图景。	[FACT] 本文是继 1957 年 B$^2$FH 之后，对 1957–1975 年间核合成理论与观测进展最权威的综述，构建了 "丰度基准 → 核过程 → 银河演化" 三位一体的核化学天体物理学完整图景。	R2 核素/希腊字母/单位
21	- **数学方面**：化学演化封闭箱模型，得到解析解 Z = y ln(1/μ)	- **数学方面**：化学演化封闭箱模型，得到解析解 Z = y ln(1/$\mu$)	R2 核素/希腊字母/单位
27	2. **B²FH 七过程框架的验证**：x 过程已被确认为宇宙线散裂；s 过程场所被精确定位为 AGB 恒星。	2. **B$^2$FH 七过程框架的验证**：x 过程已被确认为宇宙线散裂；s 过程场所被精确定位为 AGB 恒星。	R2 核素/希腊字母/单位
29	4. **simple model 的惊人成功**：Z = y ln(1/μ) 以两个参数复现 Z–μ 关系、Z 的相对均匀性、Z(t) 演化。	4. **simple model 的惊人成功**：Z = y ln(1/$\mu$) 以两个参数复现 Z–$\mu$ 关系、Z 的相对均匀性、Z(t) 演化。	R2 核素/希腊字母/单位
35	- 在 B²FH 之后 18 年的第一次全面更新；	- 在 B$^2$FH 之后 18 年的第一次全面更新；	R2 核素/希腊字母/单位
50	1. B²FH (1957) 提出了七过程 + x 过程框架；本文是其在 1975 年的全面更新。	1. B$^2$FH (1957) 提出了七过程 + x 过程框架；本文是其在 1975 年的全面更新。	R2 核素/希腊字母/单位
51	2. 本文作者实为 **Virginia Trimble**（非 Burbidge），但其内容仍属 "B²FH 更新综述" 传统。	2. 本文作者实为 **Virginia Trimble**（非 Burbidge），但其内容仍属 "B$^2$FH 更新综述" 传统。	R2 核素/希腊字母/单位
55	6. Hoyle 共振（¹²C 7.65 MeV）是精细调节的经典例子。	6. Hoyle 共振（$^{12}{\rm C}$ 7.65 MeV）是精细调节的经典例子。	R2 核素/希腊字母/单位
56	7. s 过程发生在 AGB 恒星，¹³C(α,n) 是主要中子源；¹⁷⁷Lu 分支点是温度诊断器。	7. s 过程发生在 AGB 恒星，$^{13}{\rm C}$($\alpha$,n) 是主要中子源；$^{177}{\rm Lu}$ 分支点是温度诊断器。	R2 核素/希腊字母/单位
58	9. p 过程通过 (γ,n) 反应从 s/r 种子生成 p 核，观测证据限于太阳系内。	9. p 过程通过 ($\gamma$,n) 反应从 s/r 种子生成 p 核，观测证据限于太阳系内。	R2 核素/希腊字母/单位
60	11. Salpeter IMF：ξ(M) ∝ M^−2.35。	11. Salpeter IMF：$\xi$(M) ∝ M^−2.35。	R2 核素/希腊字母/单位
61	12. 封闭箱模型解析解 Z = y ln(1/μ)，y ≈ 0.003–0.013。	12. 封闭箱模型解析解 Z = y ln(1/$\mu$)，y ≈ 0.003–0.013。	R2 核素/希腊字母/单位
63	14. α 元素 vs Fe 的相对丰度问题是 "即时回收" 近似的根本缺陷，需要双通道模型。	14. $\alpha$ 元素 vs Fe 的相对丰度问题是 "即时回收" 近似的根本缺陷，需要双通道模型。	R2 核素/希腊字母/单位
68	- **与 B²FH (1957)**：本文是直接的文献续写与更新；B²FH 提出 x 过程，本文确认其为宇宙线散裂。	- **与 B$^2$FH (1957)**：本文是直接的文献续写与更新；B$^2$FH 提出 x 过程，本文确认其为宇宙线散裂。	R2 核素/希腊字母/单位
71	- **与 Cameron (1957)**：独立的七过程框架，与 B²FH 几乎同时。	- **与 Cameron (1957)**：独立的七过程框架，与 B$^2$FH 几乎同时。	R2 核素/希腊字母/单位
87	| Z = y ln(1/μ) | 封闭箱模型金属丰度演化 |	| Z = y ln(1/$\mu$) | 封闭箱模型金属丰度演化 |	R2 核素/希腊字母/单位
88	| ξ(M) = ξ₀ M^−α, α=2.35 | Salpeter IMF |	| $\xi$(M) = $\xi$₀ M^−$\alpha$, $\alpha$=2.35 | Salpeter IMF |	R2 核素/希腊字母/单位
89	| d(μZ)/dt = −Z dμ/dt + y(1−Z)(−dμ/dt) | 金属丰度微分方程 |	| d($\mu$Z)/dt = −Z d$\mu$/dt + y(1−Z)(−d$\mu$/dt) | 金属丰度微分方程 |	R2 核素/希腊字母/单位
90	| ³α → ¹²C (Hoyle 共振 7.65 MeV) | He 燃烧启动 |	| ³$\alpha$ → $^{12}{\rm C}$ (Hoyle 共振 7.65 MeV) | He 燃烧启动 |	R2 核素/希腊字母/单位
91	| Y_p ≈ 2(n_n/n_p)/(1+n_n/n_p) ≈ 0.25 | BBN ⁴He 丰度 |	| Y_p ≈ 2(n_n/n_p)/(1+n_n/n_p) ≈ 0.25 | BBN $^{4}{\rm He}$ 丰度 |	R2 核素/希腊字母/单位
92	| n_n/n_p ≈ (1/6) e^(−t/τ_n), τ_n = 878 s | BBN 中子演化 |	| n_n/n_p ≈ (1/6) e^(−t/$\tau$_n), $\tau$_n = 878 s | BBN 中子演化 |	R2 核素/希腊字母/单位
96	- Burbidge et al. (1957), Rev. Mod. Phys. 29, 547 — B²FH 原文	- Burbidge et al. (1957), Rev. Mod. Phys. 29, 547 — B$^2$FH 原文	R2 核素/希腊字母/单位
109	- [x] 关键数值已记录（Y_p、τ_n、y、b、α、SN rate 等）	- [x] 关键数值已记录（Y_p、$\tau$_n、y、b、$\alpha$、SN rate 等）	R2 核素/希腊字母/单位
122	本目录下的文件夹命名为 `0002_burbidge-1975`，但本文的实际作者为 Virginia Trimble。这一命名反映的是：本文在 "B²FH 系列更新综述" 传统中的地位（B²FH = 0001；Trimble 1975 = 0002）。引用时请务必使用正确作者名。	本目录下的文件夹命名为 `0002_burbidge-1975`，但本文的实际作者为 Virginia Trimble。这一命名反映的是：本文在 "B$^2$FH 系列更新综述" 传统中的地位（B$^2$FH = 0001；Trimble 1975 = 0002）。引用时请务必使用正确作者名。	R2 核素/希腊字母/单位
45	- **Keywords**: 核天体物理、恒星核合成、元素起源、pp 链、CNO 循环、三 α 过程、Hoyle 共振态、He/C/O/Si 燃烧、弱相互作用、s/r 过程、超新星核合成、同位素异常、核宇宙化学计时	- **Keywords**: 核天体物理、恒星核合成、元素起源、pp 链、CNO 循环、三 $\alpha$ 过程、Hoyle 共振态、He/C/O/Si 燃烧、弱相互作用、s/r 过程、超新星核合成、同位素异常、核宇宙化学计时	R2 核素/希腊字母/单位
61	| II | EARLY RESEARCH ON ELEMENT SYNTHESIS | 元素合成的早期研究：Gamow/Alpher/Herman、质量数 5 & 8 缺口、Bethe 的 CN 循环、Hoyle 1946/1954、Hoyle 共振态的发现、B²FH (1957) | 151–154 |	| II | EARLY RESEARCH ON ELEMENT SYNTHESIS | 元素合成的早期研究：Gamow/Alpher/Herman、质量数 5 & 8 缺口、Bethe 的 CN 循环、Hoyle 1946/1954、Hoyle 共振态的发现、B$^2$FH (1957) | 151–154 |	R2 核素/希腊字母/单位
64	| V | THE SYNTHESIS OF ¹²C AND ¹⁶O AND NEUTRON PRODUCTION IN HELIUM BURNING | 氦燃烧中 ¹²C/¹⁶O 合成、¹²C(α,γ)¹⁶O 争议、He 燃烧产中子通道 | 158–159 |	| V | THE SYNTHESIS OF $^{12}{\rm C}$ AND $^{16}{\rm O}$ AND NEUTRON PRODUCTION IN HELIUM BURNING | 氦燃烧中 $^{12}{\rm C}$/$^{16}{\rm O}$ 合成、$^{12}{\rm C}$($\alpha$,$\gamma$)$^{16}{\rm O}$ 争议、He 燃烧产中子通道 | 158–159 |	R2 核素/希腊字母/单位
65	| VI | CARBON, NEON, OXYGEN, AND SILICON BURNING | 碳/氖/氧/硅燃烧：反应网络、准静态 Si 燃烧、α/e 过程 | 159–163 |	| VI | CARBON, NEON, OXYGEN, AND SILICON BURNING | 碳/氖/氧/硅燃烧：反应网络、准静态 Si 燃烧、$\alpha$/e 过程 | 159–163 |	R2 核素/希腊字母/单位
66	| VII | ASTROPHYSICAL WEAK-INTERACTION RATES | 天体物理弱相互作用速率：β 衰变、电子俘获、FFN 数据库 | 163–165 |	| VII | ASTROPHYSICAL WEAK-INTERACTION RATES | 天体物理弱相互作用速率：$\beta$ 衰变、电子俘获、FFN 数据库 | 163–165 |	R2 核素/希腊字母/单位
67	| VIII | CALCULATED ABUNDANCES FOR A (25 M☉) WITH BRIEF COMMENTS ON EXPLOSIVE NUCLEOSYNTHESIS | 25 M☉ 恒星的计算丰度分布与爆发性核合成 | 165–169 |	| VIII | CALCULATED ABUNDANCES FOR A (25 $M_\odot$) WITH BRIEF COMMENTS ON EXPLOSIVE NUCLEOSYNTHESIS | 25 $M_\odot$ 恒星的计算丰度分布与爆发性核合成 | 165–169 |	R2 核素/希腊字母/单位
68	| IX | ISOTOPIC ANOMALIES IN METEORITES AND OBSERVATIONAL EVIDENCE FOR ONGOING NUCLEOSYNTHESIS | 陨石同位素异常与进行中的核合成观测证据：Al-Mg、²⁶Al、超新星观测 | 169–171 |	| IX | ISOTOPIC ANOMALIES IN METEORITES AND OBSERVATIONAL EVIDENCE FOR ONGOING NUCLEOSYNTHESIS | 陨石同位素异常与进行中的核合成观测证据：Al-Mg、$^{26}{\rm Al}$、超新星观测 | 169–171 |	R2 核素/希腊字母/单位
69	| X | SUPERNOVA NUCLEOSYNTHESIS AND THE ⁵⁶Ni ENERGY SOURCE | 超新星核合成与 ⁵⁶Ni 能源：SN1972e 的 Co 吸收线、Type I 光变 | 171–172 |	| X | SUPERNOVA NUCLEOSYNTHESIS AND THE $^{56}{\rm Ni}$ ENERGY SOURCE | 超新星核合成与 $^{56}{\rm Ni}$ 能源：SN1972e 的 Co 吸收线、Type I 光变 | 171–172 |	R2 核素/希腊字母/单位
82	- Fig. 3 ⁴He vs ¹H 后向散射截面比 vs 实验室能量（Staub & Stephens 1939，证明 ⁵He 基态不稳定）	- Fig. 3 $^{4}{\rm He}$ vs $^{1}{\rm H}$ 后向散射截面比 vs 实验室能量（Staub & Stephens 1939，证明 $^{5}{\rm He}$ 基态不稳定）	R2 核素/希腊字母/单位
83	- Fig. 4 ¹²C(α,γ)¹⁶O 截面 (nb) vs CM 能量 (Dyer & Barnes 1974 / Koonin-Tombrello-Fox 1974 计算)	- Fig. 4 $^{12}{\rm C}$($\alpha$,$\gamma$)$^{16}{\rm O}$ 截面 (nb) vs CM 能量 (Dyer & Barnes 1974 / Koonin-Tombrello-Fox 1974 计算)	R2 核素/希腊字母/单位
84	- Fig. 5 ¹²C(α,γ)¹⁶O 截面 vs CM 能量（Münster + Caltech 数据 / Langanke-Koonin 1983）	- Fig. 5 $^{12}{\rm C}$($\alpha$,$\gamma$)$^{16}{\rm O}$ 截面 vs CM 能量（Münster + Caltech 数据 / Langanke-Koonin 1983）	R2 核素/希腊字母/单位
85	- Fig. 6 ¹²C(α,γ)¹⁶O 的 S 因子 vs CM 能量（Caltech vs Münster 外推分歧；有效恒星能量 ~0.3 MeV）	- Fig. 6 $^{12}{\rm C}$($\alpha$,$\gamma$)$^{16}{\rm O}$ 的 S 因子 vs CM 能量（Caltech vs Münster 外推分歧；有效恒星能量 ~0.3 MeV）	R2 核素/希腊字母/单位
87	- Fig. 8(a)/(b) 25 M☉ Pop I / Pop II 恒星超新星前丰度分布（Woosley & Weaver 1982）	- Fig. 8(a)/(b) 25 $M_\odot$ Pop I / Pop II 恒星超新星前丰度分布（Woosley & Weaver 1982）	R2 核素/希腊字母/单位
88	- Fig. 9 25 M☉ Pop I 恒星超新星前丰度（Weaver, Woosley, Fuller 1983）	- Fig. 9 25 $M_\odot$ Pop I 恒星超新星前丰度（Weaver, Woosley, Fuller 1983）	R2 核素/希腊字母/单位
89	- Fig. 10 ¹²C+¹²C 融合总 S 因子 vs CM 能量	- Fig. 10 $^{12}{\rm C}$+$^{12}{\rm C}$ 融合总 S 因子 vs CM 能量	R2 核素/希腊字母/单位
90	- Fig. 11 ¹⁶O+¹⁶O 融合总 S 因子（Kellogg Lab 数据）	- Fig. 11 $^{16}{\rm O}$+$^{16}{\rm O}$ 融合总 S 因子（Kellogg Lab 数据）	R2 核素/希腊字母/单位
91	- Fig. 12 ⁵⁰Cr(p,n)⁵⁰Mn 实验室激发曲线	- Fig. 12 $^{50}{\rm Cr}$(p,n)$^{50}{\rm Mn}$ 实验室激发曲线	R2 核素/希腊字母/单位
92	- Fig. 13 ⁵⁰Cr(p,γ)⁵¹Mn 激发曲线（含 (p,n) 竞争的阈值尖）	- Fig. 13 $^{50}{\rm Cr}$(p,$\gamma$)$^{51}{\rm Mn}$ 激发曲线（含 (p,n) 竞争的阈值尖）	R2 核素/希腊字母/单位
95	- Fig. 16 爆炸性 Si 燃烧产物分布（主要 ⁵⁶Ni）	- Fig. 16 爆炸性 Si 燃烧产物分布（主要 $^{56}{\rm Ni}$）	R2 核素/希腊字母/单位
98	- Fig. 19 Allende 陨石 ²⁶Mg/²⁴Mg vs ²⁷Al/²⁴Mg（WA 包裹体）	- Fig. 19 Allende 陨石 $^{26}{\rm Mg}$/$^{24}{\rm Mg}$ vs $^{27}{\rm Al}$/$^{24}{\rm Mg}$（WA 包裹体）	R2 核素/希腊字母/单位
99	- Fig. 20 ²⁶Al 衰变产生 ²⁶Mg 的相关证据	- Fig. 20 $^{26}{\rm Al}$ 衰变产生 $^{26}{\rm Mg}$ 的相关证据	R2 核素/希腊字母/单位
101	- Fig. 22 Type-I 超新星光变曲线（⁵⁶Ni → ⁵⁶Co → ⁵⁶Fe）	- Fig. 22 Type-I 超新星光变曲线（$^{56}{\rm Ni}$ → $^{56}{\rm Co}$ → $^{56}{\rm Fe}$）	R2 核素/希腊字母/单位
102	- Fig. 23 ²⁶Al γ 射线在天体中的观测	- Fig. 23 $^{26}{\rm Al}$ $\gamma$ 射线在天体中的观测	R2 核素/希腊字母/单位
107	- Fig. 28 ³²Th/²³⁸U 与 ²³⁴U/²³⁸U 丰度比随时间（Thielemann, Metzinger, Klapdor 1983）	- Fig. 28 $^{32}{\rm Th}$/$^{238}{\rm U}$ 与 $^{234}{\rm U}$/$^{238}{\rm U}$ 丰度比随时间（Thielemann, Metzinger, Klapdor 1983）	R2 核素/希腊字母/单位
111	- Table I  S 因子定义（Bethe 1967；σ(E) = πg λ² P(E) × 内在核因子；S(E) = $E_{0}$(E) exp(+E/E')）	- Table I  S 因子定义（Bethe 1967；$\sigma$(E) = $\pi$g $\lambda$² P(E) × 内在核因子；S(E) = $E_{0}$(E) exp(+E/E')）	R2 核素/希腊字母/单位
120	- `05_helium_burning.md` — Sec. V 氦燃烧与 ¹²C/¹⁶O	- `05_helium_burning.md` — Sec. V 氦燃烧与 $^{12}{\rm C}$/$^{16}{\rm O}$	R2 核素/希腊字母/单位
138	- **B²FH (1957)** — 奠基论文（Rev. Mod. Phys. 29, 547）	- **B$^2$FH (1957)** — 奠基论文（Rev. Mod. Phys. 29, 547）	R2 核素/希腊字母/单位
144	- [`0001_b2fh-1957`](../../0001_b2fh-1957/literature_analysis/00_overview.md) — B²FH 的 s 过程在 Fowler 1984 重新评估	- [`0001_b2fh-1957`](../../0001_b2fh-1957/literature_analysis/00_overview.md) — B$^2$FH 的 s 过程在 Fowler 1984 重新评估	R2 核素/希腊字母/单位
32	[FACT] 目标 1：**理解恒星能量产生**——核过程通过核子质量差 Δm 乘以 c² 释放巨大能量（E=Δm c²，Einstein 贡献）。	[FACT] 目标 1：**理解恒星能量产生**——核过程通过核子质量差 $\Delta$m 乘以 c² 释放巨大能量（E=$\Delta$m c²，Einstein 贡献）。	R2 核素/希腊字母/单位
87	[INTERPRETATION] 全篇的"问题驱动"结构清晰：每个章节都对应一个具体的未解之谜——太阳中微子、¹²C/¹⁶O 比、r 过程位点、核宇宙计时器——最终在 Sec. XIII 汇总为"循环未闭合"。	[INTERPRETATION] 全篇的"问题驱动"结构清晰：每个章节都对应一个具体的未解之谜——太阳中微子、$^{12}{\rm C}$/$^{16}{\rm O}$ 比、r 过程位点、核宇宙计时器——最终在 Sec. XIII 汇总为"循环未闭合"。	R2 核素/希腊字母/单位
97	- ¹²C(α,γ)¹⁶O 的现代测量（LUNA 深地实验室）；	- $^{12}{\rm C}$($\alpha$,$\gamma$)$^{16}{\rm O}$ 的现代测量（LUNA 深地实验室）；	R2 核素/希腊字母/单位
98	- ¹⁷⁶Lu 衰变分支比对核宇宙计时的影响；	- $^{176}{\rm Lu}$ 衰变分支比对核宇宙计时的影响；	R2 核素/希腊字母/单位
11	[FACT] 本节追溯元素合成的历史脉络，重点：Gamow-Alpher-Herman (1950) 的**大爆炸核合成失败**、**质量数 5 和 8 的"质量缺口"**、Bethe (1939) 的 CN 循环、Hoyle (1946, 1954) 的**恒星核合成**、Hoyle 共振态的预言与发现、Suess-Urey (1956) 的双峰、B²FH (1957) 综述。	[FACT] 本节追溯元素合成的历史脉络，重点：Gamow-Alpher-Herman (1950) 的**大爆炸核合成失败**、**质量数 5 和 8 的"质量缺口"**、Bethe (1939) 的 CN 循环、Hoyle (1946, 1954) 的**恒星核合成**、Hoyle 共振态的预言与发现、Suess-Urey (1956) 的双峰、B$^2$FH (1957) 综述。	R2 核素/希腊字母/单位
15	[FACT] Alpher & Herman (1950) 试图通过非平衡理论，用**中子俘获** (n,γ) + **β 衰变** 逐步合成所有元素。	[FACT] Alpher & Herman (1950) 试图通过非平衡理论，用**中子俘获** (n,$\gamma$) + **$\beta$ 衰变** 逐步合成所有元素。	R2 核素/希腊字母/单位
17	[FACT] 该理论在质量数 **A=4 (⁴He) 之外遇到灾难**：因 **A=5** 和 **A=8** 处**不存在稳定核**——即"质量缺口"（mass gaps）。	[FACT] 该理论在质量数 **A=4 ($^{4}{\rm He}$) 之外遇到灾难**：因 **A=5** 和 **A=8** 处**不存在稳定核**——即"质量缺口"（mass gaps）。	R2 核素/希腊字母/单位
25	[FACT] 1939 年 Kellogg Lab 的 **Staub & Stephens** 检测到 ⁴He 对中子的**共振散射**（p 波、能量略低于 1 MeV），见 Fig. 3，证明 **⁵He 基态不稳定**——"造出来就立刻分解"。	[FACT] 1939 年 Kellogg Lab 的 **Staub & Stephens** 检测到 $^{4}{\rm He}$ 对中子的**共振散射**（p 波、能量略低于 1 MeV），见 Fig. 3，证明 **$^{5}{\rm He}$ 基态不稳定**——"造出来就立刻分解"。	R2 核素/希腊字母/单位
27	[FACT] 后证实 **⁵Li 亦不稳定**。Pauli 不相容原理要求 ⁵He 中第三个中子必须携带 **l=1 角动量**，向外的离心势无法被核吸引力平衡。	[FACT] 后证实 **$^{5}{\rm Li}$ 亦不稳定**。Pauli 不相容原理要求 $^{5}{\rm He}$ 中第三个中子必须携带 **l=1 角动量**，向外的离心势无法被核吸引力平衡。	R2 核素/希腊字母/单位
31	[FACT] 1948–1949 年 Hemmendinger 发现 ⁸Be 基态不稳定。Kellogg Lab 的 **Tollestrup, Fowler, Lauritsen (1949)** 以更高精度确认，测得 ⁸Be 分解能为 **89±5 keV**（相对两 ⁴He），现代接受值 **91.89±0.05 keV**。	[FACT] 1948–1949 年 Hemmendinger 发现 $^{8}{\rm Be}$ 基态不稳定。Kellogg Lab 的 **Tollestrup, Fowler, Lauritsen (1949)** 以更高精度确认，测得 $^{8}{\rm Be}$ 分解能为 **89±5 keV**（相对两 $^{4}{\rm He}$），现代接受值 **91.89±0.05 keV**。	R2 核素/希腊字母/单位
33	[FACT] 同样由 Pauli 原理支配：两个 ⁴He（玻色子）的组合态无法通过额外中子稳定。	[FACT] 同样由 Pauli 原理支配：两个 $^{4}{\rm He}$（玻色子）的组合态无法通过额外中子稳定。	R2 核素/希腊字母/单位
37	## 2.4 Figure 3 — ⁴He 对质子的后向散射	## 2.4 Figure 3 — $^{4}{\rm He}$ 对质子的后向散射	R2 核素/希腊字母/单位
40	[FACT] 证明 ⁵He 基态不存在的实验证据。	[FACT] 证明 $^{5}{\rm He}$ 基态不存在的实验证据。	R2 核素/希腊字母/单位
44	- Y：⁴He/¹H 后向散射截面比	- Y：$^{4}{\rm He}$/$^{1}{\rm H}$ 后向散射截面比	R2 核素/希腊字母/单位
50	[FACT] "the ground state of ⁵He is unstable. As fast as ⁵He is made it disintegrates!"	[FACT] "the ground state of $^{5}{\rm He}$ is unstable. As fast as $^{5}{\rm He}$ is made it disintegrates!"	R2 核素/希腊字母/单位
67	[FACT] Hoyle 的难题：**红巨星中 3α → ¹²C 反应率太慢**——按 Salpeter (1952a) 的速率计算，He 燃烧应在 T ~ 2×$10^{8}$ K 起，但 Hoyle 与 Schwarzschild 的演化计算要求 T ~ $10^{8}$ K 起。	[FACT] Hoyle 的难题：**红巨星中 3$\alpha$ → $^{12}{\rm C}$ 反应率太慢**——按 Salpeter (1952a) 的速率计算，He 燃烧应在 T ~ 2×$10^{8}$ K 起，但 Hoyle 与 Schwarzschild 的演化计算要求 T ~ $10^{8}$ K 起。	R2 核素/希腊字母/单位
69	[FACT] **Hoyle 的预言（1953 年在 Kellogg Lab 提出）**：如果 ¹²C 存在一个 **激发态**，能量比 ⁸Be + α 高 0.3 MeV，且自旋宇称符合选择规则（$0^{+}$, $2^{+}$, $3^{-}$, ...），则 ⁸Be(α,γ)¹²C 速率将加快若干数量级，从而降低点火温度。	[FACT] **Hoyle 的预言（1953 年在 Kellogg Lab 提出）**：如果 $^{12}{\rm C}$ 存在一个 **激发态**，能量比 $^{8}{\rm Be}$ + $\alpha$ 高 0.3 MeV，且自旋宇称符合选择规则（$0^{+}$, $2^{+}$, $3^{-}$, ...），则 $^{8}{\rm Be}$($\alpha$,$\gamma$)$^{12}{\rm C}$ 速率将加快若干数量级，从而降低点火温度。	R2 核素/希腊字母/单位
71	[FACT] **Dunbar, Pixley, Wenzel & Whaling (1953)** 通过 ¹⁴N(d,α)¹²C 反应**找到了该态**，位置几乎精确在 Hoyle 预言处。	[FACT] **Dunbar, Pixley, Wenzel & Whaling (1953)** 通过 $^{14}{\rm N}$(d,$\alpha$)$^{12}{\rm C}$ 反应**找到了该态**，位置几乎精确在 Hoyle 预言处。	R2 核素/希腊字母/单位
73	[FACT] 该激发态现知其位于 **¹²C 的 7.654 MeV 激发能**，即比 ⁸Be + α 高 **0.2875 MeV**，比 3α 高 **0.3794 MeV**（Hoyle 预言 0.3 MeV 相对 ⁸Be+α）。	[FACT] 该激发态现知其位于 **$^{12}{\rm C}$ 的 7.654 MeV 激发能**，即比 $^{8}{\rm Be}$ + $\alpha$ 高 **0.2875 MeV**，比 3$\alpha$ 高 **0.3794 MeV**（Hoyle 预言 0.3 MeV 相对 $^{8}{\rm Be}$+$\alpha$）。	R2 核素/希腊字母/单位
75	[FACT] Cook, Fowler, Lauritsen, Lauritsen (1957) 通过放射性 ¹¹B 的衰变产生该态，证明其可分裂为 3α，**由互逆性 (reciprocity)** 可知可由 3α 形成。该态自旋宇称现为 **$0^{+}$**。	[FACT] Cook, Fowler, Lauritsen, Lauritsen (1957) 通过放射性 $^{11}{\rm B}$ 的衰变产生该态，证明其可分裂为 3$\alpha$，**由互逆性 (reciprocity)** 可知可由 3$\alpha$ 形成。该态自旋宇称现为 **$0^{+}$**。	R2 核素/希腊字母/单位
77	[FACT] **3α → ¹²C 跳跃了质量缺口 5 和 8**——此过程在 Big Bang 条件下不可能发生（密度温度太低），只能在红巨星 He 核心引力收缩后发生。	[FACT] **3$\alpha$ → $^{12}{\rm C}$ 跳跃了质量缺口 5 和 8**——此过程在 Big Bang 条件下不可能发生（密度温度太低），只能在红巨星 He 核心引力收缩后发生。	R2 核素/希腊字母/单位
79	## 2.7 s 过程、r 过程与 B²FH 综述	## 2.7 s 过程、r 过程与 B$^2$FH 综述	R2 核素/希腊字母/单位
85	[FACT] s 过程：核在壳闭合处截面小、丰度高。r 过程：富中子的放射性前身核在壳闭合处 β 衰变慢，丰度大，衰变后子核 A 值低于 s 过程峰。	[FACT] s 过程：核在壳闭合处截面小、丰度高。r 过程：富中子的放射性前身核在壳闭合处 $\beta$ 衰变慢，丰度大，衰变后子核 A 值低于 s 过程峰。	R2 核素/希腊字母/单位
89	[FACT] **B²FH (Burbidge, Burbidge, Fowler, Hoyle 1957)** 将所有合成路径整合为完整图景；Cameron (1957) 独立发展。Merrill (1952) 在 S 星中发现 **Tc（锝）** 谱线是关键观测证据。	[FACT] **B$^2$FH (Burbidge, Burbidge, Fowler, Hoyle 1957)** 将所有合成路径整合为完整图景；Cameron (1957) 独立发展。Merrill (1952) 在 S 星中发现 **Tc（锝）** 谱线是关键观测证据。	R2 核素/希腊字母/单位
99	大爆炸合成失败 → 质量缺口 5 和 8 的实验证明 → 恒星的"绕开缺口"路径（3α → ¹²C）→ Hoyle 共振态的预言与验证 → s/r 过程扩展 → B²FH 完整框架。	大爆炸合成失败 → 质量缺口 5 和 8 的实验证明 → 恒星的"绕开缺口"路径（3$\alpha$ → $^{12}{\rm C}$）→ Hoyle 共振态的预言与验证 → s/r 过程扩展 → B$^2$FH 完整框架。	R2 核素/希腊字母/单位
103	[FACT] ⁸Be 分解能：**89±5 keV**（Tollestrup et al. 1949），现代值 **91.89±0.05 keV**	[FACT] $^{8}{\rm Be}$ 分解能：**89±5 keV**（Tollestrup et al. 1949），现代值 **91.89±0.05 keV**	R2 核素/希腊字母/单位
105	[FACT] Hoyle 共振态：¹²C **7.654 MeV** 激发能；比 ⁸Be + α 高 **0.2875 MeV**；比 3α 高 **0.3794 MeV**	[FACT] Hoyle 共振态：$^{12}{\rm C}$ **7.654 MeV** 激发能；比 $^{8}{\rm Be}$ + $\alpha$ 高 **0.2875 MeV**；比 3$\alpha$ 高 **0.3794 MeV**	R2 核素/希腊字母/单位
107	[FACT] BBN 中 Li 质量分数上限：**~$10^{-10}$**；D、³He、⁴He、⁷Li 可合理重现（Wagoner, Fowler, Hoyle 1967）	[FACT] BBN 中 Li 质量分数上限：**~$10^{-10}$**；D、$^{3}{\rm He}$、$^{4}{\rm He}$、$^{7}{\rm Li}$ 可合理重现（Wagoner, Fowler, Hoyle 1967）	R2 核素/希腊字母/单位
11	[FACT] 本节约 3 页，集中讨论**如何将实验室测量的核反应截面 σ 转换为恒星内部的天体物理反应速率**——这是实验核天体物理的**核心方法论**，也是 Fowler/Caughlan/Zimmerman (FCZ) 的贡献所在。	[FACT] 本节约 3 页，集中讨论**如何将实验室测量的核反应截面 $\sigma$ 转换为恒星内部的天体物理反应速率**——这是实验核天体物理的**核心方法论**，也是 Fowler/Caughlan/Zimmerman (FCZ) 的贡献所在。	R2 核素/希腊字母/单位
17	**N_A ⟨σu⟩** — reactions per sec per (mol·cm⁻³)	**N_A ⟨$\sigma$u⟩** — reactions per sec per (mol·cm⁻³)	R2 核素/希腊字母/单位
21	- **⟨σu⟩**：Maxwell-Boltzmann 平均，为 σ(u)·u 的函数	- **⟨$\sigma$u⟩**：Maxwell-Boltzmann 平均，为 $\sigma$(u)·u 的函数	R2 核素/希腊字母/单位
22	- σ 单位 cm²，u 单位 cm s⁻¹	- $\sigma$ 单位 cm²，u 单位 cm s⁻¹	R2 核素/希腊字母/单位
27	[FACT] FCZ (1967/1975) 给出了对**含超过两个反应物**的速率程序，以及针对 γ, e, n, p, α 与 A≲30 核的**解析表达式**。	[FACT] FCZ (1967/1975) 给出了对**含超过两个反应物**的速率程序，以及针对 $\gamma$, e, n, p, $\alpha$ 与 A≲30 核的**解析表达式**。	R2 核素/希腊字母/单位
29	[FACT] 文中明确指出：γ 使用了 **Bose-Einstein 统计**；但**简并态电子、中子、质子**的 Fermi-Dirac 统计推广与 **α 的 Bose-Einstein 统计推广未纳入**。	[FACT] 文中明确指出：$\gamma$ 使用了 **Bose-Einstein 统计**；但**简并态电子、中子、质子**的 Fermi-Dirac 统计推广与 **$\alpha$ 的 Bose-Einstein 统计推广未纳入**。	R2 核素/希腊字母/单位
37	[FACT] 对**中子诱导反应**，定义 **S 因子 = σ × u**，以消除截面在低速时的 **u⁻¹ 奇点**。	[FACT] 对**中子诱导反应**，定义 **S 因子 = $\sigma$ × u**，以消除截面在低速时的 **u⁻¹ 奇点**。	R2 核素/希腊字母/单位
41	对 p、α 或 ¹²C, ¹⁶O 等带电粒子反应，截面需考虑**从实验室最低能到天文相关能量**的 10 多个数量级的下降。方法由 **E. E. Salpeter (1952b, 1955)** 首倡，**Bethe (1967)** 强调。	对 p、$\alpha$ 或 $^{12}{\rm C}$, $^{16}{\rm O}$ 等带电粒子反应，截面需考虑**从实验室最低能到天文相关能量**的 10 多个数量级的下降。方法由 **E. E. Salpeter (1952b, 1955)** 首倡，**Bethe (1967)** 强调。	R2 核素/希腊字母/单位
46	σ(E) = π · g · λ² · P(E) · (INTRINSIC NUCLEAR FACTOR)	$\sigma$(E) = $\pi$ · g · $\lambda$² · P(E) · (INTRINSIC NUCLEAR FACTOR)	R2 核素/希腊字母/单位
51	- **λ = ħ/(2μE)^{1/2}**：de Broglie 波长（约化质量 μ）	- **$\lambda$ = ħ/(2$\mu$E)^{1/2}**：de Broglie 波长（约化质量 $\mu$）	R2 核素/希腊字母/单位
52	- **P(E) = exp(−2πη)**：**Gamow 穿透因子**（Gamow penetration factor），控制对库仑势垒的隧穿	- **P(E) = exp(−2$\pi$$\eta$)**：**Gamow 穿透因子**（Gamow penetration factor），控制对库仑势垒的隧穿	R2 核素/希腊字母/单位
53	- **η = π $Z_{0}$$Z_{1}$ e² / (ħv)**：Sommerfeld 参数	- **$\eta$ = $\pi$ $Z_{0}$$Z_{1}$ e² / (ħv)**：Sommerfeld 参数	R2 核素/希腊字母/单位
57	[FACT] 单位：σ 通常用 **barn ($10^{-24}$ cm²)**，能量用 **MeV (1.602×$10^{-6}$ erg)**，S 因子单位为 **MeV·b**（有时也用 keV·b）。	[FACT] 单位：$\sigma$ 通常用 **barn ($10^{-24}$ cm²)**，能量用 **MeV (1.602×$10^{-6}$ erg)**，S 因子单位为 **MeV·b**（有时也用 keV·b）。	R2 核素/希腊字母/单位
77	⟨σu⟩_nr ∝ T_9^(-2/3) · exp(-3E_0/kT)	⟨$\sigma$u⟩_nr ∝ T_9^(-2/3) · exp(-3E_0/kT)	R2 核素/希腊字母/单位
83	⟨σu⟩_r ∝ T_9^(-1/2) · exp(-E_r/kT)	⟨$\sigma$u⟩_r ∝ T_9^(-1/2) · exp(-E_r/kT)	R2 核素/希腊字母/单位
99	[FACT] Fowler 强调反应符号的实验室约定：¹²C(α,γ)¹⁶O 中，¹²C 是**靶**、α 是**入射束**、γ 是被检测粒子、¹⁶O 是**剩余核**。	[FACT] Fowler 强调反应符号的实验室约定：$^{12}{\rm C}$($\alpha$,$\gamma$)$^{16}{\rm O}$ 中，$^{12}{\rm C}$ 是**靶**、$\alpha$ 是**入射束**、$\gamma$ 是被检测粒子、$^{16}{\rm O}$ 是**剩余核**。	R2 核素/希腊字母/单位
101	[FACT] 若反过来（¹²C 轰击 ⁴He 气体靶，测 ¹⁶O 不测 γ），则实验符号为 ⁴He(¹²C,¹⁶O)γ。**恒星不在乎这个——恒星中所有粒子都在运动，只有质心系才有意义。**	[FACT] 若反过来（$^{12}{\rm C}$ 轰击 $^{4}{\rm He}$ 气体靶，测 $^{16}{\rm O}$ 不测 $\gamma$），则实验符号为 $^{4}{\rm He}$($^{12}{\rm C}$,$^{16}{\rm O}$)$\gamma$。**恒星不在乎这个——恒星中所有粒子都在运动，只有质心系才有意义。**	R2 核素/希腊字母/单位
103	[FACT] ¹²C(α,n)¹⁶O(e⁺+ν)¹⁵N：n 是即时产生并检测的中子，e⁺ 是 ¹⁶O β⁺ 衰变的正电子，ν 是同时发射的中微子。	[FACT] $^{12}{\rm C}$($\alpha$,n)$^{16}{\rm O}$(e⁺+$\nu$)$^{15}{\rm N}$：n 是即时产生并检测的中子，e⁺ 是 $^{16}{\rm O}$ $\beta^{"+" if m.group(1)=="⁺" else "-"}$ 衰变的正电子，$\nu$ 是同时发射的中微子。	R2 核素/希腊字母/单位
115	| 反应速率 | N_A ⟨σu⟩ (per mol·cm³·s) |	| 反应速率 | N_A ⟨$\sigma$u⟩ (per mol·cm³·s) |	R2 核素/希腊字母/单位
116	| σ(E) | πg λ² P(E) × [intrinsic] |	| $\sigma$(E) | $\pi$g $\lambda$² P(E) × [intrinsic] |	R2 核素/希腊字母/单位
119	| ⟨σu⟩_nr | ∝ $T_{9}$^(−2/3) exp(−3$E_{0}$/kT) |	| ⟨$\sigma$u⟩_nr | ∝ $T_{9}$^(−2/3) exp(−3$E_{0}$/kT) |	R2 核素/希腊字母/单位
120	| ⟨σu⟩_r | ∝ $T_{9}$^(−1/2) exp(−E_r/kT) |	| ⟨$\sigma$u⟩_r | ∝ $T_{9}$^(−1/2) exp(−E_r/kT) |	R2 核素/希腊字母/单位
124	[CRITIQUE] 该节的方法论基础（S 因子外推）是**整个实验核天体物理的支柱**——后文多处（¹²C(α,γ)¹⁶O、¹²C+¹²C、¹⁶O+¹⁶O）都要回到这个框架讨论外推的不确定性。	[CRITIQUE] 该节的方法论基础（S 因子外推）是**整个实验核天体物理的支柱**——后文多处（$^{12}{\rm C}$($\alpha$,$\gamma$)$^{16}{\rm O}$、$^{12}{\rm C}$+$^{12}{\rm C}$、$^{16}{\rm O}$+$^{16}{\rm O}$）都要回到这个框架讨论外推的不确定性。	R2 核素/希腊字母/单位
128	[CRITIQUE] 现代实验核天体物理已通过**深地实验室**（如意大利 LUNA 隧道，2000 年至今）把 ¹²C(α,γ)¹⁶O 的测量能推到 Fowler 1984 年无法触及的 300 keV 以下，部分验证/修正了当时 Fig. 6 的两种外推。	[CRITIQUE] 现代实验核天体物理已通过**深地实验室**（如意大利 LUNA 隧道，2000 年至今）把 $^{12}{\rm C}$($\alpha$,$\gamma$)$^{16}{\rm O}$ 的测量能推到 Fowler 1984 年无法触及的 300 keV 以下，部分验证/修正了当时 Fig. 6 的两种外推。	R2 核素/希腊字母/单位
21	[FACT] Fowler (1958) 与 Cameron (1958) 详细阐述了 pp 链，指出**一小部分**来自 ⁷Be 与 ⁸B 衰变的中微子能量足够高，可通过与 ³⁷Cl 核反应产生放射性 ³⁷Ar 而被探测——探测方法由 **Pontecorvo (1946)** 与 **Alvarez (1948)** 建议。	[FACT] Fowler (1958) 与 Cameron (1958) 详细阐述了 pp 链，指出**一小部分**来自 $^{7}{\rm Be}$ 与 $^{8}{\rm B}$ 衰变的中微子能量足够高，可通过与 $^{37}{\rm Cl}$ 核反应产生放射性 $^{37}{\rm Ar}$ 而被探测——探测方法由 **Pontecorvo (1946)** 与 **Alvarez (1948)** 建议。	R2 核素/希腊字母/单位
34	3. 太阳内产生的电子型中微子在传向地球途中**部分转化为不可探测的 μ 中微子或 τ 中微子**——即**中微子振荡**。	3. 太阳内产生的电子型中微子在传向地球途中**部分转化为不可探测的 $\mu$ 中微子或 $\tau$ 中微子**——即**中微子振荡**。	R2 核素/希腊字母/单位
40	[FACT] 下一步是在³⁷Cl 之外增加对**低能中微子**的探测——通过 **⁷¹Ga 核**吸收中微子产生放射性 ⁷¹Ge。	[FACT] 下一步是在$^{37}{\rm Cl}$ 之外增加对**低能中微子**的探测——通过 **$^{71}{\rm Ga}$ 核**吸收中微子产生放射性 $^{71}{\rm Ge}$。	R2 核素/希腊字母/单位
60	- 以 ¹²C、¹⁶O 为种子，产生 ¹³C、¹⁴N、¹⁵N、¹⁵O、¹⁷O	- 以 $^{12}{\rm C}$、$^{16}{\rm O}$ 为种子，产生 $^{13}{\rm C}$、$^{14}{\rm N}$、$^{15}{\rm N}$、$^{15}{\rm O}$、$^{17}{\rm O}$	R2 核素/希腊字母/单位
80	[CRITIQUE] **历史注记**：Fowler 1984 年写 "Something is wrong"——30 年后我们知道答案是 **MSW 效应（Mikheyev-Smirnov-Wolfenstein, 1985）+ 太阳中微子振荡**，SNO 实验 2001 年确认电子中微子在传播中转化为 μ/τ 中微子。Fowler 已经把**振荡作为第 3 种可能**列出来了，显示其物理直觉。	[CRITIQUE] **历史注记**：Fowler 1984 年写 "Something is wrong"——30 年后我们知道答案是 **MSW 效应（Mikheyev-Smirnov-Wolfenstein, 1985）+ 太阳中微子振荡**，SNO 实验 2001 年确认电子中微子在传播中转化为 $\mu$/$\tau$ 中微子。Fowler 已经把**振荡作为第 3 种可能**列出来了，显示其物理直觉。	R2 核素/希腊字母/单位
1	# 5. THE SYNTHESIS OF ¹²C AND ¹⁶O AND NEUTRON PRODUCTION IN HELIUM BURNING (Sec. V)	# 5. THE SYNTHESIS OF $^{12}{\rm C}$ AND $^{16}{\rm O}$ AND NEUTRON PRODUCTION IN HELIUM BURNING (Sec. V)	R2 核素/希腊字母/单位
11	[FACT] 本节聚焦**氦燃烧（He burning）中 ¹²C 与 ¹⁶O 的相对比例问题**——这是核天体物理中"头等重要的问题"（problem of paramount importance）。	[FACT] 本节聚焦**氦燃烧（He burning）中 $^{12}{\rm C}$ 与 $^{16}{\rm O}$ 的相对比例问题**——这是核天体物理中"头等重要的问题"（problem of paramount importance）。	R2 核素/希腊字母/单位
15	[FACT] ¹²C/¹⁶O 的比例取决于：氦燃烧的**密度、温度、持续时间**的复杂组合，但**直接依赖**于两个反应的相对速率：**3α → ¹²C** vs **¹²C(α,γ)¹⁶O**。	[FACT] $^{12}{\rm C}$/$^{16}{\rm O}$ 的比例取决于：氦燃烧的**密度、温度、持续时间**的复杂组合，但**直接依赖**于两个反应的相对速率：**3$\alpha$ → $^{12}{\rm C}$** vs **$^{12}{\rm C}$($\alpha$,$\gamma$)$^{16}{\rm O}$**。	R2 核素/希腊字母/单位
16	- 若 3α >> ¹²C(α,γ)¹⁶O：无 ¹⁶O 产生；	- 若 3$\alpha$ >> $^{12}{\rm C}$($\alpha$,$\gamma$)$^{16}{\rm O}$：无 $^{16}{\rm O}$ 产生；	R2 核素/希腊字母/单位
17	- 若 ¹²C(α,γ)¹⁶O >> 3α：无 ¹²C 产生；	- 若 $^{12}{\rm C}$($\alpha$,$\gamma$)$^{16}{\rm O}$ >> 3$\alpha$：无 $^{12}{\rm C}$ 产生；	R2 核素/希腊字母/单位
18	- ¹⁶O(α,γ)²⁰Ne 通常**太慢可忽略**。	- $^{16}{\rm O}$($\alpha$,$\gamma$)$^{20}{\rm Ne}$ 通常**太慢可忽略**。	R2 核素/希腊字母/单位
20	## 5.2 3α → ¹²C：共识	## 5.2 3$\alpha$ → $^{12}{\rm C}$：共识	R2 核素/希腊字母/单位
22	[FACT] 对 3α → ¹²C 的速率已**基本达成共识**（Barnes 1982 综述）。	[FACT] 对 3$\alpha$ → $^{12}{\rm C}$ 的速率已**基本达成共识**（Barnes 1982 综述）。	R2 核素/希腊字母/单位
24	## 5.3 ¹²C(α,γ)¹⁶O：活跃争议	## 5.3 $^{12}{\rm C}$($\alpha$,$\gamma$)$^{16}{\rm O}$：活跃争议	R2 核素/希腊字母/单位
31	[FACT] 展示 ¹²C(α,γ)¹⁶O 截面 (nb) vs 质心系能量 (MeV)，Caltech 的实验点 + Koonin, Tombrello, Fox (1974) 的理论计算。	[FACT] 展示 $^{12}{\rm C}$($\alpha$,$\gamma$)$^{16}{\rm O}$ 截面 (nb) vs 质心系能量 (MeV)，Caltech 的实验点 + Koonin, Tombrello, Fox (1974) 的理论计算。	R2 核素/希腊字母/单位
37	[FACT] 曲线显示**两个 ¹⁶O 中的束缚态**（略低于 ¹²C(α,γ)¹⁶O 阈值）对 S 因子的贡献——这是 Fig. 6 中外推分歧的根源。	[FACT] 曲线显示**两个 $^{16}{\rm O}$ 中的束缚态**（略低于 $^{12}{\rm C}$($\alpha$,$\gamma$)$^{16}{\rm O}$ 阈值）对 S 因子的贡献——这是 Fig. 6 中外推分歧的根源。	R2 核素/希腊字母/单位
59	[FACT] **S 因子在低能区上升**（"the rise in the cross-section factor is due to the contributions of two bound states in the ¹⁶O nucleus just below the ¹²C(α,γ)¹⁶O threshold"）。	[FACT] **S 因子在低能区上升**（"the rise in the cross-section factor is due to the contributions of two bound states in the $^{16}{\rm O}$ nucleus just below the $^{12}{\rm C}$($\alpha$,$\gamma$)$^{16}{\rm O}$ threshold"）。	R2 核素/希腊字母/单位
72	## 5.7 ¹²C/¹⁶O 比对 Si 燃烧的影响	## 5.7 $^{12}{\rm C}$/$^{16}{\rm O}$ 比对 Si 燃烧的影响	R2 核素/希腊字母/单位
74	[FACT] 在**准静态 Si 燃烧**中，产物丰度**部分取决于**氦燃烧中 ¹²C/¹⁶O 的比例，而 Fig. 6 的两种外推差异处于**决定 Si 燃烧最终结果的关键范围**。	[FACT] 在**准静态 Si 燃烧**中，产物丰度**部分取决于**氦燃烧中 $^{12}{\rm C}$/$^{16}{\rm O}$ 的比例，而 Fig. 6 的两种外推差异处于**决定 Si 燃烧最终结果的关键范围**。	R2 核素/希腊字母/单位
80	[FACT] 渐近巨星分支（AGB）阶段的**氦闪（helium flashes）**中的 ¹²C/¹⁶O 比例近年成为热门议题。	[FACT] 渐近巨星分支（AGB）阶段的**氦闪（helium flashes）**中的 $^{12}{\rm C}$/$^{16}{\rm O}$ 比例近年成为热门议题。	R2 核素/希腊字母/单位
82	[FACT] **PG 1159-035 热蓝星**：表现出**非径向脉动**，周期 **460 秒和 540 秒**（及其他尚未精确确定的周期）——该星已高度演化，失去 H 大气，仅剩 ~0.6 M☉ 的热矮星核心。	[FACT] **PG 1159-035 热蓝星**：表现出**非径向脉动**，周期 **460 秒和 540 秒**（及其他尚未精确确定的周期）——该星已高度演化，失去 H 大气，仅剩 ~0.6 $M_\odot$ 的热矮星核心。	R2 核素/希腊字母/单位
86	[FACT] 目前尚不清楚 He 闪是否产生了足够的氧——He 闪一定涉及 3α → ¹²C，但**持续时间是否足以让 ¹²C(α,γ)¹⁶O 参与仍存疑**。	[FACT] 目前尚不清楚 He 闪是否产生了足够的氧——He 闪一定涉及 3$\alpha$ → $^{12}{\rm C}$，但**持续时间是否足以让 $^{12}{\rm C}$($\alpha$,$\gamma$)$^{16}{\rm O}$ 参与仍存疑**。	R2 核素/希腊字母/单位
95	[FACT] 产生大量 ¹³C，通过：	[FACT] 产生大量 $^{13}{\rm C}$，通过：	R2 核素/希腊字母/单位
97	¹³C(p,γ)¹⁴N(e⁺+ν)¹³N	$^{13}{\rm C}$(p,$\gamma$)$^{14}{\rm N}$(e⁺+$\nu$)$^{13}{\rm N}$	R2 核素/希腊字母/单位
99	→ 后续 He 燃烧中通过 **¹³C(α,n)¹⁶O** 产生中子。	→ 后续 He 燃烧中通过 **$^{13}{\rm C}$($\alpha$,n)$^{16}{\rm O}$** 产生中子。	R2 核素/希腊字母/单位
101	### 情形 2：CNO 循环**完成**（主产物 ¹⁴N ~95%）	### 情形 2：CNO 循环**完成**（主产物 $^{14}{\rm N}$ ~95%）	R2 核素/希腊字母/单位
104	¹⁴N(α,γ)¹⁸F(e⁺+ν)¹⁸O(α,γ)²²Ne	$^{14}{\rm N}$($\alpha$,$\gamma$)$^{18}{\rm F}$(e⁺+$\nu$)$^{18}{\rm O}$($\alpha$,$\gamma$)$^{22}{\rm Ne}$	R2 核素/希腊字母/单位
106	→ 由 ¹⁸O(α,n)²¹Ne(α,n)²⁴Mg 与 ²²Ne(α,n)²⁵Mg 产生中子。	→ 由 $^{18}{\rm O}$($\alpha$,n)$^{21}{\rm Ne}$($\alpha$,n)$^{24}{\rm Mg}$ 与 $^{22}{\rm Ne}$($\alpha$,n)$^{25}{\rm Mg}$ 产生中子。	R2 核素/希腊字母/单位
113	- β⁺ 衰变：(e⁺, ν)	- $\beta^{"+" if m.group(1)=="⁺" else "-"}$ 衰变：(e⁺, $\nu$)	R2 核素/希腊字母/单位
114	- β⁻ 衰变：(e⁻, ν̄)	- $\beta^{"+" if m.group(1)=="⁺" else "-"}$ 衰变：(e⁻, $\nu$̄)	R2 核素/希腊字母/单位
115	- 电子俘获：(e⁻, ν)	- 电子俘获：(e⁻, $\nu$)	R2 核素/希腊字母/单位
116	- 反过来的吸收记号为 (e⁺, ν)、(ν, e⁻)、(ν, e⁺)	- 反过来的吸收记号为 (e⁺, $\nu$)、($\nu$, e⁻)、($\nu$, e⁺)	R2 核素/希腊字母/单位
120	¹²C/¹⁶O 比的重要性 → 3α 共识 → ¹²C(α,γ)¹⁶O 争议（Caltech vs Münster）→ S 因子外推分歧 → 对 Si 燃烧与 AGB He 闪的影响 → 中子来源（¹³C(α,n) 与 ²²Ne(α,n)）→ 通向 Sec. XI 的 s/r 过程。	$^{12}{\rm C}$/$^{16}{\rm O}$ 比的重要性 → 3$\alpha$ 共识 → $^{12}{\rm C}$($\alpha$,$\gamma$)$^{16}{\rm O}$ 争议（Caltech vs Münster）→ S 因子外推分歧 → 对 Si 燃烧与 AGB He 闪的影响 → 中子来源（$^{13}{\rm C}$($\alpha$,n) 与 $^{22}{\rm Ne}$($\alpha$,n)）→ 通向 Sec. XI 的 s/r 过程。	R2 核素/希腊字母/单位
124	[CRITIQUE] **这一 1.6 倍的不确定性**直到今天（2024）仍然存在！意大利 LUNA 实验在 2000-2020 年间在 Gran Sasso 深地实验室逐步把 ¹²C(α,γ)¹⁶O 外推到 Fowler 时代无法触及的能量，最新综述（如 Costantini 2018; Formicola 2020）仍显示 **~10-20% 的系统不确定性**——比 Fowler 时代的 1.6 倍已大幅缩小，但仍是恒星演化模型的**关键瓶颈**。	[CRITIQUE] **这一 1.6 倍的不确定性**直到今天（2024）仍然存在！意大利 LUNA 实验在 2000-2020 年间在 Gran Sasso 深地实验室逐步把 $^{12}{\rm C}$($\alpha$,$\gamma$)$^{16}{\rm O}$ 外推到 Fowler 时代无法触及的能量，最新综述（如 Costantini 2018; Formicola 2020）仍显示 **~10-20% 的系统不确定性**——比 Fowler 时代的 1.6 倍已大幅缩小，但仍是恒星演化模型的**关键瓶颈**。	R2 核素/希腊字母/单位
11	[FACT] 本节讨论恒星演化的**"高级燃烧"（advanced burning）**阶段——碳燃烧、氖燃烧、氧燃烧、硅燃烧——形成接近铁峰的中间质量核。这些反应对约 **25 M☉ 大质量恒星的超新星前结构** 起决定作用。	[FACT] 本节讨论恒星演化的**"高级燃烧"（advanced burning）**阶段——碳燃烧、氖燃烧、氧燃烧、硅燃烧——形成接近铁峰的中间质量核。这些反应对约 **25 $M_\odot$ 大质量恒星的超新星前结构** 起决定作用。	R2 核素/希腊字母/单位
21	- 反应类型：(α,γ)、(α,n)、(p,n)、(n,γ)、(p,γ)、(γ,n)、(γ,p) 等	- 反应类型：($\alpha$,$\gamma$)、($\alpha$,n)、(p,n)、(n,$\gamma$)、(p,$\gamma$)、($\gamma$,n)、($\gamma$,p) 等	R2 核素/希腊字母/单位
28	## 6.3 Figure 8 — 25 M☉ 恒星的超新星前丰度分布	## 6.3 Figure 8 — 25 $M_\odot$ 恒星的超新星前丰度分布	R2 核素/希腊字母/单位
31	[FACT] 25 M☉ Pop I 恒星超新星前的质量层结构（Fig. 8(a)）：	[FACT] 25 $M_\odot$ Pop I 恒星超新星前的质量层结构（Fig. 8(a)）：	R2 核素/希腊字母/单位
33	| 层 | 质量范围 (M☉) | 成分（燃烧产物） |	| 层 | 质量范围 ($M_\odot$) | 成分（燃烧产物） |	R2 核素/希腊字母/单位
41	| (7) | ≲1.5 | Si 燃烧产物：主要为 ⁵⁶Fe，并含 ⁴⁰Ca, ⁴⁴Ti, ⁵²Cr, ⁵⁶Fe（N=28 子壳闭合） |	| (7) | ≲1.5 | Si 燃烧产物：主要为 $^{56}{\rm Fe}$，并含 $^{40}{\rm Ca}$, $^{44}{\rm Ti}$, $^{52}{\rm Cr}$, $^{56}{\rm Fe}$（N=28 子壳闭合） |	R2 核素/希腊字母/单位
43	[FACT] 25 M☉ Pop II 恒星（Fig. 8(b)）因重元素初始丰度低，结构与 Pop I 有差异。	[FACT] 25 $M_\odot$ Pop II 恒星（Fig. 8(b)）因重元素初始丰度低，结构与 Pop I 有差异。	R2 核素/希腊字母/单位
45	[FACT] 图中**洋葱状分层**反映每一燃烧阶段**先发生在中心、后形成壳层环绕前一阶段**——后续阶段**修改**内层：例如 C 燃烧占中央 6.5 M☉，但内 1.9 M☉ 被后续 Ne/O/Si 燃烧修改。	[FACT] 图中**洋葱状分层**反映每一燃烧阶段**先发生在中心、后形成壳层环绕前一阶段**——后续阶段**修改**内层：例如 C 燃烧占中央 6.5 $M_\odot$，但内 1.9 $M_\odot$ 被后续 Ne/O/Si 燃烧修改。	R2 核素/希腊字母/单位
47	## 6.4 Figure 9 — 更新后的 25 M☉ Pop I 丰度	## 6.4 Figure 9 — 更新后的 25 $M_\odot$ Pop I 丰度	R2 核素/希腊字母/单位
49	[FACT] Weaver, Woosley, Fuller (1983) 更新的超新星前丰度，比 Fig. 8 更详细，含 ²⁰Ne、¹⁶O、⁴He、¹²C、²⁸Si、³²S、³⁶Ar、⁴⁰Ca、⁵⁶Fe 等随内部质量分布。	[FACT] Weaver, Woosley, Fuller (1983) 更新的超新星前丰度，比 Fig. 8 更详细，含 $^{20}{\rm Ne}$、$^{16}{\rm O}$、$^{4}{\rm He}$、$^{12}{\rm C}$、$^{28}{\rm Si}$、$^{32}{\rm S}$、$^{36}{\rm Ar}$、$^{40}{\rm Ca}$、$^{56}{\rm Fe}$ 等随内部质量分布。	R2 核素/希腊字母/单位
55	[FACT] He 燃烧产生主要为 ¹²C 与 ¹⁶O 的核心；核心收缩后温密升高，通过 **¹²C + ¹²C 融合** 点燃碳燃烧。	[FACT] He 燃烧产生主要为 $^{12}{\rm C}$ 与 $^{16}{\rm O}$ 的核心；核心收缩后温密升高，通过 **$^{12}{\rm C}$ + $^{12}{\rm C}$ 融合** 点燃碳燃烧。	R2 核素/希腊字母/单位
61	[FACT] 碳燃烧主产物：**²⁰Ne**（通过 ¹²C(¹²C,α)²⁰Ne），副反应 ¹²C(¹²C,p)²³Na 与 ¹²C(¹²C,n)²³Mg(e⁺ν)²³Na，次级反应如 ²³Na(p,α)²⁰Ne。	[FACT] 碳燃烧主产物：**$^{20}{\rm Ne}$**（通过 $^{12}{\rm C}$($^{12}{\rm C}$,$\alpha$)$^{20}{\rm Ne}$），副反应 $^{12}{\rm C}$($^{12}{\rm C}$,p)$^{23}{\rm Na}$ 与 $^{12}{\rm C}$($^{12}{\rm C}$,n)$^{23}{\rm Mg}$(e⁺$\nu$)$^{23}{\rm Na}$，次级反应如 $^{23}{\rm Na}$(p,$\alpha$)$^{20}{\rm Ne}$。	R2 核素/希腊字母/单位
63	[FACT] ¹²C 耗尽后主要剩余 **²⁰Ne 与 ¹⁶O**。	[FACT] $^{12}{\rm C}$ 耗尽后主要剩余 **$^{20}{\rm Ne}$ 与 $^{16}{\rm O}$**。	R2 核素/希腊字母/单位
67	[FACT] 温度上升后，**²⁰Ne 被光致分解**：²⁰Ne(γ,α)¹⁶O——原因是 **α 粒子在 ²⁰Ne 中结合能仅 4.731 MeV**（相对闭壳 ¹⁶O 搭档）；对比 ¹⁶O 中 α 结合能为 7.162 MeV。	[FACT] 温度上升后，**$^{20}{\rm Ne}$ 被光致分解**：$^{20}{\rm Ne}$($\gamma$,$\alpha$)$^{16}{\rm O}$——原因是 **$\alpha$ 粒子在 $^{20}{\rm Ne}$ 中结合能仅 4.731 MeV**（相对闭壳 $^{16}{\rm O}$ 搭档）；对比 $^{16}{\rm O}$ 中 $\alpha$ 结合能为 7.162 MeV。	R2 核素/希腊字母/单位
71	[FACT] 通过 **¹⁶O + ¹⁶O 融合**——S 因子（Fig. 11）**完全基于 Kellogg Lab 数据**；Hulke, Rolfs, Trautvetter (1980) γ 探测与 Caltech γ 测量基本一致。	[FACT] 通过 **$^{16}{\rm O}$ + $^{16}{\rm O}$ 融合**——S 因子（Fig. 11）**完全基于 Kellogg Lab 数据**；Hulke, Rolfs, Trautvetter (1980) $\gamma$ 探测与 Caltech $\gamma$ 测量基本一致。	R2 核素/希腊字母/单位
73	[FACT] 与 ¹²C+¹²C 类似，**外推不确定**，Fig. 11 仅示一条可能外推。	[FACT] 与 $^{12}{\rm C}$+$^{12}{\rm C}$ 类似，**外推不确定**，Fig. 11 仅示一条可能外推。	R2 核素/希腊字母/单位
75	[FACT] 主产物：**²⁸Si**（通过 ¹⁶O(¹⁶O,α)²⁸Si），另有多项次级反应。	[FACT] 主产物：**$^{28}{\rm Si}$**（通过 $^{16}{\rm O}$($^{16}{\rm O}$,$\alpha$)$^{28}{\rm Si}$），另有多项次级反应。	R2 核素/希腊字母/单位
77	[FACT] 在某些条件下**中子诱导反应**可合成显著量的 ³⁰Si。	[FACT] 在某些条件下**中子诱导反应**可合成显著量的 $^{30}{\rm Si}$。	R2 核素/希腊字母/单位
83	[FACT] **硅燃烧的库仑势垒太高**，无法在环境温度 ($T_{9}$ ~ 3–5) 与密度 (ρ = $10^{7}$–$10^{9}$ g cm⁻³) 下直接融合形成 ⁵⁶Ni 复合核。	[FACT] **硅燃烧的库仑势垒太高**，无法在环境温度 ($T_{9}$ ~ 3–5) 与密度 ($\rho$ = $10^{7}$–$10^{9}$ g cm⁻³) 下直接融合形成 $^{56}{\rm Ni}$ 复合核。	R2 核素/希腊字母/单位
85	[FACT] 但 ²⁸Si 及其后续产物**易被光致分解** (γ,α)、(γ,n)、(γ,p)——硅燃烧通过**光致分解 → 核子/α 粒子捕获**网络逐步向 Fe 组攀爬。	[FACT] 但 $^{28}{\rm Si}$ 及其后续产物**易被光致分解** ($\gamma$,$\alpha$)、($\gamma$,n)、($\gamma$,p)——硅燃烧通过**光致分解 → 核子/$\alpha$ 粒子捕获**网络逐步向 Fe 组攀爬。	R2 核素/希腊字母/单位
87	[FACT] **爆炸性 Si 燃烧** 主产物：**⁵⁶Ni**（后通过两次 β 衰变 → ⁵⁶Fe）。	[FACT] **爆炸性 Si 燃烧** 主产物：**$^{56}{\rm Ni}$**（后通过两次 $\beta$ 衰变 → $^{56}{\rm Fe}$）。	R2 核素/希腊字母/单位
89	[FACT] **准静态 Si 燃烧** 弱相互作用快，主产物为 **⁵⁶Fe**（比 ⁵⁶Ni 多两个中子）。	[FACT] **准静态 Si 燃烧** 弱相互作用快，主产物为 **$^{56}{\rm Fe}$**（比 $^{56}{\rm Ni}$ 多两个中子）。	R2 核素/希腊字母/单位
91	## 6.6 α 过程与 e 过程（B²FH 分解）	## 6.6 $\alpha$ 过程与 e 过程（B$^2$FH 分解）	R2 核素/希腊字母/单位
93	[FACT] 因 α 粒子的重要角色与向质量 ~56 附近（最大比结合能）核的**趋于平衡趋势**，B²FH (1957) 将 Si 燃烧分解为：	[FACT] 因 $\alpha$ 粒子的重要角色与向质量 ~56 附近（最大比结合能）核的**趋于平衡趋势**，B$^2$FH (1957) 将 Si 燃烧分解为：	R2 核素/希腊字母/单位
94	- **α 过程**（α-capture chain）：α 粒子逐次俘获	- **$\alpha$ 过程**（$\alpha$-capture chain）：$\alpha$ 粒子逐次俘获	R2 核素/希腊字母/单位
101	[FACT] Zyskind et al. (1978) 的数据：**⁵⁰Cr(p,n)⁵⁰Mn**（Fig. 12）与 **⁵⁰Cr(p,γ)⁵¹Mn**（Fig. 13）。	[FACT] Zyskind et al. (1978) 的数据：**$^{50}{\rm Cr}$(p,n)$^{50}{\rm Mn}$**（Fig. 12）与 **$^{50}{\rm Cr}$(p,$\gamma$)$^{51}{\rm Mn}$**（Fig. 13）。	R2 核素/希腊字母/单位
103	[FACT] (p,n) 产生的中子**增加 Si 燃烧中的中子丰度**但不直接产生 Mn；(p,γ) 直接产生 Mn。	[FACT] (p,n) 产生的中子**增加 Si 燃烧中的中子丰度**但不直接产生 Mn；(p,$\gamma$) 直接产生 Mn。	R2 核素/希腊字母/单位
105	[FACT] (p,n) 在阈值 **2.158 MeV** 之上与 (p,γ) 强烈竞争，在 Fig. 13 激发曲线上形成"竞争尖"（competition cusp）。	[FACT] (p,n) 在阈值 **2.158 MeV** 之上与 (p,$\gamma$) 强烈竞争，在 Fig. 13 激发曲线上形成"竞争尖"（competition cusp）。	R2 核素/希腊字母/单位
111	高级燃烧网络 → 25 M☉ 恒星洋葱分层结构 → 逐阶段（C→Ne→O→Si）详解 → 每阶段关键反应与 S 因子外推挑战 → α/e 过程分解 → 中子富集为 s 过程提供种子。	高级燃烧网络 → 25 $M_\odot$ 恒星洋葱分层结构 → 逐阶段（C→Ne→O→Si）详解 → 每阶段关键反应与 S 因子外推挑战 → $\alpha$/e 过程分解 → 中子富集为 s 过程提供种子。	R2 核素/希腊字母/单位
118	| ²⁰Ne α 结合能 | **4.731 MeV** |	| $^{20}{\rm Ne}$ $\alpha$ 结合能 | **4.731 MeV** |	R2 核素/希腊字母/单位
119	| ¹⁶O α 结合能 | **7.162 MeV** |	| $^{16}{\rm O}$ $\alpha$ 结合能 | **7.162 MeV** |	R2 核素/希腊字母/单位
120	| ¹²C+¹²C 最低实验能量 | **2.4 MeV** |	| $^{12}{\rm C}$+$^{12}{\rm C}$ 最低实验能量 | **2.4 MeV** |	R2 核素/希腊字母/单位
121	| ¹²C+¹²C 截面 (2.4 MeV) | **~$10^{-12}$ b** |	| $^{12}{\rm C}$+$^{12}{\rm C}$ 截面 (2.4 MeV) | **~$10^{-12}$ b** |	R2 核素/希腊字母/单位
123	| ¹²C+¹²C 外推截面 ($E_{0}$) | **~$10^{-19}$ b** |	| $^{12}{\rm C}$+$^{12}{\rm C}$ 外推截面 ($E_{0}$) | **~$10^{-19}$ b** |	R2 核素/希腊字母/单位
125	| 硅燃烧密度 | **ρ = $10^{7}$–$10^{9}$ g cm⁻³** |	| 硅燃烧密度 | **$\rho$ = $10^{7}$–$10^{9}$ g cm⁻³** |	R2 核素/希腊字母/单位
126	| ⁵⁰Cr(p,n) 阈值 | **2.158 MeV** |	| $^{50}{\rm Cr}$(p,n) 阈值 | **2.158 MeV** |	R2 核素/希腊字母/单位
130	[CRITIQUE] **现代进展**：¹²C+¹²C、¹⁶O+¹⁶O 反应在 2010-2020 年代有新的截面测量（Munster 1982 数据被重新审视；Friedrich et al. 2014 用 LUNA 改进 ¹²C+¹²C 在 ~3 MeV 附近的外推），显著影响大质量恒星演化模型与 Ia 型超新星点燃条件。	[CRITIQUE] **现代进展**：$^{12}{\rm C}$+$^{12}{\rm C}$、$^{16}{\rm O}$+$^{16}{\rm O}$ 反应在 2010-2020 年代有新的截面测量（Munster 1982 数据被重新审视；Friedrich et al. 2014 用 LUNA 改进 $^{12}{\rm C}$+$^{12}{\rm C}$ 在 ~3 MeV 附近的外推），显著影响大质量恒星演化模型与 Ia 型超新星点燃条件。	R2 核素/希腊字母/单位
45	[FACT] 通过简单壳模型论证估计**Gamow-Teller 求和规则与集体态共振激发能**——这些对 **Tz 核** 和 **T+ 核** 是合理近似（由 Goodman et al. 1980 与 Ajzenberg-Selove et al. 1984 的 p,n 与 T,³He 反应高分辨测量验证）。	[FACT] 通过简单壳模型论证估计**Gamow-Teller 求和规则与集体态共振激发能**——这些对 **Tz 核** 和 **T+ 核** 是合理近似（由 Goodman et al. 1980 与 Ajzenberg-Selove et al. 1984 的 p,n 与 T,$^{3}{\rm He}$ 反应高分辨测量验证）。	R2 核素/希腊字母/单位
47	[FACT] 文中定义 T 为同位旋，例如 ⁵⁴Fe 中 T=2（对 ⁵⁴Fe(e,ν)⁵⁴Mn 或 ⁵⁴Fe(n,p)⁵⁴Mn），⁵⁵Mn 中 T=3。	[FACT] 文中定义 T 为同位旋，例如 $^{54}{\rm Fe}$ 中 T=2（对 $^{54}{\rm Fe}$(e,$\nu$)$^{54}{\rm Mn}$ 或 $^{54}{\rm Fe}$(n,p)$^{54}{\rm Mn}$），$^{55}{\rm Mn}$ 中 T=3。	R2 核素/希腊字母/单位
49	[FACT] Bloom & Fuller (1984) 使用 LLNL 的 vector shell model 代码对 ⁵⁴Fe, ⁵⁶Fe, ⁵⁸Fe 的基态与第一激发态做了**动量方法（moment method）的 GT 强度函数计算**——确认 FFN 近似的总体趋势。	[FACT] Bloom & Fuller (1984) 使用 LLNL 的 vector shell model 代码对 $^{54}{\rm Fe}$, $^{56}{\rm Fe}$, $^{58}{\rm Fe}$ 的基态与第一激发态做了**动量方法（moment method）的 GT 强度函数计算**——确认 FFN 近似的总体趋势。	R2 核素/希腊字母/单位
61	[FACT] 在超新星坍缩阶段（更高 T、ρ），电子俘获**由 Gamow-Teller 集体共振贡献主导**。	[FACT] 在超新星坍缩阶段（更高 T、$\rho$），电子俘获**由 Gamow-Teller 集体共振贡献主导**。	R2 核素/希腊字母/单位
63	[FACT] 连续俘获的 T,ρ 依赖**严重**——标准网格的插值困难，需高阶插值。对阈值不为零的电子俘获尤为严重。	[FACT] 连续俘获的 T,$\rho$ 依赖**严重**——标准网格的插值困难，需高阶插值。对阈值不为零的电子俘获尤为严重。	R2 核素/希腊字母/单位
65	[FACT] FFN 的创新：**定义简单的连续俘获相空间积分**（基于母基态 → 子基态跃迁 Q 值），然后除以 FFN 表中速率得到**有效 ft 值**——这些对 T、ρ **依赖弱得多**。这种用**标准 Fermi 积分**的表述在 μ → 0 时具有连续值与连续导数。	[FACT] FFN 的创新：**定义简单的连续俘获相空间积分**（基于母基态 → 子基态跃迁 Q 值），然后除以 FFN 表中速率得到**有效 ft 值**——这些对 T、$\rho$ **依赖弱得多**。这种用**标准 Fermi 积分**的表述在 $\mu$ → 0 时具有连续值与连续导数。	R2 核素/希腊字母/单位
69	[FACT] 当前核状态方程观点：铁核坍缩早期，**核变得极度富中子**，以至于**允许电子俘获（Δl=0）被阻塞**——当中子填满与质子同 l 的子壳时。	[FACT] 当前核状态方程观点：铁核坍缩早期，**核变得极度富中子**，以至于**允许电子俘获（$\Delta$l=0）被阻塞**——当中子填满与质子同 l 的子壳时。	R2 核素/希腊字母/单位
89	[FACT] FFN 近期找到了**e⁻/e⁺ 俘获的逆反应**（即 ν/ν̄ 俘获）的表达式，以及 ν/ν̄ 对直接反应的**阻塞效应**——这两者在超新星核心坍缩中 ν/ν̄ 最终被捕获（neutrino trapping）时**变得重要**，导致**双向俘获间达成平衡**。	[FACT] FFN 近期找到了**e⁻/e⁺ 俘获的逆反应**（即 $\nu$/$\nu$̄ 俘获）的表达式，以及 $\nu$/$\nu$̄ 对直接反应的**阻塞效应**——这两者在超新星核心坍缩中 $\nu$/$\nu$̄ 最终被捕获（neutrino trapping）时**变得重要**，导致**双向俘获间达成平衡**。	R2 核素/希腊字母/单位
91	[FACT] 已导出一般解析表达式并以计算机可用的近似方程形式化。所有新结果将发表於 Fuller, Fowler, Newman (1984)（当时在准备中），并制作包含 ν/ν̄ 俘获的新磁带供研究者请求使用。	[FACT] 已导出一般解析表达式并以计算机可用的近似方程形式化。所有新结果将发表於 Fuller, Fowler, Newman (1984)（当时在准备中），并制作包含 $\nu$/$\nu$̄ 俘获的新磁带供研究者请求使用。	R2 核素/希腊字母/单位
95	弱相互作用在核合成中的不可替代性 → FFN 数据库构建（实验 GT 元 + 理论）→ 温度密度依赖的处理策略（有效 ft 值）→ 中子壳阻塞与坍缩 → 逆反应与 ν 阻塞 → 新磁带供研究社区使用。	弱相互作用在核合成中的不可替代性 → FFN 数据库构建（实验 GT 元 + 理论）→ 温度密度依赖的处理策略（有效 ft 值）→ 中子壳阻塞与坍缩 → 逆反应与 $\nu$ 阻塞 → 新磁带供研究社区使用。	R2 核素/希腊字母/单位
26	## 8.3 Figure 16 — 25 M☉ Pop I Type-II 超新星抛射物	## 8.3 Figure 16 — 25 $M_\odot$ Pop I Type-II 超新星抛射物	R2 核素/希腊字母/单位
29	[FACT] 展示 25 M☉ Pop I 恒星**超新星抛射物**（ejecta）中**最终质量分数分布**。	[FACT] 展示 25 $M_\odot$ Pop I 恒星**超新星抛射物**（ejecta）中**最终质量分数分布**。	R2 核素/希腊字母/单位
32	[FACT] 2.2 M☉ 以内的质量区被显著修改；2.2 M☉ 以外的物质几乎不被修改就抛出。	[FACT] 2.2 $M_\odot$ 以内的质量区被显著修改；2.2 $M_\odot$ 以外的物质几乎不被修改就抛出。	R2 核素/希腊字母/单位
38	[FACT] Woosley & Weaver (1982) 对 Fig. 16 中 1.5 < M < 2.2 M☉ 区与 Fig. 8(a) 中 M > 2.2 M☉ 区进行积分，得到抛出到星际介质的同位素丰度。	[FACT] Woosley & Weaver (1982) 对 Fig. 16 中 1.5 < M < 2.2 $M_\odot$ 区与 Fig. 8(a) 中 M > 2.2 $M_\odot$ 区进行积分，得到抛出到星际介质的同位素丰度。	R2 核素/希腊字母/单位
40	[FACT] **归一化**：以 ¹⁶O 为 1（其过产比 = 14，即每 1 g 原 ¹⁶O 抛出 14 g）。	[FACT] **归一化**：以 $^{16}{\rm O}$ 为 1（其过产比 = 14，即每 1 g 原 $^{16}{\rm O}$ 抛出 14 g）。	R2 核素/希腊字母/单位
48	[FACT] Fig. 17 的结果**令人失望**——若期望单一 25 M☉ Pop I 超新星抛射物以**相对恒定的过产因子**匹配太阳系丰度。	[FACT] Fig. 17 的结果**令人失望**——若期望单一 25 $M_\odot$ Pop I 超新星抛射物以**相对恒定的过产因子**匹配太阳系丰度。	R2 核素/希腊字母/单位
54	[FACT] Woosley, Axelrod, Weaver (1984) 讨论 **10–200 M☉** 质量范围的爆发丰度；**200 M☉ Pop III 星**产生大量 S、Ar、Ca，**可能补偿** Fig. 17 中的凹陷。	[FACT] Woosley, Axelrod, Weaver (1984) 讨论 **10–200 $M_\odot$** 质量范围的爆发丰度；**200 $M_\odot$ Pop III 星**产生大量 S、Ar、Ca，**可能补偿** Fig. 17 中的凹陷。	R2 核素/希腊字母/单位
58	[FACT] Pop III 星质量范围 **100 M☉ ≲ M ≲ 300 M☉**，被认为是从**纯 H 和 He** 在银河系早期形成的**极快速演化**的大质量星——它们**没有重元素丰度**，因此在现今 Pop I 星与古老低质量 Pop II 星中**都没有对应体**。	[FACT] Pop III 星质量范围 **100 $M_\odot$ ≲ M ≲ 300 $M_\odot$**，被认为是从**纯 H 和 He** 在银河系早期形成的**极快速演化**的大质量星——它们**没有重元素丰度**，因此在现今 Pop I 星与古老低质量 Pop II 星中**都没有对应体**。	R2 核素/希腊字母/单位
65	### 8.6.2 Arnett-Thielemann (1984) — 20 M☉ 重算	### 8.6.2 Arnett-Thielemann (1984) — 20 $M_\odot$ 重算	R2 核素/希腊字母/单位
66	[FACT] 使用 **¹²C(α,γ)¹⁶O 速率 × 3**（基于 Langanke & Koonin 1983 分析），重新计算 20 M☉ 恒星的准静态超新星前核合成，得到 Fig. 19：	[FACT] 使用 **$^{12}{\rm C}$($\alpha$,$\gamma$)$^{16}{\rm O}$ 速率 × 3**（基于 Langanke & Koonin 1983 分析），重新计算 20 $M_\odot$ 恒星的准静态超新星前核合成，得到 Fig. 19：	R2 核素/希腊字母/单位
91	### 8.7.3 1809 keV γ 射线线 — 银河系盘中的 ²⁶Al	### 8.7.3 1809 keV $\gamma$ 射线线 — 银河系盘中的 $^{26}{\rm Al}$	R2 核素/希腊字母/单位
93	[FACT] **HEAO 3 卫星**（Mahoney, Ling, Wheaton, Jacobson 1984）在 1760–1824 keV 范围观测到银河赤道平面的弥散 γ 射线。	[FACT] **HEAO 3 卫星**（Mahoney, Ling, Wheaton, Jacobson 1984）在 1760–1824 keV 范围观测到银河赤道平面的弥散 $\gamma$ 射线。	R2 核素/希腊字母/单位
95	[FACT] **1809 keV 离散线**，检测显著度**近 5σ**——归因于 ²⁶Mg 从第一激发态 (1809 keV) 到基态的跃迁。	[FACT] **1809 keV 离散线**，检测显著度**近 5$\sigma$**——归因于 $^{26}{\rm Mg}$ 从第一激发态 (1809 keV) 到基态的跃迁。	R2 核素/希腊字母/单位
97	[FACT] ²⁶Al → ²⁶Mg*(γ) → ²⁶Mg 的级联衰变**清楚显示²⁶Al 今天在星际介质中仍然存在**。	[FACT] $^{26}{\rm Al}$ → $^{26}{\rm Mg}$*($\gamma$) → $^{26}{\rm Mg}$ 的级联衰变**清楚显示$^{26}{\rm Al}$ 今天在星际介质中仍然存在**。	R2 核素/希腊字母/单位
99	[FACT] ²⁶Al 半衰期 **1.04×$10^{6}$ 年** → 表明²⁶Al **在几百万年内**一直产生，很可能是**持续产生**。	[FACT] $^{26}{\rm Al}$ 半衰期 **1.04×$10^{6}$ 年** → 表明$^{26}{\rm Al}$ **在几百万年内**一直产生，很可能是**持续产生**。	R2 核素/希腊字母/单位
101	[FACT] 定量：**银河系盘中 ²⁶Al/²⁷Al ~ $10^{-9}$**（太阳系形成时近似相同）。	[FACT] 定量：**银河系盘中 $^{26}{\rm Al}$/$^{27}{\rm Al}$ ~ $10^{-9}$**（太阳系形成时近似相同）。	R2 核素/希腊字母/单位
103	## 8.8 ²⁶Al 的合成位点	## 8.8 $^{26}{\rm Al}$ 的合成位点	R2 核素/希腊字母/单位
106	[FACT] Fowler 从 Ward & Fowler (1980) 起坚信：**²⁶Al 不可能在超新星高温区合成**——预期 Al(n,p)Mg 的截面很大。	[FACT] Fowler 从 Ward & Fowler (1980) 起坚信：**$^{26}{\rm Al}$ 不可能在超新星高温区合成**——预期 Al(n,p)Mg 的截面很大。	R2 核素/希腊字母/单位
108	[FACT] **验证**：Kellogg Lab 的 Skelton, Kavanagh, Sargood (1983) 通过**逆反应** Mg(p,n)²⁶Al（Fig. 22）的高分辨测量**证实**了该预期——"great beauty of high-resolution measurements"。	[FACT] **验证**：Kellogg Lab 的 Skelton, Kavanagh, Sargood (1983) 通过**逆反应** Mg(p,n)$^{26}{\rm Al}$（Fig. 22）的高分辨测量**证实**了该预期——"great beauty of high-resolution measurements"。	R2 核素/希腊字母/单位
111	[FACT] Clayton (1975, 1979, 1983, 1984), Clayton & Hoyle (1974, 1976), Mahoney et al. (1982, 1984), Arnould et al. (1980) 提出 ²⁶Al 在新星中产生。	[FACT] Clayton (1975, 1979, 1983, 1984), Clayton & Hoyle (1974, 1976), Mahoney et al. (1982, 1984), Arnould et al. (1980) 提出 $^{26}{\rm Al}$ 在新星中产生。	R2 核素/希腊字母/单位
113	[FACT] 新星物理：**氢从伴星吸积到白矮星** → 热失控 → 快 CN 循环 → **快 Mg-Al 循环** → ²⁶Al/²⁷Al) 1（Ward & Fowler 1980, Fig. 9）。	[FACT] 新星物理：**氢从伴星吸积到白矮星** → 热失控 → 快 CN 循环 → **快 Mg-Al 循环** → $^{26}{\rm Al}$/$^{27}{\rm Al}$) 1（Ward & Fowler 1980, Fig. 9）。	R2 核素/希腊字母/单位
115	[FACT] Clayton 估算：银河系银盘**每年约 40 次新星**，每次抛出 **$10^{-4}$ M☉ 物质**，含 ²⁶Al 质量分数 **3×$10^{-7}$**——可解释观测到的²⁶Al/²⁷Al ~ $10^{-9}$。	[FACT] Clayton 估算：银河系银盘**每年约 40 次新星**，每次抛出 **$10^{-4}$ $M_\odot$ 物质**，含 $^{26}{\rm Al}$ 质量分数 **3×$10^{-7}$**——可解释观测到的$^{26}{\rm Al}$/$^{27}{\rm Al}$ ~ $10^{-9}$。	R2 核素/希腊字母/单位
118	[FACT] Fowler, Greenstein, Hoyle (1962) 曾考虑高能质子辐照原行星物质产生²⁶Al（及 O、Li、Be、B），但需要**极大的主质子流与次中子流**——会显著改变丰度曲线。	[FACT] Fowler, Greenstein, Hoyle (1962) 曾考虑高能质子辐照原行星物质产生$^{26}{\rm Al}$（及 O、Li、Be、B），但需要**极大的主质子流与次中子流**——会显著改变丰度曲线。	R2 核素/希腊字母/单位
140	[FACT] **K(n,γ)** 和 **⁴⁰Ca(n,γ)** 的 Hauser-Feshbach 截面需**×10** 以匹配数据——基于可能的**复合核中阈值上方 s 波热共振**。	[FACT] **K(n,$\gamma$)** 和 **$^{40}{\rm Ca}$(n,$\gamma$)** 的 Hauser-Feshbach 截面需**×10** 以匹配数据——基于可能的**复合核中阈值上方 s 波热共振**。	R2 核素/希腊字母/单位
142	[FACT] Huck et al. (1981) 在 CERN 报告中**确实在⁴¹Ca 中阈值上方 0.16 MeV 处发现了一个激发态**——由 s 波俘获产生，满足 Sandler et al. 的要求。	[FACT] Huck et al. (1981) 在 CERN 报告中**确实在$^{41}{\rm Ca}$ 中阈值上方 0.16 MeV 处发现了一个激发态**——由 s 波俘获产生，满足 Sandler et al. 的要求。	R2 核素/希腊字母/单位
144	[FACT] ~$10^{3}$ 秒暴露时间由 ¹³N（τ=862 s）的平均寿命决定，¹³N 由**氢喷入红巨星 He 燃烧壳层**中 ¹²C(p,γ)¹³N 产生，随后 ¹³N(e⁺ν)¹²C → ¹²C(α,n)¹⁶O 提供中子源。	[FACT] ~$10^{3}$ 秒暴露时间由 $^{13}{\rm N}$（$\tau$=862 s）的平均寿命决定，$^{13}{\rm N}$ 由**氢喷入红巨星 He 燃烧壳层**中 $^{12}{\rm C}$(p,$\gamma$)$^{13}{\rm N}$ 产生，随后 $^{13}{\rm N}$(e⁺$\nu$)$^{12}{\rm C}$ → $^{12}{\rm C}$($\alpha$,n)$^{16}{\rm O}$ 提供中子源。	R2 核素/希腊字母/单位
148	已有反应速率 → 计算超新星前丰度 → Fig. 16 抛射物 → Fig. 17 过产比失败 → 修正方案（12C+α 速率 ×3、Type-I+Type-II 混合、Pop III 贡献）→ 观测验证（Cas A、Puppis A、1809 keV γ 线）→ ²⁶Al 位点问题（新星 vs 超新星）→ 陨石中稳定同位素异常。	已有反应速率 → 计算超新星前丰度 → Fig. 16 抛射物 → Fig. 17 过产比失败 → 修正方案（12C+$\alpha$ 速率 ×3、Type-I+Type-II 混合、Pop III 贡献）→ 观测验证（Cas A、Puppis A、1809 keV $\gamma$ 线）→ $^{26}{\rm Al}$ 位点问题（新星 vs 超新星）→ 陨石中稳定同位素异常。	R2 核素/希腊字母/单位
154	| 25 M☉ Type-II 超新星激波能量 | **~$10^{51}$ erg** |	| 25 $M_\odot$ Type-II 超新星激波能量 | **~$10^{51}$ erg** |	R2 核素/希腊字母/单位
155	| ¹⁶O 过产比 | **14** |	| $^{16}{\rm O}$ 过产比 | **14** |	R2 核素/希腊字母/单位
158	| 25 M☉ Pop I 中 [S/O], [Ar/O], [Ca/O] | **61, 55, 59**（Cas A, KB33 结） |	| 25 $M_\odot$ Pop I 中 [S/O], [Ar/O], [Ca/O] | **61, 55, 59**（Cas A, KB33 结） |	R2 核素/希腊字母/单位
159	| 银河系 ²⁶Al/²⁷Al | **~$10^{-9}$** |	| 银河系 $^{26}{\rm Al}$/$^{27}{\rm Al}$ | **~$10^{-9}$** |	R2 核素/希腊字母/单位
160	| ¹⁸⁰⁹ keV γ 线显著度 | **近 5σ** |	| ¹⁸⁰⁹ keV $\gamma$ 线显著度 | **近 5$\sigma$** |	R2 核素/希腊字母/单位
162	| 单次新星抛出质量 | **~$10^{-4}$ M☉** |	| 单次新星抛出质量 | **~$10^{-4}$ $M_\odot$** |	R2 核素/希腊字母/单位
165	| ¹³N 平均寿命 | **862 s** |	| $^{13}{\rm N}$ 平均寿命 | **862 s** |	R2 核素/希腊字母/单位
172	- 1809 keV ²⁶Al 线后来被 **INTEGRAL 卫星**（2003 年至今）绘制出完整的银河系地图，确认²⁶Al 分布在银盘。	- 1809 keV $^{26}{\rm Al}$ 线后来被 **INTEGRAL 卫星**（2003 年至今）绘制出完整的银河系地图，确认$^{26}{\rm Al}$ 分布在银盘。	R2 核素/希腊字母/单位
14	- **s 过程**：中子俘获速率 **远慢于** β 衰变 → 沿稳定核路径	- **s 过程**：中子俘获速率 **远慢于** $\beta$ 衰变 → 沿稳定核路径	R2 核素/希腊字母/单位
15	- **r 过程**：中子俘获速率 **远快于** β 衰变 → 沿富中子的不稳定核路径	- **r 过程**：中子俘获速率 **远快于** $\beta$ 衰变 → 沿富中子的不稳定核路径	R2 核素/希腊字母/单位
19	## 9.2 Figure 26 — s 过程的 1/σ 丰度曲线	## 9.2 Figure 26 — s 过程的 1/$\sigma$ 丰度曲线	R2 核素/希腊字母/单位
22	[FACT] Almeida & Kappeler (1983) 的 s 过程 **1/σ × A** 丰度曲线（30 keV 中子俘获截面 × 太阳丰度）——揭示**中子壳结构引入的"悬崖"**。	[FACT] Almeida & Kappeler (1983) 的 s 过程 **1/$\sigma$ × A** 丰度曲线（30 keV 中子俘获截面 × 太阳丰度）——揭示**中子壳结构引入的"悬崖"**。	R2 核素/希腊字母/单位
27	[FACT] 在这些 A 值处**中子俘获进入新中子壳的截面极小**，有限的中子供给导致 σN 积必须**下降到一个新平台**——正如观测所显示。	[FACT] 在这些 A 值处**中子俘获进入新中子壳的截面极小**，有限的中子供给导致 $\sigma$N 积必须**下降到一个新平台**——正如观测所显示。	R2 核素/希腊字母/单位
33	[FACT] **Iben (1975) 的"令人信服的答案"**：**s 过程位点是脉动红巨星的 He 燃烧壳层**，中子源为 **²²Ne(α,n)²⁵Mg**。	[FACT] **Iben (1975) 的"令人信服的答案"**：**s 过程位点是脉动红巨星的 He 燃烧壳层**，中子源为 **$^{22}{\rm Ne}$($\alpha$,n)$^{25}{\rm Mg}$**。	R2 核素/希腊字母/单位
37	[FACT] **Truran (1983) 保留了 ¹³C(α,n)¹⁶O 作为中子源的可能性**——这正是 Fowler 在 Sec. V 讨论的"未完成 CNO 循环"情形。	[FACT] **Truran (1983) 保留了 $^{13}{\rm C}$($\alpha$,n)$^{16}{\rm O}$ 作为中子源的可能性**——这正是 Fowler 在 Sec. V 讨论的"未完成 CNO 循环"情形。	R2 核素/希腊字母/单位
39	## 9.4 r 过程 —— 等待点方法 (B²FH 1957)	## 9.4 r 过程 —— 等待点方法 (B$^2$FH 1957)	R2 核素/希腊字母/单位
43	[FACT] 在爆发条件下，**大流量中子**将核种子驱向稳定谷的富中子一侧——在该侧，取决于温度，(n,γ) 与 (γ,n) 反应达到**平衡**。	[FACT] 在爆发条件下，**大流量中子**将核种子驱向稳定谷的富中子一侧——在该侧，取决于温度，(n,$\gamma$) 与 ($\gamma$,n) 反应达到**平衡**。	R2 核素/希腊字母/单位
45	[FACT] 核在此"**等待点（waiting point）**"停留，直到 **β 衰变**将中子转化为质子，然后才能继续中子俘获。	[FACT] 核在此"**等待点（waiting point）**"停留，直到 **$\beta$ 衰变**将中子转化为质子，然后才能继续中子俘获。	R2 核素/希腊字母/单位
51	[FACT] 一阶近似：**r 过程核丰度 × 其富中子前身核的 β 衰变速率 ≈ 常数**。	[FACT] 一阶近似：**r 过程核丰度 × 其富中子前身核的 $\beta$ 衰变速率 ≈ 常数**。	R2 核素/希腊字母/单位
53	[FACT] 在 magic neutron numbers 处，β 衰变**必须打开闭合中子壳**（将中子转化为质子），因此**速率很小** → **A=50, 82, 126 处前身核丰度很大**。	[FACT] 在 magic neutron numbers 处，$\beta$ 衰变**必须打开闭合中子壳**（将中子转化为质子），因此**速率很小** → **A=50, 82, 126 处前身核丰度很大**。	R2 核素/希腊字母/单位
63	[FACT] Becker & Fowler (1959) 给出了 r 过程丰度与 β 衰变速率的**唯象关联**——详细插图见 Fowler (1964) Fig. 13。	[FACT] Becker & Fowler (1959) 给出了 r 过程丰度与 $\beta$ 衰变速率的**唯象关联**——详细插图见 Fowler (1964) Fig. 13。	R2 核素/希腊字母/单位
69	[FACT] 学界普遍相信**等待点近似是粗糙的**——必须用**动态 r 过程流计算**取代，显式考虑 (n,γ)、(γ,n) 和 β 衰变速率，以及随时间变化的 T 和 n 通量。	[FACT] 学界普遍相信**等待点近似是粗糙的**——必须用**动态 r 过程流计算**取代，显式考虑 (n,$\gamma$)、($\gamma$,n) 和 $\beta$ 衰变速率，以及随时间变化的 T 和 n 通量。	R2 核素/希腊字母/单位
75	- **Sandler, Koonin, Fowler (1982)** 的 "nfβ 过程"（见 Sec. IX 讨论）	- **Sandler, Koonin, Fowler (1982)** 的 "nf$\beta$ 过程"（见 Sec. IX 讨论）	R2 核素/希腊字母/单位
85	[FACT] 起始恒星由与太阳系重元素分布相同但总量更小的物质形成；假设 H 燃烧后 He 核中存在显著的 ¹³C——该 ¹³C 由**H 引入核心**（已有一半 He 烧成 ¹²C）产生。	[FACT] 起始恒星由与太阳系重元素分布相同但总量更小的物质形成；假设 H 燃烧后 He 核中存在显著的 $^{13}{\rm C}$——该 $^{13}{\rm C}$ 由**H 引入核心**（已有一半 He 烧成 $^{12}{\rm C}$）产生。	R2 核素/希腊字母/单位
88	- **¹³C 丰度**：**14.3%（按质量）**	- **$^{13}{\rm C}$ 丰度**：**14.3%（按质量）**	R2 核素/希腊字母/单位
104	[FACT] Fowler 认为：**Cameron-Cowan-Truran (1984) 的 He 核热失控 r 过程**是最有希望的——他们不排除 ²²Ne(α,n)²⁵Mg 为中子源，但 Fig. 27 的详细结果基于 **¹³C(α,n)¹⁶O**。	[FACT] Fowler 认为：**Cameron-Cowan-Truran (1984) 的 He 核热失控 r 过程**是最有希望的——他们不排除 $^{22}{\rm Ne}$($\alpha$,n)$^{25}{\rm Mg}$ 为中子源，但 Fig. 27 的详细结果基于 **$^{13}{\rm C}$($\alpha$,n)$^{16}{\rm O}$**。	R2 核素/希腊字母/单位
13	[FACT]  armed with r 过程长寿命**天然放射性系列母体** Th、U、U 的丰度计算和当时太阳系的丰度，B²FH (1957) 得以确定 r 过程核合成的**持续时间**——从银河系最早恒星开始直到太阳系形成前的最后一次事件。	[FACT]  armed with r 过程长寿命**天然放射性系列母体** Th、U、U 的丰度计算和当时太阳系的丰度，B$^2$FH (1957) 得以确定 r 过程核合成的**持续时间**——从银河系最早恒星开始直到太阳系形成前的最后一次事件。	R2 核素/希腊字母/单位
17	[FACT] B²FH (1957) 的重大进展：考虑了**短寿命前身核的衰变**对长寿命"eon glasses"丰度的贡献。	[FACT] B$^2$FH (1957) 的重大进展：考虑了**短寿命前身核的衰变**对长寿命"eon glasses"丰度的贡献。	R2 核素/希腊字母/单位
21	²³²Th : 20.0 × $10^{9}$ 年	$^{232}{\rm Th}$ : 20.0 × $10^{9}$ 年	R2 核素/希腊字母/单位
22	²³⁵U  :  6.51 × $10^{9}$ 年	$^{235}{\rm U}$  :  6.51 × $10^{9}$ 年	R2 核素/希腊字母/单位
23	²³⁸U  : 10.3 × $10^{9}$ 年	$^{238}{\rm U}$  : 10.3 × $10^{9}$ 年	R2 核素/希腊字母/单位
31	### 10.1.2 B²FH (1957) 的两种情形	### 10.1.2 B$^2$FH (1957) 的两种情形	R2 核素/希腊字母/单位
51	¹²⁹I/¹²⁷I, τ(¹²⁹I) = 0.023 × $10^{9}$ 年	$^{129}{\rm I}$/$^{127}{\rm I}$, $\tau$($^{129}{\rm I}$) = 0.023 × $10^{9}$ 年	R2 核素/希腊字母/单位
52	²⁴⁴Pu/²³⁸U, τ(²⁴⁴Pu) = 0.117 × $10^{9}$ 年	$^{244}{\rm Pu}$/$^{238}{\rm U}$, $\tau$($^{244}{\rm Pu}$) = 0.117 × $10^{9}$ 年	R2 核素/希腊字母/单位
54	→ 允许确定另外两个参数：B²FH 时间间隔 + 指数时间依赖末端的"最后冲刺（last gasp）spike"的 r 过程比例。	→ 允许确定另外两个参数：B$^2$FH 时间间隔 + 指数时间依赖末端的"最后冲刺（last gasp）spike"的 r 过程比例。	R2 核素/希腊字母/单位
69	- 太阳前 spike 及其发生时间主要由**短寿命计时器** ¹²⁹I 和 ²⁴⁴Pu 决定	- 太阳前 spike 及其发生时间主要由**短寿命计时器** $^{129}{\rm I}$ 和 $^{244}{\rm Pu}$ 决定	R2 核素/希腊字母/单位
70	- **Th/²³⁸U 与 ²³⁵U/²³⁸U** 表明 **r 过程核合成在 17.9 ±²/₋₄ 十亿年前**开始（即 13.9–19.9 Gyr ago）	- **Th/$^{238}{\rm U}$ 与 $^{235}{\rm U}$/$^{238}{\rm U}$** 表明 **r 过程核合成在 17.9 ±²/₋₄ 十亿年前**开始（即 13.9–19.9 Gyr ago）	R2 核素/希腊字母/单位
89	[FACT] **¹⁸⁷Re → ¹⁸⁷Os**（τ = 65×$10^{9}$ 年）衰变提供**完全独立的核计时**——这是 s 过程相关计时器（虽然¹⁸⁷Re 是 r 过程产生的）。	[FACT] **$^{187}{\rm Re}$ → $^{187}{\rm Os}$**（$\tau$ = 65×$10^{9}$ 年）衰变提供**完全独立的核计时**——这是 s 过程相关计时器（虽然$^{187}{\rm Re}$ 是 r 过程产生的）。	R2 核素/希腊字母/单位
91	[FACT] Clayton (1964) 建议：比较母体 Re 与其子体 Os 的丰度，扣除 s-only 子体（¹⁸⁸Os）的贡献。	[FACT] Clayton (1964) 建议：比较母体 Re 与其子体 Os 的丰度，扣除 s-only 子体（$^{188}{\rm Os}$）的贡献。	R2 核素/希腊字母/单位
93	[FACT] 通过比较 **¹⁸⁸Os(n,γ)** 与**邻近的 s-only 同位素¹⁸⁷Os** 的截面，并用 s 过程的 **Nσ = const** 规则。	[FACT] 通过比较 **$^{188}{\rm Os}$(n,$\gamma$)** 与**邻近的 s-only 同位素$^{187}{\rm Os}$** 的截面，并用 s 过程的 **N$\sigma$ = const** 规则。	R2 核素/希腊字母/单位
95	[FACT] **Fowler (1972a) 指出 ¹⁸⁷Os 在 9.75 keV 处有低能激发态**——在 kT=30 keV（T=3.5×$10^{8}$ K，s 过程典型温度）处**几乎完全布居**，且 J=1/2 激发态统计权重 (2J+1) 是 J=1/2 基态的**两倍** → 基态截面测量只给出所需信息的**三分之一**。	[FACT] **Fowler (1972a) 指出 $^{187}{\rm Os}$ 在 9.75 keV 处有低能激发态**——在 kT=30 keV（T=3.5×$10^{8}$ K，s 过程典型温度）处**几乎完全布居**，且 J=1/2 激发态统计权重 (2J+1) 是 J=1/2 基态的**两倍** → 基态截面测量只给出所需信息的**三分之一**。	R2 核素/希腊字母/单位
97	[FACT] **Winters & Macklin (1982)** 测定 kT=30 keV 时 **¹⁸⁸Os(n,γ)/¹⁸⁷Os(n,γ)** 的 Maxwell-Boltzmann 平均基态截面比为 **0.478±0.022**（随温度缓慢变化）。	[FACT] **Winters & Macklin (1982)** 测定 kT=30 keV 时 **$^{188}{\rm Os}$(n,$\gamma$)/$^{187}{\rm Os}$(n,$\gamma$)** 的 Maxwell-Boltzmann 平均基态截面比为 **0.478±0.022**（随温度缓慢变化）。	R2 核素/希腊字母/单位
99	[FACT] 分母需乘理论修正因子（考虑¹⁸⁷Os 激发态贡献）——Woosley & Fowler (1979) 用 Hauser-Feshbach 理论给出**0.8–1.10** 范围——"little comfort in view of the fact that it multiplies one number comparable to the number from which it must be subtracted."	[FACT] 分母需乘理论修正因子（考虑$^{187}{\rm Os}$ 激发态贡献）——Woosley & Fowler (1979) 用 Hauser-Feshbach 理论给出**0.8–1.10** 范围——"little comfort in view of the fact that it multiplies one number comparable to the number from which it must be subtracted."	R2 核素/希腊字母/单位
103	[FACT] **Macklin et al. (1983)** 与 **Hershberger et al. (1983)** 测量了 ¹⁸⁷Os 基态到 9.75 keV 激发态的**非弹性中子散射截面**，支持 Woosley-Fowler 因子的**较低值** → 时间推至 **18–20 十亿年**——"concordant with the latest value from the Th/U nucleocosmochronology."	[FACT] **Macklin et al. (1983)** 与 **Hershberger et al. (1983)** 测量了 $^{187}{\rm Os}$ 基态到 9.75 keV 激发态的**非弹性中子散射截面**，支持 Woosley-Fowler 因子的**较低值** → 时间推至 **18–20 十亿年**——"concordant with the latest value from the Th/U nucleocosmochronology."	R2 核素/希腊字母/单位
105	### 10.1.7 ¹⁸⁷Re 寿命争议与 astromagnetic 效应	### 10.1.7 $^{187}{\rm Re}$ 寿命争议与 astromagnetic 效应	R2 核素/希腊字母/单位
111	[FACT] **银河环境中的有效寿命问题**：¹⁸⁷Re 在星际介质中被**s 过程（astromagnetic，天体吸收）**销毁——有效寿命降低，所有基于 Re/Os 的时间下移。	[FACT] **银河环境中的有效寿命问题**：$^{187}{\rm Re}$ 在星际介质中被**s 过程（astromagnetic，天体吸收）**销毁——有效寿命降低，所有基于 Re/Os 的时间下移。	R2 核素/希腊字母/单位
157	**目标提出**（元素起源问题）→ **早期图景**（Gamow 失败 → Hoyle 恒星合成）→ **方法论**（S 因子 → 反应速率）→ **氢燃烧**（pp 链 + 太阳中微子问题）→ **氦燃烧**（³α → ¹²C + Hoyle 共振态 + ¹²C/¹⁶O 争议）→ **高级燃烧**（C/Ne/O/Si 洋葱层）→ **弱相互作用**（FFN 速率表 + 中子壳阻塞）→ **超新星计算**（25 M☉ 丰度 + 观测验证）→ **同位素异常**（²⁶Al + 陨石）→ **s/r 过程**（等待点 → 动态流）→ **核宇宙化学计时**（宇宙年龄 ~15-19 Gyr）→ **结语**（"我们都是星尘"）。	**目标提出**（元素起源问题）→ **早期图景**（Gamow 失败 → Hoyle 恒星合成）→ **方法论**（S 因子 → 反应速率）→ **氢燃烧**（pp 链 + 太阳中微子问题）→ **氦燃烧**（³$\alpha$ → $^{12}{\rm C}$ + Hoyle 共振态 + $^{12}{\rm C}$/$^{16}{\rm O}$ 争议）→ **高级燃烧**（C/Ne/O/Si 洋葱层）→ **弱相互作用**（FFN 速率表 + 中子壳阻塞）→ **超新星计算**（25 $M_\odot$ 丰度 + 观测验证）→ **同位素异常**（$^{26}{\rm Al}$ + 陨石）→ **s/r 过程**（等待点 → 动态流）→ **核宇宙化学计时**（宇宙年龄 ~15-19 Gyr）→ **结语**（"我们都是星尘"）。	R2 核素/希腊字母/单位
166	- **¹⁷⁶Lu 衰变分支比**对核宇宙计时的影响（1990s）；	- **$^{176}{\rm Lu}$ 衰变分支比**对核宇宙计时的影响（1990s）；	R2 核素/希腊字母/单位
13	| 尤其 | in particular / notably | adv. | 举例 | "[FACT] ¹²C(α,γ)¹⁶O 反应率**尤其**是恒星光核合成最大单一不确定度之一" | 强调 |	| 尤其 | in particular / notably | adv. | 举例 | "[FACT] $^{12}{\rm C}$($\alpha$,$\gamma$)$^{16}{\rm O}$ 反应率**尤其**是恒星光核合成最大单一不确定度之一" | 强调 |	R2 核素/希腊字母/单位
14	| 特别是 | specifically / in particular | adv. | 举例 | "[FACT] 25 M☉ 恒星的洋葱分层结构中，Si 燃烧**特别是**产生 Ni⁵⁶ 前驱核的关键" | 举例 |	| 特别是 | specifically / in particular | adv. | 举例 | "[FACT] 25 $M_\odot$ 恒星的洋葱分层结构中，Si 燃烧**特别是**产生 Ni⁵⁶ 前驱核的关键" | 举例 |	R2 核素/希腊字母/单位
15	| 然而 | however / yet | conj. | 转折 | "[FACT] Hoyle 共振态的预言是成功的；**然而**¹²C(α,γ)¹⁶O 的 1.6 倍外推分歧至今未解" | 转折 |	| 然而 | however / yet | conj. | 转折 | "[FACT] Hoyle 共振态的预言是成功的；**然而**$^{12}{\rm C}$($\alpha$,$\gamma$)$^{16}{\rm O}$ 的 1.6 倍外推分歧至今未解" | 转折 |	R2 核素/希腊字母/单位
16	| 由于 | because / due to | prep. | 原因 | "[FACT] **由于**质量缺口 5 和 8 使大爆炸无法合成重元素，3α→¹²C 是唯一可行的绕道方案" | 因果 |	| 由于 | because / due to | prep. | 原因 | "[FACT] **由于**质量缺口 5 和 8 使大爆炸无法合成重元素，3$\alpha$→$^{12}{\rm C}$ 是唯一可行的绕道方案" | 因果 |	R2 核素/希腊字母/单位
17	| 随后 | subsequently | adv. | 顺序 | "[FACT] 主序阶段 H 燃烧结束后，**随后**恒星进入 He 燃烧阶段，3α 反应点燃" | 顺序 |	| 随后 | subsequently | adv. | 顺序 | "[FACT] 主序阶段 H 燃烧结束后，**随后**恒星进入 He 燃烧阶段，3$\alpha$ 反应点燃" | 顺序 |	R2 核素/希腊字母/单位
20	| 即 | namely / i.e. | conj. | 释义 | "[FACT] S 因子——**即** S(E) = σ(E)·E·exp(+E_b/√E)——剔除库仑势垒指数因子后的反应截面" | 释义 |	| 即 | namely / i.e. | conj. | 释义 | "[FACT] S 因子——**即** S(E) = $\sigma$(E)·E·exp(+E_b/√E)——剔除库仑势垒指数因子后的反应截面" | 释义 |	R2 核素/希腊字母/单位
22	| 根据 | according to | prep. | 依据 | "[FACT] **根据** FCZ (1967/1975) 反应速率表，太阳模型给出的 ⁸B 中微子通量与观测相差 ~4×" | 依据 |	| 根据 | according to | prep. | 依据 | "[FACT] **根据** FCZ (1967/1975) 反应速率表，太阳模型给出的 $^{8}{\rm B}$ 中微子通量与观测相差 ~4×" | 依据 |	R2 核素/希腊字母/单位
37	| Hoyle 共振态 (Hoyle state) | ¹²C 7.654 MeV 共振态，是 3α 反应的关键，1965 年实验验证 | 高频 | §02 |	| Hoyle 共振态 (Hoyle state) | $^{12}{\rm C}$ 7.654 MeV 共振态，是 3$\alpha$ 反应的关键，1965 年实验验证 | 高频 | §02 |	R2 核素/希腊字母/单位
38	| 3α 反应 (triple-alpha) | 3 个 α 粒子合成 ¹²C 的天体物理关键反应 | 高频 | §05 |	| 3$\alpha$ 反应 (triple-alpha) | 3 个 $\alpha$ 粒子合成 $^{12}{\rm C}$ 的天体物理关键反应 | 高频 | §05 |	R2 核素/希腊字母/单位
39	| ¹²C(α,γ)¹⁶O | 恒星 He 燃烧中决定 C/O 比的核心反应，速率仍存 1.6 倍不确定 | 高频 | §05 |	| $^{12}{\rm C}$($\alpha$,$\gamma$)$^{16}{\rm O}$ | 恒星 He 燃烧中决定 C/O 比的核心反应，速率仍存 1.6 倍不确定 | 高频 | §05 |	R2 核素/希腊字母/单位
41	| 洋葱分层 (onion-skin) | 25 M☉ 恒星从外到内 H→He→C→Ne→O→Si 依次燃烧 | 高频 | §06 |	| 洋葱分层 (onion-skin) | 25 $M_\odot$ 恒星从外到内 H→He→C→Ne→O→Si 依次燃烧 | 高频 | §06 |	R2 核素/希腊字母/单位
49	| ²⁶Al 1809 keV γ 线 | 银河系内 ²⁶Al β⁺ 衰变伴随的特征 γ 线，证明核合成"今天"仍在进行 | 高频 | §08 |	| $^{26}{\rm Al}$ 1809 keV $\gamma$ 线 | 银河系内 $^{26}{\rm Al}$ $\beta^{"+" if m.group(1)=="⁺" else "-"}$ 衰变伴随的特征 $\gamma$ 线，证明核合成"今天"仍在进行 | 高频 | §08 |	R2 核素/希腊字母/单位
51	| 核宇宙化学计时 (cosmochronology) | 用放射性核素（²³²Th, ²³⁵U, ²³⁸U, ¹⁸⁷Re）反推银河系年龄 | 高频 | §10 |	| 核宇宙化学计时 (cosmochronology) | 用放射性核素（$^{232}{\rm Th}$, $^{235}{\rm U}$, $^{238}{\rm U}$, $^{187}{\rm Re}$）反推银河系年龄 | 高频 | §10 |	R2 核素/希腊字母/单位
53	| 25 M☉ 恒星 | 大质量星标准模型；Woosley & Weaver (1982) 的核心输入 | 高频 | §06 |	| 25 $M_\odot$ 恒星 | 大质量星标准模型；Woosley & Weaver (1982) 的核心输入 | 高频 | §06 |	R2 核素/希腊字母/单位
56	| 等待点近似 (waiting-point) | r 过程丰度由 β 衰变慢的核素决定 | 中频 | §09 |	| 等待点近似 (waiting-point) | r 过程丰度由 $\beta$ 衰变慢的核素决定 | 中频 | §09 |	R2 核素/希腊字母/单位
66	> [FACT] **由于**质量缺口 5 和 8 使大爆炸无法合成重元素，3α→¹²C 是绕道方案；而 Hoyle 共振态（¹²C 7.654 MeV）正是这一绕道方案的物理钥匙——这一预言于 1965 年实验验证，成为天体物理预言的实验确认典范。	> [FACT] **由于**质量缺口 5 和 8 使大爆炸无法合成重元素，3$\alpha$→$^{12}{\rm C}$ 是绕道方案；而 Hoyle 共振态（$^{12}{\rm C}$ 7.654 MeV）正是这一绕道方案的物理钥匙——这一预言于 1965 年实验验证，成为天体物理预言的实验确认典范。	R2 核素/希腊字母/单位
74	> [FACT] S 因子——**即** S(E) = σ(E)·E·exp(+E_b/√E)——剔除库仑势垒指数因子后的反应截面，**因此**是外推到低能区的可靠工具；有效恒星反应能量 **即** $E_{0}$ = 0.122 ($Z_{0}$$Z_{1}$A)^(1/3) $T_{9}$^(2/3) MeV。	> [FACT] S 因子——**即** S(E) = $\sigma$(E)·E·exp(+E_b/√E)——剔除库仑势垒指数因子后的反应截面，**因此**是外推到低能区的可靠工具；有效恒星反应能量 **即** $E_{0}$ = 0.122 ($Z_{0}$$Z_{1}$A)^(1/3) $T_{9}$^(2/3) MeV。	R2 核素/希腊字母/单位
90	> [FACT] 25 M☉ 恒星的洋葱分层——从外到内 H→He→C→Ne→O→Si 依次燃烧——**最终**经历 Fe 芯塌缩超新星，把重元素抛入星际介质；**反之** 低质量星以 AGB 星方式通过星风把碳和 s 过程同位素温和地返回星际介质。	> [FACT] 25 $M_\odot$ 恒星的洋葱分层——从外到内 H→He→C→Ne→O→Si 依次燃烧——**最终**经历 Fe 芯塌缩超新星，把重元素抛入星际介质；**反之** 低质量星以 AGB 星方式通过星风把碳和 s 过程同位素温和地返回星际介质。	R2 核素/希腊字母/单位
9	[FACT] **这是一篇由 William A. Fowler（1983 年诺贝尔物理学奖得主）于 1983 年 12 月 8 日在瑞典皇家科学院发表的授奖演讲（Nobel Lecture），后刊载于 Rev. Mod. Phys. 56 (1984) 149–172。文章从 Kellogg Lab 的实验核天体物理视角，回顾了元素从大爆炸到超新星的合成路径、反应速率的方法论、¹²C/¹⁶O 争议、弱相互作用速率、超新星丰度计算、s/r 过程、以及核宇宙化学计时等 1984 年为止的核天体物理前沿。**	[FACT] **这是一篇由 William A. Fowler（1983 年诺贝尔物理学奖得主）于 1983 年 12 月 8 日在瑞典皇家科学院发表的授奖演讲（Nobel Lecture），后刊载于 Rev. Mod. Phys. 56 (1984) 149–172。文章从 Kellogg Lab 的实验核天体物理视角，回顾了元素从大爆炸到超新星的合成路径、反应速率的方法论、$^{12}{\rm C}$/$^{16}{\rm O}$ 争议、弱相互作用速率、超新星丰度计算、s/r 过程、以及核宇宙化学计时等 1984 年为止的核天体物理前沿。**	R2 核素/希腊字母/单位
17	4. **¹²C(α,γ)¹⁶O 反应的核物理**——红巨星氦燃烧的速率瓶颈，直接决定 ¹²C/¹⁶O 比。	4. **$^{12}{\rm C}$($\alpha$,$\gamma$)$^{16}{\rm O}$ 反应的核物理**——红巨星氦燃烧的速率瓶颈，直接决定 $^{12}{\rm C}$/$^{16}{\rm O}$ 比。	R2 核素/希腊字母/单位
19	6. **超新星中的爆发性核合成**——25 M☉ 丰度计算为何在 S–Cr 处凹陷？	6. **超新星中的爆发性核合成**——25 $M_\odot$ 丰度计算为何在 S–Cr 处凹陷？	R2 核素/希腊字母/单位
30	- **理论计算**：Woosley-Weaver 25 M☉ 恒星演化、Nomoto-Thielemann-Wheeler Type-I + Type-II 混合模型	- **理论计算**：Woosley-Weaver 25 $M_\odot$ 恒星演化、Nomoto-Thielemann-Wheeler Type-I + Type-II 混合模型	R2 核素/希腊字母/单位
31	- **观测验证**：Cas A 光谱、Einstein 卫星 X 射线、HEAO 3 1809 keV γ 线	- **观测验证**：Cas A 光谱、Einstein 卫星 X 射线、HEAO 3 1809 keV $\gamma$ 线	R2 核素/希腊字母/单位
36	1. **Hoyle 共振态**（¹²C 7.654 MeV 激发态，0.2875 MeV 高于 ⁸Be + α）——使 ³α → ¹²C 速率提升若干数量级，跨越质量缺口 5 和 8。	1. **Hoyle 共振态**（$^{12}{\rm C}$ 7.654 MeV 激发态，0.2875 MeV 高于 $^{8}{\rm Be}$ + $\alpha$）——使 ³$\alpha$ → $^{12}{\rm C}$ 速率提升若干数量级，跨越质量缺口 5 和 8。	R2 核素/希腊字母/单位
37	2. **S 因子外推框架**：σ(E) = πg λ² P(E) × [intrinsic]，S(E) = $E_{0}$(E) exp(+E_b/√E)；$E_{0}$ = 0.122 ($Z_{0}$$Z_{1}$A)^(1/3) $T_{9}$^(2/3) MeV。	2. **S 因子外推框架**：$\sigma$(E) = $\pi$g $\lambda$² P(E) × [intrinsic]，S(E) = $E_{0}$(E) exp(+E_b/√E)；$E_{0}$ = 0.122 ($Z_{0}$$Z_{1}$A)^(1/3) $T_{9}$^(2/3) MeV。	R2 核素/希腊字母/单位
39	4. **¹²C(α,γ)¹⁶O 外推分歧**：Caltech vs Münster 数据外推存在 **1.6 倍差异**，对 Si 燃烧最终结果有决定性影响。	4. **$^{12}{\rm C}$($\alpha$,$\gamma$)$^{16}{\rm O}$ 外推分歧**：Caltech vs Münster 数据外推存在 **1.6 倍差异**，对 Si 燃烧最终结果有决定性影响。	R2 核素/希腊字母/单位
40	5. **25 M☉ Pop I 超新星洋葱结构**：从 ²⁸Si 到 ⁵⁶Fe 的分层丰度，过产比 ~14。	5. **25 $M_\odot$ Pop I 超新星洋葱结构**：从 $^{28}{\rm Si}$ 到 $^{56}{\rm Fe}$ 的分层丰度，过产比 ~14。	R2 核素/希腊字母/单位
43	8. **²⁶Al 在银河系中仍在产生**：1809 keV γ 线（近 5σ）证明核合成**现在**仍在进行；位点更可能是**新星**而非超新星高温区。	8. **$^{26}{\rm Al}$ 在银河系中仍在产生**：1809 keV $\gamma$ 线（近 5$\sigma$）证明核合成**现在**仍在进行；位点更可能是**新星**而非超新星高温区。	R2 核素/希腊字母/单位
44	9. **r 过程动态流计算**：Cameron-Cowan-Truran (1984) 热失控模型，¹³C 富集、14.3% 质量分数、密度 $10^{3}$ g cm⁻³。	9. **r 过程动态流计算**：Cameron-Cowan-Truran (1984) 热失控模型，$^{13}{\rm C}$ 富集、14.3% 质量分数、密度 $10^{3}$ g cm⁻³。	R2 核素/希腊字母/单位
51	- **确立了 Kellogg Lab 在实验核天体物理中的领袖地位**（Hoyle 共振态、FFN 表、¹²C(α,γ)¹⁶O 数据、Al-Mg 化学等）；	- **确立了 Kellogg Lab 在实验核天体物理中的领袖地位**（Hoyle 共振态、FFN 表、$^{12}{\rm C}$($\alpha$,$\gamma$)$^{16}{\rm O}$ 数据、Al-Mg 化学等）；	R2 核素/希腊字母/单位
58	- 深地实验（LUNA, Gran Sasso）对 ¹²C(α,γ)¹⁶O 的低能测量	- 深地实验（LUNA, Gran Sasso）对 $^{12}{\rm C}$($\alpha$,$\gamma$)$^{16}{\rm O}$ 的低能测量	R2 核素/希腊字母/单位
60	- ¹⁷⁶Lu 衰变分支比对核宇宙计时的影响	- $^{176}{\rm Lu}$ 衰变分支比对核宇宙计时的影响	R2 核素/希腊字母/单位
67	- ¹²C(α,γ)¹⁶O 外推分歧（1.6 倍）	- $^{12}{\rm C}$($\alpha$,$\gamma$)$^{16}{\rm O}$ 外推分歧（1.6 倍）	R2 核素/希腊字母/单位
68	- 25 M☉ 超新星 S–Cr 凹陷	- 25 $M_\odot$ 超新星 S–Cr 凹陷	R2 核素/希腊字母/单位
74	1. **质量缺口 5 和 8** 使大爆炸无法合成重元素——3α → ¹²C 是绕道方案。	1. **质量缺口 5 和 8** 使大爆炸无法合成重元素——3$\alpha$ → $^{12}{\rm C}$ 是绕道方案。	R2 核素/希腊字母/单位
75	2. **Hoyle 共振态**（¹²C 7.654 MeV）是 1953 年实验验证的天体物理预言的典范。	2. **Hoyle 共振态**（$^{12}{\rm C}$ 7.654 MeV）是 1953 年实验验证的天体物理预言的典范。	R2 核素/希腊字母/单位
76	3. **S 因子 = σ · u**（中子）或 **S(E) = σ(E)·E·exp(+E_b/√E)**（带电粒子）——外推工具。	3. **S 因子 = $\sigma$ · u**（中子）或 **S(E) = $\sigma$(E)·E·exp(+E_b/√E)**（带电粒子）——外推工具。	R2 核素/希腊字母/单位
79	6. **¹²C(α,γ)¹⁶O 速率** 是恒星光核合成最大单一不确定性之一。	6. **$^{12}{\rm C}$($\alpha$,$\gamma$)$^{16}{\rm O}$ 速率** 是恒星光核合成最大单一不确定性之一。	R2 核素/希腊字母/单位
80	7. **25 M☉ 恒星洋葱分层**：H→He→C→Ne→O→Si 依次在内层发生，每层修改外层。	7. **25 $M_\odot$ 恒星洋葱分层**：H→He→C→Ne→O→Si 依次在内层发生，每层修改外层。	R2 核素/希腊字母/单位
82	9. **²⁶Al 1809 keV γ 线**证明核合成**今天**仍在银河系进行。	9. **$^{26}{\rm Al}$ 1809 keV $\gamma$ 线**证明核合成**今天**仍在银河系进行。	R2 核素/希腊字母/单位
84	11. **核宇宙化学计时**：²³²Th、²³⁵U、²³⁸U 的"eon glasses"——Th/U 给出 r 过程起始 ~17.9 Gyr ago。	11. **核宇宙化学计时**：$^{232}{\rm Th}$、$^{235}{\rm U}$、$^{238}{\rm U}$ 的"eon glasses"——Th/U 给出 r 过程起始 ~17.9 Gyr ago。	R2 核素/希腊字母/单位
93	| B²FH (1957) Rev. Mod. Phys. 29, 547 | 本文的**历史前身**；Fowler 是四位作者之一 |	| B$^2$FH (1957) Rev. Mod. Phys. 29, 547 | 本文的**历史前身**；Fowler 是四位作者之一 |	R2 核素/希腊字母/单位
97	| Woosley & Weaver (1982) | 25 M☉ 恒星演化与超新星前丰度 |	| Woosley & Weaver (1982) | 25 $M_\odot$ 恒星演化与超新星前丰度 |	R2 核素/希腊字母/单位
108	- FFN 弱速率表的有效 ft 值技巧（降低 T,ρ 依赖的插值难度）	- FFN 弱速率表的有效 ft 值技巧（降低 T,$\rho$ 依赖的插值难度）	R2 核素/希腊字母/单位
119	2. B²FH (1957) Rev. Mod. Phys. 29, 547 — 元素合成完整图景	2. B$^2$FH (1957) Rev. Mod. Phys. 29, 547 — 元素合成完整图景	R2 核素/希腊字母/单位
123	6. Woosley & Weaver (1982) — 25 M☉ 恒星演化	6. Woosley & Weaver (1982) — 25 $M_\odot$ 恒星演化	R2 核素/希腊字母/单位
129	12. Langanke & Koonin (1983) Nucl. Phys. A 410, 334 — ¹²C(α,γ)¹⁶O 理论	12. Langanke & Koonin (1983) Nucl. Phys. A 410, 334 — $^{12}{\rm C}$($\alpha$,$\gamma$)$^{16}{\rm O}$ 理论	R2 核素/希腊字母/单位
130	13. Sandler, Koonin, Fowler (1982) ApJ 259, 908 — nfβ 过程	13. Sandler, Koonin, Fowler (1982) ApJ 259, 908 — nf$\beta$ 过程	R2 核素/希腊字母/单位
131	14. Skelton, Kavanagh, Sargood (1983) — ²⁶Mg(p,n)²⁶Al	14. Skelton, Kavanagh, Sargood (1983) — $^{26}{\rm Mg}$(p,n)$^{26}{\rm Al}$	R2 核素/希腊字母/单位
138	- **¹²C(α,γ)¹⁶O 敏感性**：任何涉及 He 燃烧或 AGB 恒星的研究都直接依赖此速率。	- **$^{12}{\rm C}$($\alpha$,$\gamma$)$^{16}{\rm O}$ 敏感性**：任何涉及 He 燃烧或 AGB 恒星的研究都直接依赖此速率。	R2 核素/希腊字母/单位
139	- **s/r 过程分解**：恒星丰度分析中的 r/s 分解仍基于 Suess-Urey (1956) 与 B²FH 框架。	- **s/r 过程分解**：恒星丰度分析中的 r/s 分解仍基于 Suess-Urey (1956) 与 B$^2$FH 框架。	R2 核素/希腊字母/单位
170	- `02_early_research.md` — Sec. II 元素合成早期（质量缺口、Hoyle 共振态、B²FH）	- `02_early_research.md` — Sec. II 元素合成早期（质量缺口、Hoyle 共振态、B$^2$FH）	R2 核素/希腊字母/单位
173	- `05_helium_burning.md` — Sec. V ¹²C/¹⁶O 争议、He 燃烧中子源	- `05_helium_burning.md` — Sec. V $^{12}{\rm C}$/$^{16}{\rm O}$ 争议、He 燃烧中子源	R2 核素/希腊字母/单位
174	- `06_advanced_burning.md` — Sec. VI C/Ne/O/Si 燃烧、反应网络、α/e 过程	- `06_advanced_burning.md` — Sec. VI C/Ne/O/Si 燃烧、反应网络、$\alpha$/e 过程	R2 核素/希腊字母/单位
176	- `08_abundances_explosive.md` — Sec. VIII & X 超新星计算、Cas A、1809 keV γ 线	- `08_abundances_explosive.md` — Sec. VIII & X 超新星计算、Cas A、1809 keV $\gamma$ 线	R2 核素/希腊字母/单位
87	[FACT] B2FH 提出了 8 种元素合成过程：**α (alpha), ε (epsilon), s (slow neutron), r (rapid neutron), p (proton), x (unknown)** 加上氢燃烧、氦燃烧。作者明确写道："the introduction of a lettering notation for the various nuclear processes: α, ε, s, r, p, and x, which may have done more for the development of the subject than almost anything else!"	[FACT] B2FH 提出了 8 种元素合成过程：**$\alpha$ (alpha), $\epsilon$ (epsilon), s (slow neutron), r (rapid neutron), p (proton), x (unknown)** 加上氢燃烧、氦燃烧。作者明确写道："the introduction of a lettering notation for the various nuclear processes: $\alpha$, $\epsilon$, s, r, p, and x, which may have done more for the development of the subject than almost anything else!"	R2 核素/希腊字母/单位
100	- 主序寿命 ∝ M^(−2.25)，1M☉ ≈ 10^10 年，25M☉ ≈ 7×10^6 年	- 主序寿命 ∝ M^(−2.25)，1$M_\odot$ ≈ 10^10 年，25$M_\odot$ ≈ 7×10^6 年	R2 核素/希腊字母/单位
103	- AGB 超风阶段质量损失率 10^(−5)–10^(−4) M☉/yr（当脉动周期 > 400 天时）	- AGB 超风阶段质量损失率 10^(−5)–10^(−4) $M_\odot$/yr（当脉动周期 > 400 天时）	R2 核素/希腊字母/单位
104	- C/O 核质量阈值：≥0.9 M☉ 时 22Ne(α,n)25Mg 成为强中子源	- C/O 核质量阈值：≥0.9 $M_\odot$ 时 22Ne($\alpha$,n)25Mg 成为强中子源	R2 核素/希腊字母/单位
106	- SN1987A 抛射 ~0.1 M☉ 的 56Fe 至星际介质	- SN1987A 抛射 ~0.1 $M_\odot$ 的 56Fe 至星际介质	R2 核素/希腊字母/单位
107	- Neutron star 平均质量 1.35 ± 0.27 M☉	- Neutron star 平均质量 1.35 ± 0.27 $M_\odot$	R2 核素/希腊字母/单位
122	→ 3α + 12C(α,γ)16O：12C/16O 比率仍是核心不确定性	→ 3$\alpha$ + 12C($\alpha$,$\gamma$)16O：12C/16O 比率仍是核心不确定性	R2 核素/希腊字母/单位
123	→ s 过程：AGB 13C 口袋为低温中子源；22Ne(α,n) 为高温源	→ s 过程：AGB 13C 口袋为低温中子源；22Ne($\alpha$,n) 为高温源	R2 核素/希腊字母/单位
125	→ p 过程：γ 过程（光致中子剥离）为主导	→ p 过程：$\gamma$ 过程（光致中子剥离）为主导	R2 核素/希腊字母/单位
126	→ ε 过程：SN 塌缩核统计平衡产生铁族	→ $\epsilon$ 过程：SN 塌缩核统计平衡产生铁族	R2 核素/希腊字母/单位
152	- 12C(α,γ)16O 反应率的未解问题	- 12C($\alpha$,$\gamma$)16O 反应率的未解问题	R2 核素/希腊字母/单位
174	- **B²FH (1957)** — 奠基论文（Rev. Mod. Phys. 29, 547）	- **B$^2$FH (1957)** — 奠基论文（Rev. Mod. Phys. 29, 547）	R2 核素/希腊字母/单位
175	- **Trimble (1975)** — B²FH 18 年后综述（Rev. Mod. Phys. 47, 877）	- **Trimble (1975)** — B$^2$FH 18 年后综述（Rev. Mod. Phys. 47, 877）	R2 核素/希腊字母/单位
19	- [FACT] 当时 (n,γ) 截面数据首次公开，使得 s 过程定量分析成为可能。	- [FACT] 当时 (n,$\gamma$) 截面数据首次公开，使得 s 过程定量分析成为可能。	R2 核素/希腊字母/单位
20	- [FACT] B2FH 引入了 α, ε, s, r, p, x 六种过程字母标记法——作者认为这是该领域"最大的推动"。	- [FACT] B2FH 引入了 $\alpha$, $\epsilon$, s, r, p, x 六种过程字母标记法——作者认为这是该领域"最大的推动"。	R2 核素/希腊字母/单位
54	2. **Helium burning (3α + 12C(α,γ)16O)**：Hoyle 预言的 12C** 7.65 MeV 能级已被实验精确测量；**但 40 年后 12C(α,γ)16O 反应率仍未精确确定**——作者明确指出。	2. **Helium burning (3$\alpha$ + 12C($\alpha$,$\gamma$)16O)**：Hoyle 预言的 12C** 7.65 MeV 能级已被实验精确测量；**但 40 年后 12C($\alpha$,$\gamma$)16O 反应率仍未精确确定**——作者明确指出。	R2 核素/希腊字母/单位
55	3. **The α process**：B2FH 设想 4He 连续俘获至 40Ca；但 16O(α,γ)20Ne 速率极慢，因此实际上 C、O 燃烧负责 Ne 至 S 区。	3. **The $\alpha$ process**：B2FH 设想 4He 连续俘获至 40Ca；但 16O($\alpha$,$\gamma$)20Ne 速率极慢，因此实际上 C、O 燃烧负责 Ne 至 S 区。	R2 核素/希腊字母/单位
56	4. **The ε process (统计平衡)**：温度 4–5×10^9 K 时核物质达到统计平衡，集中于 56Fe 附近；仅在超新星中达到。**SN 1987A γ 射线观测**（56Fe 激发态退激）证实了铁族元素在 SN 中的大量合成。	4. **The $\epsilon$ process (统计平衡)**：温度 4–5×10^9 K 时核物质达到统计平衡，集中于 56Fe 附近；仅在超新星中达到。**SN 1987A $\gamma$ 射线观测**（56Fe 激发态退激）证实了铁族元素在 SN 中的大量合成。	R2 核素/希腊字母/单位
57	5. **The s process (慢中子俘获)**：中子源为 13C(α,n)16O 与 22Ne(α,n)25Mg；可从铁族一直合成至 Pb、Bi；超过 Bi 后 α 衰变回 Pb、Tl。	5. **The s process (慢中子俘获)**：中子源为 13C($\alpha$,n)16O 与 22Ne($\alpha$,n)25Mg；可从铁族一直合成至 Pb、Bi；超过 Bi 后 $\alpha$ 衰变回 Pb、Tl。	R2 核素/希腊字母/单位
58	6. **The r process (快中子俘获)**：时间尺度远小于 β 衰变寿命，产生比 s 过程丰度峰重约 10 个质量单位的中子幻数峰（N=50, 82）。历史上与 SN 关联；近十年关注**新形成中子星周围的中微子加热大气层**作为 r 过程位点。	6. **The r process (快中子俘获)**：时间尺度远小于 $\beta$ 衰变寿命，产生比 s 过程丰度峰重约 10 个质量单位的中子幻数峰（N=50, 82）。历史上与 SN 关联；近十年关注**新形成中子星周围的中微子加热大气层**作为 r 过程位点。	R2 核素/希腊字母/单位
59	7. **The p process (光致质子俘获/γ 过程)**：罕见的质子富集核如 92Mo 无法由纯中子俘获产生；可由高温 p 俘获或 SN 爆发中 (γ,n) 反应产生。	7. **The p process (光致质子俘获/$\gamma$ 过程)**：罕见的质子富集核如 92Mo 无法由纯中子俘获产生；可由高温 p 俘获或 SN 爆发中 ($\gamma$,n) 反应产生。	R2 核素/希腊字母/单位
62	[FACT] Wallerstein 在引言中还提出**"neutrino-process"（ν 过程）**作为 B2FH 八大过程之外的**第九种过程**：当大质量恒星核心塌缩为 NS 时，中微子通量极强，高能的 μ- 与 τ-中微子可以激发重元素甚至 He 到粒子不束缚态，通过蒸发单个中子或质子显著改变核合成结果。例如 20Ne 丰富的 Ne 燃烧壳层可能是 19F（稀有元素）的天然来源（Woosley et al. 1990; Timmes, Woosley & Weaver 1995）。	[FACT] Wallerstein 在引言中还提出**"neutrino-process"（$\nu$ 过程）**作为 B2FH 八大过程之外的**第九种过程**：当大质量恒星核心塌缩为 NS 时，中微子通量极强，高能的 $\mu$- 与 $\tau$-中微子可以激发重元素甚至 He 到粒子不束缚态，通过蒸发单个中子或质子显著改变核合成结果。例如 20Ne 丰富的 Ne 燃烧壳层可能是 19F（稀有元素）的天然来源（Woosley et al. 1990; Timmes, Woosley & Weaver 1995）。	R2 核素/希腊字母/单位
78	- [FACT] 温度 > 10^9 K 时 γγ ↔ e+e− 对形成平衡，e+e− → νν̄ 概率约 10^(-19)（但不可逆），中微子逸出带走能量	- [FACT] 温度 > 10^9 K 时 $\gamma$$\gamma$ ↔ e+e− 对形成平衡，e+e− → $\nu$$\nu$̄ 概率约 10^(-19)（但不可逆），中微子逸出带走能量	R2 核素/希腊字母/单位
79	- [FACT] 致密白矮星冷却阶段，**等离子体衰变 (plasmon decay)** 产生 νν̄，加速冷却	- [FACT] 致密白矮星冷却阶段，**等离子体衰变 (plasmon decay)** 产生 $\nu$$\nu$̄，加速冷却	R2 核素/希腊字母/单位
80	- [FACT] 大质量恒星核心塌缩时的中微子通量可激发重元素——**ν 过程**	- [FACT] 大质量恒星核心塌缩时的中微子通量可激发重元素——**$\nu$ 过程**	R2 核素/希腊字母/单位
106	- Woosley et al. (1990)（ν 过程 19F 起源）	- Woosley et al. (1990)（$\nu$ 过程 19F 起源）	R2 核素/希腊字母/单位
22	- **12C** 第二激发态 γ 宽度：B2FH 时代不确定至少一个数量级（Hoyle 1954 预言的 7.65 MeV 态对 3α 过程至关重要）	- **12C** 第二激发态 $\gamma$ 宽度：B2FH 时代不确定至少一个数量级（Hoyle 1954 预言的 7.65 MeV 态对 3$\alpha$ 过程至关重要）	R2 核素/希腊字母/单位
35	- 右半部分 (log T_eff ≤ 4.7)：初始质量 0.2, 1, 5, 25 M☉ 的模型单星演化轨迹，叠加真实亮星位置	- 右半部分 (log T_eff ≤ 4.7)：初始质量 0.2, 1, 5, 25 $M_\odot$ 的模型单星演化轨迹，叠加真实亮星位置	R2 核素/希腊字母/单位
37	- 0.6 M☉ 与 0.85 M☉ 虚线轨迹：AGB 超风阶段模型，展示类星体星云 (PN) 中心星的演化	- 0.6 $M_\odot$ 与 0.85 $M_\odot$ 虚线轨迹：AGB 超风阶段模型，展示类星体星云 (PN) 中心星的演化	R2 核素/希腊字母/单位
38	- 左半部分：LMXB 的最大光度，恒定半径线 ~ 10^25 cm（相当 1.4 M☉ NS 或 10 M☉ BH 的半径）	- 左半部分：LMXB 的最大光度，恒定半径线 ~ 10^25 cm（相当 1.4 $M_\odot$ NS 或 10 $M_\odot$ BH 的半径）	R2 核素/希腊字母/单位
41	[FACT] 主序寿命 τ_MS ∝ M^(−2.25)：	[FACT] 主序寿命 $\tau$_MS ∝ M^(−2.25)：	R2 核素/希腊字母/单位
42	- 1 M☉：~10^10 年（~1 Hubble 时间）	- 1 $M_\odot$：~10^10 年（~1 Hubble 时间）	R2 核素/希腊字母/单位
43	- 25 M☉：~7×10^6 年	- 25 $M_\odot$：~7×10^6 年	R2 核素/希腊字母/单位
45	[FACT] <0.8–1.0 M☉ 的恒星在主序寿命内不足以离开主序（因此 0.2 M☉ 轨迹极短）	[FACT] <0.8–1.0 $M_\odot$ 的恒星在主序寿命内不足以离开主序（因此 0.2 $M_\odot$ 轨迹极短）	R2 核素/希腊字母/单位
48	- <2.3 M☉ 模型在此阶段 He 核质量几乎相同 → 光度几乎相同 (~50 L☉)，寿命 ~10^8 年	- <2.3 $M_\odot$ 模型在此阶段 He 核质量几乎相同 → 光度几乎相同 (~50 L☉)，寿命 ~10^8 年	R2 核素/希腊字母/单位
52	- (a) M ≤ 2.3 M☉：惰性电子简并 He 核 + H 燃烧壳层（RGB）	- (a) M ≤ 2.3 $M_\odot$：惰性电子简并 He 核 + H 燃烧壳层（RGB）	R2 核素/希腊字母/单位
53	- (b) 2.3–20 M☉：核心 He 燃烧 + H 壳层燃烧的第一阶段	- (b) 2.3–20 $M_\odot$：核心 He 燃烧 + H 壳层燃烧的第一阶段	R2 核素/希腊字母/单位
54	- (c) 具有 ν 冷却的 CO 核 (1–9 M☉) 或 ONe 核 (9–11 M☉) + 交替 H/He 壳层燃烧（AGB 星）	- (c) 具有 $\nu$ 冷却的 CO 核 (1–9 $M_\odot$) 或 ONe 核 (9–11 $M_\odot$) + 交替 H/He 壳层燃烧（AGB 星）	R2 核素/希腊字母/单位
56	[FACT] **白矮星形成率**：~0.5–1 yr^(-1)，通过比较观测的 WD 数-光度分布与冷却模型得到；与 1–11 M☉ 恒星的形成率一致	[FACT] **白矮星形成率**：~0.5–1 yr^(-1)，通过比较观测的 WD 数-光度分布与冷却模型得到；与 1–11 $M_\odot$ 恒星的形成率一致	R2 核素/希腊字母/单位
59	- Deutsch (1956) 观测到 α Her（M 超巨星）高质量损失率	- Deutsch (1956) 观测到 $\alpha$ Her（M 超巨星）高质量损失率	R2 核素/希腊字母/单位
69	[FACT] 当脉动周期 > 400 天时，质量损失率 ~10^(-5)–10^(-4) M☉/yr（比核燃烧处理物质速率大 10^2–10^3 倍）	[FACT] 当脉动周期 > 400 天时，质量损失率 ~10^(-5)–10^(-4) $M_\odot$/yr（比核燃烧处理物质速率大 10^2–10^3 倍）	R2 核素/希腊字母/单位
71	[FACT] **WD 初始-最终质量关系**：WD 质量 ≈ 模型刚成为双壳层燃烧 AGB 星时的电子简并核质量 + 仅几个百分之一 M☉ 的核燃烧产物	[FACT] **WD 初始-最终质量关系**：WD 质量 ≈ 模型刚成为双壳层燃烧 AGB 星时的电子简并核质量 + 仅几个百分之一 $M_\odot$ 的核燃烧产物	R2 核素/希腊字母/单位
73	[FACT] 银河系中观测到的 WD 质量分布在 ~0.55–0.65 M☉ 处峰值（Liebert & Bergeron 1995）	[FACT] 银河系中观测到的 WD 质量分布在 ~0.55–0.65 $M_\odot$ 处峰值（Liebert & Bergeron 1995）	R2 核素/希腊字母/单位
80	- 发生在 H 燃烧消耗约 10% 星体质量（M < 2.3 M☉）或 0.1 M☉(M/M☉)^1.4（大质量）之后	- 发生在 H 燃烧消耗约 10% 星体质量（M < 2.3 $M_\odot$）或 0.1 $M_\odot$(M/$M_\odot$)^1.4（大质量）之后	R2 核素/希腊字母/单位
84	- [FACT] 但 <1.3 M☉ 巨星 Li 耗竭被低估多达两个数量级（Luck & Lambert 1982）——暗示**对流超射 (convective overshoot) 或差旋 (differential rotation) 比标准第一次挖掘更重要**	- [FACT] 但 <1.3 $M_\odot$ 巨星 Li 耗竭被低估多达两个数量级（Luck & Lambert 1982）——暗示**对流超射 (convective overshoot) 或差旋 (differential rotation) 比标准第一次挖掘更重要**	R2 核素/希腊字母/单位
86	**(ii) He 闪 (Helium flash)**（<2.3 M☉）：	**(ii) He 闪 (Helium flash)**（<2.3 $M_\odot$）：	R2 核素/希腊字母/单位
87	- He 核电子简并 → He 点火前核心达到 ~0.45–0.5 M☉ 时 He 闪	- He 核电子简并 → He 点火前核心达到 ~0.45–0.5 $M_\odot$ 时 He 闪	R2 核素/希腊字母/单位
91	- 在 5–9 M☉ 模型中：He 燃烧壳层接近 H-He 不连续面时	- 在 5–9 $M_\odot$ 模型中：He 燃烧壳层接近 H-He 不连续面时	R2 核素/希腊字母/单位
92	- CO 核质量 >0.56–0.61 M☉ 后触发	- CO 核质量 >0.56–0.61 $M_\odot$ 后触发	R2 核素/希腊字母/单位
95	[FACT] **9–11 M☉ 大质量模型的第二次挖掘极为复杂**：CO 核部分简并 + C 燃烧闪 + He 燃烧闪，能量来源可来自 C 燃烧、He 燃烧或引力热能（gravothermal energy）	[FACT] **9–11 $M_\odot$ 大质量模型的第二次挖掘极为复杂**：CO 核部分简并 + C 燃烧闪 + He 燃烧闪，能量来源可来自 C 燃烧、He 燃烧或引力热能（gravothermal energy）	R2 核素/希腊字母/单位
96	- 9 M☉ 模型：第一次 C 壳层闪 + 引力热能驱动挖掘（García-Berro et al. 1997）	- 9 $M_\odot$ 模型：第一次 C 壳层闪 + 引力热能驱动挖掘（García-Berro et al. 1997）	R2 核素/希腊字母/单位
97	- 10 M☉ 模型：C 燃烧晚期 + He 与 C 燃烧共同驱动（Ritossa et al. 1996）	- 10 $M_\odot$ 模型：C 燃烧晚期 + He 与 C 燃烧共同驱动（Ritossa et al. 1996）	R2 核素/希腊字母/单位
98	- 10.5 M☉ 模型：三种能量源均起作用（Iben, Ritossa, García-Berro 1997）	- 10.5 $M_\odot$ 模型：三种能量源均起作用（Iben, Ritossa, García-Berro 1997）	R2 核素/希腊字母/单位
124	[FACT] **闪初期**：14N 完全通过 14N(α,γ)18F(β+,n)18O(α,γ)22Ne 转化为 22Ne	[FACT] **闪初期**：14N 完全通过 14N($\alpha$,$\gamma$)18F($\beta$+,n)18O($\alpha$,$\gamma$)22Ne 转化为 22Ne	R2 核素/希腊字母/单位
130	| **22Ne(α,n)25Mg** | 对流区底部温度 > 3.5×10^8 K | CO 核质量 ≥ 0.9 M☉ 的 AGB 星 | s 过程同位素丰度比太阳大几百倍 |	| **22Ne($\alpha$,n)25Mg** | 对流区底部温度 > 3.5×10^8 K | CO 核质量 ≥ 0.9 $M_\odot$ 的 AGB 星 | s 过程同位素丰度比太阳大几百倍 |	R2 核素/希腊字母/单位
131	| **13C(α,n)16O** | 13C 口袋 (pocket) 形成后，~1.5×10^8 K | CO 核质量 < 0.9 M☉ 的 AGB 星 | 主要 s 过程中子源 |	| **13C($\alpha$,n)16O** | 13C 口袋 (pocket) 形成后，~1.5×10^8 K | CO 核质量 < 0.9 $M_\odot$ 的 AGB 星 | 主要 s 过程中子源 |	R2 核素/希腊字母/单位
133	[FACT] **B2FH 的历史性误差**：B2FH 猜测 21Ne(α,n)24Mg 可能是恒星中子源，**但完全没有考虑 22Ne(α,n)25Mg**（Cameron 1961 之后才被认识）	[FACT] **B2FH 的历史性误差**：B2FH 猜测 21Ne($\alpha$,n)24Mg 可能是恒星中子源，**但完全没有考虑 22Ne($\alpha$,n)25Mg**（Cameron 1961 之后才被认识）	R2 核素/希腊字母/单位
150	- 这意味着 **12C(α,γ)16O / 3α 比率的不确定性对挖掘物质中 C 丰度的影响远小于对 C/O 比的影响**（重要结论）	- 这意味着 **12C($\alpha$,$\gamma$)16O / 3$\alpha$ 比率的不确定性对挖掘物质中 C 丰度的影响远小于对 C/O 比的影响**（重要结论）	R2 核素/希腊字母/单位
153	- 3He 在主序星中心区域产生（Iben 1967b），比太阳低质量端（1–2 M☉）的 AGB 星保存并释放至 ISM——与类星体星云中高的 3He/H 比一致（Balsar et al. 1997）	- 3He 在主序星中心区域产生（Iben 1967b），比太阳低质量端（1–2 $M_\odot$）的 AGB 星保存并释放至 ISM——与类星体星云中高的 3He/H 比一致（Balsar et al. 1997）	R2 核素/希腊字母/单位
154	- 7Li：高质 AGB 星中，3He + 4He → 7Be 在对流包层底部发生；若 7Be 能混合至较冷区域，7Be(e−,ν)7Li 破坏 → Li 超丰（Cameron 1955; Cameron & Fowler 1971）	- 7Li：高质 AGB 星中，3He + 4He → 7Be 在对流包层底部发生；若 7Be 能混合至较冷区域，7Be(e−,$\nu$)7Li 破坏 → Li 超丰（Cameron 1955; Cameron & Fowler 1971）	R2 核素/希腊字母/单位
155	- [FACT] Sackmann & Boothroyd (1992) 构建 3–7 M☉ 演化模型，发现初始质量 **4–6 M☉** 的模型可重现 LMC 超锂巨星观测（Smith & Lambert 1989, 1990; Plez et al. 1993; Smith et al. 1995）	- [FACT] Sackmann & Boothroyd (1992) 构建 3–7 $M_\odot$ 演化模型，发现初始质量 **4–6 $M_\odot$** 的模型可重现 LMC 超锂巨星观测（Smith & Lambert 1989, 1990; Plez et al. 1993; Smith et al. 1995）	R2 核素/希腊字母/单位
190	[FACT] 大质量星（>11 M☉）通过强烈的辐射星风 (radiative wind) 进行质量损失（Cassinelli 1979）：	[FACT] 大质量星（>11 $M_\odot$）通过强烈的辐射星风 (radiative wind) 进行质量损失（Cassinelli 1979）：	R2 核素/希腊字母/单位
191	- 质量损失率随初始质量与光度增加，可达 ~几 ×10^(−5) M☉/yr	- 质量损失率随初始质量与光度增加，可达 ~几 ×10^(−5) $M_\odot$/yr	R2 核素/希腊字母/单位
192	- 对于 ≥30 M☉ 的星，质量损失时标与核燃烧寿命相当或更短——模型**必须**考虑质量损失	- 对于 ≥30 $M_\odot$ 的星，质量损失时标与核燃烧寿命相当或更短——模型**必须**考虑质量损失	R2 核素/希腊字母/单位
197	- 核心质量范围：5 M☉ < M_WR < 20 M☉（与初始质量无关）	- 核心质量范围：5 $M_\odot$ < M_WR < 20 $M_\odot$（与初始质量无关）	R2 核素/希腊字母/单位
198	- 质量损失率：Ṁ_WR ≈ (0.6–1.0)×10^(−7) (M_WR/M☉)^2.5 M☉/yr	- 质量损失率：Ṁ_WR ≈ (0.6–1.0)×10^(−7) (M_WR/$M_\odot$)^2.5 $M_\odot$/yr	R2 核素/希腊字母/单位
205	[FACT] **初始质量 >50 M☉ 的单星在超新星爆发前不成为巨星**——这对大质量双星演化有重要含义	[FACT] **初始质量 >50 $M_\odot$ 的单星在超新星爆发前不成为巨星**——这对大质量双星演化有重要含义	R2 核素/希腊字母/单位
209	[FACT] 大质量星内部演化（13 M☉ 以上）：	[FACT] 大质量星内部演化（13 $M_\odot$ 以上）：	R2 核素/希腊字母/单位
212	- Fe-Ni 核收缩加热 → 部分光致分解为 α 粒子和中子	- Fe-Ni 核收缩加热 → 部分光致分解为 $\alpha$ 粒子和中子	R2 核素/希腊字母/单位
216	- 初始质量 ~20 M☉ 的星爆炸时，**~0.1 M☉ 的 56Fe 被抛射至 ISM**（Arnett et al. 1989 光变曲线分析）	- 初始质量 ~20 $M_\odot$ 的星爆炸时，**~0.1 $M_\odot$ 的 56Fe 被抛射至 ISM**（Arnett et al. 1989 光变曲线分析）	R2 核素/希腊字母/单位
217	- 56Ni → β 衰变 → 56Co → β 衰变 → 56Fe	- 56Ni → $\beta$ 衰变 → 56Co → $\beta$ 衰变 → 56Fe	R2 核素/希腊字母/单位
218	- 激发态核能级退激产生的 γ 射线帮助供能光变曲线	- 激发态核能级退激产生的 $\gamma$ 射线帮助供能光变曲线	R2 核素/希腊字母/单位
225	- **本文采用具体假设**：M_crit = 40 M☉，M_NS = 1.4 M☉，M_BH = 10 M☉	- **本文采用具体假设**：M_crit = 40 $M_\odot$，M_NS = 1.4 $M_\odot$，M_BH = 10 $M_\odot$	R2 核素/希腊字母/单位
241	[FACT] **CE 效率参数**：α_CE = ΔE_remove / ΔE_bind	[FACT] **CE 效率参数**：$\alpha$_CE = $\Delta$E_remove / $\Delta$E_bind	R2 核素/希腊字母/单位
244	- 3D 光滑粒子流体动力学计算建议 α_CE ≈ 1（Rasio & Livio 1996; Yorke et al. 1995）	- 3D 光滑粒子流体动力学计算建议 $\alpha$_CE ≈ 1（Rasio & Livio 1996; Yorke et al. 1995）	R2 核素/希腊字母/单位
258	- 轨道周期 1.3–2 h：GWR 驱动质量转移，速率 (1–2)×10^(−10) M☉/yr	- 轨道周期 1.3–2 h：GWR 驱动质量转移，速率 (1–2)×10^(−10) $M_\odot$/yr	R2 核素/希腊字母/单位
259	- 轨道周期 3–20 h：MSW 驱动，速率 10^(−9)–10^(−8) M☉/yr	- 轨道周期 3–20 h：MSW 驱动，速率 10^(−9)–10^(−8) $M_\odot$/yr	R2 核素/希腊字母/单位
264	- WD 吸积 ~10^(-5) M☉（Ṁ_WD ~ 10^(-9) M☉/yr 时）→ H 在吸积层底部点火	- WD 吸积 ~10^(-5) $M_\odot$（Ṁ_WD ~ 10^(-9) $M_\odot$/yr 时）→ H 在吸积层底部点火	R2 核素/希腊字母/单位
270	- Paczynski-Uus 关系（用于 PN 中心星）：L_max/L☉ = 59,000 (M_WD/M☉)^0.52	- Paczynski-Uus 关系（用于 PN 中心星）：L_max/L☉ = 59,000 (M_WD/$M_\odot$)^0.52	R2 核素/希腊字母/单位
279	- 两颗中等质量主序星 → 两次 CE 事件 → 一对总质量 > Chandrasekhar 质量 (~1.4 M☉) 的 WD → GWR 使它们在 <Hubble 时间内合并 → 爆炸	- 两颗中等质量主序星 → 两次 CE 事件 → 一对总质量 > Chandrasekhar 质量 (~1.4 $M_\odot$) 的 WD → GWR 使它们在 <Hubble 时间内合并 → 爆炸	R2 核素/希腊字母/单位
295	- **双星场景**（Webbink 1984; Iben & Tutukov 1984a,b, 1996a,b）：CO WD + He WD 合并 → 混合 → He 燃烧使 CO 核增长 → 若合并产物质量 >0.78 M☉ → 进入 R CrB 区域	- **双星场景**（Webbink 1984; Iben & Tutukov 1984a,b, 1996a,b）：CO WD + He WD 合并 → 混合 → He 燃烧使 CO 核增长 → 若合并产物质量 >0.78 $M_\odot$ → 进入 R CrB 区域	R2 核素/希腊字母/单位
303	- 理论出生率：~2×10^(−5) yr^(−1)（α_CE=1）至 ~2×10^(−6) yr^(−1)（α_CE=0.5）	- 理论出生率：~2×10^(−5) yr^(−1)（$\alpha$_CE=1）至 ~2×10^(−6) yr^(−1)（$\alpha$_CE=0.5）	R2 核素/希腊字母/单位
304	- NS 吸积 ~0.01 M☉ → 自转周期降至毫秒范围 (<10^3×10^(-3) s) → 毫秒脉冲星 (MSP)	- NS 吸积 ~0.01 $M_\odot$ → 自转周期降至毫秒范围 (<10^3×10^(-3) s) → 毫秒脉冲星 (MSP)	R2 核素/希腊字母/单位
330	4. **大质量星的初始质量–最终产物（NS/BH）映射仍未理论化**——需要假设（本文取 M_crit = 40 M☉）	4. **大质量星的初始质量–最终产物（NS/BH）映射仍未理论化**——需要假设（本文取 M_crit = 40 $M_\odot$）	R2 核素/希腊字母/单位
332	6. **SN 1987A 光变曲线分析**证明 SN II 是宇宙铁的主要来源（~0.1 M☉ 56Fe/颗）	6. **SN 1987A 光变曲线分析**证明 SN II 是宇宙铁的主要来源（~0.1 $M_\odot$ 56Fe/颗）	R2 核素/希腊字母/单位
343	| 1 M☉ 主序寿命 | ~10^10 yr |	| 1 $M_\odot$ 主序寿命 | ~10^10 yr |	R2 核素/希腊字母/单位
344	| 25 M☉ 主序寿命 | ~7×10^6 yr |	| 25 $M_\odot$ 主序寿命 | ~7×10^6 yr |	R2 核素/希腊字母/单位
347	| AGB 超风质量损失率 | 10^(−5)–10^(−4) M☉/yr |	| AGB 超风质量损失率 | 10^(−5)–10^(−4) $M_\odot$/yr |	R2 核素/希腊字母/单位
350	| WD 质量分布峰值 | 0.55–0.65 M☉ |	| WD 质量分布峰值 | 0.55–0.65 $M_\odot$ |	R2 核素/希腊字母/单位
351	| 12C(α,γ)16O 速率确定性 | B2FH 后 40 年仍未确定 |	| 12C($\alpha$,$\gamma$)16O 速率确定性 | B2FH 后 40 年仍未确定 |	R2 核素/希腊字母/单位
352	| CO 核质量 s 过程中子源阈值 | ≥ 0.9 M☉（22Ne 源） |	| CO 核质量 s 过程中子源阈值 | ≥ 0.9 $M_\odot$（22Ne 源） |	R2 核素/希腊字母/单位
356	| WR 星质量损失率 | ~10^(−7) M☉/yr |	| WR 星质量损失率 | ~10^(−7) $M_\odot$/yr |	R2 核素/希腊字母/单位
357	| M_crit（NS/BH 分界）| 40 M☉（本文假设） |	| M_crit（NS/BH 分界）| 40 $M_\odot$（本文假设） |	R2 核素/希腊字母/单位
358	| NS 平均引力质量 | 1.35 ± 0.27 M☉ |	| NS 平均引力质量 | 1.35 ± 0.27 $M_\odot$ |	R2 核素/希腊字母/单位
359	| SN 1987A 56Fe 抛射量 | ~0.1 M☉ |	| SN 1987A 56Fe 抛射量 | ~0.1 $M_\odot$ |	R2 核素/希腊字母/单位
11	## 3.1 A. The p(p,e⁺,νₑ)d reaction	## 3.1 A. The p(p,e⁺,$\nu$ₑ)d reaction	R2 核素/希腊字母/单位
13	[FACT] pp 链第一步的 $S_{11}$(0;δ) 决定整个 pp 链速率：	[FACT] pp 链第一步的 $S_{11}$(0;$\delta$) 决定整个 pp 链速率：	R2 核素/希腊字母/单位
20	- δ = 0.01 (0.004 < δ < 0.03)（Bahcall & Pinsonneault 1992）——**ρ/ω 介子交换对核矩阵元的修正**	- $\delta$ = 0.01 (0.004 < $\delta$ < 0.03)（Bahcall & Pinsonneault 1992）——**$\rho$/$\omega$ 介子交换对核矩阵元的修正**	R2 核素/希腊字母/单位
22	[FACT] $S_{11}$(0;δ) = 3.78×10^(-25) MeV·b，不确定度来自 δ 的取值：S 的范围 3.94–4.15×10^(-25) MeV·b，即 **+4.0% / −1.3%**	[FACT] $S_{11}$(0;$\delta$) = 3.78×10^(-25) MeV·b，不确定度来自 $\delta$ 的取值：S 的范围 3.94–4.15×10^(-25) MeV·b，即 **+4.0% / −1.3%**	R2 核素/希腊字母/单位
30	[FACT] 太阳中心 $T_{6}$=15.6 对应 Gamov 峰在 $E_{0}$ = 22 keV，宽度 Δ$E_{0}$ = 12 keV——因此 21–24 keV 的实验**恰好覆盖太阳 Gamov 峰**	[FACT] 太阳中心 $T_{6}$=15.6 对应 Gamov 峰在 $E_{0}$ = 22 keV，宽度 $\Delta$$E_{0}$ = 12 keV——因此 21–24 keV 的实验**恰好覆盖太阳 Gamov 峰**	R2 核素/希腊字母/单位
42	## 3.3 C. The 3He(α,γ)7Be reaction	## 3.3 C. The 3He($\alpha$,$\gamma$)7Be reaction	R2 核素/希腊字母/单位
44	[FACT] 六组 γ 射线探测实验的加权平均：**$S_{34}$(0) = 0.507 ± 0.016 keV·b**	[FACT] 六组 $\gamma$ 射线探测实验的加权平均：**$S_{34}$(0) = 0.507 ± 0.016 keV·b**	R2 核素/希腊字母/单位
52	[FACT] 三组 7Be 放射性活度实验给出 **$S_{34}$(0) = 0.579 ± 0.024 keV·b**——与 γ 方法结果在 **3σ 水平上不一致**	[FACT] 三组 7Be 放射性活度实验给出 **$S_{34}$(0) = 0.579 ± 0.024 keV·b**——与 $\gamma$ 方法结果在 **3$\sigma$ 水平上不一致**	R2 核素/希腊字母/单位
54	[FACT] 九组实验联合：$S_{34}$(0) = 0.533 ± 0.013 keV·b（χ²=13.4, d.o.f.=8），建议的保守估计为 **$S_{34}$(0) = 0.53 ± 0.05 keV·b**（通过增大不确定度因子 3.7 使 χ²/d.o.f. = 0.46）	[FACT] 九组实验联合：$S_{34}$(0) = 0.533 ± 0.013 keV·b（$\chi$²=13.4, d.o.f.=8），建议的保守估计为 **$S_{34}$(0) = 0.53 ± 0.05 keV·b**（通过增大不确定度因子 3.7 使 $\chi$²/d.o.f. = 0.46）	R2 核素/希腊字母/单位
56	## 3.4 D. The 7Be(p,γ)8B reaction	## 3.4 D. The 7Be(p,$\gamma$)8B reaction	R2 核素/希腊字母/单位
58	[FACT] 8B 终止支仅占 pp 链的 **~0.01%**，对太阳能量产生不重要，但 8B β 衰变产生的中微子（E_max ~ 14 MeV）是 Homestake, Kamiokande, SNO 等实验的关键	[FACT] 8B 终止支仅占 pp 链的 **~0.01%**，对太阳能量产生不重要，但 8B $\beta$ 衰变产生的中微子（E_max ~ 14 MeV）是 Homestake, Kamiokande, SNO 等实验的关键	R2 核素/希腊字母/单位
71	## 3.5 E. The 7Li(n,γ)8Li reaction	## 3.5 E. The 7Li(n,$\gamma$)8Li reaction	R2 核素/希腊字母/单位
73	[FACT] 7Li(n,γ)8Li 是 7Be(p,γ)8B 的同位旋镜像	[FACT] 7Li(n,$\gamma$)8Li 是 7Be(p,$\gamma$)8B 的同位旋镜像	R2 核素/希腊字母/单位
76	- Descouvemont & Baye (1994) 的三簇生成坐标方法计算与 Imhof/Blackmon 一致，并预言 **$S_{17}$(0) > 24 eV·b**（对 7Be(p,γ)8B 的镜像）	- Descouvemont & Baye (1994) 的三簇生成坐标方法计算与 Imhof/Blackmon 一致，并预言 **$S_{17}$(0) > 24 eV·b**（对 7Be(p,$\gamma$)8B 的镜像）	R2 核素/希腊字母/单位
78	## 3.6 F. The 14N(p,γ)15O reaction	## 3.6 F. The 14N(p,$\gamma$)15O reaction	R2 核素/希腊字母/单位
82	[FACT] Schröder et al. (1987) 发现亚阈值共振（Ec.m. = 2504 keV, J^π = 3/$2^{+}$）的高能尾干涉效应，贡献了近一半的总 S(0)	[FACT] Schröder et al. (1987) 发现亚阈值共振（Ec.m. = 2504 keV, J^$\pi$ = 3/$2^{+}$）的高能尾干涉效应，贡献了近一半的总 S(0)	R2 核素/希腊字母/单位
88	## 3.7 G. The 17O(p,α)14N reaction	## 3.7 G. The 17O(p,$\alpha$)14N reaction	R2 核素/希腊字母/单位
94	[FACT] 17O(p,α)14N 在 $T_{9}$ < 0.1 时由 Ec.m. = 70 keV 的 J^π = $1^{-}$ 共振决定	[FACT] 17O(p,$\alpha$)14N 在 $T_{9}$ < 0.1 时由 Ec.m. = 70 keV 的 J^$\pi$ = $1^{-}$ 共振决定	R2 核素/希腊字母/单位
96	[FACT] Blackmon et al. (1995) 对该共振的直接测量：**Γ_pγ ≈ 5.5 neV**，将不确定度从 **~100× 减小至 ~±20%**	[FACT] Blackmon et al. (1995) 对该共振的直接测量：**$\Gamma$_p$\gamma$ ≈ 5.5 neV**，将不确定度从 **~100× 减小至 ~±20%**	R2 核素/希腊字母/单位
100	[FACT] B2FH 未预见到的新现象：**热 CNO 循环**（13N(p,γ)14O 速率足够快，绕开 13N β 衰变）	[FACT] B2FH 未预见到的新现象：**热 CNO 循环**（13N(p,$\gamma$)14O 速率足够快，绕开 13N $\beta$ 衰变）	R2 核素/希腊字母/单位
102	[FACT] 三种独立测量（13N 束直接测量 Decrock 1991; 14O(γ,p)13N 逆反应 Motobayashi 1991, Kiener 1993）给出 Ec.m. = 529 keV, l=0 共振强度：**Γ_pγ = 2.3 ± 0.5 eV**	[FACT] 三种独立测量（13N 束直接测量 Decrock 1991; 14O($\gamma$,p)13N 逆反应 Motobayashi 1991, Kiener 1993）给出 Ec.m. = 529 keV, l=0 共振强度：**$\Gamma$_p$\gamma$ = 2.3 ± 0.5 eV**	R2 核素/希腊字母/单位
109	- 15O(α,γ)19Ne(p,γ)20Na	- 15O($\alpha$,$\gamma$)19Ne(p,$\gamma$)20Na	R2 核素/希腊字母/单位
116	2. $S_{34}$(0)：γ 与活化实验的 3σ 系统差异	2. $S_{34}$(0)：$\gamma$ 与活化实验的 3$\sigma$ 系统差异	R2 核素/希腊字母/单位
117	3. 14N(p,γ)15O：亚阈值共振导致 ~2× 不确定度 → 球状星团年龄 ±1 Gyr	3. 14N(p,$\gamma$)15O：亚阈值共振导致 ~2× 不确定度 → 球状星团年龄 ±1 Gyr	R2 核素/希腊字母/单位
125	| pp | 3.78×$10^{-25}$ MeV·b | +4.0% / −1.3% | δ 主导 |	| pp | 3.78×$10^{-25}$ MeV·b | +4.0% / −1.3% | $\delta$ 主导 |	R2 核素/希腊字母/单位
127	| 3He(α,γ)7Be | 0.53 ± 0.05 keV·b | ~10% | 系统误差主导 |	| 3He($\alpha$,$\gamma$)7Be | 0.53 ± 0.05 keV·b | ~10% | 系统误差主导 |	R2 核素/希腊字母/单位
128	| 7Be(p,γ)8B | 19 ± 2 eV·b | ~10% | 太阳中微子关键 |	| 7Be(p,$\gamma$)8B | 19 ± 2 eV·b | ~10% | 太阳中微子关键 |	R2 核素/希腊字母/单位
129	| 14N(p,γ)15O | 3.5^{+0.4}_{-1.6} keV·b | ~2× | CNO 限速反应 |	| 14N(p,$\gamma$)15O | 3.5^{+0.4}_{-1.6} keV·b | ~2× | CNO 限速反应 |	R2 核素/希腊字母/单位
130	| 17O(p,α)14N Γ_pγ | 5.5 neV | ±20% | 已从 100× 降至 20% |	| 17O(p,$\alpha$)14N $\Gamma$_p$\gamma$ | 5.5 neV | ±20% | 已从 100× 降至 20% |	R2 核素/希腊字母/单位
109	1. **低比值**：4He(3H,γ)7Li 主导	1. **低比值**：4He(3H,$\gamma$)7Li 主导	R2 核素/希腊字母/单位
110	2. **中比值**：7Li(p,α)4He 破坏 7Li → 7Li 丰度出现**凹陷**（在 n/γ ~ 127×10^(-10) 处）	2. **中比值**：7Li(p,$\alpha$)4He 破坏 7Li → 7Li 丰度出现**凹陷**（在 n/$\gamma$ ~ 127×10^(-10) 处）	R2 核素/希腊字母/单位
111	3. **高比值**：4He(3He,γ)7Be(e⁻,νₑ)7Li 再次产生 7Li	3. **高比值**：4He(3He,$\gamma$)7Be(e⁻,$\nu$ₑ)7Li 再次产生 7Li	R2 核素/希腊字母/单位
121	[FACT] Steigman & Walker (1992)：**晕区散裂**比 α+α 反应更高效产生轻元素	[FACT] Steigman & Walker (1992)：**晕区散裂**比 $\alpha$+$\alpha$ 反应更高效产生轻元素	R2 核素/希腊字母/单位
127	[FACT] AGB 星可产生 7Li：3He + 4He → 7Be → 7Be(e⁻,νₑ)7Li（Cameron 1955）	[FACT] AGB 星可产生 7Li：3He + 4He → 7Be → 7Be(e⁻,$\nu$ₑ)7Li（Cameron 1955）	R2 核素/希腊字母/单位
131	- Sackmann & Boothroyd (1992) 3–7 M☉ 模型可重现 LMC 超锂巨星（初始质量 **4–6 M☉**）	- Sackmann & Boothroyd (1992) 3–7 $M_\odot$ 模型可重现 LMC 超锂巨星（初始质量 **4–6 $M_\odot$**）	R2 核素/希腊字母/单位
136	- Ne 燃烧壳层中丰富的 20Ne 通过 ν 过程（neutrino evaporation）产生 19F	- Ne 燃烧壳层中丰富的 20Ne 通过 $\nu$ 过程（neutrino evaporation）产生 19F	R2 核素/希腊字母/单位
137	- **ν 过程被提议作为 B2FH 八过程之外的新过程**	- **$\nu$ 过程被提议作为 B2FH 八过程之外的新过程**	R2 核素/希腊字母/单位
144	- **19F**：恒星 ν 过程（中微子加热重元素）	- **19F**：恒星 $\nu$ 过程（中微子加热重元素）	R2 核素/希腊字母/单位
164	| AGB 7Li 超丰质量范围 | 4–6 M☉ |	| AGB 7Li 超丰质量范围 | 4–6 $M_\odot$ |	R2 核素/希腊字母/单位
14	- 16O(α,γ)20Ne 速率在 $T_{9}$ < 0.2 时远低于 12C(α,γ)16O（Fowler et al. 1975）	- 16O($\alpha$,$\gamma$)20Ne 速率在 $T_{9}$ < 0.2 时远低于 12C($\alpha$,$\gamma$)16O（Fowler et al. 1975）	R2 核素/希腊字母/单位
17	[FACT] **12C(α,γ)16O 反应率是核天体物理当今最重要的未解决问题之一**：	[FACT] **12C($\alpha$,$\gamma$)16O 反应率是核天体物理当今最重要的未解决问题之一**：	R2 核素/希腊字母/单位
23	## 5.2 A. Triple-α capture	## 5.2 A. Triple-$\alpha$ capture	R2 核素/希腊字母/单位
26	1. 两个 α 粒子在 8Be 基态（非束缚，半衰期 $t_{1}$/₂ = 0.97×10^(-16) s）中短暂共存	1. 两个 $\alpha$ 粒子在 8Be 基态（非束缚，半衰期 $t_{1}$/₂ = 0.97×10^(-16) s）中短暂共存	R2 核素/希腊字母/单位
27	2. 第三个 α 粒子在 8Be 衰变前被俘获，形成 12C** (Ex = 7.6542 MeV, J^π = $0^{+}$)	2. 第三个 $\alpha$ 粒子在 8Be 衰变前被俘获，形成 12C** (Ex = 7.6542 MeV, J^$\pi$ = $0^{+}$)	R2 核素/希腊字母/单位
31	[FACT] **三 α 反应速率**：	[FACT] **三 $\alpha$ 反应速率**：	R2 核素/希腊字母/单位
35	- Q = (M_12C** − 3M_α)c² = 379.5 ± 0.3 keV	- Q = (M_12C** − 3M_$\alpha$)c² = 379.5 ± 0.3 keV	R2 核素/希腊字母/单位
36	- Γ_γ = (3.64 ± 0.50) meV	- $\Gamma$_$\gamma$ = (3.64 ± 0.50) meV	R2 核素/希腊字母/单位
37	- Γ_pair = (60.5 ± 3.9) meV	- $\Gamma$_pair = (60.5 ± 3.9) meV	R2 核素/希腊字母/单位
38	- Γ_rad = Γ_γ + Γ_pair << Γ_α ≈ Γ → 速率仅依赖 Γ_rad	- $\Gamma$_rad = $\Gamma$_$\gamma$ + $\Gamma$_pair << $\Gamma$_$\alpha$ ≈ $\Gamma$ → 速率仅依赖 $\Gamma$_rad	R2 核素/希腊字母/单位
40	[FACT] **B2FH 时代低估此速率**：Γ_γ = 1 meV（偏低）部分被当时较小的 Q 值（372 keV，而非 379.5 keV）的指数因子补偿	[FACT] **B2FH 时代低估此速率**：$\Gamma$_$\gamma$ = 1 meV（偏低）部分被当时较小的 Q 值（372 keV，而非 379.5 keV）的指数因子补偿	R2 核素/希腊字母/单位
42	## 5.3 B. α + 12C capture	## 5.3 B. $\alpha$ + 12C capture	R2 核素/希腊字母/单位
49	- η = $Z_{1}$$Z_{2}$e²/ℏv（Sommerfeld 库仑参数）	- $\eta$ = $Z_{1}$$Z_{2}$e²/ℏv（Sommerfeld 库仑参数）	R2 核素/希腊字母/单位
70	| Dyer & Barnes (1974) | 140^{−120}_{+140} (3-level R-matrix) | σ(90°) 测量 + E2 修正 |	| Dyer & Barnes (1974) | 140^{−120}_{+140} (3-level R-matrix) | $\sigma$(90°) 测量 + E2 修正 |	R2 核素/希腊字母/单位
71	| Redder et al. (1987) | 200^{−110}_{+270} (3-level R-matrix) | σ(θ) 测量，分离 E1/E2 |	| Redder et al. (1987) | 200^{−110}_{+270} (3-level R-matrix) | $\sigma$($\theta$) 测量，分离 E1/E2 |	R2 核素/希腊字母/单位
72	| Kremer et al. (1988) | 10^{−10}_{+130} (3-level R-matrix + l=1 相移约束) | σ(90°) + γ 反冲符合 |	| Kremer et al. (1988) | 10^{−10}_{+130} (3-level R-matrix + l=1 相移约束) | $\sigma$(90°) + $\gamma$ 反冲符合 |	R2 核素/希腊字母/单位
73	| **Ouellet et al. (1996)** | **79 ± 16** | **R/K-matrix + β 延迟 α 谱** |	| **Ouellet et al. (1996)** | **79 ± 16** | **R/K-matrix + $\beta$ 延迟 $\alpha$ 谱** |	R2 核素/希腊字母/单位
75	[FACT] **16N β 延迟 α 谱**（Buchmann 1993, Zhao 1993/1995, France 1997）：	[FACT] **16N $\beta$ 延迟 $\alpha$ 谱**（Buchmann 1993, Zhao 1993/1995, France 1997）：	R2 核素/希腊字母/单位
87	- 窄共振（Γ = 0.625 keV）在 Ex = 9.8445 MeV	- 窄共振（$\Gamma$ = 0.625 keV）在 Ex = 9.8445 MeV	R2 核素/希腊字母/单位
95	| Redder et al. (1987) | 96^{−30}_{+24} (direct capture + 单能级 Breit-Wigner) | σ(θ) |	| Redder et al. (1987) | 96^{−30}_{+24} (direct capture + 单能级 Breit-Wigner) | $\sigma$($\theta$) |	R2 核素/希腊字母/单位
97	| Trautvetter et al. (1996) | 14.5^{−14}_{+96} (R-matrix, 含 Ex < 11.52 MeV 的 $2^{-}$ 能级) | σ(θ) |	| Trautvetter et al. (1996) | 14.5^{−14}_{+96} (R-matrix, 含 Ex < 11.52 MeV 的 $2^{-}$ 能级) | $\sigma$($\theta$) |	R2 核素/希腊字母/单位
118	[FACT] **40 年后 B2FH 的核心问题仍未完全解决**：12C(α,γ)16O 反应率的不确定度仍是核天体物理最大单一不确定度	[FACT] **40 年后 B2FH 的核心问题仍未完全解决**：12C($\alpha$,$\gamma$)16O 反应率的不确定度仍是核天体物理最大单一不确定度	R2 核素/希腊字母/单位
122	- E1 部分：79 ± 16 keV·b（Ouellet 1996，含 β 延迟 α 谱约束）	- E1 部分：79 ± 16 keV·b（Ouellet 1996，含 $\beta$ 延迟 $\alpha$ 谱约束）	R2 核素/希腊字母/单位
126	- 更多 β 延迟 α 谱数据（TRIUMF vs Yale/UConn 的矛盾）	- 更多 $\beta$ 延迟 $\alpha$ 谱数据（TRIUMF vs Yale/UConn 的矛盾）	R2 核素/希腊字母/单位
138	| Q(3α) | 379.5 ± 0.3 keV |	| Q(3$\alpha$) | 379.5 ± 0.3 keV |	R2 核素/希腊字母/单位
139	| Γ_γ(7.65 MeV) | 3.64 ± 0.50 meV |	| $\Gamma$_$\gamma$(7.65 MeV) | 3.64 ± 0.50 meV |	R2 核素/希腊字母/单位
140	| Γ_pair(7.65 MeV) | 60.5 ± 3.9 meV |	| $\Gamma$_pair(7.65 MeV) | 60.5 ± 3.9 meV |	R2 核素/希腊字母/单位
145	| 16O(α,γ)20Ne 相对速率 | << 12C(α,γ)16O ($T_{9}$ < 0.2) |	| 16O($\alpha$,$\gamma$)20Ne 相对速率 | << 12C($\alpha$,$\gamma$)16O ($T_{9}$ < 0.2) |	R2 核素/希腊字母/单位
13	[FACT] **Ne-Na 循环**（B2FH 主要关注 21Ne 作为潜在中子源，但 23Na(p,α)20Ne >> 23Na(p,γ)24Mg → 无法有效流向更重核）	[FACT] **Ne-Na 循环**（B2FH 主要关注 21Ne 作为潜在中子源，但 23Na(p,$\alpha$)20Ne >> 23Na(p,$\gamma$)24Mg → 无法有效流向更重核）	R2 核素/希腊字母/单位
26	- 22Ne(p,γ)23Na：多个共振，温度依赖强	- 22Ne(p,$\gamma$)23Na：多个共振，温度依赖强	R2 核素/希腊字母/单位
27	- 23Na(p,α)20Ne：关键闭合反应	- 23Na(p,$\alpha$)20Ne：关键闭合反应	R2 核素/希腊字母/单位
28	- 25Mg(p,α)22Na：Mg-Al 循环关键	- 25Mg(p,$\alpha$)22Na：Mg-Al 循环关键	R2 核素/希腊字母/单位
30	- 26Al(p,γ)27Si 等	- 26Al(p,$\gamma$)27Si 等	R2 核素/希腊字母/单位
48	[FACT] **B2FH 关于 α 过程的修正**：B2FH 认为连续 α 俘获可至 40Ca，但实验证明 16O(α,γ)20Ne 速率极慢——因此 Ne 至 S 区元素主要来自**C、O 燃烧**	[FACT] **B2FH 关于 $\alpha$ 过程的修正**：B2FH 认为连续 $\alpha$ 俘获可至 40Ca，但实验证明 16O($\alpha$,$\gamma$)20Ne 速率极慢——因此 Ne 至 S 区元素主要来自**C、O 燃烧**	R2 核素/希腊字母/单位
50	[FACT] **大质量星 (>13 M☉) 的安静燃烧序列**：	[FACT] **大质量星 (>13 $M_\odot$) 的安静燃烧序列**：	R2 核素/希腊字母/单位
51	1. **碳燃烧**：$T_{9}$ ~ 0.6–1.0，12C + 12C → 多种产物（20Ne + α, 23Na + p, 23Mg + n, 24Mg + γ 等）	1. **碳燃烧**：$T_{9}$ ~ 0.6–1.0，12C + 12C → 多种产物（20Ne + $\alpha$, 23Na + p, 23Mg + n, 24Mg + $\gamma$ 等）	R2 核素/希腊字母/单位
52	2. **氖燃烧**：$T_{9}$ ~ 1.2–1.6，16O 光致分解产生 α，20Ne + α → 24Mg；22Ne(α,n)25Mg 是重要中子源	2. **氖燃烧**：$T_{9}$ ~ 1.2–1.6，16O 光致分解产生 $\alpha$，20Ne + $\alpha$ → 24Mg；22Ne($\alpha$,n)25Mg 是重要中子源	R2 核素/希腊字母/单位
53	3. **氧燃烧**：$T_{9}$ ~ 1.5–2.5，16O + 16O → 32S, 31P, 31Si, 28Si + α 等	3. **氧燃烧**：$T_{9}$ ~ 1.5–2.5，16O + 16O → 32S, 31P, 31Si, 28Si + $\alpha$ 等	R2 核素/希腊字母/单位
56	[FACT] **11–13 M☉ 星（亚电子俘获塌缩, ECCE）**：	[FACT] **11–13 $M_\odot$ 星（亚电子俘获塌缩, ECCE）**：	R2 核素/希腊字母/单位
58	- 11 M☉ 模型是 TPAGB 星与电子俘获塌缩的边界（Miyaji et al. 1980; Nomoto 1984, 1987; Miyaji & Nomoto 1987）	- 11 $M_\odot$ 模型是 TPAGB 星与电子俘获塌缩的边界（Miyaji et al. 1980; Nomoto 1984, 1987; Miyaji & Nomoto 1987）	R2 核素/希腊字母/单位
62	- ~0.1 M☉ 56Fe 抛射/颗（Arnett et al. 1989, SN1987A 分析）	- ~0.1 $M_\odot$ 56Fe 抛射/颗（Arnett et al. 1989, SN1987A 分析）	R2 核素/希腊字母/单位
63	- 56Ni → β → 56Co → β → 56Fe 的光变曲线供电	- 56Ni → $\beta$ → 56Co → $\beta$ → 56Fe 的光变曲线供电	R2 核素/希腊字母/单位
68	- 本文假设 M_crit = 40 M☉, M_NS = 1.4 M☉, M_BH = 10 M☉	- 本文假设 M_crit = 40 $M_\odot$, M_NS = 1.4 $M_\odot$, M_BH = 10 $M_\odot$	R2 核素/希腊字母/单位
72	[FACT] **Ne-Na/Mg-Al 循环**：B2FH 时代未充分关注的 H 燃烧延伸，通过陨石同位素异常和 26Al γ 射线天文观测证实	[FACT] **Ne-Na/Mg-Al 循环**：B2FH 时代未充分关注的 H 燃烧延伸，通过陨石同位素异常和 26Al $\gamma$ 射线天文观测证实	R2 核素/希腊字母/单位
14	- 恒星 (n,γ) 截面作为核物理输入	- 恒星 (n,$\gamma$) 截面作为核物理输入	R2 核素/希腊字母/单位
19	[FACT] B2FH 识别的特征量：**⟨σ⟩Ns(A)**（恒星截面 × s 过程丰度）——这是 s 过程的特征量	[FACT] B2FH 识别的特征量：**⟨$\sigma$⟩Ns(A)**（恒星截面 × s 过程丰度）——这是 s 过程的特征量	R2 核素/希腊字母/单位
24	1. **核物理数据大幅改善**：keV 能区 (n,γ) 截面研究趋于成熟	1. **核物理数据大幅改善**：keV 能区 (n,$\gamma$) 截面研究趋于成熟	R2 核素/希腊字母/单位
25	2. **恒星 β 衰变速率在恒星温度下增强**（B2FH 未预见的）：	2. **恒星 $\beta$ 衰变速率在恒星温度下增强**（B2FH 未预见的）：	R2 核素/希腊字母/单位
26	- 热布居激发态 → 改变 β 衰变分支比	- 热布居激发态 → 改变 $\beta$ 衰变分支比	R2 核素/希腊字母/单位
41	2. **直线加速器 (γ,n)**：50 MeV 电子束轰击重金属靶 → 高能中子 → 慢化剂慢化 → ORELA 加速器 (Oak Ridge)	2. **直线加速器 ($\gamma$,n)**：50 MeV 电子束轰击重金属靶 → 高能中子 → 慢化剂慢化 → ORELA 加速器 (Oak Ridge)	R2 核素/希腊字母/单位
45	- **TOF (Time-of-flight)**：脉冲中子源 + 飞行时间定能 + 瞬时 γ 级联探测 → 适用于稳定核	- **TOF (Time-of-flight)**：脉冲中子源 + 飞行时间定能 + 瞬时 $\gamma$ 级联探测 → 适用于稳定核	R2 核素/希腊字母/单位
50	### 7.2.2 2. Stellar β decay	### 7.2.2 2. Stellar $\beta$ decay	R2 核素/希腊字母/单位
52	[FACT] 恒星 β 衰变速率增强的概念：Daudel et al. (1947); Bahcall (1961, 1964a, 1964b)	[FACT] 恒星 $\beta$ 衰变速率增强的概念：Daudel et al. (1947); Bahcall (1961, 1964a, 1964b)	R2 核素/希腊字母/单位
62	- **79Se**：激发态 β 衰变分支来自 96 keV 同质异能态（$t_{1}$/₂ = 4 min）→ 反应堆实验验证（Klay & Käppeler 1988）	- **79Se**：激发态 $\beta$ 衰变分支来自 96 keV 同质异能态（$t_{1}$/₂ = 4 min）→ 反应堆实验验证（Klay & Käppeler 1988）	R2 核素/希腊字母/单位
63	- **176Lu**：热激发短寿命 β 不稳定同质异能态 → 半衰期从 $t_{1}$/₂ = 36 Gyr（地面）降至**几年**（s 过程温度）→ **s 过程温度计**（Klay et al. 1991）	- **176Lu**：热激发短寿命 $\beta$ 不稳定同质异能态 → 半衰期从 $t_{1}$/₂ = 36 Gyr（地面）降至**几年**（s 过程温度）→ **s 过程温度计**（Klay et al. 1991）	R2 核素/希腊字母/单位
65	[FACT] **束缚态 β 衰变（bound-state β decay）**：GSI Darmstadt（德）重离子储存环实验：	[FACT] **束缚态 $\beta$ 衰变（bound-state $\beta$ decay）**：GSI Darmstadt（德）重离子储存环实验：	R2 核素/希腊字母/单位
66	- 剥离全部电子的地面稳定同位素可发生 β 衰变（电子束缚能加到微弱负的 Qβ 值上）	- 剥离全部电子的地面稳定同位素可发生 $\beta$ 衰变（电子束缚能加到微弱负的 Q$\beta$ 值上）	R2 核素/希腊字母/单位
83	- τ₀ = 平均中子照射量（mb⁻¹）	- $\tau$₀ = 平均中子照射量（mb⁻¹）	R2 核素/希腊字母/单位
85	[FACT] **Figure 15**（⟨σ⟩Ns 曲线）：	[FACT] **Figure 15**（⟨$\sigma$⟩Ns 曲线）：	R2 核素/希腊字母/单位
93	- **弱分量 (weak component)**：大质量星核心 He 燃烧（Peters 1968 等），由 22Ne(α,n)25Mg 在中高温下驱动，中子密度较低，持续时间 ~3×$10^{4}$ 年	- **弱分量 (weak component)**：大质量星核心 He 燃烧（Peters 1968 等），由 22Ne($\alpha$,n)25Mg 在中高温下驱动，中子密度较低，持续时间 ~3×$10^{4}$ 年	R2 核素/希腊字母/单位
96	1. **13C(α,n)16O**：H 燃烧阶段（$T_{8}$ ~ 1，低温）	1. **13C($\alpha$,n)16O**：H 燃烧阶段（$T_{8}$ ~ 1，低温）	R2 核素/希腊字母/单位
97	2. **22Ne(α,n)25Mg**：He 燃烧阶段（$T_{8}$ ~ 3，高温）	2. **22Ne($\alpha$,n)25Mg**：He 燃烧阶段（$T_{8}$ ~ 3，高温）	R2 核素/希腊字母/单位
106	[FACT] 分支定义：不稳定核素的中子俘获速率与 β 衰变速率可比时	[FACT] 分支定义：不稳定核素的中子俘获速率与 $\beta$ 衰变速率可比时	R2 核素/希腊字母/单位
111	[FACT] **Figure 16**（Nd/Pm/Sm 区 s 过程路径）：A = 147–149 处的分支 → 150Sm 的 ⟨σ⟩Ns 值总是大于 148Sm	[FACT] **Figure 16**（Nd/Pm/Sm 区 s 过程路径）：A = 147–149 处的分支 → 150Sm 的 ⟨$\sigma$⟩Ns 值总是大于 148Sm	R2 核素/希腊字母/单位
117	- **nn = (4.1 ± 0.6)×$10^{8}$ cm⁻³**（Toukan et al. 1995; Wisshak 4π $BaF_{2}$ 探测器）	- **nn = (4.1 ± 0.6)×$10^{8}$ cm⁻³**（Toukan et al. 1995; Wisshak 4$\pi$ $BaF_{2}$ 探测器）	R2 核素/希腊字母/单位
126	| 163Dy/163Ho | ρs | (6.5±3.5)×$10^{3}$ g cm⁻³ | Jaag & Käppeler 1996 |	| 163Dy/163Ho | $\rho$s | (6.5±3.5)×$10^{3}$ g cm⁻³ | Jaag & Käppeler 1996 |	R2 核素/希腊字母/单位
133	- S-only 核截面需 ~1% 精度（传统技术限 4%）→ 4π $BaF_{2}$ 探测器 (Wisshak 1990) 达到	- S-only 核截面需 ~1% 精度（传统技术限 4%）→ 4$\pi$ $BaF_{2}$ 探测器 (Wisshak 1990) 达到	R2 核素/希腊字母/单位
140	1. **核数据成熟度大幅提升**：keV 能区 (n,γ) 截面趋于可靠	1. **核数据成熟度大幅提升**：keV 能区 (n,$\gamma$) 截面趋于可靠	R2 核素/希腊字母/单位
158	| s 过程密度 | ρs = (6.5±3.5)×$10^{3}$ g cm⁻³ |	| s 过程密度 | $\rho$s = (6.5±3.5)×$10^{3}$ g cm⁻³ |	R2 核素/希腊字母/单位
11	[FACT] B2FH 与 Cameron (1957) 提出：种子核（通常铁）在比 β⁻ 衰变时标快得多的时标上快速俘获大量中子。	[FACT] B2FH 与 Cameron (1957) 提出：种子核（通常铁）在比 $\beta^{"+" if m.group(1)=="⁺" else "-"}$ 衰变时标快得多的时标上快速俘获大量中子。	R2 核素/希腊字母/单位
14	- 中子俘获直至 (n,γ) ↔ (γ,n) 平衡 → β⁻ 衰变前进到更高 Z	- 中子俘获直至 (n,$\gamma$) ↔ ($\gamma$,n) 平衡 → $\beta^{"+" if m.group(1)=="⁺" else "-"}$ 衰变前进到更高 Z	R2 核素/希腊字母/单位
16	- 中子流下降后，β⁻ 衰变填充每个 A 的第一个稳定核	- 中子流下降后，$\beta^{"+" if m.group(1)=="⁺" else "-"}$ 衰变填充每个 A 的第一个稳定核	R2 核素/希腊字母/单位
37	### 8.1.2 中子星形成时的中微子驱动风 (ν-driven wind)	### 8.1.2 中子星形成时的中微子驱动风 ($\nu$-driven wind)	R2 核素/希腊字母/单位
40	1. **α 过程**：从核统计平衡 (NSE) 的 α 富集冻结形成种子核	1. **$\alpha$ 过程**：从核统计平衡 (NSE) 的 $\alpha$ 富集冻结形成种子核	R2 核素/希腊字母/单位
41	2. 大的中子过剩来自**新生中子星的强烈中微子流** → 大量中子释放的带电流中微子俘获 (νn)	2. 大的中子过剩来自**新生中子星的强烈中微子流** → 大量中子释放的带电流中微子俘获 ($\nu$n)	R2 核素/希腊字母/单位
47	- 总 r 过程抛射质量 ~10^(-5) M☉/颗 SN	- 总 r 过程抛射质量 ~10^(-5) $M_\odot$/颗 SN	R2 核素/希腊字母/单位
48	- 银河系 SN II + Ib 率 10^(-1)/世纪 + 银河系 r 过程物质总量 >$10^{4}$ M☉ → 每颗 SN 抛射量自洽	- 银河系 SN II + Ib 率 10^(-1)/世纪 + 银河系 r 过程物质总量 >$10^{4}$ $M_\odot$ → 每颗 SN 抛射量自洽	R2 核素/希腊字母/单位
55	[FACT] **α 过程的三体序列**：	[FACT] **$\alpha$ 过程的三体序列**：	R2 核素/希腊字母/单位
67	- 球对称 20 M☉ 星的详细 r 过程核合成研究	- 球对称 20 $M_\odot$ 星的详细 r 过程核合成研究	R2 核素/希腊字母/单位
71	- **共同缺陷**：在 α 过程阶段产生过量的 N=50 闭壳核 88Sr, 89Y, 90Zr	- **共同缺陷**：在 $\alpha$ 过程阶段产生过量的 N=50 闭壳核 88Sr, 89Y, 90Zr	R2 核素/希腊字母/单位
79	[FACT] **64Zn** 的共生产：α 过程的独特标志 → 可能解释银河系矮星系和 QSO 吸收线系统中**对所有 [Fe/H] > 0.001 Z☉ 恒定的 [Zn/Fe] 比**	[FACT] **64Zn** 的共生产：$\alpha$ 过程的独特标志 → 可能解释银河系矮星系和 QSO 吸收线系统中**对所有 [Fe/H] > 0.001 Z☉ 恒定的 [Zn/Fe] 比**	R2 核素/希腊字母/单位
94	- **高熵不是必要条件**：短膨胀时标可限制 α 过程前驱过程 → 减少种子 → 提高中子/种子比	- **高熵不是必要条件**：短膨胀时标可限制 $\alpha$ 过程前驱过程 → 减少种子 → 提高中子/种子比	R2 核素/希腊字母/单位
113	- ν̄_μ/τ ↔ ν̄_e 转换：若 Δm² ~ 1 eV² → 但预期不驱动 Ye < 0.5 → 不构成 r 过程位点的困难	- $\nu$̄_$\mu$/$\tau$ ↔ $\nu$̄_e 转换：若 $\Delta$m² ~ 1 eV² → 但预期不驱动 Ye < 0.5 → 不构成 r 过程位点的困难	R2 核素/希腊字母/单位
114	- ν_μ/τ ↔ ν_e 转换（能量层级反转）→ 可能有破坏性后果（Qian & Fuller 1995）	- $\nu$_$\mu$/$\tau$ ↔ $\nu$_e 转换（能量层级反转）→ 可能有破坏性后果（Qian & Fuller 1995）	R2 核素/希腊字母/单位
132	- Ag, Lu, Os, Ir, Pt, Au：仅 1–2 条可用谱线，且在 UV (λ < 3500 Å)	- Ag, Lu, Os, Ir, Pt, Au：仅 1–2 条可用谱线，且在 UV ($\lambda$ < 3500 Å)	R2 核素/希腊字母/单位
157	2. **[FACT]** 中微子风场景的关键参数：S/N_Ak, Ye, t_dyn；α 过程提供种子核（Kr-Zr, A~100）	2. **[FACT]** 中微子风场景的关键参数：S/N_Ak, Ye, t_dyn；$\alpha$ 过程提供种子核（Kr-Zr, A~100）	R2 核素/希腊字母/单位
169	| r 过程抛射质量/颗 SN | ~$10^{-5}$ M☉ |	| r 过程抛射质量/颗 SN | ~$10^{-5}$ $M_\odot$ |	R2 核素/希腊字母/单位
171	| 银河系 r 过程物质总量 | > $10^{4}$ M☉ |	| 银河系 r 过程物质总量 | > $10^{4}$ $M_\odot$ |	R2 核素/希腊字母/单位
7	# 9. p 过程与 ε 过程	# 9. p 过程与 $\epsilon$ 过程	R2 核素/希腊字母/单位
11	[FACT] **p 过程问题**：某些质子富集（p-rich）核素无法通过纯中子俘获合成（因为中子俘获沿 β 稳定线进行）——必须通过质子俘获或光致反应产生	[FACT] **p 过程问题**：某些质子富集（p-rich）核素无法通过纯中子俘获合成（因为中子俘获沿 $\beta$ 稳定线进行）——必须通过质子俘获或光致反应产生	R2 核素/希腊字母/单位
14	1. **γ 过程 (γ process)**：超新星中高温 (T > 2–3×$10^{9}$ K) 下的 (γ,n) 光致中子剥离反应	1. **$\gamma$ 过程 ($\gamma$ process)**：超新星中高温 (T > 2–3×$10^{9}$ K) 下的 ($\gamma$,n) 光致中子剥离反应	R2 核素/希腊字母/单位
17	[FACT] **γ 过程物理**：	[FACT] **$\gamma$ 过程物理**：	R2 核素/希腊字母/单位
24	- Hoffman et al. (1996) 的 r 过程 α 过程模型在 Ye=0.48 时**首次成功产生 92Mo**	- Hoffman et al. (1996) 的 r 过程 $\alpha$ 过程模型在 Ye=0.48 时**首次成功产生 92Mo**	R2 核素/希腊字母/单位
25	- 暗示 92Mo 可能来自 r 过程相关的 α 过程，而非纯 γ 过程	- 暗示 92Mo 可能来自 r 过程相关的 $\alpha$ 过程，而非纯 $\gamma$ 过程	R2 核素/希腊字母/单位
28	- 15O(α,γ)19Ne(p,γ)20Na → 从热 CNO 循环的逃逸路径	- 15O($\alpha$,$\gamma$)19Ne(p,$\gamma$)20Na → 从热 CNO 循环的逃逸路径	R2 核素/希腊字母/单位
31	## 9.2 Sec. XV: The ε Process & Iron-Group Nuclei (Meyer)	## 9.2 Sec. XV: The $\epsilon$ Process & Iron-Group Nuclei (Meyer)	R2 核素/希腊字母/单位
60	[FACT] **Hoyle (1946)** 首次识别铁峰需要统计平衡条件 → 引出 B2FH 的 ε 过程命名	[FACT] **Hoyle (1946)** 首次识别铁峰需要统计平衡条件 → 引出 B2FH 的 $\epsilon$ 过程命名	R2 核素/希腊字母/单位
79	[FACT] **B2FH 的 ε 过程**：	[FACT] **B2FH 的 $\epsilon$ 过程**：	R2 核素/希腊字母/单位
86	- 56Ni → β⁺ → 56Co ($t_{1}$/₂ = 6.1 d) → β⁺ → 56Fe ($t_{1}$/₂ = 77.3 d)	- 56Ni → $\beta^{"+" if m.group(1)=="⁺" else "-"}$ → 56Co ($t_{1}$/₂ = 6.1 d) → $\beta^{"+" if m.group(1)=="⁺" else "-"}$ → 56Fe ($t_{1}$/₂ = 77.3 d)	R2 核素/希腊字母/单位
87	- **SN 1987A 中探测到 56Co 衰变产生的 847 keV 与 1238 keV γ 射线**（Hill et al. 1985）——直接证实此路径	- **SN 1987A 中探测到 56Co 衰变产生的 847 keV 与 1238 keV $\gamma$ 射线**（Hill et al. 1985）——直接证实此路径	R2 核素/希腊字母/单位
93	[FACT] B2FH 将铁族同位素合成归因于 ε 过程（"平衡"过程）	[FACT] B2FH 将铁族同位素合成归因于 $\epsilon$ 过程（"平衡"过程）	R2 核素/希腊字母/单位
101	- γ 过程（光致中子剥离）与 rp 过程（快速质子俘获）是两条主要路径	- $\gamma$ 过程（光致中子剥离）与 rp 过程（快速质子俘获）是两条主要路径	R2 核素/希腊字母/单位
102	- 92Mo 的产生在 1997 年仍是开放问题，但 Hoffman 等的 α 过程模型提供了新途径	- 92Mo 的产生在 1997 年仍是开放问题，但 Hoffman 等的 $\alpha$ 过程模型提供了新途径	R2 核素/希腊字母/单位
104	**ε 过程 (NSE)**：	**$\epsilon$ 过程 (NSE)**：	R2 核素/希腊字母/单位
107	- SN 1987A γ 射线观测直接证实此路径	- SN 1987A $\gamma$ 射线观测直接证实此路径	R2 核素/希腊字母/单位
120	| SN 1987A 56Co 衰变 γ 射线 | 847 & 1238 keV |	| SN 1987A 56Co 衰变 $\gamma$ 射线 | 847 & 1238 keV |	R2 核素/希腊字母/单位
121	| γ 过程触发温度 | $T_{9}$ > 2–3 |	| $\gamma$ 过程触发温度 | $T_{9}$ > 2–3 |	R2 核素/希腊字母/单位
48	- 技术进步示例：质谱法实现单个陨石颗粒的同位素分析；γ 射线与中微子观测使 26Al 银河分布、太阳中微子、SN 1987A 中微子和 56Fe γ 射线研究成为可能	- 技术进步示例：质谱法实现单个陨石颗粒的同位素分析；$\gamma$ 射线与中微子观测使 26Al 银河分布、太阳中微子、SN 1987A 中微子和 56Fe $\gamma$ 射线研究成为可能	R2 核素/希腊字母/单位
52	2. **14N(p,γ)15O** 与 **12C(α,γ)16O** 反应率——两者仍有 ~2× 不确定度，源于亚阈值共振在低能外推中的作用	2. **14N(p,$\gamma$)15O** 与 **12C($\alpha$,$\gamma$)16O** 反应率——两者仍有 ~2× 不确定度，源于亚阈值共振在低能外推中的作用	R2 核素/希腊字母/单位
68	| **SN 1987A γ 射线** | 56Co 衰变 847/1238 keV 线 | ε 过程 (56Fe 起源) |	| **SN 1987A $\gamma$ 射线** | 56Co 衰变 847/1238 keV 线 | $\epsilon$ 过程 (56Fe 起源) |	R2 核素/希腊字母/单位
69	| **SN 1987A 光变曲线** | ~0.1 M☉ 56Fe 抛射 | SN II 核合成 |	| **SN 1987A 光变曲线** | ~0.1 $M_\odot$ 56Fe 抛射 | SN II 核合成 |	R2 核素/希腊字母/单位
71	| **26Al γ 射线** | 银河系 ISM 26Al | Mg-Al 循环 |	| **26Al $\gamma$ 射线** | 银河系 ISM 26Al | Mg-Al 循环 |	R2 核素/希腊字母/单位
72	| **碳星 N 型** | AGB + 第三次挖掘 | He 燃烧 (3α) |	| **碳星 N 型** | AGB + 第三次挖掘 | He 燃烧 (3$\alpha$) |	R2 核素/希腊字母/单位
77	| **陨石同位素异常** | 22Ne, 26Mg, 64Zn | Ne-Na, Mg-Al, α 过程 |	| **陨石同位素异常** | 22Ne, 26Mg, 64Zn | Ne-Na, Mg-Al, $\alpha$ 过程 |	R2 核素/希腊字母/单位
78	| **超锂巨星** | LMC AGB 星 4–6 M☉ | 7Li 恒星合成 |	| **超锂巨星** | LMC AGB 星 4–6 $M_\odot$ | 7Li 恒星合成 |	R2 核素/希腊字母/单位
11	| 因此 | therefore / consequently | adv. | 因果 | "[FACT] 12C(α,γ)16O 反应率 40 年后仍未确定（~30% 不确定度），**因此** C/O 比的恒星模型预测仍然高度依赖参数选择" | 因果 |	| 因此 | therefore / consequently | adv. | 因果 | "[FACT] 12C($\alpha$,$\gamma$)16O 反应率 40 年后仍未确定（~30% 不确定度），**因此** C/O 比的恒星模型预测仍然高度依赖参数选择" | 因果 |	R2 核素/希腊字母/单位
13	| 尤其 | in particular / notably | adv. | 举例 | "[FACT] 核反应率**尤其**是 12C(α,γ)16O 和 14N(p,γ)15O 的 ~2× 不确定度影响几乎所有核合成的定量预测" | 强调 |	| 尤其 | in particular / notably | adv. | 举例 | "[FACT] 核反应率**尤其**是 12C($\alpha$,$\gamma$)16O 和 14N(p,$\gamma$)15O 的 ~2× 不确定度影响几乎所有核合成的定量预测" | 强调 |	R2 核素/希腊字母/单位
15	| 然而 | however / yet | conj. | 转折 | "[FACT] B2FH 的框架**在 40 年后基本成立**；**然而** 细节——如 ε 过程产物和 r 过程场所——已被大幅修正" | 转折 |	| 然而 | however / yet | conj. | 转折 | "[FACT] B2FH 的框架**在 40 年后基本成立**；**然而** 细节——如 $\epsilon$ 过程产物和 r 过程场所——已被大幅修正" | 转折 |	R2 核素/希腊字母/单位
18	| 最终 | eventually / ultimately | adv. | 最终 | "[FACT] **最终**，中子星形成时的中微子驱动风将 α 过程产物作为种子核，通过 r 过程合成至 Pt 峰" | 最终 |	| 最终 | eventually / ultimately | adv. | 最终 | "[FACT] **最终**，中子星形成时的中微子驱动风将 $\alpha$ 过程产物作为种子核，通过 r 过程合成至 Pt 峰" | 最终 |	R2 核素/希腊字母/单位
19	| 反之 | conversely / in contrast | adv. | 对比 | "[FACT] 13C(α,n) 是低温中子源（主导）；**反之** 22Ne(α,n) 是高温中子源，覆盖 13C 无法到达的质量区" | 对比 |	| 反之 | conversely / in contrast | adv. | 对比 | "[FACT] 13C($\alpha$,n) 是低温中子源（主导）；**反之** 22Ne($\alpha$,n) 是高温中子源，覆盖 13C 无法到达的质量区" | 对比 |	R2 核素/希腊字母/单位
20	| 即 | namely / i.e. | conj. | 释义 | "[FACT] ν 过程——**即**中微子蒸发核子——是 B2FH 八过程之外**新提出**的核合成过程" | 释义 |	| 即 | namely / i.e. | conj. | 释义 | "[FACT] $\nu$ 过程——**即**中微子蒸发核子——是 B2FH 八过程之外**新提出**的核合成过程" | 释义 |	R2 核素/希腊字母/单位
22	| 根据 | according to / based on | prep. | 依据 | "[FACT] **根据** Käppeler et al. (1989) 经典 s 过程模型，仅两个参数 (f, τ₀) 就能以 3% 均方偏差描述 s-only 核素丰度" | 依据 |	| 根据 | according to / based on | prep. | 依据 | "[FACT] **根据** Käppeler et al. (1989) 经典 s 过程模型，仅两个参数 (f, $\tau$₀) 就能以 3% 均方偏差描述 s-only 核素丰度" | 依据 |	R2 核素/希腊字母/单位
24	| 值得注意的是 | it is worth noting that | phrase | 提示 | "[FACT] **值得注意的是** ¹³C 口袋的确切形成机制在 1997 年仍有多种竞争方案（半对流混合、超射、He 闪后 H 摄取）" | 提示 |	| 值得注意的是 | it is worth noting that | phrase | 提示 | "[FACT] **值得注意的是** $^{13}{\rm C}$ 口袋的确切形成机制在 1997 年仍有多种竞争方案（半对流混合、超射、He 闪后 H 摄取）" | 提示 |	R2 核素/希腊字母/单位
34	| 12C(α,γ)16O | 恒星 He 燃烧中决定 C/O 比的核心反应，速率仍存 30% 不确定 | 高频 | §05 |	| 12C($\alpha$,$\gamma$)16O | 恒星 He 燃烧中决定 C/O 比的核心反应，速率仍存 30% 不确定 | 高频 | §05 |	R2 核素/希腊字母/单位
35	| 13C 口袋 (13C pocket) | AGB 星 He 闪后形成的 13C 富集薄层，是低温 (n,γ) 中子源 | 高频 | §07 |	| 13C 口袋 (13C pocket) | AGB 星 He 闪后形成的 13C 富集薄层，是低温 (n,$\gamma$) 中子源 | 高频 | §07 |	R2 核素/希腊字母/单位
36	| 22Ne(α,n)25Mg | AGB 星高温中子源；C/O 核质量 ≥0.9 M☉ 时启动 | 高频 | §07 |	| 22Ne($\alpha$,n)25Mg | AGB 星高温中子源；C/O 核质量 ≥0.9 $M_\odot$ 时启动 | 高频 | §07 |	R2 核素/希腊字母/单位
38	| 超风 (superwind) | AGB 星晚期（脉动周期 >400 天）的强烈星风，质量损失率 $10^{-5}$–$10^{-4}$ M☉/yr | 中频 | §02 |	| 超风 (superwind) | AGB 星晚期（脉动周期 >400 天）的强烈星风，质量损失率 $10^{-5}$–$10^{-4}$ $M_\odot$/yr | 中频 | §02 |	R2 核素/希腊字母/单位
40	| ν 过程 (neutrino-process) | Woosley et al. (1990) 提出的新过程——中微子蒸发核子改变传统合成结果 | 高频 | §08 |	| $\nu$ 过程 (neutrino-process) | Woosley et al. (1990) 提出的新过程——中微子蒸发核子改变传统合成结果 | 高频 | §08 |	R2 核素/希腊字母/单位
41	| α-rich freezeout (α 过程) | 中子星形成早期 α 粒子富集的冻结过程，产生 A~100 的 r 过程种子核 | 中频 | §08 |	| $\alpha$-rich freezeout ($\alpha$ 过程) | 中子星形成早期 $\alpha$ 粒子富集的冻结过程，产生 A~100 的 r 过程种子核 | 中频 | §08 |	R2 核素/希腊字母/单位
42	| 经典 s 过程模型 (classical s-process) | Käppeler et al. (1989)；两个参数 (f, τ₀) 描述 A=56–209 的 s-only 核素 | 高频 | §07 |	| 经典 s 过程模型 (classical s-process) | Käppeler et al. (1989)；两个参数 (f, $\tau$₀) 描述 A=56–209 的 s-only 核素 | 高频 | §07 |	R2 核素/希腊字母/单位
43	| 分支因子 (branching factor, f_β) | s 过程分支点处 β 衰变与中子俘获的相对概率，反推 n_ν, T | 中频 | §07 |	| 分支因子 (branching factor, f_$\beta$) | s 过程分支点处 $\beta$ 衰变与中子俘获的相对概率，反推 n_$\nu$, T | 中频 | §07 |	R2 核素/希腊字母/单位
48	| ¹²C 口袋的形成 | 半对流混合、超射、He 闪后 H 摄取等多机制竞争 | 中频 | §02 |	| $^{12}{\rm C}$ 口袋的形成 | 半对流混合、超射、He 闪后 H 摄取等多机制竞争 | 中频 | §02 |	R2 核素/希腊字母/单位
52	| GSI 储存环 (GSI storage ring) | 直接测量束缚态 β 衰变（¹⁶³Dy, ¹⁸⁷Re）的加速器设施 | 中频 | §10 |	| GSI 储存环 (GSI storage ring) | 直接测量束缚态 $\beta$ 衰变（$^{163}{\rm Dy}$, $^{187}{\rm Re}$）的加速器设施 | 中频 | §10 |	R2 核素/希腊字母/单位
53	| 26Al γ 射线巡天 | 银河系 Mg-Al 循环活性的实时诊断 | 中频 | §06 |	| 26Al $\gamma$ 射线巡天 | 银河系 Mg-Al 循环活性的实时诊断 | 中频 | §06 |	R2 核素/希腊字母/单位
54	| 原初核合成 (Big Bang nucleosynthesis, BBN) | 宇宙早期 D、³He、⁷Li 的合成 | 中频 | §04 |	| 原初核合成 (Big Bang nucleosynthesis, BBN) | 宇宙早期 D、$^{3}{\rm He}$、$^{7}{\rm Li}$ 的合成 | 中频 | §04 |	R2 核素/希腊字母/单位
75	> [FACT] B2FH 的框架**在 40 年后基本成立**；**然而** 细节——如 ε 过程产物和 r 过程场所——已被大幅修正，**反之** B2FH 设想的 56Fe 直接产生被替换为 56Ni 经 β 衰变到 56Fe。	> [FACT] B2FH 的框架**在 40 年后基本成立**；**然而** 细节——如 $\epsilon$ 过程产物和 r 过程场所——已被大幅修正，**反之** B2FH 设想的 56Fe 直接产生被替换为 56Ni 经 $\beta$ 衰变到 56Fe。	R2 核素/希腊字母/单位
91	> [FACT] 13C(α,n) 是 AGB 星低温中子源（主导）；**反之** 22Ne(α,n) 是高温中子源，覆盖 13C 无法到达的质量区；**值得注意的是** ¹³C 口袋的确切形成机制（半对流混合、超射、He 闪后 H 摄取）在 1997 年仍有多种竞争方案。	> [FACT] 13C($\alpha$,n) 是 AGB 星低温中子源（主导）；**反之** 22Ne($\alpha$,n) 是高温中子源，覆盖 13C 无法到达的质量区；**值得注意的是** $^{13}{\rm C}$ 口袋的确切形成机制（半对流混合、超射、He 闪后 H 摄取）在 1997 年仍有多种竞争方案。	R2 核素/希腊字母/单位
99	> [FACT] 经典 s 过程模型——Käppeler et al. (1989) 提出，仅两个参数 (f, τ₀) 描述 A=56–209 的 s-only 核素丰度，均方偏差仅 3%——**是**极简物理建模的典范；**因此可以说** 用最少参数实现高精度描述是经典模型的核心价值。	> [FACT] 经典 s 过程模型——Käppeler et al. (1989) 提出，仅两个参数 (f, $\tau$₀) 描述 A=56–209 的 s-only 核素丰度，均方偏差仅 3%——**是**极简物理建模的典范；**因此可以说** 用最少参数实现高精度描述是经典模型的核心价值。	R2 核素/希腊字母/单位
13	1. B2FH 1957 年提出的八大核合成过程（氢燃烧、氦燃烧、α、ε、s、r、p、x）在 40 年后的实验数据、理论计算与观测验证中的进展如何？	1. B2FH 1957 年提出的八大核合成过程（氢燃烧、氦燃烧、$\alpha$、$\epsilon$、s、r、p、x）在 40 年后的实验数据、理论计算与观测验证中的进展如何？	R2 核素/希腊字母/单位
20	2. **实验室核数据**：(n,γ) 截面 TOF 与活化法；库仑位垒下低能反应测量	2. **实验室核数据**：(n,$\gamma$) 截面 TOF 与活化法；库仑位垒下低能反应测量	R2 核素/希腊字母/单位
22	4. **经典 s 过程模型**：仅两个参数 (f, τ₀) 描述 A=56–209 的 s-only 核素	4. **经典 s 过程模型**：仅两个参数 (f, $\tau$₀) 描述 A=56–209 的 s-only 核素	R2 核素/希腊字母/单位
28	1. **[FACT]** 12C(α,γ)16O 反应率 40 年后仍未确定（S_cap(0.3 MeV) = 120±40 keV·b, ~30% 不确定度）	1. **[FACT]** 12C($\alpha$,$\gamma$)16O 反应率 40 年后仍未确定（S_cap(0.3 MeV) = 120±40 keV·b, ~30% 不确定度）	R2 核素/希腊字母/单位
29	2. **[FACT]** AGB 星是银河系 12C 和 s 过程同位素的主要来源；13C 口袋与 22Ne(α,n) 是两个关键中子源	2. **[FACT]** AGB 星是银河系 12C 和 s 过程同位素的主要来源；13C 口袋与 22Ne($\alpha$,n) 是两个关键中子源	R2 核素/希腊字母/单位
31	4. **[FACT]** 中子星形成时的中微子驱动风是 r 过程的主要候选位点（α 过程 → 种子核 A~100 → 中子俘获至 Pt 峰）	4. **[FACT]** 中子星形成时的中微子驱动风是 r 过程的主要候选位点（$\alpha$ 过程 → 种子核 A~100 → 中子俘获至 Pt 峰）	R2 核素/希腊字母/单位
33	6. **[FACT]** SN 1987A 直接证实：~0.1 M☉ 56Fe 抛射/颗 SN II + 56Co 衰变 γ 射线观测	6. **[FACT]** SN 1987A 直接证实：~0.1 $M_\odot$ 56Fe 抛射/颗 SN II + 56Co 衰变 $\gamma$ 射线观测	R2 核素/希腊字母/单位
37	10. **[FACT]** ε 过程现代理解：完整统计平衡层次结构 (NSE → QSE)，56Ni 间接产生（非 B2FH 设想的 56Fe 直接产生）	10. **[FACT]** $\epsilon$ 过程现代理解：完整统计平衡层次结构 (NSE → QSE)，56Ni 间接产生（非 B2FH 设想的 56Fe 直接产生）	R2 核素/希腊字母/单位
41	1. **ν 过程（neutrino-process）作为 B2FH 八过程之外的新过程被正式提出**（Woosley et al. 1990）：中微子蒸发核子改变传统核合成结果	1. **$\nu$ 过程（neutrino-process）作为 B2FH 八过程之外的新过程被正式提出**（Woosley et al. 1990）：中微子蒸发核子改变传统核合成结果	R2 核素/希腊字母/单位
42	2. **α 过程（α-rich freezeout）** 产生 r 过程种子核的机制（Woosley & Hoffman 1992）	2. **$\alpha$ 过程（$\alpha$-rich freezeout）** 产生 r 过程种子核的机制（Woosley & Hoffman 1992）	R2 核素/希腊字母/单位
47	7. **GSI 储存环实验**直接测量束缚态 β 衰变（163Dy, 187Re）	7. **GSI 储存环实验**直接测量束缚态 $\beta$ 衰变（163Dy, 187Re）	R2 核素/希腊字母/单位
51	1. **[CRITIQUE]** 12C(α,γ)16O 和 14N(p,γ)15O 反应率 ~2× 不确定度影响几乎所有核合成定量预测	1. **[CRITIQUE]** 12C($\alpha$,$\gamma$)16O 和 14N(p,$\gamma$)15O 反应率 ~2× 不确定度影响几乎所有核合成定量预测	R2 核素/希腊字母/单位
56	6. **[CRITIQUE]** 大质量星 M_NS/M_BH 临界质量未知（本文假设 M_crit=40 M☉）	6. **[CRITIQUE]** 大质量星 M_NS/M_BH 临界质量未知（本文假设 M_crit=40 $M_\odot$）	R2 核素/希腊字母/单位
64	3. **s 过程两个中子源**：13C(α,n)（低温，主导）+ 22Ne(α,n)（高温，次要但覆盖 13C 无法达到的质量区）	3. **s 过程两个中子源**：13C($\alpha$,n)（低温，主导）+ 22Ne($\alpha$,n)（高温，次要但覆盖 13C 无法达到的质量区）	R2 核素/希腊字母/单位
65	4. **12C(α,γ)16O 反应率仍是核天体物理最大单一不确定度**	4. **12C($\alpha$,$\gamma$)16O 反应率仍是核天体物理最大单一不确定度**	R2 核素/希腊字母/单位
66	5. **r 过程候选位点：中子星形成时中微子驱动风**（α 过程 → 种子核 A~100）	5. **r 过程候选位点：中子星形成时中微子驱动风**（$\alpha$ 过程 → 种子核 A~100）	R2 核素/希腊字母/单位
67	6. **ε 过程 = 56Ni 经 β 衰变到 56Fe**（非 B2FH 设想的 56Fe 直接产生）	6. **$\epsilon$ 过程 = 56Ni 经 $\beta$ 衰变到 56Fe**（非 B2FH 设想的 56Fe 直接产生）	R2 核素/希腊字母/单位
71	10. **ν 过程（中微子蒸发）是 B2FH 八过程之外的新过程**	10. **$\nu$ 过程（中微子蒸发）是 B2FH 八过程之外的新过程**	R2 核素/希腊字母/单位
95	2. **经典模型的极简参数化**：s 过程仅 2 参数 (f, τ₀) 实现 3% 均方偏差——极简物理建模的典范	2. **经典模型的极简参数化**：s 过程仅 2 参数 (f, $\tau$₀) 实现 3% 均方偏差——极简物理建模的典范	R2 核素/希腊字母/单位
96	3. **分支分析作为诊断工具**：用分支因子 f_β 反推中子密度与温度	3. **分支分析作为诊断工具**：用分支因子 f_$\beta$ 反推中子密度与温度	R2 核素/希腊字母/单位
102	1. 3α 反应速率 (Eq. 8)	1. 3$\alpha$ 反应速率 (Eq. 8)	R2 核素/希腊字母/单位
103	2. 12C(α,γ)16O 截面 (Eq. 11–12)	2. 12C($\alpha$,$\gamma$)16O 截面 (Eq. 11–12)	R2 核素/希腊字母/单位
116	4. **26Al γ 射线巡天**：Mg-Al 循环活性的实时诊断	4. **26Al $\gamma$ 射线巡天**：Mg-Al 循环活性的实时诊断	R2 核素/希腊字母/单位
123	3. **4π $BaF_{2}$ 探测器**：将截面不确定度降至 1% 级别	3. **4$\pi$ $BaF_{2}$ 探测器**：将截面不确定度降至 1% 级别	R2 核素/希腊字母/单位
125	5. **多组实验的 χ² 加权平均 + 组内系统误差放大**	5. **多组实验的 $\chi$² 加权平均 + 组内系统误差放大**	R2 核素/希腊字母/单位
129	1. **$S_{34}$(0) 的保守估计**：通过增大不确定度因子 3.7 使 χ²/d.o.f. = 0.46	1. **$S_{34}$(0) 的保守估计**：通过增大不确定度因子 3.7 使 $\chi$²/d.o.f. = 0.46	R2 核素/希腊字母/单位
130	2. **β 延迟 α 谱 + 直接截面联合约束**	2. **$\beta$ 延迟 $\alpha$ 谱 + 直接截面联合约束**	R2 核素/希腊字母/单位
131	3. **组内一致性检验**：γ 方法 vs 活化方法的 3σ 差异	3. **组内一致性检验**：$\gamma$ 方法 vs 活化方法的 3$\sigma$ 差异	R2 核素/希腊字母/单位
136	- 12C(α,γ)16O 反应率的未解决状态意味着任何涉及 C/O 比的恒星演化模型都需要参数化扫描	- 12C($\alpha$,$\gamma$)16O 反应率的未解决状态意味着任何涉及 C/O 比的恒星演化模型都需要参数化扫描	R2 核素/希腊字母/单位
168	- [x] ε Process / NSE (XV) — 含层次结构 ✓	- [x] $\epsilon$ Process / NSE (XV) — 含层次结构 ✓	R2 核素/希腊字母/单位
171	- [x] 公式保留（pp, 3α, α+12C, s 过程, NSE, QSE, 分支因子）	- [x] 公式保留（pp, 3$\alpha$, $\alpha$+12C, s 过程, NSE, QSE, 分支因子）	R2 核素/希腊字母/单位
195	| 09_p_and_e_process.md | XIV+XV p & ε Process | ~5000 |	| 09_p_and_e_process.md | XIV+XV p & $\epsilon$ Process | ~5000 |	R2 核素/希腊字母/单位
59	3.2 The 13N(p,γ)14O Reaction (p.48-50)	3.2 The 13N(p,$\gamma$)14O Reaction (p.48-50)	R2 核素/希腊字母/单位
60	3.2.1 Calculations of Γγ	3.2.1 Calculations of $\Gamma$$\gamma$	R2 核素/希腊字母/单位
61	3.2.2 Measurements of Γγ	3.2.2 Measurements of $\Gamma$$\gamma$	R2 核素/希腊字母/单位
63	3.3 The Structure of 18Ne and 14O(α,p)17F, 17F(p,γ)18Ne (p.50-54)	3.3 The Structure of 18Ne and 14O($\alpha$,p)17F, 17F(p,$\gamma$)18Ne (p.50-54)	R2 核素/希腊字母/单位
64	3.4 The 18Ne(α,p)21Na Reaction (p.54)	3.4 The 18Ne($\alpha$,p)21Na Reaction (p.54)	R2 核素/希腊字母/单位
65	3.5 The Structure of 19Ne and 15O(α,γ)19Ne, 18F(p,α)15O, 18F(p,γ)19Ne (p.54-56)	3.5 The Structure of 19Ne and 15O($\alpha$,$\gamma$)19Ne, 18F(p,$\alpha$)15O, 18F(p,$\gamma$)19Ne (p.54-56)	R2 核素/希腊字母/单位
72	4.2 The 19Ne(p,γ)20Na Reaction (p.58-60)	4.2 The 19Ne(p,$\gamma$)20Na Reaction (p.58-60)	R2 核素/希腊字母/单位
73	4.3 The Early rp-Process: 20Na(p,γ)21Mg, 22Na(p,γ)23Mg, 26Al(p,γ)27Si (p.60-61)	4.3 The Early rp-Process: 20Na(p,$\gamma$)21Mg, 22Na(p,$\gamma$)23Mg, 26Al(p,$\gamma$)27Si (p.60-61)	R2 核素/希腊字母/单位
98	| **Figure 4** | p.67 | rp-process 反应路径：T9 = 0.3, ρ = $10^{3}$ g/cm³ |	| **Figure 4** | p.67 | rp-process 反应路径：T9 = 0.3, $\rho$ = $10^{3}$ g/cm³ |	R2 核素/希腊字母/单位
100	| **Figure 6** | p.70 | rp-process 反应路径：T9 = 0.4, ρ = $10^{4}$ g/cm³ |	| **Figure 6** | p.70 | rp-process 反应路径：T9 = 0.4, $\rho$ = $10^{4}$ g/cm³ |	R2 核素/希腊字母/单位
102	| **Figure 8** | p.72 | rp-process 反应路径：T9 = 1.5, ρ = $10^{6}$ g/cm³ |	| **Figure 8** | p.72 | rp-process 反应路径：T9 = 1.5, $\rho$ = $10^{6}$ g/cm³ |	R2 核素/希腊字母/单位
115	| 新星触发核反应密度阈值 | ρ > $10^{3}$ g/cm³ | §1.1 |	| 新星触发核反应密度阈值 | $\rho$ > $10^{3}$ g/cm³ | §1.1 |	R2 核素/希腊字母/单位
116	| X 射线暴密度 | ρ = $10^{6}$–$10^{8}$ g/cm³ | §1.2 |	| X 射线暴密度 | $\rho$ = $10^{6}$–$10^{8}$ g/cm³ | §1.2 |	R2 核素/希腊字母/单位
120	| 超新星激波加氢烧密度 | ρ = $10^{2}$–$10^{4}$ g/cm³ | §1.3 |	| 超新星激波加氢烧密度 | $\rho$ = $10^{2}$–$10^{4}$ g/cm³ | §1.3 |	R2 核素/希腊字母/单位
122	| 13N β⁺ 半衰期 | T1/2 = 9.97 min | §2.1 |	| 13N $\beta^{"+" if m.group(1)=="⁺" else "-"}$ 半衰期 | T1/2 = 9.97 min | §2.1 |	R2 核素/希腊字母/单位
123	| 14O β⁺ 半衰期 | T1/2 = 71 s | §2.1 |	| 14O $\beta^{"+" if m.group(1)=="⁺" else "-"}$ 半衰期 | T1/2 = 71 s | §2.1 |	R2 核素/希腊字母/单位
124	| 15O β⁺ 半衰期 | T1/2 = 122 s | §2.1 |	| 15O $\beta^{"+" if m.group(1)=="⁺" else "-"}$ 半衰期 | T1/2 = 122 s | §2.1 |	R2 核素/希腊字母/单位
125	| 13N(p,γ)14O 主共振 Ecm | 541 ± 2 keV（Ex = 5.17 MeV） | §3.2 |	| 13N(p,$\gamma$)14O 主共振 Ecm | 541 ± 2 keV（Ex = 5.17 MeV） | §3.2 |	R2 核素/希腊字母/单位
126	| 13N(p,γ)14O 总宽度 Γ | 38.1 ± 1.8 keV | §3.2 |	| 13N(p,$\gamma$)14O 总宽度 $\Gamma$ | 38.1 ± 1.8 keV | §3.2 |	R2 核素/希腊字母/单位
127	| 13N(p,γ)14O 推荐 Γγ | **3.1 ± 0.4 eV** | §3.2.3 |	| 13N(p,$\gamma$)14O 推荐 $\Gamma$$\gamma$ | **3.1 ± 0.4 eV** | §3.2.3 |	R2 核素/希腊字母/单位
128	| 13N(p,γ)14O 速率不确定度 | ± 13% | §2.1 |	| 13N(p,$\gamma$)14O 速率不确定度 | ± 13% | §2.1 |	R2 核素/希腊字母/单位
129	| 15O(α,γ)19Ne 速率不确定度 | 因子 2 | §2.1 |	| 15O($\alpha$,$\gamma$)19Ne 速率不确定度 | 因子 2 | §2.1 |	R2 核素/希腊字母/单位
136	| 56Ni(p,γ)57Cu Q 值 | 740 keV | §4.4 |	| 56Ni(p,$\gamma$)57Cu Q 值 | 740 keV | §4.4 |	R2 核素/希腊字母/单位
137	| 31S(p,γ)32Cl Q 值 | 1.574 MeV | §4.5.3 |	| 31S(p,$\gamma$)32Cl Q 值 | 1.574 MeV | §4.5.3 |	R2 核素/希腊字母/单位
138	| 54,55Ni(p,γ) Q 值 | 0.459, 0.767 MeV | §5.3 |	| 54,55Ni(p,$\gamma$) Q 值 | 0.459, 0.767 MeV | §5.3 |	R2 核素/希腊字母/单位
17	- **[FACT]** 在极端 T 与 ρ 条件下，核反应速率与自由落体时标（秒级）可比，产生爆炸性氢燃烧。	- **[FACT]** 在极端 T 与 $\rho$ 条件下，核反应速率与自由落体时标（秒级）可比，产生爆炸性氢燃烧。	R2 核素/希腊字母/单位
21	- **[FACT]** 元素丰度观测可用于反推爆发物理条件；放射性核素 22Na、26Al 的 γ 射线通量随时间的观测可揭示抛射物在星际介质中的混合过程。	- **[FACT]** 元素丰度观测可用于反推爆发物理条件；放射性核素 22Na、26Al 的 $\gamma$ 射线通量随时间的观测可揭示抛射物在星际介质中的混合过程。	R2 核素/希腊字母/单位
45	- **[FACT]** 由于中子星引力势更深，核燃烧在**更高的密度 ρ = $10^{6}$–$10^{8}$ g cm⁻³** 下启动，释放更多能量。	- **[FACT]** 由于中子星引力势更深，核燃烧在**更高的密度 $\rho$ = $10^{6}$–$10^{8}$ g cm⁻³** 下启动，释放更多能量。	R2 核素/希腊字母/单位
55	- **[FACT]** 25 M⊙ 恒星模型计算（Ref. 12，Arnould et al. 1980）显示：激波加氢烧 **持续 5–10 s**，峰值 **T9 = 0.2–1.0，ρ = $10^{2}$–$10^{4}$ g cm⁻³**。	- **[FACT]** 25 M⊙ 恒星模型计算（Ref. 12，Arnould et al. 1980）显示：激波加氢烧 **持续 5–10 s**，峰值 **T9 = 0.2–1.0，$\rho$ = $10^{2}$–$10^{4}$ g cm⁻³**。	R2 核素/希腊字母/单位
62	| ρ (g cm⁻³) | >$10^{3}$ 触发 | — | $10^{6}$–$10^{8}$ | $10^{2}$–$10^{4}$ |	| $\rho$ (g cm⁻³) | >$10^{3}$ 触发 | — | $10^{6}$–$10^{8}$ | $10^{2}$–$10^{4}$ |	R2 核素/希腊字母/单位
70	3. 通过比较三类爆发的 T、ρ、时标、抛射物，为后续反应网络分析设定物理条件区间；	3. 通过比较三类爆发的 T、$\rho$、时标、抛射物，为后续反应网络分析设定物理条件区间；	R2 核素/希腊字母/单位
76	- 新星抛射物观测（化学丰度反常）是约束核反应速率最直接的途径——这也解释了本文为什么花大量篇幅讨论 13N(p,γ)14O、14O(α,p)17F 等速率。	- 新星抛射物观测（化学丰度反常）是约束核反应速率最直接的途径——这也解释了本文为什么花大量篇幅讨论 13N(p,$\gamma$)14O、14O($\alpha$,p)17F 等速率。	R2 核素/希腊字母/单位
82	- 超新星激波加氢烧的 ρ = $10^{2}$–$10^{4}$ g cm⁻³ 处于本文 §5.1–5.2 覆盖范围内，因此可直接对应 §5 的模型计算。	- 超新星激波加氢烧的 $\rho$ = $10^{2}$–$10^{4}$ g cm⁻³ 处于本文 §5.1–5.2 覆盖范围内，因此可直接对应 §5 的模型计算。	R2 核素/希腊字母/单位
19	**[FACT]** 考虑的产生场所温度为 **$T_{9}$ = 0.1–1.5**，密度为 **ρ = $10^{3}$–$10^{8}$ g cm⁻³**。	**[FACT]** 考虑的产生场所温度为 **$T_{9}$ = 0.1–1.5**，密度为 **$\rho$ = $10^{3}$–$10^{8}$ g cm⁻³**。	R2 核素/希腊字母/单位
26	- 关键区别：**爆炸性燃烧中核反应时标可比或短于 β 衰变时标**。	- 关键区别：**爆炸性燃烧中核反应时标可比或短于 $\beta$ 衰变时标**。	R2 核素/希腊字母/单位
27	- 因此在 ¹²C(p,γ)¹³N 之后，**¹³N 的 β⁺ 衰变 ($T_{1}$/₂ = 9.97 min) 被 ¹³N(p,γ)¹⁴O 反应绕过**——这就是 **Hot CNO (HCNO)** 循环的起源 (13–17)。	- 因此在 $^{12}{\rm C}$(p,$\gamma$)$^{13}{\rm N}$ 之后，**$^{13}{\rm N}$ 的 $\beta^{"+" if m.group(1)=="⁺" else "-"}$ 衰变 ($T_{1}$/₂ = 9.97 min) 被 $^{13}{\rm N}$(p,$\gamma$)$^{14}{\rm O}$ 反应绕过**——这就是 **Hot CNO (HCNO)** 循环的起源 (13–17)。	R2 核素/希腊字母/单位
31	**[FACT]** 从 ¹⁶O 进入 HCNO 的路径分两段：	**[FACT]** 从 $^{16}{\rm O}$ 进入 HCNO 的路径分两段：	R2 核素/希腊字母/单位
34	¹⁶O(p,γ)¹⁷F(β⁺)¹⁷O(p,α)¹⁴N(p,γ)¹⁵O	$^{16}{\rm O}$(p,$\gamma$)$^{17}{\rm F}$($\beta^{"+" if m.group(1)=="⁺" else "-"}$)$^{17}{\rm O}$(p,$\alpha$)$^{14}{\rm N}$(p,$\gamma$)$^{15}{\rm O}$	R2 核素/希腊字母/单位
36	¹⁶O(p,γ)¹⁷F(p,γ)¹⁸Ne …（继续向重核推进）	$^{16}{\rm O}$(p,$\gamma$)$^{17}{\rm F}$(p,$\gamma$)$^{18}{\rm Ne}$ …（继续向重核推进）	R2 核素/希腊字母/单位
38	**[FACT]** 主循环内能量产生速率受限于 ¹⁴O 与 ¹⁵O 的 β⁺ 衰变（$T_{1}$/₂ = 71 s 和 122 s）——因此平衡时催化物质以 ¹⁴O、¹⁵O 形式存在，最终在 nova 抛射物中以 **¹⁴N、¹⁵N** 富集。	**[FACT]** 主循环内能量产生速率受限于 $^{14}{\rm O}$ 与 $^{15}{\rm O}$ 的 $\beta^{"+" if m.group(1)=="⁺" else "-"}$ 衰变（$T_{1}$/₂ = 71 s 和 122 s）——因此平衡时催化物质以 $^{14}{\rm O}$、$^{15}{\rm O}$ 形式存在，最终在 nova 抛射物中以 **$^{14}{\rm N}$、$^{15}{\rm N}$** 富集。	R2 核素/希腊字母/单位
40	**[FACT]** ¹⁵N 相对 ¹⁴N 富集，因为 ¹⁵O 的半衰期比 ¹⁴O 长。	**[FACT]** $^{15}{\rm N}$ 相对 $^{14}{\rm N}$ 富集，因为 $^{15}{\rm O}$ 的半衰期比 $^{14}{\rm O}$ 长。	R2 核素/希腊字母/单位
46	- α 诱导反应开始起作用，14O 的 waiting point 被序列 ¹⁴O(α,p)¹⁷F(p,γ)¹⁸Ne(β⁺)¹⁸F(p,α)¹⁵O 绕过，能量产生速率加快。	- $\alpha$ 诱导反应开始起作用，14O 的 waiting point 被序列 $^{14}{\rm O}$($\alpha$,p)$^{17}{\rm F}$(p,$\gamma$)$^{18}{\rm Ne}$($\beta^{"+" if m.group(1)=="⁺" else "-"}$)$^{18}{\rm F}$(p,$\alpha$)$^{15}{\rm O}$ 绕过，能量产生速率加快。	R2 核素/希腊字母/单位
48	- ¹⁵O(α,γ)¹⁹Ne	- $^{15}{\rm O}$($\alpha$,$\gamma$)$^{19}{\rm Ne}$	R2 核素/希腊字母/单位
49	- ¹⁸F(p,γ)¹⁹Ne	- $^{18}{\rm F}$(p,$\gamma$)$^{19}{\rm Ne}$	R2 核素/希腊字母/单位
50	- ¹⁸Ne(α,p)²¹Na	- $^{18}{\rm Ne}$($\alpha$,p)$^{21}{\rm Na}$	R2 核素/希腊字母/单位
52	**[FACT]** 一旦到达 ¹⁹Ne 或 ²¹Na，将启动**一系列快速质子与 α 诱导反应**——即 **rp-process** (18, 19)。	**[FACT]** 一旦到达 $^{19}{\rm Ne}$ 或 $^{21}{\rm Na}$，将启动**一系列快速质子与 $\alpha$ 诱导反应**——即 **rp-process** (18, 19)。	R2 核素/希腊字母/单位
63	- 其走向由**带电粒子反应速率与 β 衰变速率的竞争**决定。	- 其走向由**带电粒子反应速率与 $\beta$ 衰变速率的竞争**决定。	R2 核素/希腊字母/单位
64	- 反应速率随温度指数上升；β 衰变速率近似温度无关。	- 反应速率随温度指数上升；$\beta$ 衰变速率近似温度无关。	R2 核素/希腊字母/单位
68	2. β 衰变 waiting points；	2. $\beta$ 衰变 waiting points；	R2 核素/希腊字母/单位
78	- 只有 **¹³N(p,γ)¹⁴O** 的反应率被以合理精度测得（±13%）。	- 只有 **$^{13}{\rm N}$(p,$\gamma$)$^{14}{\rm O}$** 的反应率被以合理精度测得（±13%）。	R2 核素/希腊字母/单位
79	- **¹⁵O(α,γ)¹⁹Ne** 反应率不确定度在 2 倍以内。	- **$^{15}{\rm O}$($\alpha$,$\gamma$)$^{19}{\rm Ne}$** 反应率不确定度在 2 倍以内。	R2 核素/希腊字母/单位
90	**[FACT]** 热核反应率定义为 σ(E)·v 对 Maxwell 速度分布的均值：	**[FACT]** 热核反应率定义为 $\sigma$(E)·v 对 Maxwell 速度分布的均值：	R2 核素/希腊字母/单位
94	- **μ** 约化质量	- **$\mu$** 约化质量	R2 核素/希腊字母/单位
96	- **σ(E)** 反应截面	- **$\sigma$(E)** 反应截面	R2 核素/希腊字母/单位
112	- HCNO 中 (p,γ) 反应：**25 keV 至 1.1 MeV** (c.m.)	- HCNO 中 (p,$\gamma$) 反应：**25 keV 至 1.1 MeV** (c.m.)	R2 核素/希腊字母/单位
121	- **1/E** 因子来自核截面中的 λ² 项	- **1/E** 因子来自核截面中的 $\lambda$² 项	R2 核素/希腊字母/单位
130	- **λ** = 约化康普顿波长	- **$\lambda$** = 约化康普顿波长	R2 核素/希腊字母/单位
131	- **ω** = 自旋统计因子	- **$\omega$** = 自旋统计因子	R2 核素/希腊字母/单位
132	- **Γ_a, Γ_b, Γ** = 入射/出射道分宽度与总宽度	- **$\Gamma$_a, $\Gamma$_b, $\Gamma$** = 入射/出射道分宽度与总宽度	R2 核素/希腊字母/单位
134	**[FACT]** 对**孤立窄共振**（Γ ≪ E_r），式 (2) 可积分得到：	**[FACT]** 对**孤立窄共振**（$\Gamma$ ≪ E_r），式 (2) 可积分得到：	R2 核素/希腊字母/单位
138	其中 **共振强度** ωγ = ω·Γ_a·Γ_b/Γ。	其中 **共振强度** $\omega$$\gamma$ = $\omega$·$\Gamma$_a·$\Gamma$_b/$\Gamma$。	R2 核素/希腊字母/单位
164	| (6) | 窄共振 Maxwell 积分 | 共振贡献到 ⟨σv⟩ |	| (6) | 窄共振 Maxwell 积分 | 共振贡献到 ⟨$\sigma$v⟩ |	R2 核素/希腊字母/单位
173	| Gamow 峰能量范围 (HCNO p,γ) | 25 keV – 1.1 MeV (c.m.) |	| Gamow 峰能量范围 (HCNO p,$\gamma$) | 25 keV – 1.1 MeV (c.m.) |	R2 核素/希腊字母/单位
175	| 13N β⁺ 半衰期 | 9.97 min |	| 13N $\beta^{"+" if m.group(1)=="⁺" else "-"}$ 半衰期 | 9.97 min |	R2 核素/希腊字母/单位
176	| 14O β⁺ 半衰期 | 71 s |	| 14O $\beta^{"+" if m.group(1)=="⁺" else "-"}$ 半衰期 | 71 s |	R2 核素/希腊字母/单位
177	| 15O β⁺ 半衰期 | 122 s |	| 15O $\beta^{"+" if m.group(1)=="⁺" else "-"}$ 半衰期 | 122 s |	R2 核素/希腊字母/单位
184	↓ 反应时标 ≪ β 衰变时标 → HCNO 循环	↓ 反应时标 ≪ $\beta$ 衰变时标 → HCNO 循环	R2 核素/希腊字母/单位
186	↓ rp-process 由 β 衰变、光裂、循环三种阻抗调节	↓ rp-process 由 $\beta$ 衰变、光裂、循环三种阻抗调节	R2 核素/希腊字母/单位
194	2. **[FACT]** 只有两个反应的速率被较好约束：¹³N(p,γ)¹⁴O（±13%）和 ¹⁵O(α,γ)¹⁹Ne（因子 2）。	2. **[FACT]** 只有两个反应的速率被较好约束：$^{13}{\rm N}$(p,$\gamma$)$^{14}{\rm O}$（±13%）和 $^{15}{\rm O}$($\alpha$,$\gamma$)$^{19}{\rm Ne}$（因子 2）。	R2 核素/希腊字母/单位
195	3. **[CRITIQUE]** 现代核天体物理已在此后的 30 年中大幅推进：放射性束设施（FRIB、FAIR、RIBF、HIE-ISOLDE）已使本文列为"难以测量"的许多反应（如 ¹⁹Ne(p,γ)²⁰Na）得到约束。1992 年的"5–1000 倍"不确定性**已大为降低**，但部分 rp-process 中段核素（A ≈ 60–70）的实验数据仍稀缺。	3. **[CRITIQUE]** 现代核天体物理已在此后的 30 年中大幅推进：放射性束设施（FRIB、FAIR、RIBF、HIE-ISOLDE）已使本文列为"难以测量"的许多反应（如 $^{19}{\rm Ne}$(p,$\gamma$)$^{20}{\rm Na}$）得到约束。1992 年的"5–1000 倍"不确定性**已大为降低**，但部分 rp-process 中段核素（A ≈ 60–70）的实验数据仍稀缺。	R2 核素/希腊字母/单位
13	深入讨论涉及**稳定靶**的四反应（¹²C(p,γ)¹³N, ¹⁴N(p,γ)¹⁵O, ¹⁵N(p,α)¹²C, ¹⁶O(p,γ)¹⁷F），以及 HCNO 中**最关键且唯一被精确测定**的反应 ¹³N(p,γ)¹⁴O。	深入讨论涉及**稳定靶**的四反应（$^{12}{\rm C}$(p,$\gamma$)$^{13}{\rm N}$, $^{14}{\rm N}$(p,$\gamma$)$^{15}{\rm O}$, $^{15}{\rm N}$(p,$\alpha$)$^{12}{\rm C}$, $^{16}{\rm O}$(p,$\gamma$)$^{17}{\rm F}$），以及 HCNO 中**最关键且唯一被精确测定**的反应 $^{13}{\rm N}$(p,$\gamma$)$^{14}{\rm O}$。	R2 核素/希腊字母/单位
23	### 3.2.2 ¹²C(p,γ)¹³N	### 3.2.2 $^{12}{\rm C}$(p,$\gamma$)$^{13}{\rm N}$	R2 核素/希腊字母/单位
32	### 3.2.3 ¹⁵N(p,α)¹²C	### 3.2.3 $^{15}{\rm N}$(p,$\alpha$)$^{12}{\rm C}$	R2 核素/希腊字母/单位
38	- 710 keV 态自旋宇称 J^π = $0^{-}$ → 至 ¹²C 基态或第一激发态的 α 发射**宇称禁戒**，不应作为 (p,α) 共振考虑。	- 710 keV 态自旋宇称 J^$\pi$ = $0^{-}$ → 至 $^{12}{\rm C}$ 基态或第一激发态的 $\alpha$ 发射**宇称禁戒**，不应作为 (p,$\alpha$) 共振考虑。	R2 核素/希腊字母/单位
40	- **[FACT]** 结论：**应采用 ¹⁵N(p,α)¹²C 的"下限"** 用于爆炸性氢燃烧网络计算。	- **[FACT]** 结论：**应采用 $^{15}{\rm N}$(p,$\alpha$)$^{12}{\rm C}$ 的"下限"** 用于爆炸性氢燃烧网络计算。	R2 核素/希腊字母/单位
42	### 3.2.4 ¹⁴N(p,γ)¹⁵O 与 ¹⁶O(p,γ)¹⁷F	### 3.2.4 $^{14}{\rm N}$(p,$\gamma$)$^{15}{\rm O}$ 与 $^{16}{\rm O}$(p,$\gamma$)$^{17}{\rm F}$	R2 核素/希腊字母/单位
44	**[FACT]** 未特别展开；由推荐率 (34) 直接采用。这两反应均为 CNO/HCNO 循环中**速率限制步骤的关键环节**（¹⁴N(p,γ)¹⁵O 是 CNO I 主循环的"瓶颈"，但因其稳定靶易测，速率准确）。	**[FACT]** 未特别展开；由推荐率 (34) 直接采用。这两反应均为 CNO/HCNO 循环中**速率限制步骤的关键环节**（$^{14}{\rm N}$(p,$\gamma$)$^{15}{\rm O}$ 是 CNO I 主循环的"瓶颈"，但因其稳定靶易测，速率准确）。	R2 核素/希腊字母/单位
46	## 3.3 章节 3.2: The ¹³N(p,γ)¹⁴O Reaction	## 3.3 章节 3.2: The $^{13}{\rm N}$(p,$\gamma$)$^{14}{\rm O}$ Reaction	R2 核素/希腊字母/单位
50	**[FACT]** 反应由 **¹⁴O 中单一 J^π = $1^{-}$ 共振的 s 波俘获**主导：	**[FACT]** 反应由 **$^{14}{\rm O}$ 中单一 J^$\pi$ = $1^{-}$ 共振的 s 波俘获**主导：	R2 核素/希腊字母/单位
53	- **总宽度** Γ = 38.1 ± 1.8 keV（通过 ¹⁴N(⁴He,t)¹⁴O 反应测量）(40, 41)	- **总宽度** $\Gamma$ = 38.1 ± 1.8 keV（通过 $^{14}{\rm N}$($^{4}{\rm He}$,t)$^{14}{\rm O}$ 反应测量）(40, 41)	R2 核素/希腊字母/单位
54	- 辐射宽度 Γ_γ ~ 数 eV ≪ 质子宽度 Γ_p → 共振强度**主要由 Γ_γ 决定**	- 辐射宽度 $\Gamma$_$\gamma$ ~ 数 eV ≪ 质子宽度 $\Gamma$_p → 共振强度**主要由 $\Gamma$_$\gamma$ 决定**	R2 核素/希腊字母/单位
56	### 3.3.2 §3.2.1 Calculations of Γ_γ	### 3.3.2 §3.2.1 Calculations of $\Gamma$_$\gamma$	R2 核素/希腊字母/单位
58	**[FACT]** 多种模型对 Γ_γ 的预言：	**[FACT]** 多种模型对 $\Gamma$_$\gamma$ 的预言：	R2 核素/希腊字母/单位
60	| 模型 | 作者 | Γ_p | Γ_γ |	| 模型 | 作者 | $\Gamma$_p | $\Gamma$_$\gamma$ |	R2 核素/希腊字母/单位
62	| 单粒子跃迁 (激发 ¹³N 核芯) | Mathews & Dietrich (42) | 34.7 keV | 2.44 eV |	| 单粒子跃迁 (激发 $^{13}{\rm N}$ 核芯) | Mathews & Dietrich (42) | 34.7 keV | 2.44 eV |	R2 核素/希腊字母/单位
64	| + 核芯激发 [¹³N(3.51)] | Funck & Langanke (44) | 53 keV | 1.6 eV |	| + 核芯激发 [$^{13}{\rm N}$(3.51)] | Funck & Langanke (44) | 53 keV | 1.6 eV |	R2 核素/希腊字母/单位
65	| R-矩阵 (类比 ¹²C(p,γ)¹³N) | Barker (45) | 35.9 keV | 1.2 eV（最佳值；通道半径变化时 1.2–2.4 eV） |	| R-矩阵 (类比 $^{12}{\rm C}$(p,$\gamma$)$^{13}{\rm N}$) | Barker (45) | 35.9 keV | 1.2 eV（最佳值；通道半径变化时 1.2–2.4 eV） |	R2 核素/希腊字母/单位
68	**[FACT]** 综述："a number of very different types of calculations indicate **1.2 ≤ Γ_γ ≤ 4.1 eV**"。	**[FACT]** 综述："a number of very different types of calculations indicate **1.2 ≤ $\Gamma$_$\gamma$ ≤ 4.1 eV**"。	R2 核素/希腊字母/单位
72	**[INTERPRETATION]** 计算分歧约 3 倍，反映单态预言在 s 波 γ 衰变 E1 强度上的困难。	**[INTERPRETATION]** 计算分歧约 3 倍，反映单态预言在 s 波 $\gamma$ 衰变 E1 强度上的困难。	R2 核素/希腊字母/单位
74	### 3.3.3 §3.2.2 Measurements of Γ_γ	### 3.3.3 §3.2.2 Measurements of $\Gamma$_$\gamma$	R2 核素/希腊字母/单位
76	**[FACT]** 计算预言 3.1 × $10^{-5}$ ≲ Γ_γ/Γ ≲ 1.1 × $10^{-4}$——这个量级的**分支比测量非常困难**。	**[FACT]** 计算预言 3.1 × $10^{-5}$ ≲ $\Gamma$_$\gamma$/$\Gamma$ ≲ 1.1 × $10^{-4}$——这个量级的**分支比测量非常困难**。	R2 核素/希腊字母/单位
82	| Wang (40) ¹⁴N(⁴He,t)¹⁴O*(α₀)–γ 反冲符合 | Γ_γ/Γ ≲ 4.5 × $10^{-4}$ → Γ_γ ≲ 17 eV |	| Wang (40) $^{14}{\rm N}$($^{4}{\rm He}$,t)$^{14}{\rm O}$*($\alpha$₀)–$\gamma$ 反冲符合 | $\Gamma$_$\gamma$/$\Gamma$ ≲ 4.5 × $10^{-4}$ → $\Gamma$_$\gamma$ ≲ 17 eV |	R2 核素/希腊字母/单位
83	| (47) ¹³C(⁴He,n,γ)¹⁴O，5.71 MeV 态 | Γ_γ = 2.7 ± 1.3 eV |	| (47) $^{13}{\rm C}$($^{4}{\rm He}$,n,$\gamma$)$^{14}{\rm O}$，5.71 MeV 态 | $\Gamma$_$\gamma$ = 2.7 ± 1.3 eV |	R2 核素/希腊字母/单位
84	| (48) 同上 | Γ_γ = 7.6 ± 3.8 eV |	| (48) 同上 | $\Gamma$_$\gamma$ = 7.6 ± 3.8 eV |	R2 核素/希腊字母/单位
85	| (49) ¹H(¹⁴N,¹⁴O)n 反应，¹⁴O 反冲单计数（需 ¹⁴N(p,n)¹⁴O 截面辅助） | 综合得 Γ_γ = 12 ± 7 eV |	| (49) $^{1}{\rm H}$($^{14}{\rm N}$,$^{14}{\rm O}$)n 反应，$^{14}{\rm O}$ 反冲单计数（需 $^{14}{\rm N}$(p,n)$^{14}{\rm O}$ 截面辅助） | 综合得 $\Gamma$_$\gamma$ = 12 ± 7 eV |	R2 核素/希腊字母/单位
89	1. **Decrock et al. (50)** — Louvain-la-Neuve，加速 ¹³N 束，通过 ¹H(¹³N,¹⁴O)γ：	1. **Decrock et al. (50)** — Louvain-la-Neuve，加速 $^{13}{\rm N}$ 束，通过 $^{1}{\rm H}$($^{13}{\rm N}$,$^{14}{\rm O}$)$\gamma$：	R2 核素/希腊字母/单位
90	- γ 分支比来自与 ¹³N 反冲符合的 5.17 MeV γ 产额，并采用宇宙线反符合、与回旋加速器 RF 相位锁定，最小化本底。	- $\gamma$ 分支比来自与 $^{13}{\rm N}$ 反冲符合的 5.17 MeV $\gamma$ 产额，并采用宇宙线反符合、与回旋加速器 RF 相位锁定，最小化本底。	R2 核素/希腊字母/单位
91	- 结果：**Γ_γ = 3.8 ± 1.2 eV**。	- 结果：**$\Gamma$_$\gamma$ = 3.8 ± 1.2 eV**。	R2 核素/希腊字母/单位
92	- ¹³N + p 散射分析 (51)：宽度 Γ = 37.0 ± 1.1 keV（与 (41) 一致），但**共振能量 E_cm = 526 ± 1 keV** 与公认值 541 ± 2 keV 严重不符。	- $^{13}{\rm N}$ + p 散射分析 (51)：宽度 $\Gamma$ = 37.0 ± 1.1 keV（与 (41) 一致），但**共振能量 E_cm = 526 ± 1 keV** 与公认值 541 ± 2 keV 严重不符。	R2 核素/希腊字母/单位
94	2. **Motobayashi et al. (52)** — ¹⁴O 弹在 ²⁰⁸Pb 库仑场中库仑裂变：	2. **Motobayashi et al. (52)** — $^{14}{\rm O}$ 弹在 $^{208}{\rm Pb}$ 库仑场中库仑裂变：	R2 核素/希腊字母/单位
96	- 归一化结果：**Γ_γ = 3.1 ± 0.6 eV**。	- 归一化结果：**$\Gamma$_$\gamma$ = 3.1 ± 0.6 eV**。	R2 核素/希腊字母/单位
98	- Kiener et al. (54) 第二次测量：**Γ_γ = 2.4 ± 0.9 eV**。	- Kiener et al. (54) 第二次测量：**$\Gamma$_$\gamma$ = 2.4 ± 0.9 eV**。	R2 核素/希腊字母/单位
102	**[FACT]** 所有测量加权平均：**Γ_γ = 3.1 ± 0.4 eV**。	**[FACT]** 所有测量加权平均：**$\Gamma$_$\gamma$ = 3.1 ± 0.4 eV**。	R2 核素/希腊字母/单位
106	**[FACT]** 同时采用 Fernandez et al. (47) 的**直接俘获截面**计算（基于测量类比反应 ¹³C(p,γ)¹⁴N(2.313)）。	**[FACT]** 同时采用 Fernandez et al. (47) 的**直接俘获截面**计算（基于测量类比反应 $^{13}{\rm C}$(p,$\gamma$)$^{14}{\rm N}$(2.313)）。	R2 核素/希腊字母/单位
108	**[FACT]** 目前**反应率不确定度主要由 Γ_γ 决定**，而非共振能量的分歧。	**[FACT]** 目前**反应率不确定度主要由 $\Gamma$_$\gamma$ 决定**，而非共振能量的分歧。	R2 核素/希腊字母/单位
110	**[FACT]** 因此**¹³N(p,γ)¹⁴O 是全 HCNO 中唯一有可靠推荐值的反应**。	**[FACT]** 因此**$^{13}{\rm N}$(p,$\gamma$)$^{14}{\rm O}$ 是全 HCNO 中唯一有可靠推荐值的反应**。	R2 核素/希腊字母/单位
116	| ¹³N(p,γ)¹⁴O 主导共振 E_cm | 541 ± 2 keV |	| $^{13}{\rm N}$(p,$\gamma$)$^{14}{\rm O}$ 主导共振 E_cm | 541 ± 2 keV |	R2 核素/希腊字母/单位
118	| 共振 J^π | $1^{-}$ (¹⁴O) |	| 共振 J^$\pi$ | $1^{-}$ ($^{14}{\rm O}$) |	R2 核素/希腊字母/单位
119	| 总宽度 Γ | 38.1 ± 1.8 keV |	| 总宽度 $\Gamma$ | 38.1 ± 1.8 keV |	R2 核素/希腊字母/单位
120	| 加权 Γ_γ（推荐值） | 3.1 ± 0.4 eV |	| 加权 $\Gamma$_$\gamma$（推荐值） | 3.1 ± 0.4 eV |	R2 核素/希腊字母/单位
121	| Γ_p | ≫ Γ_γ（主导 Γ） |	| $\Gamma$_p | ≫ $\Gamma$_$\gamma$（主导 $\Gamma$） |	R2 核素/希腊字母/单位
122	| ¹⁵N(p,α)¹²C 中 710 keV 态 | J^π = $0^{-}$，宇称禁戒 (p,α) |	| $^{15}{\rm N}$(p,$\alpha$)$^{12}{\rm C}$ 中 710 keV 态 | J^$\pi$ = $0^{-}$，宇称禁戒 (p,$\alpha$) |	R2 核素/希腊字母/单位
123	| ¹²C(p,γ)¹³N 争议共振 | Ep 由 1.699 → 1.689 MeV |	| $^{12}{\rm C}$(p,$\gamma$)$^{13}{\rm N}$ 争议共振 | Ep 由 1.699 → 1.689 MeV |	R2 核素/希腊字母/单位
128	稳定靶四反应：基本确定（除 ¹⁵N(p,α)¹²C 高温段用下限）	稳定靶四反应：基本确定（除 $^{15}{\rm N}$(p,$\alpha$)$^{12}{\rm C}$ 高温段用下限）	R2 核素/希腊字母/单位
129	↓ 真正的未知是 ¹³N(p,γ)¹⁴O	↓ 真正的未知是 $^{13}{\rm N}$(p,$\gamma$)$^{14}{\rm O}$	R2 核素/希腊字母/单位
130	↓ 该反应由单一共振主导，Γ_γ 是关键	↓ 该反应由单一共振主导，$\Gamma$_$\gamma$ 是关键	R2 核素/希腊字母/单位
133	↓ 加权 Γ_γ = 3.1 ± 0.4 eV → 反应率±13% 精度	↓ 加权 $\Gamma$_$\gamma$ = 3.1 ± 0.4 eV → 反应率±13% 精度	R2 核素/希腊字母/单位
138	1. **[CRITIQUE]** Decrock et al. (50) 的 E_cm = 526 ± 1 keV 与公认值 541 ± 2 keV 相差 15 keV——这个差异**超出误差**，作者将其视为"serious disagreement"，但**未讨论对反应率影响**（因 Γ_γ 是主导不确定度来源，E_r 偏差在 exp(−E_r/kT) 中影响较小）。	1. **[CRITIQUE]** Decrock et al. (50) 的 E_cm = 526 ± 1 keV 与公认值 541 ± 2 keV 相差 15 keV——这个差异**超出误差**，作者将其视为"serious disagreement"，但**未讨论对反应率影响**（因 $\Gamma$_$\gamma$ 是主导不确定度来源，E_r 偏差在 exp(−E_r/kT) 中影响较小）。	R2 核素/希腊字母/单位
139	2. **[CRITIQUE]** 加权 Γ_γ 计算未给出**误差处理方法**（σ 相等的加权？系统误差如何纳入？）。12 ± 7 eV 的"间接测量"权重可能偏高。	2. **[CRITIQUE]** 加权 $\Gamma$_$\gamma$ 计算未给出**误差处理方法**（$\sigma$ 相等的加权？系统误差如何纳入？）。12 ± 7 eV 的"间接测量"权重可能偏高。	R2 核素/希腊字母/单位
140	3. **[FACT]** ¹³N(p,γ)¹⁴O 反应率不确定度最终来自 Γ_γ——但 Γ_γ 的量级为 eV（Γ 为 keV），其**分支比 ~$10^{-4}$** 是"核物理实验中的挑战量级"，直接测量困难解释了为何直到 1990 年代初才有可靠值。	3. **[FACT]** $^{13}{\rm N}$(p,$\gamma$)$^{14}{\rm O}$ 反应率不确定度最终来自 $\Gamma$_$\gamma$——但 $\Gamma$_$\gamma$ 的量级为 eV（$\Gamma$ 为 keV），其**分支比 ~$10^{-4}$** 是"核物理实验中的挑战量级"，直接测量困难解释了为何直到 1990 年代初才有可靠值。	R2 核素/希腊字母/单位
147	- (36–37) Kiss et al. 1989, Poyarkov & Sizov 1987 — ¹²C(p,γ)¹³N 共振位置	- (36–37) Kiss et al. 1989, Poyarkov & Sizov 1987 — $^{12}{\rm C}$(p,$\gamma$)$^{13}{\rm N}$ 共振位置	R2 核素/希腊字母/单位
148	- (38–39) Zyskind & Parker 1979, Redder et al. 1982 — ¹⁵N(p,α)¹²C	- (38–39) Zyskind & Parker 1979, Redder et al. 1982 — $^{15}{\rm N}$(p,$\alpha$)$^{12}{\rm C}$	R2 核素/希腊字母/单位
149	- (40) Wang 1986 PhD thesis Yale — ¹⁴N(⁴He,t)¹⁴O	- (40) Wang 1986 PhD thesis Yale — $^{14}{\rm N}$($^{4}{\rm He}$,t)$^{14}{\rm O}$	R2 核素/希腊字母/单位
150	- (41) Chupp et al. 1985 — ¹⁴O 共振宽度	- (41) Chupp et al. 1985 — $^{14}{\rm O}$ 共振宽度	R2 核素/希腊字母/单位
151	- (42–46) Mathews & Dietrich 1984, Langanke et al. 1985, Funck & Langanke 1987, Barker 1985, Descouvemont & Baye 1989 — Γ_γ 计算	- (42–46) Mathews & Dietrich 1984, Langanke et al. 1985, Funck & Langanke 1987, Barker 1985, Descouvemont & Baye 1989 — $\Gamma$_$\gamma$ 计算	R2 核素/希腊字母/单位
152	- (47) Fernandez et al. 1989 — ¹³N(p,γ)¹⁴O 直接俘获类比	- (47) Fernandez et al. 1989 — $^{13}{\rm N}$(p,$\gamma$)$^{14}{\rm O}$ 直接俘获类比	R2 核素/希腊字母/单位
157	- (52) Motobayashi et al. 1991 PLB — ¹⁴O 库仑裂变	- (52) Motobayashi et al. 1991 PLB — $^{14}{\rm O}$ 库仑裂变	R2 核素/希腊字母/单位
13	讨论 HCNO 中的两个 α 诱导**跳出反应**：	讨论 HCNO 中的两个 $\alpha$ 诱导**跳出反应**：	R2 核素/希腊字母/单位
15	- **¹⁴O(α,p)¹⁷F**（与 ¹⁷F(p,γ)¹⁸Ne 配对，绕过 ¹⁴O waiting point）	- **$^{14}{\rm O}$($\alpha$,p)$^{17}{\rm F}$**（与 $^{17}{\rm F}$(p,$\gamma$)$^{18}{\rm Ne}$ 配对，绕过 $^{14}{\rm O}$ waiting point）	R2 核素/希腊字母/单位
16	- **¹⁸Ne(α,p)²¹Na**（从 HCNO 直接跳入 rp-process 通道）	- **$^{18}{\rm Ne}$($\alpha$,p)$^{21}{\rm Na}$**（从 HCNO 直接跳入 rp-process 通道）	R2 核素/希腊字母/单位
20	## 4.2 章节 3.3: The Structure of ¹⁸Ne and ¹⁴O(α,p)¹⁷F / ¹⁷F(p,γ)¹⁸Ne	## 4.2 章节 3.3: The Structure of $^{18}{\rm Ne}$ and $^{14}{\rm O}$($\alpha$,p)$^{17}{\rm F}$ / $^{17}{\rm F}$(p,$\gamma$)$^{18}{\rm Ne}$	R2 核素/希腊字母/单位
22	### 4.2.1 ¹⁸Ne 结构：利用 ¹⁸O 类似态	### 4.2.1 $^{18}{\rm Ne}$ 结构：利用 $^{18}{\rm O}$ 类似态	R2 核素/希腊字母/单位
24	**[FACT]** 与 ¹³N(p,γ)¹⁴O 不同，¹⁴O(α,p)¹⁷F 与 ¹⁷F(p,γ)¹⁸Ne **几乎没有实验信息**。	**[FACT]** 与 $^{13}{\rm N}$(p,$\gamma$)$^{14}{\rm O}$ 不同，$^{14}{\rm O}$($\alpha$,p)$^{17}{\rm F}$ 与 $^{17}{\rm F}$(p,$\gamma$)$^{18}{\rm Ne}$ **几乎没有实验信息**。	R2 核素/希腊字母/单位
26	**[FACT]** 两反应的复合核均为 **¹⁸Ne**，是 **¹⁸O 的同位旋类似核**（analogue）；¹⁸O 已被充分研究。	**[FACT]** 两反应的复合核均为 **$^{18}{\rm Ne}$**，是 **$^{18}{\rm O}$ 的同位旋类似核**（analogue）；$^{18}{\rm O}$ 已被充分研究。	R2 核素/希腊字母/单位
28	**[FACT]** 因此 ¹⁸Ne 态的性质可由 ¹⁸O 中**类似态**（analog states）推断。	**[FACT]** 因此 $^{18}{\rm Ne}$ 态的性质可由 $^{18}{\rm O}$ 中**类似态**（analog states）推断。	R2 核素/希腊字母/单位
30	**[FACT]** Figure 3 展示了 ¹⁸O–¹⁸Ne 类比能级对，标注已确认的类比连接。	**[FACT]** Figure 3 展示了 $^{18}{\rm O}$–$^{18}{\rm Ne}$ 类比能级对，标注已确认的类比连接。	R2 核素/希腊字母/单位
32	**[FACT]** 仍有**若干激发态在 ¹⁸Ne 中尚未发现**，且已知的共振性质尚未确定（因**类比对应未完全建立**）。	**[FACT]** 仍有**若干激发态在 $^{18}{\rm Ne}$ 中尚未发现**，且已知的共振性质尚未确定（因**类比对应未完全建立**）。	R2 核素/希腊字母/单位
34	**[INTERPRETATION]** 此处体现了核天体物理的"间接推理"范式：不稳定核（¹⁸Ne，$T_{1}$/₂ = 1.67 s）不能直接做靶，必须通过稳定核（¹⁸O）的类似态外推。	**[INTERPRETATION]** 此处体现了核天体物理的"间接推理"范式：不稳定核（$^{18}{\rm Ne}$，$T_{1}$/₂ = 1.67 s）不能直接做靶，必须通过稳定核（$^{18}{\rm O}$）的类似态外推。	R2 核素/希腊字母/单位
36	### 4.2.2 §3.3.1 The ¹⁴O(α,p)¹⁷F Reaction	### 4.2.2 §3.3.1 The $^{14}{\rm O}$($\alpha$,p)$^{17}{\rm F}$ Reaction	R2 核素/希腊字母/单位
38	**[FACT]** ¹⁴O 与 α 均为 **$0^{+}$ 粒子** → 只有**自然宇称态**（natural-parity states）参与。	**[FACT]** $^{14}{\rm O}$ 与 $\alpha$ 均为 **$0^{+}$ 粒子** → 只有**自然宇称态**（natural-parity states）参与。	R2 核素/希腊字母/单位
43	- ¹²C(¹²C,⁶He)¹⁸Ne	- $^{12}{\rm C}$($^{12}{\rm C}$,$^{6}{\rm He}$)$^{18}{\rm Ne}$	R2 核素/希腊字母/单位
44	- ²⁰Ne(p,t)¹⁸Ne（K. I. Hahn 与 A. E. Champagne，private comm.）	- $^{20}{\rm Ne}$(p,t)$^{18}{\rm Ne}$（K. I. Hahn 与 A. E. Champagne，private comm.）	R2 核素/希腊字母/单位
54	- 使用 **A=18 Thomas-Ehrman 位移**计算建立 ¹⁸O–¹⁸Ne 类比对应。	- 使用 **A=18 Thomas-Ehrman 位移**计算建立 $^{18}{\rm O}$–$^{18}{\rm Ne}$ 类比对应。	R2 核素/希腊字母/单位
55	- 发现若干**暂定的 J^π 指派 (55)** 与类比指派不一致。	- 发现若干**暂定的 J^$\pi$ 指派 (55)** 与类比指派不一致。	R2 核素/希腊字母/单位
56	- 在此保留的前提下，新提出 **Ex = 6.13 MeV** 态（¹⁸O 中 Ex = 6.198 MeV, J^π = $1^{-}$ 的类比）。	- 在此保留的前提下，新提出 **Ex = 6.13 MeV** 态（$^{18}{\rm O}$ 中 Ex = 6.198 MeV, J^$\pi$ = $1^{-}$ 的类比）。	R2 核素/希腊字母/单位
57	- 质子/α 分宽度来自 ¹⁷O(d,p)¹⁸O (55) 与 ¹⁴C(⁶Li,d)¹⁸O (57) 的**谱因子**（spectroscopic factors），未测到时用壳模型 (58)。	- 质子/$\alpha$ 分宽度来自 $^{17}{\rm O}$(d,p)$^{18}{\rm O}$ (55) 与 $^{14}{\rm C}$($^{6}{\rm Li}$,d)$^{18}{\rm O}$ (57) 的**谱因子**（spectroscopic factors），未测到时用壳模型 (58)。	R2 核素/希腊字母/单位
58	- 辐射宽度来自 ¹⁸O 中已知值。	- 辐射宽度来自 $^{18}{\rm O}$ 中已知值。	R2 核素/希腊字母/单位
59	- 计算共振强度并处理非共振直接反应（假设直接俘获到 α 束缚但 p 未束缚态）。	- 计算共振强度并处理非共振直接反应（假设直接俘获到 $\alpha$ 束缚但 p 未束缚态）。	R2 核素/希腊字母/单位
60	- 结论：反应率**几乎完全由两个 J^π = $1^{-}$ 共振决定**：	- 结论：反应率**几乎完全由两个 J^$\pi$ = $1^{-}$ 共振决定**：	R2 核素/希腊字母/单位
63	- 竞争反应 (α,γ) 对 ¹⁴O 的破坏**不重要**。	- 竞争反应 ($\alpha$,$\gamma$) 对 $^{14}{\rm O}$ 的破坏**不重要**。	R2 核素/希腊字母/单位
70	- 微观势模型计算 (α,p) 截面，包含**共振与非共振振幅的干涉**。	- 微观势模型计算 ($\alpha$,p) 截面，包含**共振与非共振振幅的干涉**。	R2 核素/希腊字母/单位
71	- 因 α 俘获阈值以上态的自旋**不确定性大**，**不使用自旋信息**约束计算。	- 因 $\alpha$ 俘获阈值以上态的自旋**不确定性大**，**不使用自旋信息**约束计算。	R2 核素/希腊字母/单位
83	**[FACT]** 低温差异主要源于 **J^π = $2^{+}$** 共振 **E_cm = 34 keV**（对应 Ex = 5.15 MeV）：	**[FACT]** 低温差异主要源于 **J^$\pi$ = $2^{+}$** 共振 **E_cm = 34 keV**（对应 Ex = 5.15 MeV）：	R2 核素/希腊字母/单位
93	**[FACT]** Funck & Langanke (59) 认为 (56) 使用了**过度简化的反应机制图像**；(59) 更依赖 ¹⁸Ne 的理论性质，但也忽略了一些实验输入——例如**最低 $1^{-}$ 共振**用了计算的约化 α 宽度（而实验值存在，理论比实验大 3 倍，但最终对反应率影响很小）。	**[FACT]** Funck & Langanke (59) 认为 (56) 使用了**过度简化的反应机制图像**；(59) 更依赖 $^{18}{\rm Ne}$ 的理论性质，但也忽略了一些实验输入——例如**最低 $1^{-}$ 共振**用了计算的约化 $\alpha$ 宽度（而实验值存在，理论比实验大 3 倍，但最终对反应率影响很小）。	R2 核素/希腊字母/单位
95	**[FACT]** **庆幸的是**，两者最大的分歧出现在 **$T_{9}$ ≲ 0.35**——此时 (α,p) 反应可能太慢，无法与 ¹⁴O 的 β 衰变竞争。	**[FACT]** **庆幸的是**，两者最大的分歧出现在 **$T_{9}$ ≲ 0.35**——此时 ($\alpha$,p) 反应可能太慢，无法与 $^{14}{\rm O}$ 的 $\beta$ 衰变竞争。	R2 核素/希腊字母/单位
97	**[FACT]** 在 (α,p) 主导的温度下，各计算**在因子 2 内一致**。	**[FACT]** 在 ($\alpha$,p) 主导的温度下，各计算**在因子 2 内一致**。	R2 核素/希腊字母/单位
101	### 4.2.8 §3.3.3 The ¹⁷F(p,γ)¹⁸Ne Reaction	### 4.2.8 §3.3.3 The $^{17}{\rm F}$(p,$\gamma$)$^{18}{\rm Ne}$ Reaction	R2 核素/希腊字母/单位
103	**[FACT]** 与 ¹⁴O(α,p)¹⁷F 不同，¹⁷F(p,γ)¹⁸Ne **相对理解较好**。	**[FACT]** 与 $^{14}{\rm O}$($\alpha$,p)$^{17}{\rm F}$ 不同，$^{17}{\rm F}$(p,$\gamma$)$^{18}{\rm Ne}$ **相对理解较好**。	R2 核素/希腊字母/单位
105	**[FACT]** A=18 系统中 T=1 态比较显示：**J^π = $3^{+}$** 态存在于 ¹⁸O (Ex = 5.38 MeV) 和 ¹⁸F (Ex = 6.16 MeV) 中，**但 ¹⁸Ne 中对应态尚未观测**（Figure 3）。	**[FACT]** A=18 系统中 T=1 态比较显示：**J^$\pi$ = $3^{+}$** 态存在于 $^{18}{\rm O}$ (Ex = 5.38 MeV) 和 $^{18}{\rm F}$ (Ex = 6.16 MeV) 中，**但 $^{18}{\rm Ne}$ 中对应态尚未观测**（Figure 3）。	R2 核素/希腊字母/单位
107	**[FACT]** 该态可由 s 波质子俘获布居 → 可能是重要 (p,γ) 共振。	**[FACT]** 该态可由 s 波质子俘获布居 → 可能是重要 (p,$\gamma$) 共振。	R2 核素/希腊字母/单位
109	**[FACT]** 初始计算 (62) **未包含此态**；后续 (63) 用 Thomas-Ehrman 位移计算预言 **Ex = 4.33 MeV** → 距 ¹⁷F + p 阈值 **406 keV**（天体物理上重要的位置）。	**[FACT]** 初始计算 (62) **未包含此态**；后续 (63) 用 Thomas-Ehrman 位移计算预言 **Ex = 4.33 MeV** → 距 $^{17}{\rm F}$ + p 阈值 **406 keV**（天体物理上重要的位置）。	R2 核素/希腊字母/单位
111	**[FACT]** 该态 Γ_p = Γ → 共振强度 **ωγ = ωΓ_γ**；辐射宽度用 ¹⁸O 中镜像态衰变计算——**该态在全部温度范围内都是反应率最重要的贡献者**。	**[FACT]** 该态 $\Gamma$_p = $\Gamma$ → 共振强度 **$\omega$$\gamma$ = $\omega$$\Gamma$_$\gamma$**；辐射宽度用 $^{18}{\rm O}$ 中镜像态衰变计算——**该态在全部温度范围内都是反应率最重要的贡献者**。	R2 核素/希腊字母/单位
117	**[FACT]** 该态的自旋宇称（unnatural parity, $3^{+}$）通过直接两质子/两中子转移**禁戒布居**——只能通过更复杂的反应机制观测，如 ¹⁶O(⁶He,n)¹⁸Ne、²⁰Ne(p,t)¹⁸Ne。	**[FACT]** 该态的自旋宇称（unnatural parity, $3^{+}$）通过直接两质子/两中子转移**禁戒布居**——只能通过更复杂的反应机制观测，如 $^{16}{\rm O}$($^{6}{\rm He}$,n)$^{18}{\rm Ne}$、$^{20}{\rm Ne}$(p,t)$^{18}{\rm Ne}$。	R2 核素/希腊字母/单位
119	**[FACT]** Garcia et al. (64) 用 (⁶He,n) 在 Ex ≈ 4.5 MeV 附近观测到弱态，通过排除法认定为**缺失的 $3^{+}$ 态**。	**[FACT]** Garcia et al. (64) 用 ($^{6}{\rm He}$,n) 在 Ex ≈ 4.5 MeV 附近观测到弱态，通过排除法认定为**缺失的 $3^{+}$ 态**。	R2 核素/希腊字母/单位
127	## 4.3 章节 3.4: The ¹⁸Ne(α,p)²¹Na Reaction	## 4.3 章节 3.4: The $^{18}{\rm Ne}$($\alpha$,p)$^{21}{\rm Na}$ Reaction	R2 核素/希腊字母/单位
131	**[FACT]** **关于 ²²Mg 在 ¹⁸Ne + α 阈值 (E_th = 8.140 MeV) 以上的结构几乎一无所知**。	**[FACT]** **关于 $^{22}{\rm Mg}$ 在 $^{18}{\rm Ne}$ + $\alpha$ 阈值 (E_th = 8.140 MeV) 以上的结构几乎一无所知**。	R2 核素/希腊字母/单位
133	**[FACT]** 但 ²²Ne 在 8.14–10.14 MeV 激发区间有 **22 个已知态**（65）。	**[FACT]** 但 $^{22}{\rm Ne}$ 在 8.14–10.14 MeV 激发区间有 **22 个已知态**（65）。	R2 核素/希腊字母/单位
137	**[FACT]** 因此 ¹⁸Ne(α,p)²¹Na 截面由 **Hauser-Feshbach 计算**（P.-K. Thielmann, private comm.）给出，**无需 ²²Mg 的具体能级结构**。	**[FACT]** 因此 $^{18}{\rm Ne}$($\alpha$,p)$^{21}{\rm Na}$ 截面由 **Hauser-Feshbach 计算**（P.-K. Thielmann, private comm.）给出，**无需 $^{22}{\rm Mg}$ 的具体能级结构**。	R2 核素/希腊字母/单位
145	| ¹⁴O(α,p)¹⁷F 关键 $1^{-}$ 共振 (56) | E_cm = 1.01, 1.94 MeV |	| $^{14}{\rm O}$($\alpha$,p)$^{17}{\rm F}$ 关键 $1^{-}$ 共振 (56) | E_cm = 1.01, 1.94 MeV |	R2 核素/希腊字母/单位
146	| ¹⁴O(α,p)¹⁷F 关键 $1^{-}$ 共振 (59) | 对应 Ex = 6.30 MeV |	| $^{14}{\rm O}$($\alpha$,p)$^{17}{\rm F}$ 关键 $1^{-}$ 共振 (59) | 对应 Ex = 6.30 MeV |	R2 核素/希腊字母/单位
147	| ¹⁴O(α,p)¹⁷F 低温分歧 J^π=$2^{+}$ | E_cm = 34 keV, Ex = 5.15 MeV |	| $^{14}{\rm O}$($\alpha$,p)$^{17}{\rm F}$ 低温分歧 J^$\pi$=$2^{+}$ | E_cm = 34 keV, Ex = 5.15 MeV |	R2 核素/希腊字母/单位
148	| ¹⁴O(α,p)¹⁷F 低温分歧 | 新率比旧率 > 100 倍 |	| $^{14}{\rm O}$($\alpha$,p)$^{17}{\rm F}$ 低温分歧 | 新率比旧率 > 100 倍 |	R2 核素/希腊字母/单位
149	| ¹⁴O(α,p)¹⁷F 高温一致度 | 因子 2 |	| $^{14}{\rm O}$($\alpha$,p)$^{17}{\rm F}$ 高温一致度 | 因子 2 |	R2 核素/希腊字母/单位
150	| ¹⁷F(p,γ)¹⁸Ne 关键 $3^{+}$ 共振 (预言) | Ex = 4.33 MeV, E_cm = 406 keV |	| $^{17}{\rm F}$(p,$\gamma$)$^{18}{\rm Ne}$ 关键 $3^{+}$ 共振 (预言) | Ex = 4.33 MeV, E_cm = 406 keV |	R2 核素/希腊字母/单位
151	| ¹⁷F(p,γ)¹⁸Ne 关键 $3^{+}$ 共振 (实验) | Ex = 4.561 ± 6 ± 7 MeV, E_cm = 639 keV |	| $^{17}{\rm F}$(p,$\gamma$)$^{18}{\rm Ne}$ 关键 $3^{+}$ 共振 (实验) | Ex = 4.561 ± 6 ± 7 MeV, E_cm = 639 keV |	R2 核素/希腊字母/单位
152	| ¹⁷F(p,γ)¹⁸Ne 推荐率修正 | 比早期低 ~10 倍 |	| $^{17}{\rm F}$(p,$\gamma$)$^{18}{\rm Ne}$ 推荐率修正 | 比早期低 ~10 倍 |	R2 核素/希腊字母/单位
153	| ²²Mg 阈值 (¹⁸Ne + α) | E_th = 8.140 MeV |	| $^{22}{\rm Mg}$ 阈值 ($^{18}{\rm Ne}$ + $\alpha$) | E_th = 8.140 MeV |	R2 核素/希腊字母/单位
154	| ²²Ne 已知态 (类比区) | 22 个态于 8.14–10.14 MeV |	| $^{22}{\rm Ne}$ 已知态 (类比区) | 22 个态于 8.14–10.14 MeV |	R2 核素/希腊字母/单位
159	HCNO 内 β 衰变 waiting points (¹⁴O, ¹⁵O) 限制了能量产生	HCNO 内 $\beta$ 衰变 waiting points ($^{14}{\rm O}$, $^{15}{\rm O}$) 限制了能量产生	R2 核素/希腊字母/单位
160	↓ 温度升高 → 寻找 α 诱导 bypass 路径	↓ 温度升高 → 寻找 $\alpha$ 诱导 bypass 路径	R2 核素/希腊字母/单位
161	↓ ¹⁴O(α,p)¹⁷F 是关键绕过	↓ $^{14}{\rm O}$($\alpha$,p)$^{17}{\rm F}$ 是关键绕过	R2 核素/希腊字母/单位
164	↓ 但分歧温度区实际不重要（β 衰变仍主导）	↓ 但分歧温度区实际不重要（$\beta$ 衰变仍主导）	R2 核素/希腊字母/单位
166	↓ ¹⁷F(p,γ)¹⁸Ne 实验已定 $3^{+}$ 态位置 → 修正反应率（低 10 倍）	↓ $^{17}{\rm F}$(p,$\gamma$)$^{18}{\rm Ne}$ 实验已定 $3^{+}$ 态位置 → 修正反应率（低 10 倍）	R2 核素/希腊字母/单位
167	↓ ¹⁸Ne(α,p)²¹Na 是 HCNO → rp-process 桥，但 ²²Mg 结构未知	↓ $^{18}{\rm Ne}$($\alpha$,p)$^{21}{\rm Na}$ 是 HCNO → rp-process 桥，但 $^{22}{\rm Mg}$ 结构未知	R2 核素/希腊字母/单位
172	1. **[CRITIQUE]** ¹⁴O(α,p)¹⁷F 在 $T_{9}$ ≲ 0.35 时两种计算相差 >100 倍——但作者仅以"该温度下 β 衰变仍主导"回避。这一论证隐含**"我们不需要知道慢反应的准确值"**的假设，但若 nova 的局部 $T_{9}$ 恰好介于 0.3–0.4，该反应**可能正是切换 HCNO 与 rp-process 的关键**。	1. **[CRITIQUE]** $^{14}{\rm O}$($\alpha$,p)$^{17}{\rm F}$ 在 $T_{9}$ ≲ 0.35 时两种计算相差 >100 倍——但作者仅以"该温度下 $\beta$ 衰变仍主导"回避。这一论证隐含**"我们不需要知道慢反应的准确值"**的假设，但若 nova 的局部 $T_{9}$ 恰好介于 0.3–0.4，该反应**可能正是切换 HCNO 与 rp-process 的关键**。	R2 核素/希腊字母/单位
173	2. **[FACT]** ¹⁷F(p,γ)¹⁸Ne 的 $3^{+}$ 态测量（Garcia 64）是**1991 年的新结果**，修正了之前的预言——这正好体现了本文作为"反应率状态综述"的价值：把最新实验结果整合进天体物理计算。	2. **[FACT]** $^{17}{\rm F}$(p,$\gamma$)$^{18}{\rm Ne}$ 的 $3^{+}$ 态测量（Garcia 64）是**1991 年的新结果**，修正了之前的预言——这正好体现了本文作为"反应率状态综述"的价值：把最新实验结果整合进天体物理计算。	R2 核素/希腊字母/单位
174	3. **[CRITIQUE]** 1992 年"radioactive beam"技术仍处早期；如今（2020s）FRIB 等设施已使 ¹⁸Ne 束可用，许多 HCNO → rp-process 桥接反应（包括 ¹⁸Ne(α,p)²¹Na 的类比测量）的精度应已提高。	3. **[CRITIQUE]** 1992 年"radioactive beam"技术仍处早期；如今（2020s）FRIB 等设施已使 $^{18}{\rm Ne}$ 束可用，许多 HCNO → rp-process 桥接反应（包括 $^{18}{\rm Ne}$($\alpha$,p)$^{21}{\rm Na}$ 的类比测量）的精度应已提高。	R2 核素/希腊字母/单位
178	Figure 3 展示 ¹⁸O–¹⁸Ne 类比能级对，从 Ex = 0 到 ~8 MeV，标注 J^π 和已确认的类比连接。详细分析见 `09_figures_and_tables.md` §3。	Figure 3 展示 $^{18}{\rm O}$–$^{18}{\rm Ne}$ 类比能级对，从 Ex = 0 到 ~8 MeV，标注 J^$\pi$ 和已确认的类比连接。详细分析见 `09_figures_and_tables.md` §3。	R2 核素/希腊字母/单位
13	讨论**第二个 HCNO → rp-process 桥**：¹⁵O(α,γ)¹⁹Ne（与 ¹⁸F 竞争反应），以及**实验室反应率 vs. 恒星反应率**的差异（激发态布居、恒星 β 衰变）。	讨论**第二个 HCNO → rp-process 桥**：$^{15}{\rm O}$($\alpha$,$\gamma$)$^{19}{\rm Ne}$（与 $^{18}{\rm F}$ 竞争反应），以及**实验室反应率 vs. 恒星反应率**的差异（激发态布居、恒星 $\beta$ 衰变）。	R2 核素/希腊字母/单位
15	## 5.2 章节 3.5: The Structure of ¹⁹Ne and the ¹⁵O(α,γ)¹⁹Ne, ¹⁸F(p,α)¹⁵O, and ¹⁸F(p,γ)¹⁹Ne Reactions	## 5.2 章节 3.5: The Structure of $^{19}{\rm Ne}$ and the $^{15}{\rm O}$($\alpha$,$\gamma$)$^{19}{\rm Ne}$, $^{18}{\rm F}$(p,$\alpha$)$^{15}{\rm O}$, and $^{18}{\rm F}$(p,$\gamma$)$^{19}{\rm Ne}$ Reactions	R2 核素/希腊字母/单位
17	### 5.2.1 ¹⁵O(α,γ)¹⁹Ne 反应	### 5.2.1 $^{15}{\rm O}$($\alpha$,$\gamma$)$^{19}{\rm Ne}$ 反应	R2 核素/希腊字母/单位
21	**[FACT]** 初始估计（Wallace & Woosley 18）：对所有 α + ¹⁵O 阈值以上态假设**无量纲约化 α 宽度** δ²_ℓ = 0.02。	**[FACT]** 初始估计（Wallace & Woosley 18）：对所有 $\alpha$ + $^{15}{\rm O}$ 阈值以上态假设**无量纲约化 $\alpha$ 宽度** $\delta$²_ℓ = 0.02。	R2 核素/希腊字母/单位
23	**[FACT]** 辐射宽度采用 ¹⁹F 中**类比态**（presumed analog states）的值。	**[FACT]** 辐射宽度采用 $^{19}{\rm F}$ 中**类比态**（presumed analog states）的值。	R2 核素/希腊字母/单位
25	**[FACT]** Langanke et al. (68) 采用**相同方法**，但更仔细地估计 α 宽度（用实验或理论 δ_ℓ），结果**反应率基本不变**。	**[FACT]** Langanke et al. (68) 采用**相同方法**，但更仔细地估计 $\alpha$ 宽度（用实验或理论 $\delta$_ℓ），结果**反应率基本不变**。	R2 核素/希腊字母/单位
29	### 5.2.2 实验测量 ¹⁵O(α,γ)¹⁹Ne	### 5.2.2 实验测量 $^{15}{\rm O}$($\alpha$,$\gamma$)$^{19}{\rm Ne}$	R2 核素/希腊字母/单位
31	**[FACT]** 因截面由**孤立共振**主导，可用与 ¹³N(p,γ)¹⁴O 类似的方法实验测量。	**[FACT]** 因截面由**孤立共振**主导，可用与 $^{13}{\rm N}$(p,$\gamma$)$^{14}{\rm O}$ 类似的方法实验测量。	R2 核素/希腊字母/单位
33	**[FACT]** 实验**被简化**，因为 ¹⁹F 中的类比态**已被识别** (55)。	**[FACT]** 实验**被简化**，因为 $^{19}{\rm F}$ 中的类比态**已被识别** (55)。	R2 核素/希腊字母/单位
35	**[FACT]** ¹⁵N(α,γ)¹⁹F 反应 (55, 69, 70) 的测量 → 确定了一些类比对的 δ_ℓ。	**[FACT]** $^{15}{\rm N}$($\alpha$,$\gamma$)$^{19}{\rm F}$ 反应 (55, 69, 70) 的测量 → 确定了一些类比对的 $\delta$_ℓ。	R2 核素/希腊字母/单位
37	**[FACT]** 修正 ¹⁵N 与 ¹⁵O 之间的**库仑势垒差** → 这些测量确定 ¹⁹Ne 中 Ex ≲ 4.549 MeV 态的 δ_ℓ。	**[FACT]** 修正 $^{15}{\rm N}$ 与 $^{15}{\rm O}$ 之间的**库仑势垒差** → 这些测量确定 $^{19}{\rm Ne}$ 中 Ex ≲ 4.549 MeV 态的 $\delta$_ℓ。	R2 核素/希腊字母/单位
41	**[FACT]** 其中最关键的是 **Ex = 4.033 MeV 态 (E_cm = 504 keV)**——因其**自旋低**（→ α 俘获角动量转移小），最可能天体物理重要。	**[FACT]** 其中最关键的是 **Ex = 4.033 MeV 态 (E_cm = 504 keV)**——因其**自旋低**（→ $\alpha$ 俘获角动量转移小），最可能天体物理重要。	R2 核素/希腊字母/单位
43	**[FACT]** 该态 α 宽度由 **¹⁵N(⁶Li,d)¹⁹F** 数据 (71) 估计。	**[FACT]** 该态 $\alpha$ 宽度由 **$^{15}{\rm N}$($^{6}{\rm Li}$,d)$^{19}{\rm F}$** 数据 (71) 估计。	R2 核素/希腊字母/单位
45	**[FACT]** 多个态的 α 衰变通过 **¹⁹F(⁴He,tα)¹⁵O** 反应测量 (71)；给定 δ_ℓ 后反推 Γ_γ；反之也可交叉检验 δ_ℓ。	**[FACT]** 多个态的 $\alpha$ 衰变通过 **$^{19}{\rm F}$($^{4}{\rm He}$,t$\alpha$)$^{15}{\rm O}$** 反应测量 (71)；给定 $\delta$_ℓ 后反推 $\Gamma$_$\gamma$；反之也可交叉检验 $\delta$_ℓ。	R2 核素/希腊字母/单位
49	### 5.2.3 ¹⁸F(p,α)¹⁵O 与 ¹⁸F(p,γ)¹⁹Ne 反应	### 5.2.3 $^{18}{\rm F}$(p,$\alpha$)$^{15}{\rm O}$ 与 $^{18}{\rm F}$(p,$\gamma$)$^{19}{\rm Ne}$ 反应	R2 核素/希腊字母/单位
53	**[FACT]** 目前速率**仅为估计** (62)，基于 ¹⁹Ne 中已知态位置和 ¹⁹F 中可能的类比。	**[FACT]** 目前速率**仅为估计** (62)，基于 $^{19}{\rm Ne}$ 中已知态位置和 $^{19}{\rm F}$ 中可能的类比。	R2 核素/希腊字母/单位
55	**[FACT]** 参与态比 ¹⁵O + α 反应高 **~3 MeV**，能级密度仍**足够低**以使孤立共振重要。	**[FACT]** 参与态比 $^{15}{\rm O}$ + $\alpha$ 反应高 **~3 MeV**，能级密度仍**足够低**以使孤立共振重要。	R2 核素/希腊字母/单位
67	**[FACT]** 测量 δ_ℓ 对此态是挑战（预期 ~$10^{-4}$）；理解改善需**放射性束**。	**[FACT]** 测量 $\delta$_ℓ 对此态是挑战（预期 ~$10^{-4}$）；理解改善需**放射性束**。	R2 核素/希腊字母/单位
69	**[FACT]** ¹⁸F(p,α)¹⁵O 与 ¹⁸F(p,γ)¹⁹Ne 的共振参数基于**合理假设** (62)，但**单共振可能大幅偏离系统行为** → **反应率高度不确定**。	**[FACT]** $^{18}{\rm F}$(p,$\alpha$)$^{15}{\rm O}$ 与 $^{18}{\rm F}$(p,$\gamma$)$^{19}{\rm Ne}$ 的共振参数基于**合理假设** (62)，但**单共振可能大幅偏离系统行为** → **反应率高度不确定**。	R2 核素/希腊字母/单位
81	**[FACT]** 若激发态可 β 衰变，β 半衰期将被**热激发修正**。	**[FACT]** 若激发态可 $\beta$ 衰变，$\beta$ 半衰期将被**热激发修正**。	R2 核素/希腊字母/单位
95	**[FACT]** 只有 **¹⁷F、¹⁸F** 有**显著激发态布居**：	**[FACT]** 只有 **$^{17}{\rm F}$、$^{18}{\rm F}$** 有**显著激发态布居**：	R2 核素/希腊字母/单位
96	- ¹⁷F: **0.7%** 在第一激发态（$T_{9}$ = 1.5）	- $^{17}{\rm F}$: **0.7%** 在第一激发态（$T_{9}$ = 1.5）	R2 核素/希腊字母/单位
97	- ¹⁸F: **0.2%** 在第一激发态（$T_{9}$ = 1.5）	- $^{18}{\rm F}$: **0.2%** 在第一激发态（$T_{9}$ = 1.5）	R2 核素/希腊字母/单位
99	**[FACT]** 虽然存在"激发态反应可能远强于基态反应"的可能，但**基于现有光谱信息**，¹⁷F+p 和 ¹⁸F+p **没有理由预期这种情形**。	**[FACT]** 虽然存在"激发态反应可能远强于基态反应"的可能，但**基于现有光谱信息**，$^{17}{\rm F}$+p 和 $^{18}{\rm F}$+p **没有理由预期这种情形**。	R2 核素/希腊字母/单位
105	**[FACT]** 例如 **¹⁹Ne 在 $T_{9}$ = 0.5–1.5 时，有 1–47% 的时间处于第一激发态**。	**[FACT]** 例如 **$^{19}{\rm Ne}$ 在 $T_{9}$ = 0.5–1.5 时，有 1–47% 的时间处于第一激发态**。	R2 核素/希腊字母/单位
109	### 5.3.5 §3.6.2 Stellar β-Decay Rates	### 5.3.5 §3.6.2 Stellar $\beta$-Decay Rates	R2 核素/希腊字母/单位
111	**[FACT]** 正电子发射（β⁺）**基本上不受**所考虑的天体环境影响。	**[FACT]** 正电子发射（$\beta^{"+" if m.group(1)=="⁺" else "-"}$）**基本上不受**所考虑的天体环境影响。	R2 核素/希腊字母/单位
115	**[FACT]** 对**允许**和**一级禁戒**衰变，恒星/地球半衰期比**近似正比于 $T_{1}$/₂ / ρ** (72)。	**[FACT]** 对**允许**和**一级禁戒**衰变，恒星/地球半衰期比**近似正比于 $T_{1}$/₂ / $\rho$** (72)。	R2 核素/希腊字母/单位
117	**[FACT]** HCNO 中只有 **¹⁸F 有足够大的电子俘获分支比 [3.1% (55)]**，使其恒星半衰期**明显偏离**测量值。	**[FACT]** HCNO 中只有 **$^{18}{\rm F}$ 有足够大的电子俘获分支比 [3.1% (55)]**，使其恒星半衰期**明显偏离**测量值。	R2 核素/希腊字母/单位
119	**[FACT]** 当密度 **ρ → $10^{5}$ g cm⁻³**（$T_{9}$ = 1）时，此效应变得重要。	**[FACT]** 当密度 **$\rho$ → $10^{5}$ g cm⁻³**（$T_{9}$ = 1）时，此效应变得重要。	R2 核素/希腊字母/单位
123	**[FACT]** 此效应**随质量增加**而更显著（rp-process 中电子俘获相对 β⁺ 衰变越来越有利）。	**[FACT]** 此效应**随质量增加**而更显著（rp-process 中电子俘获相对 $\beta^{"+" if m.group(1)=="⁺" else "-"}$ 衰变越来越有利）。	R2 核素/希腊字母/单位
129	| ¹⁵O(α,γ)¹⁹Ne 实验 vs 理论差异 | ≤ ±20% |	| $^{15}{\rm O}$($\alpha$,$\gamma$)$^{19}{\rm Ne}$ 实验 vs 理论差异 | ≤ ±20% |	R2 核素/希腊字母/单位
130	| ¹⁵O(α,γ)¹⁹Ne 低温（$T_{9}$≲0.5）不确定度 | 因子 2（504-keV 共振 δ_ℓ ~$10^{-4}$ 未测） |	| $^{15}{\rm O}$($\alpha$,$\gamma$)$^{19}{\rm Ne}$ 低温（$T_{9}$≲0.5）不确定度 | 因子 2（504-keV 共振 $\delta$_ℓ ~$10^{-4}$ 未测） |	R2 核素/希腊字母/单位
131	| ¹⁹Ne 关键共振 E_cm | 1020, 1071, 1183 keV |	| $^{19}{\rm Ne}$ 关键共振 E_cm | 1020, 1071, 1183 keV |	R2 核素/希腊字母/单位
132	| ¹⁹Ne 关键共振 Ex = 4.033 MeV | E_cm = 504 keV |	| $^{19}{\rm Ne}$ 关键共振 Ex = 4.033 MeV | E_cm = 504 keV |	R2 核素/希腊字母/单位
133	| ¹⁷F 第一激发态布居 ($T_{9}$=1.5) | 0.7% |	| $^{17}{\rm F}$ 第一激发态布居 ($T_{9}$=1.5) | 0.7% |	R2 核素/希腊字母/单位
134	| ¹⁸F 第一激发态布居 ($T_{9}$=1.5) | 0.2% |	| $^{18}{\rm F}$ 第一激发态布居 ($T_{9}$=1.5) | 0.2% |	R2 核素/希腊字母/单位
135	| ¹⁹Ne 第一激发态布居 ($T_{9}$=0.5–1.5) | 1–47% |	| $^{19}{\rm Ne}$ 第一激发态布居 ($T_{9}$=0.5–1.5) | 1–47% |	R2 核素/希腊字母/单位
136	| ¹⁸F 电子俘获分支比 | 3.1% |	| $^{18}{\rm F}$ 电子俘获分支比 | 3.1% |	R2 核素/希腊字母/单位
137	| 恒星 β 半衰期修正（连续电子俘获）| ∝ $T_{1}$/₂/ρ |	| 恒星 $\beta$ 半衰期修正（连续电子俘获）| ∝ $T_{1}$/₂/$\rho$ |	R2 核素/希腊字母/单位
143	① ¹⁴O(α,p)¹⁷F / ¹⁸Ne(α,p)²¹Na — α 诱导	① $^{14}{\rm O}$($\alpha$,p)$^{17}{\rm F}$ / $^{18}{\rm Ne}$($\alpha$,p)$^{21}{\rm Na}$ — $\alpha$ 诱导	R2 核素/希腊字母/单位
144	② ¹⁵O(α,γ)¹⁹Ne — γ 辐射（本文节）	② $^{15}{\rm O}$($\alpha$,$\gamma$)$^{19}{\rm Ne}$ — $\gamma$ 辐射（本文节）	R2 核素/希腊字母/单位
145	↓ ¹⁵O(α,γ)¹⁹Ne 实验率 ≈ 理论率（±20%）	↓ $^{15}{\rm O}$($\alpha$,$\gamma$)$^{19}{\rm Ne}$ 实验率 ≈ 理论率（±20%）	R2 核素/希腊字母/单位
146	↓ 但低 $T_{9}$ 段 504-keV 共振 δ_ℓ ~$10^{-4}$ 测不到 → 因子 2 不确定度	↓ 但低 $T_{9}$ 段 504-keV 共振 $\delta$_ℓ ~$10^{-4}$ 测不到 → 因子 2 不确定度	R2 核素/希腊字母/单位
149	↓ rp-process 中大（¹⁹Ne 1-47% 在第一激发态）	↓ rp-process 中大（$^{19}{\rm Ne}$ 1-47% 在第一激发态）	R2 核素/希腊字母/单位
154	1. **[CRITIQUE]** ¹⁵O(α,γ)¹⁹Ne 实验率与理论率 ±20% 一致**表面上好**，但作者坦诚**没有单个共振强度被计算准确再现**——这一事实削弱了理论模型对未来反应（未测的）的外推可靠性。	1. **[CRITIQUE]** $^{15}{\rm O}$($\alpha$,$\gamma$)$^{19}{\rm Ne}$ 实验率与理论率 ±20% 一致**表面上好**，但作者坦诚**没有单个共振强度被计算准确再现**——这一事实削弱了理论模型对未来反应（未测的）的外推可靠性。	R2 核素/希腊字母/单位
155	2. **[CRITIQUE]** 1992 年"¹⁹Ne 第一激发态布居 1–47%"被视为 rp-process 的重要修正，但后续研究（1990s 后期至 2000s）已将这些热布居效应纳入标准核网络库（如 REACLIB、JINA REACLIB），现代计算会自动包含此效应。	2. **[CRITIQUE]** 1992 年"$^{19}{\rm Ne}$ 第一激发态布居 1–47%"被视为 rp-process 的重要修正，但后续研究（1990s 后期至 2000s）已将这些热布居效应纳入标准核网络库（如 REACLIB、JINA REACLIB），现代计算会自动包含此效应。	R2 核素/希腊字母/单位
156	3. **[FACT]** ¹⁸F 的电子俘获分支比 3.1% 是**HCNO 中唯一受恒星环境影响的核**——这一结论在 1992 年具有诊断意义：当 nova 密度升至 $10^{5}$ g/cm³ 时，¹⁸F 衰变通道改变，影响整个反应网络平衡。	3. **[FACT]** $^{18}{\rm F}$ 的电子俘获分支比 3.1% 是**HCNO 中唯一受恒星环境影响的核**——这一结论在 1992 年具有诊断意义：当 nova 密度升至 $10^{5}$ g/cm³ 时，$^{18}{\rm F}$ 衰变通道改变，影响整个反应网络平衡。	R2 核素/希腊字母/单位
13	进入 **rp-process（rapid proton-capture process）** 主体——从 ¹⁹Ne(p,γ)²⁰Na 触发反应，经早期 A=20–40 的中段反应，到 A=30–60 的反应网络。	进入 **rp-process（rapid proton-capture process）** 主体——从 $^{19}{\rm Ne}$(p,$\gamma$)$^{20}{\rm Na}$ 触发反应，经早期 A=20–40 的中段反应，到 A=30–60 的反应网络。	R2 核素/希腊字母/单位
42	## 6.3 章节 4.2: The ¹⁹Ne(p,γ)²⁰Na Reaction	## 6.3 章节 4.2: The $^{19}{\rm Ne}$(p,$\gamma$)$^{20}{\rm Na}$ Reaction	R2 核素/希腊字母/单位
44	**[FACT]** ¹⁹Ne(p,γ)²⁰Na 是 **rp-process 的触发反应**，投入大量研究。	**[FACT]** $^{19}{\rm Ne}$(p,$\gamma$)$^{20}{\rm Na}$ 是 **rp-process 的触发反应**，投入大量研究。	R2 核素/希腊字母/单位
48	**[FACT]** 在 19Ne + p 阈值以上 ²⁰Na 的能级结构**知之甚少** → (p,γ) 截面估计困难。	**[FACT]** 在 19Ne + p 阈值以上 $^{20}{\rm Na}$ 的能级结构**知之甚少** → (p,$\gamma$) 截面估计困难。	R2 核素/希腊字母/单位
50	**[FACT]** Wallace & Woosley (18) 使用 ²⁰F 的已知态谱（不做位移）构建 ²⁰Na 的**类比能级**。	**[FACT]** Wallace & Woosley (18) 使用 $^{20}{\rm F}$ 的已知态谱（不做位移）构建 $^{20}{\rm Na}$ 的**类比能级**。	R2 核素/希腊字母/单位
56	**[FACT]** Lamm et al. (78) 用 **²⁰Ne(⁶He,t)²⁰Na** 反应首次测量 ²⁰Na 中质子未束缚态的激发能。	**[FACT]** Lamm et al. (78) 用 **$^{20}{\rm Ne}$($^{6}{\rm He}$,t)$^{20}{\rm Na}$** 反应首次测量 $^{20}{\rm Na}$ 中质子未束缚态的激发能。	R2 核素/希腊字母/单位
58	**[FACT]** 更高分辨率研究 (79) 用同一反应和 **²⁰Ne(p,n)²⁰Na** 反应 → 结果与早期基本一致，但**部分态未再出现**（事后归因于**杂质反应**）(80)。	**[FACT]** 更高分辨率研究 (79) 用同一反应和 **$^{20}{\rm Ne}$(p,n)$^{20}{\rm Na}$** 反应 → 结果与早期基本一致，但**部分态未再出现**（事后归因于**杂质反应**）(80)。	R2 核素/希腊字母/单位
62	**[FACT]** 巨大差异源于**两研究中使用的共振能量不同**——主贡献来自 **445 keV 共振 (Ex = 2.644 MeV)**，J^π = $1^{+}$ 由 (⁶He,t) 和 (p,n) 角分布推出。	**[FACT]** 巨大差异源于**两研究中使用的共振能量不同**——主贡献来自 **445 keV 共振 (Ex = 2.644 MeV)**，J^$\pi$ = $1^{+}$ 由 ($^{6}{\rm He}$,t) 和 (p,n) 角分布推出。	R2 核素/希腊字母/单位
70	**[FACT]** Smith et al. (82) 用 **植入 ²⁰Ne 靶**获得更好分辨率，给出最佳共振能量：	**[FACT]** Smith et al. (82) 用 **植入 $^{20}{\rm Ne}$ 靶**获得更好分辨率，给出最佳共振能量：	R2 核素/希腊字母/单位
76	**[FACT]** 该态被假设 (80, 82) 为 **²⁰F 中 3.173 MeV 粒子-空穴态 (J^π = $1^{+}$) 的类比**，共振参数来自该态的 (d,p) 谱因子和计算的 E1 强度。	**[FACT]** 该态被假设 (80, 82) 为 **$^{20}{\rm F}$ 中 3.173 MeV 粒子-空穴态 (J^$\pi$ = $1^{+}$) 的类比**，共振参数来自该态的 (d,p) 谱因子和计算的 E1 强度。	R2 核素/希腊字母/单位
82	### 6.3.4 J^π 指派的争议	### 6.3.4 J^$\pi$ 指派的争议	R2 核素/希腊字母/单位
84	**[FACT]** 近期 447-keV 共振的 **J^π = $1^{+}$ 指派受到质疑**：	**[FACT]** 近期 447-keV 共振的 **J^$\pi$ = $1^{+}$ 指派受到质疑**：	R2 核素/希腊字母/单位
86	- **Descouvemont & Baye (83)** 用**三聚体微观模型**预言 ²⁰F 中 3.173 MeV 态及其 ²⁰Na 类比态为 **J^π = $1^{-}$**。	- **Descouvemont & Baye (83)** 用**三聚体微观模型**预言 $^{20}{\rm F}$ 中 3.173 MeV 态及其 $^{20}{\rm Na}$ 类比态为 **J^$\pi$ = $1^{-}$**。	R2 核素/希腊字母/单位
87	- **B. A. Brown et al. (private comm.)** 基于**现有光谱信息与壳模型计算**，主张 **J^π = $0^{-}$** 更被偏爱。	- **B. A. Brown et al. (private comm.)** 基于**现有光谱信息与壳模型计算**，主张 **J^$\pi$ = $0^{-}$** 更被偏爱。	R2 核素/希腊字母/单位
89	**[FACT]** 若为真，反应率将**至少比接受值大 10 倍**——因 M1 衰变强度增强 vs. J^π = $1^{+}$ 时 E1 强度被抑制。	**[FACT]** 若为真，反应率将**至少比接受值大 10 倍**——因 M1 衰变强度增强 vs. J^$\pi$ = $1^{+}$ 时 E1 强度被抑制。	R2 核素/希腊字母/单位
93	**[FACT]** **在 447-keV 共振 J^π 确定前，¹⁹Ne(p,γ)²⁰Na 反应率无法被任何程度的置信度估计**。	**[FACT]** **在 447-keV 共振 J^$\pi$ 确定前，$^{19}{\rm Ne}$(p,$\gamma$)$^{20}{\rm Na}$ 反应率无法被任何程度的置信度估计**。	R2 核素/希腊字母/单位
95	**[FACT]** 该态在 ²⁰Mg β 衰变中未观测到布居 (84)，其类比态在 ²⁰O 衰变中也未观测到 (85)——这些结果**不允许确定 J^π 指派**，但若 J^π = $0^{-}$ 或 $1^{-}$，结果**自然符合**。	**[FACT]** 该态在 $^{20}{\rm Mg}$ $\beta$ 衰变中未观测到布居 (84)，其类比态在 $^{20}{\rm O}$ 衰变中也未观测到 (85)——这些结果**不允许确定 J^$\pi$ 指派**，但若 J^$\pi$ = $0^{-}$ 或 $1^{-}$，结果**自然符合**。	R2 核素/希腊字母/单位
97	**[FACT]** **最近加速 ¹⁹Ne 束**已发展 (86) → **直接 (p,γ) 截面测量**未来可能。	**[FACT]** **最近加速 $^{19}{\rm Ne}$ 束**已发展 (86) → **直接 (p,$\gamma$) 截面测量**未来可能。	R2 核素/希腊字母/单位
99	**[FACT]** ¹H(¹⁹Ne,p)¹⁹Ne 反应中已观测到 E_cm = 839 和 904 keV 共振——最低共振可能对应 (⁶He,t) 研究中 E_cm = 857 ± 5 keV 的态 (82)，但**高态仅一次间接测量看到 (80)**。	**[FACT]** $^{1}{\rm H}$($^{19}{\rm Ne}$,p)$^{19}{\rm Ne}$ 反应中已观测到 E_cm = 839 和 904 keV 共振——最低共振可能对应 ($^{6}{\rm He}$,t) 研究中 E_cm = 857 ± 5 keV 的态 (82)，但**高态仅一次间接测量看到 (80)**。	R2 核素/希腊字母/单位
101	**[FACT]** 必须**记住**：正确的天体物理反应率还必须包含 **¹⁹Ne 激发态**的贡献（不仅是基态）。	**[FACT]** 必须**记住**：正确的天体物理反应率还必须包含 **$^{19}{\rm Ne}$ 激发态**的贡献（不仅是基态）。	R2 核素/希腊字母/单位
105	### 6.4.1 §4.3.1 ²⁰Na(p,γ)²¹Mg 反应	### 6.4.1 §4.3.1 $^{20}{\rm Na}$(p,$\gamma$)$^{21}{\rm Mg}$ 反应	R2 核素/希腊字母/单位
107	**[FACT]** 经过 ¹⁵O(α,γ)¹⁹Ne(p,γ)²⁰Na（HCNO → rp-process 桥），²⁰Na(p,γ)²¹Mg 期望**继续反应流至更高质量**。	**[FACT]** 经过 $^{15}{\rm O}$($\alpha$,$\gamma$)$^{19}{\rm Ne}$(p,$\gamma$)$^{20}{\rm Na}$（HCNO → rp-process 桥），$^{20}{\rm Na}$(p,$\gamma$)$^{21}{\rm Mg}$ 期望**继续反应流至更高质量**。	R2 核素/希腊字母/单位
109	**[FACT]** ²¹Mg 能级结构由 **²⁴Mg(⁶He,⁶He)²¹Mg** 反应研究 (87)。	**[FACT]** $^{21}{\rm Mg}$ 能级结构由 **$^{24}{\rm Mg}$($^{6}{\rm He}$,$^{6}{\rm He}$)$^{21}{\rm Mg}$** 反应研究 (87)。	R2 核素/希腊字母/单位
111	**[FACT]** ²¹F–²¹Mg 类比对的**能级位移比此前 rp-process 计算假设的大** (18, 19)。	**[FACT]** $^{21}{\rm F}$–$^{21}{\rm Mg}$ 类比对的**能级位移比此前 rp-process 计算假设的大** (18, 19)。	R2 核素/希腊字母/单位
113	**[FACT]** 参与 (p,γ) 的态已移至**比之前更低的能量** → **反应率可能比先前预期小两个量级**。	**[FACT]** 参与 (p,$\gamma$) 的态已移至**比之前更低的能量** → **反应率可能比先前预期小两个量级**。	R2 核素/希腊字母/单位
115	### 6.4.2 §4.3.2 ²²Na(p,γ)²³Mg 与 ²⁶Al(p,γ)²⁷Si	### 6.4.2 §4.3.2 $^{22}{\rm Na}$(p,$\gamma$)$^{23}{\rm Mg}$ 与 $^{26}{\rm Al}$(p,$\gamma$)$^{27}{\rm Si}$	R2 核素/希腊字母/单位
117	**[FACT]** 两反应**特别重要**，因为它们**调节 ²²Na 和 ²⁶Al 的产生量**——两者均为长寿命 γ 射线发射体：	**[FACT]** 两反应**特别重要**，因为它们**调节 $^{22}{\rm Na}$ 和 $^{26}{\rm Al}$ 的产生量**——两者均为长寿命 $\gamma$ 射线发射体：	R2 核素/希腊字母/单位
119	- **²²Na**: $T_{1}$/₂ = **2.61 yr**	- **$^{22}{\rm Na}$**: $T_{1}$/₂ = **2.61 yr**	R2 核素/希腊字母/单位
120	- **²⁶Al**: $T_{1}$/₂ = **7.2 × $10^{5}$ yr**	- **$^{26}{\rm Al}$**: $T_{1}$/₂ = **7.2 × $10^{5}$ yr**	R2 核素/希腊字母/单位
122	**[FACT]** 它们可作为**γ 射线源**在星际介质中被**卫星 γ 射线探测器**（如康普顿天文台、Nuclear Astrophysics Explorer）探测。	**[FACT]** 它们可作为**$\gamma$ 射线源**在星际介质中被**卫星 $\gamma$ 射线探测器**（如康普顿天文台、Nuclear Astrophysics Explorer）探测。	R2 核素/希腊字母/单位
124	**[FACT]** ²⁶Al 的多个观测已报道 (88–91)。	**[FACT]** $^{26}{\rm Al}$ 的多个观测已报道 (88–91)。	R2 核素/希腊字母/单位
126	**[FACT]** **进一步测量 ²⁶Al 将严格约束爆炸性核合成计算**——**前提是净产率可计算**。	**[FACT]** **进一步测量 $^{26}{\rm Al}$ 将严格约束爆炸性核合成计算**——**前提是净产率可计算**。	R2 核素/希腊字母/单位
128	### 6.4.3 ²²Na(p,γ)²³Mg 实验	### 6.4.3 $^{22}{\rm Na}$(p,$\gamma$)$^{23}{\rm Mg}$ 实验	R2 核素/希腊字母/单位
132	**[FACT]** ²⁴Mg(⁶He,α)²³Mg (92) 与 ²⁴Mg(p,d)²³Mg (93) 反应给出 ²²Na + p 阈值 (Q = 7.554 MeV (65)) 附近态的**精确激发能与 J^π** (94)。	**[FACT]** $^{24}{\rm Mg}$($^{6}{\rm He}$,$\alpha$)$^{23}{\rm Mg}$ (92) 与 $^{24}{\rm Mg}$(p,d)$^{23}{\rm Mg}$ (93) 反应给出 $^{22}{\rm Na}$ + p 阈值 (Q = 7.554 MeV (65)) 附近态的**精确激发能与 J^$\pi$** (94)。	R2 核素/希腊字母/单位
136	**[FACT]** 首次直接测量 (95) 用**富集蒸发 ²²Na 靶**——**失败**（靶不纯 + 靶放射性本底高）。	**[FACT]** 首次直接测量 (95) 用**富集蒸发 $^{22}{\rm Na}$ 靶**——**失败**（靶不纯 + 靶放射性本底高）。	R2 核素/希腊字母/单位
138	**[FACT]** 第二次 (96) **成功**：植入 ²²Na 靶，0.17–1.29 MeV 能区，用高灵敏 NaI + $D_{2}$O 探测器 (97)。	**[FACT]** 第二次 (96) **成功**：植入 $^{22}{\rm Na}$ 靶，0.17–1.29 MeV 能区，用高灵敏 NaI + $D_{2}$O 探测器 (97)。	R2 核素/希腊字母/单位
144	### 6.4.4 ²⁶Al(p,γ)²⁷Si 实验	### 6.4.4 $^{26}{\rm Al}$(p,$\gamma$)$^{27}{\rm Si}$ 实验	R2 核素/希腊字母/单位
150	**[FACT]** 由此 **$T_{9}$ ≳ 0.15 的 (p,γ) 反应率被很好理解**。	**[FACT]** 由此 **$T_{9}$ ≳ 0.15 的 (p,$\gamma$) 反应率被很好理解**。	R2 核素/希腊字母/单位
154	**[FACT]** **关键提醒**：所有工作仅涉及 **²⁶Al 基态**。当 **$T_{9}$ ≳ 0.4**，²⁶Al 在**基态与第一激发态**间达到**热平衡** (103)，**热激发的影响必须在最终反应率中估计**。	**[FACT]** **关键提醒**：所有工作仅涉及 **$^{26}{\rm Al}$ 基态**。当 **$T_{9}$ ≳ 0.4**，$^{26}{\rm Al}$ 在**基态与第一激发态**间达到**热平衡** (103)，**热激发的影响必须在最终反应率中估计**。	R2 核素/希腊字母/单位
160	| ²⁰Na 关键共振 (植入靶) | E_cm = 447, 658, 787, 857 ± 5 keV |	| $^{20}{\rm Na}$ 关键共振 (植入靶) | E_cm = 447, 658, 787, 857 ± 5 keV |	R2 核素/希腊字母/单位
161	| ¹⁹Ne(p,γ)²⁰Na 447-keV 共振 Ex | 2.644 MeV |	| $^{19}{\rm Ne}$(p,$\gamma$)$^{20}{\rm Na}$ 447-keV 共振 Ex | 2.644 MeV |	R2 核素/希腊字母/单位
162	| ¹⁹Ne(p,γ)²⁰Na J^π 争议 | $1^{+}$(传统) vs $1^{-}$ vs $0^{-}$ |	| $^{19}{\rm Ne}$(p,$\gamma$)$^{20}{\rm Na}$ J^$\pi$ 争议 | $1^{+}$(传统) vs $1^{-}$ vs $0^{-}$ |	R2 核素/希腊字母/单位
163	| ¹⁹Ne(p,γ)²⁰Na 反应率不确定度 | **数个量级** |	| $^{19}{\rm Ne}$(p,$\gamma$)$^{20}{\rm Na}$ 反应率不确定度 | **数个量级** |	R2 核素/希腊字母/单位
164	| ²²Na 半衰期 | 2.61 yr |	| $^{22}{\rm Na}$ 半衰期 | 2.61 yr |	R2 核素/希腊字母/单位
165	| ²⁶Al 半衰期 | 7.2 × $10^{5}$ yr |	| $^{26}{\rm Al}$ 半衰期 | 7.2 × $10^{5}$ yr |	R2 核素/希腊字母/单位
166	| ²²Na + p Q 值 | 7.554 MeV |	| $^{22}{\rm Na}$ + p Q 值 | 7.554 MeV |	R2 核素/希腊字母/单位
167	| ²²Na(p,γ)²³Mg 直接测量能区 | 0.17–1.29 MeV |	| $^{22}{\rm Na}$(p,$\gamma$)$^{23}{\rm Mg}$ 直接测量能区 | 0.17–1.29 MeV |	R2 核素/希腊字母/单位
168	| ²⁶Al(p,γ)²⁷Si 共振 E_cm 范围 | 276–893 keV |	| $^{26}{\rm Al}$(p,$\gamma$)$^{27}{\rm Si}$ 共振 E_cm 范围 | 276–893 keV |	R2 核素/希腊字母/单位
169	| ²⁶Al 第一激发态热平衡阈值 | $T_{9}$ ≳ 0.4 |	| $^{26}{\rm Al}$ 第一激发态热平衡阈值 | $T_{9}$ ≳ 0.4 |	R2 核素/希腊字母/单位
177	↓ 关键触发反应 ¹⁹Ne(p,γ)²⁰Na：J^π 争议 → 反应率不确定数个量级	↓ 关键触发反应 $^{19}{\rm Ne}$(p,$\gamma$)$^{20}{\rm Na}$：J^$\pi$ 争议 → 反应率不确定数个量级	R2 核素/希腊字母/单位
178	↓ 早期 A=20–30 段：²⁰Na(p,γ)²¹Mg 修正后小 100 倍；²²Na(p,γ)²³Mg、²⁶Al(p,γ)²⁷Si 直接测量成功（放射性靶技术胜利）	↓ 早期 A=20–30 段：$^{20}{\rm Na}$(p,$\gamma$)$^{21}{\rm Mg}$ 修正后小 100 倍；$^{22}{\rm Na}$(p,$\gamma$)$^{23}{\rm Mg}$、$^{26}{\rm Al}$(p,$\gamma$)$^{27}{\rm Si}$ 直接测量成功（放射性靶技术胜利）	R2 核素/希腊字母/单位
179	↓ ²⁶Al 的 $T_{9}$≳0.4 热激发态效应需额外考虑	↓ $^{26}{\rm Al}$ 的 $T_{9}$≳0.4 热激发态效应需额外考虑	R2 核素/希腊字母/单位
184	1. **[CRITIQUE]** ¹⁹Ne(p,γ)²⁰Na 是 rp-process 的**第一个触发反应**——它的反应率不确定"数个量级"意味着**整个 rp-process 计算在起始处就有根本不确定性**。这是**本文最刺骨的发现**。	1. **[CRITIQUE]** $^{19}{\rm Ne}$(p,$\gamma$)$^{20}{\rm Na}$ 是 rp-process 的**第一个触发反应**——它的反应率不确定"数个量级"意味着**整个 rp-process 计算在起始处就有根本不确定性**。这是**本文最刺骨的发现**。	R2 核素/希腊字母/单位
185	2. **[FACT]** ²²Na(p,γ)²³Mg 与 ²⁶Al(p,γ)²⁷Si 直接测量的**成功**体现了**放射性靶技术的成熟**——植入技术（implanted target）是关键创新。	2. **[FACT]** $^{22}{\rm Na}$(p,$\gamma$)$^{23}{\rm Mg}$ 与 $^{26}{\rm Al}$(p,$\gamma$)$^{27}{\rm Si}$ 直接测量的**成功**体现了**放射性靶技术的成熟**——植入技术（implanted target）是关键创新。	R2 核素/希腊字母/单位
186	3. **[CRITIQUE]** ²⁶Al 的 γ 射线观测（Compton 等）自 1980s 起已积累数据——这**倒逼**核反应率研究必须跟上。作者在此明确将**天体物理观测**与**核物理实验**的需求挂钩。	3. **[CRITIQUE]** $^{26}{\rm Al}$ 的 $\gamma$ 射线观测（Compton 等）自 1980s 起已积累数据——这**倒逼**核反应率研究必须跟上。作者在此明确将**天体物理观测**与**核物理实验**的需求挂钩。	R2 核素/希腊字母/单位
187	4. **[CRITIQUE]** 文中对 ¹⁹Ne(p,γ)²²⁰Na 447-keV 共振的 J^π 争议，在 2020 年代已被 FRIB 等设施的直接测量基本解决；但**1992 年这是"无法估计"的**。	4. **[CRITIQUE]** 文中对 $^{19}{\rm Ne}$(p,$\gamma$)$^{220}{\rm Na}$ 447-keV 共振的 J^$\pi$ 争议，在 2020 年代已被 FRIB 等设施的直接测量基本解决；但**1992 年这是"无法估计"的**。	R2 核素/希腊字母/单位
205	- (88–91) ²⁶Al γ 射线观测（Mahoney 1984, Share 1985, MacCallum 1987, Von Ballmoos 1987）	- (88–91) $^{26}{\rm Al}$ $\gamma$ 射线观测（Mahoney 1984, Share 1985, MacCallum 1987, Von Ballmoos 1987）	R2 核素/希腊字母/单位
19	**[FACT]** A = 30–50 质量区，反应流**期望经过 T = 0 的偶偶核**的 (p,γ) 反应：	**[FACT]** A = 30–50 质量区，反应流**期望经过 T = 0 的偶偶核**的 (p,$\gamma$) 反应：	R2 核素/希腊字母/单位
27	**[FACT]** **[FACT]** 此处是本文的一个**罕见"确定性"区域**：稳定偶偶核 (p,γ) 反应的速率**确实已知**。	**[FACT]** **[FACT]** 此处是本文的一个**罕见"确定性"区域**：稳定偶偶核 (p,$\gamma$) 反应的速率**确实已知**。	R2 核素/希腊字母/单位
29	### 7.2.2 铁区与 ⁵⁶Ni	### 7.2.2 铁区与 $^{56}{\rm Ni}$	R2 核素/希腊字母/单位
31	**[FACT]** 反应流在铁区**期望经过 ⁵⁶Ni**。	**[FACT]** 反应流在铁区**期望经过 $^{56}{\rm Ni}$**。	R2 核素/希腊字母/单位
33	**[FACT]** ⁵⁶Ni 在地球上是短寿命的（$T_{1}$/₂ = **6.1 天**），但在**爆发短时标**内**本质稳定** → 可能是**超越 Fe-Ni 质量的重要链**。	**[FACT]** $^{56}{\rm Ni}$ 在地球上是短寿命的（$T_{1}$/₂ = **6.1 天**），但在**爆发短时标**内**本质稳定** → 可能是**超越 Fe-Ni 质量的重要链**。	R2 核素/希腊字母/单位
35	**[FACT]** ⁵⁶Ni(p,γ)⁵⁷Cu 反应目前**无法直接测量**——但核光谱学提供了相关信息：	**[FACT]** $^{56}{\rm Ni}$(p,$\gamma$)$^{57}{\rm Cu}$ 反应目前**无法直接测量**——但核光谱学提供了相关信息：	R2 核素/希腊字母/单位
37	- **Q 值**（Q = **740 keV**）来自 ⁵⁷Cu 近期质量测量 (106–108)	- **Q 值**（Q = **740 keV**）来自 $^{57}{\rm Cu}$ 近期质量测量 (106–108)	R2 核素/希腊字母/单位
38	- ⁵⁸Ni(⁶Li,⁸He)⁵⁷Cu (107) 与 ⁵⁸Ni(⁴N,¹⁵C)⁵⁷Cu (108) 反应观测到 **Ex = 1.04 和 2.52 MeV** 两个质子未束缚态	- $^{58}{\rm Ni}$($^{6}{\rm Li}$,$^{8}{\rm He}$)$^{57}{\rm Cu}$ (107) 与 $^{58}{\rm Ni}$($^{4}{\rm N}$,$^{15}{\rm C}$)$^{57}{\rm Cu}$ (108) 反应观测到 **Ex = 1.04 和 2.52 MeV** 两个质子未束缚态	R2 核素/希腊字母/单位
39	- Thomas-Ehrman 位移计算（⁵⁷Ni 中已知态）表明每个 ⁵⁷Cu 态都是**双重态 (doublet)** (108)	- Thomas-Ehrman 位移计算（$^{57}{\rm Ni}$ 中已知态）表明每个 $^{57}{\rm Cu}$ 态都是**双重态 (doublet)** (108)	R2 核素/希腊字母/单位
60	**[FACT]** 一旦反应流抵达**质子滴线内侧一个质子**，进一步质子俘获**不可能**（复合核粒子未束缚）——只能靠 **β⁺ 或电子俘获**衰变消耗。	**[FACT]** 一旦反应流抵达**质子滴线内侧一个质子**，进一步质子俘获**不可能**（复合核粒子未束缚）——只能靠 **$\beta^{"+" if m.group(1)=="⁺" else "-"}$ 或电子俘获**衰变消耗。	R2 核素/希腊字母/单位
70	**[FACT]** 更高质量和特别在 **⁴³V, ⁴⁷Mn, ⁵⁰,⁵¹Co, ⁶⁰Ga, ⁵⁵As, ⁵⁹Br, ⁷³Rb** 处，**不同原子质量预言**（109）对这些核**质子束缚/未束缚**状态**存在分歧**。	**[FACT]** 更高质量和特别在 **$^{43}{\rm V}$, $^{47}{\rm Mn}$, ⁵⁰,$^{51}{\rm Co}$, $^{60}{\rm Ga}$, $^{55}{\rm As}$, $^{59}{\rm Br}$, $^{73}{\rm Rb}$** 处，**不同原子质量预言**（109）对这些核**质子束缚/未束缚**状态**存在分歧**。	R2 核素/希腊字母/单位
72	**[FACT]** A = 50–100 富质子核的系统学研究 (110) 表明 **⁶¹Ga, ⁶⁵As, ⁶⁹Br 的寿命至少 150 ns**。	**[FACT]** A = 50–100 富质子核的系统学研究 (110) 表明 **$^{61}{\rm Ga}$, $^{65}{\rm As}$, $^{69}{\rm Br}$ 的寿命至少 150 ns**。	R2 核素/希腊字母/单位
74	**[FACT]** **⁷³Rb 未被观测** → 暗示 **⁷²Kr 处为等待点**。	**[FACT]** **$^{73}{\rm Rb}$ 未被观测** → 暗示 **$^{72}{\rm Kr}$ 处为等待点**。	R2 核素/希腊字母/单位
76	**[FACT]** ⁷²Kr 半衰期 **17.2 s** → **rp-process 若持续少于 17 s 将停在此点**。	**[FACT]** $^{72}{\rm Kr}$ 半衰期 **17.2 s** → **rp-process 若持续少于 17 s 将停在此点**。	R2 核素/希腊字母/单位
80	**[FACT]** 对偶偶 T = 1 核（²²Mg, ²⁶Si, ³⁰S, ³⁴Ar, ⁴²Ti, ⁴⁶Cr 等）的质子俘获**Q 值很小 (Q ≲ 0.5 MeV)**，在高温下**被 T = 3/2 复合核的逆光裂强烈抑制**。	**[FACT]** 对偶偶 T = 1 核（$^{22}{\rm Mg}$, $^{26}{\rm Si}$, $^{30}{\rm S}$, $^{34}{\rm Ar}$, $^{42}{\rm Ti}$, $^{46}{\rm Cr}$ 等）的质子俘获**Q 值很小 (Q ≲ 0.5 MeV)**，在高温下**被 T = 3/2 复合核的逆光裂强烈抑制**。	R2 核素/希腊字母/单位
82	**[FACT]** 若光裂速率 > 质子俘获速率 → 反应被中止，**等待 T = 1 核的 β 衰变**。	**[FACT]** 若光裂速率 > 质子俘获速率 → 反应被中止，**等待 T = 1 核的 $\beta$ 衰变**。	R2 核素/希腊字母/单位
86	**[FACT]** T = 3/2 复合核中**质子阈值低** → (p,γ) 反应通常涉及**孤立共振**（第一、第二激发态）和**直接俘获到基态**。	**[FACT]** T = 3/2 复合核中**质子阈值低** → (p,$\gamma$) 反应通常涉及**孤立共振**（第一、第二激发态）和**直接俘获到基态**。	R2 核素/希腊字母/单位
90	**[FACT]** 例：**²³Al 第一激发态**（与 ²²Mg(p,γ)²³Al 相关），通过 ²⁴Mg(⁶Li,⁸He)²³Al 反应 (111) 观测到 **Ex = 460 ± 60 keV**（对应 E_cm = 360 ± 60 keV）。	**[FACT]** 例：**$^{23}{\rm Al}$ 第一激发态**（与 $^{22}{\rm Mg}$(p,$\gamma$)$^{23}{\rm Al}$ 相关），通过 $^{24}{\rm Mg}$($^{6}{\rm Li}$,$^{8}{\rm He}$)$^{23}{\rm Al}$ 反应 (111) 观测到 **Ex = 460 ± 60 keV**（对应 E_cm = 360 ± 60 keV）。	R2 核素/希腊字母/单位
92	**[FACT]** 自旋宇称从 ²³Ne 镜像态采用；单粒子谱因子与 B(E2) 强度用 **Brown-Wildenthal sd 模型** (112) 计算。	**[FACT]** 自旋宇称从 $^{23}{\rm Ne}$ 镜像态采用；单粒子谱因子与 B(E2) 强度用 **Brown-Wildenthal sd 模型** (112) 计算。	R2 核素/希腊字母/单位
98	**[FACT]** 对奇偶 T = 1/2 核（²³Mg, ²⁷Si, ³¹S, ³⁵Ar, ³⁹Ca, ⁴³Ti, ⁵⁵Ni）的质子俘获 Q 值**通常低 (Q ≲ 2.0 MeV)** → **孤立共振 + 非共振直接俘获**主导 → **Hauser-Feshbach 不适用**。	**[FACT]** 对奇偶 T = 1/2 核（$^{23}{\rm Mg}$, $^{27}{\rm Si}$, $^{31}{\rm S}$, $^{35}{\rm Ar}$, $^{39}{\rm Ca}$, $^{43}{\rm Ti}$, $^{55}{\rm Ni}$）的质子俘获 Q 值**通常低 (Q ≲ 2.0 MeV)** → **孤立共振 + 非共振直接俘获**主导 → **Hauser-Feshbach 不适用**。	R2 核素/希腊字母/单位
104	### 7.3.4 ³¹S(p,γ)³²Cl 示例	### 7.3.4 $^{31}{\rm S}$(p,$\gamma$)$^{32}{\rm Cl}$ 示例	R2 核素/希腊字母/单位
108	**[FACT]** ³²S(⁶He,t)³²Cl 研究 (113, 114) 在阈值至 E_cm = 1 MeV 定位 **3 个态**。	**[FACT]** $^{32}{\rm S}$($^{6}{\rm He}$,t)$^{32}{\rm Cl}$ 研究 (113, 114) 在阈值至 E_cm = 1 MeV 定位 **3 个态**。	R2 核素/希腊字母/单位
110	**[FACT]** 两测量激发能**差 ~20 keV**——但后者与 **³²Ar β 延迟质子衰变**测量**极好一致**。	**[FACT]** 两测量激发能**差 ~20 keV**——但后者与 **$^{32}{\rm Ar}$ $\beta$ 延迟质子衰变**测量**极好一致**。	R2 核素/希腊字母/单位
112	**[FACT]** 共振参数来自 ³²P 中已知类比态的性质 (65)。	**[FACT]** 共振参数来自 $^{32}{\rm P}$ 中已知类比态的性质 (65)。	R2 核素/希腊字母/单位
114	**[FACT]** 天体物理相关温度下反应率**完全由 E_cm = 568 keV (Ex = 2.142 MeV, J^π = $3^{+}$) 的 d 波共振贡献**决定。	**[FACT]** 天体物理相关温度下反应率**完全由 E_cm = 568 keV (Ex = 2.142 MeV, J^$\pi$ = $3^{+}$) 的 d 波共振贡献**决定。	R2 核素/希腊字母/单位
116	**[FACT]** 在此温度与 **ρ ≲ $10^{6}$ g cm⁻³** 下，³¹S 的 β 衰变**显著快于**质子俘获 → **此反应是通向重质量路径的瓶颈**。	**[FACT]** 在此温度与 **$\rho$ ≲ $10^{6}$ g cm⁻³** 下，$^{31}{\rm S}$ 的 $\beta$ 衰变**显著快于**质子俘获 → **此反应是通向重质量路径的瓶颈**。	R2 核素/希腊字母/单位
122	**[FACT]** 对 **$T_{9}$ ≲ 0.4**，不稳定奇偶 T = 1/2 核（²³Mg, ²⁷Si, ³¹S, ³⁵Ar, ³⁹Ca, ⁴³Ti）更可能 β 衰变至**奇偶 T = 1/2 核**（²³Na, ²⁷Al, ³¹P, ³⁵Cl, ³⁹K, ⁴³Sc），而非进一步反应。	**[FACT]** 对 **$T_{9}$ ≲ 0.4**，不稳定奇偶 T = 1/2 核（$^{23}{\rm Mg}$, $^{27}{\rm Si}$, $^{31}{\rm S}$, $^{35}{\rm Ar}$, $^{39}{\rm Ca}$, $^{43}{\rm Ti}$）更可能 $\beta$ 衰变至**奇偶 T = 1/2 核**（$^{23}{\rm Na}$, $^{27}{\rm Al}$, $^{31}{\rm P}$, $^{35}{\rm Cl}$, $^{39}{\rm K}$, $^{43}{\rm Sc}$），而非进一步反应。	R2 核素/希腊字母/单位
124	**[FACT]** 对衰变产物质子俘获，**(p,γ) 与 (p,α) 通道均开启**：	**[FACT]** 对衰变产物质子俘获，**(p,$\gamma$) 与 (p,$\alpha$) 通道均开启**：	R2 核素/希腊字母/单位
125	- (p,γ) 分支继续向重质量推进	- (p,$\gamma$) 分支继续向重质量推进	R2 核素/希腊字母/单位
126	- (p,α) 竞争反应完成**循环**：	- (p,$\alpha$) 竞争反应完成**循环**：	R2 核素/希腊字母/单位
134	**[FACT]** 反应分支比 **b = (p,α)/(p,γ)** → 反应流被**在循环中存储 b·τ 个循环时**（τ 为循环时间）所阻碍——**循环成为流阻抗**，**温度依赖的时间常数 b·τ**。	**[FACT]** 反应分支比 **b = (p,$\alpha$)/(p,$\gamma$)** → 反应流被**在循环中存储 b·$\tau$ 个循环时**（$\tau$ 为循环时间）所阻碍——**循环成为流阻抗**，**温度依赖的时间常数 b·$\tau$**。	R2 核素/希腊字母/单位
136	**[FACT]** 因此研究爆炸性燃烧时标需**确定循环时间**（低温由质子俘获决定，高温由 β⁺ 衰变决定）与**分支比 b**。	**[FACT]** 因此研究爆炸性燃烧时标需**确定循环时间**（低温由质子俘获决定，高温由 $\beta^{"+" if m.group(1)=="⁺" else "-"}$ 衰变决定）与**分支比 b**。	R2 核素/希腊字母/单位
140	**[FACT]** (p,γ) 反应率可用 Hauser-Feshbach（T=0 复合核激发能高 8–12 MeV，能级密度高，所有布居共振均可 γ 衰变）；**(p,α) 竞争通道只开自然宇称 T=0 能级**——可能**密度不够**使 HF 可靠 → 需**研究 T=0 核的自然宇称态能级密度、(p,α) 通道的能量和共振强度**。	**[FACT]** (p,$\gamma$) 反应率可用 Hauser-Feshbach（T=0 复合核激发能高 8–12 MeV，能级密度高，所有布居共振均可 $\gamma$ 衰变）；**(p,$\alpha$) 竞争通道只开自然宇称 T=0 能级**——可能**密度不够**使 HF 可靠 → 需**研究 T=0 核的自然宇称态能级密度、(p,$\alpha$) 通道的能量和共振强度**。	R2 核素/希腊字母/单位
142	**[FACT]** **NeNa 循环**：²³Na(p,γ)²⁴Mg 与 ²³Na(p,α)²⁰Ne 竞争——直接布居 ²³Na + p 共振，**同时测量两通道** (115, 116)。	**[FACT]** **NeNa 循环**：$^{23}{\rm Na}$(p,$\gamma$)$^{24}{\rm Mg}$ 与 $^{23}{\rm Na}$(p,$\alpha$)$^{20}{\rm Ne}$ 竞争——直接布居 $^{23}{\rm Na}$ + p 共振，**同时测量两通道** (115, 116)。	R2 核素/希腊字母/单位
144	**[FACT]** **$T_{9}$ ≳ 0.2 时**，**大量 NeNa 物质通过 ²³Na(p,α)²⁰Ne 循环再循环**。	**[FACT]** **$T_{9}$ ≳ 0.2 时**，**大量 NeNa 物质通过 $^{23}{\rm Na}$(p,$\alpha$)$^{20}{\rm Ne}$ 循环再循环**。	R2 核素/希腊字母/单位
146	**[FACT]** **MgAl 循环**：²⁷Al(p,γ)²⁸Si 竞争 ²⁷Al(p,α)²⁴Mg (117)。	**[FACT]** **MgAl 循环**：$^{27}{\rm Al}$(p,$\gamma$)$^{28}{\rm Si}$ 竞争 $^{27}{\rm Al}$(p,$\alpha$)$^{24}{\rm Mg}$ (117)。	R2 核素/希腊字母/单位
148	**[FACT]** (p,α) 通道低能共振搜索给出**对已知强 (p,γ) 共振强度的严格上限** (117)——由 ²⁷Al(⁶He,d)²⁸Si 反应（衰变质子/α 与氘符合）(118)**独立技术确认**。	**[FACT]** (p,$\alpha$) 通道低能共振搜索给出**对已知强 (p,$\gamma$) 共振强度的严格上限** (117)——由 $^{27}{\rm Al}$($^{6}{\rm He}$,d)$^{28}{\rm Si}$ 反应（衰变质子/$\alpha$ 与氘符合）(118)**独立技术确认**。	R2 核素/希腊字母/单位
152	**[FACT]** **SiP 循环**：³¹P(p,γ)/(p,α) 分支比 (119)，与 NeNa/MgAl 测量方式相同。	**[FACT]** **SiP 循环**：$^{31}{\rm P}$(p,$\gamma$)/(p,$\alpha$) 分支比 (119)，与 NeNa/MgAl 测量方式相同。	R2 核素/希腊字母/单位
154	**[FACT]** ³¹P(p,γ)³²S 中 E > 250 keV 若干共振被观测；**³¹P(p,α)²⁸Si 中仅一个强共振**（在 383 keV）被识别。	**[FACT]** $^{31}{\rm P}$(p,$\gamma$)$^{32}{\rm S}$ 中 E > 250 keV 若干共振被观测；**$^{31}{\rm P}$(p,$\alpha$)$^{28}{\rm Si}$ 中仅一个强共振**（在 383 keV）被识别。	R2 核素/希腊字母/单位
158	**[FACT]** 低温下，³²S 中 **Ex = 9.060 MeV (J^π = $0^{-}$ – $2^{-}$)** 态**未知自旋**引入**不确定**：	**[FACT]** 低温下，$^{32}{\rm S}$ 中 **Ex = 9.060 MeV (J^$\pi$ = $0^{-}$ – $2^{-}$)** 态**未知自旋**引入**不确定**：	R2 核素/希腊字母/单位
159	- 自然宇称 ($1^{-}$) → ³¹P(p,α) 通道主导	- 自然宇称 ($1^{-}$) → $^{31}{\rm P}$(p,$\alpha$) 通道主导	R2 核素/希腊字母/单位
160	- 非自然宇称 ($0^{-}$, $2^{-}$) → α 通道关闭，仅 (p,γ) 通道强共振预期	- 非自然宇称 ($0^{-}$, $2^{-}$) → $\alpha$ 通道关闭，仅 (p,$\gamma$) 通道强共振预期	R2 核素/希腊字母/单位
167	| A=20–40 质子滴线（确立） | ²⁴Si, ²⁹S, ³³Ar, ³⁷Ca, ³⁸Ca, [⁴¹Ti] |	| A=20–40 质子滴线（确立） | $^{24}{\rm Si}$, $^{29}{\rm S}$, $^{33}{\rm Ar}$, $^{37}{\rm Ca}$, $^{38}{\rm Ca}$, [$^{41}{\rm Ti}$] |	R2 核素/希腊字母/单位
168	| A=40–70 分歧核 | ⁴³V, ⁴⁷Mn, ⁵⁰,⁵¹Co, ⁶⁰Ga, ⁵⁵As, ⁵⁹Br, ⁷³Rb |	| A=40–70 分歧核 | $^{43}{\rm V}$, $^{47}{\rm Mn}$, ⁵⁰,$^{51}{\rm Co}$, $^{60}{\rm Ga}$, $^{55}{\rm As}$, $^{59}{\rm Br}$, $^{73}{\rm Rb}$ |	R2 核素/希腊字母/单位
169	| ⁶¹Ga, ⁶⁵As, ⁶⁹Br 寿命下限 | 150 ns |	| $^{61}{\rm Ga}$, $^{65}{\rm As}$, $^{69}{\rm Br}$ 寿命下限 | 150 ns |	R2 核素/希腊字母/单位
170	| ⁷²Kr 半衰期 | 17.2 s（rp-process 端点候选） |	| $^{72}{\rm Kr}$ 半衰期 | 17.2 s（rp-process 端点候选） |	R2 核素/希腊字母/单位
171	| ²⁶Si(p,γ)²⁷Al 光裂 Q 值 | ≲ 0.5 MeV |	| $^{26}{\rm Si}$(p,$\gamma$)$^{27}{\rm Al}$ 光裂 Q 值 | ≲ 0.5 MeV |	R2 核素/希腊字母/单位
172	| ²³Al 第一激发态 | Ex = 460 ± 60 keV (E_cm = 360 ± 60 keV) |	| $^{23}{\rm Al}$ 第一激发态 | Ex = 460 ± 60 keV (E_cm = 360 ± 60 keV) |	R2 核素/希腊字母/单位
173	| ³¹S(p,γ)³²Cl Q 值 | 1.574 MeV |	| $^{31}{\rm S}$(p,$\gamma$)$^{32}{\rm Cl}$ Q 值 | 1.574 MeV |	R2 核素/希腊字母/单位
174	| ³¹S(p,γ)³²Cl 主导共振 | E_cm = 568 keV (Ex = 2.142 MeV, J^π = $3^{+}$) |	| $^{31}{\rm S}$(p,$\gamma$)$^{32}{\rm Cl}$ 主导共振 | E_cm = 568 keV (Ex = 2.142 MeV, J^$\pi$ = $3^{+}$) |	R2 核素/希腊字母/单位
175	| ³¹P(p,α)²⁸Si 强共振 | 383 keV |	| $^{31}{\rm P}$(p,$\alpha$)$^{28}{\rm Si}$ 强共振 | 383 keV |	R2 核素/希腊字母/单位
176	| ⁵⁶Ni 半衰期 | 6.1 天 |	| $^{56}{\rm Ni}$ 半衰期 | 6.1 天 |	R2 核素/希腊字母/单位
177	| ⁵⁶Ni(p,γ)⁵⁷Cu Q 值 | 740 keV |	| $^{56}{\rm Ni}$(p,$\gamma$)$^{57}{\rm Cu}$ Q 值 | 740 keV |	R2 核素/希腊字母/单位
183	① 等待点：质子滴线边界 → β 衰变等待	① 等待点：质子滴线边界 → $\beta$ 衰变等待	R2 核素/希腊字母/单位
185	③ 瓶颈：T=1/2 奇偶核 (p,γ) 慢	③ 瓶颈：T=1/2 奇偶核 (p,$\gamma$) 慢	R2 核素/希腊字母/单位
186	④ 循环：(p,α) 分支造成循环再循环	④ 循环：(p,$\alpha$) 分支造成循环再循环	R2 核素/希腊字母/单位
188	↓ ⁷²Kr ($T_{1}$/₂ = 17.2 s) 是最可能的等待点端点	↓ $^{72}{\rm Kr}$ ($T_{1}$/₂ = 17.2 s) 是最可能的等待点端点	R2 核素/希腊字母/单位
193	1. **[FACT]** ⁷²Kr 半衰期 **17.2 s** 这一"时间门"非常直观：**X 射线暴 (~10 s) 无法到达此点；长 X 射线暴或 nova (100–1000 s) 才可能**——这是**端点核素与天体物理事件时标的直接耦合**。	1. **[FACT]** $^{72}{\rm Kr}$ 半衰期 **17.2 s** 这一"时间门"非常直观：**X 射线暴 (~10 s) 无法到达此点；长 X 射线暴或 nova (100–1000 s) 才可能**——这是**端点核素与天体物理事件时标的直接耦合**。	R2 核素/希腊字母/单位
194	2. **[CRITIQUE]** ¹⁹⁰As 在文中原为 "⁵⁵As"（OCR 错误）——实际应为 **⁶⁵As**（与 ⁶¹Ga、⁶⁹Br 同系统）。已按核物理语境校正。	2. **[CRITIQUE]** $^{190}{\rm As}$ 在文中原为 "$^{55}{\rm As}$"（OCR 错误）——实际应为 **$^{65}{\rm As}$**（与 $^{61}{\rm Ga}$、$^{69}{\rm Br}$ 同系统）。已按核物理语境校正。	R2 核素/希腊字母/单位
195	3. **[FACT]** 循环分支比 **b = (p,α)/(p,γ)** 是**温度强依赖**——这意味着**相同反应网络在不同 $T_{9}$ 下的产物可以完全不同**。这一点在 §5 网络计算中会被验证。	3. **[FACT]** 循环分支比 **b = (p,$\alpha$)/(p,$\gamma$)** 是**温度强依赖**——这意味着**相同反应网络在不同 $T_{9}$ 下的产物可以完全不同**。这一点在 §5 网络计算中会被验证。	R2 核素/希腊字母/单位
13	把前述反应率整合进**大规模反应网络**，对**三种典型天体物理条件**计算产物演化，得到 rp-process 的**端点核素**随 ($T_{9}$, ρ, t) 的变化。	把前述反应率整合进**大规模反应网络**，对**三种典型天体物理条件**计算产物演化，得到 rp-process 的**端点核素**随 ($T_{9}$, $\rho$, t) 的变化。	R2 核素/希腊字母/单位
27	**[FACT]** 全部耗尽与产生反应率 λ_i 给出的**总时间演化**：	**[FACT]** 全部耗尽与产生反应率 $\lambda$_i 给出的**总时间演化**：	R2 核素/希腊字母/单位
31	- 第一项：所有核素 j → i 的 **β⁺ 衰变 + 光裂**	- 第一项：所有核素 j → i 的 **$\beta^{"+" if m.group(1)=="⁺" else "-"}$ 衰变 + 光裂**	R2 核素/希腊字母/单位
41	- **946 个核相互作用**——包括 **β⁺/电子俘获弱相互作用**，以及 **(p,γ)、(p,α)、(α,γ)、(α,p)** 反应及其逆反应	- **946 个核相互作用**——包括 **$\beta^{"+" if m.group(1)=="⁺" else "-"}$/电子俘获弱相互作用**，以及 **(p,$\gamma$)、(p,$\alpha$)、($\alpha$,$\gamma$)、($\alpha$,p)** 反应及其逆反应	R2 核素/希腊字母/单位
47	| 编号 | $T_{9}$ | ρ (g/cm³) | 时标 t | 对应天体物理事件 |	| 编号 | $T_{9}$ | $\rho$ (g/cm³) | 时标 t | 对应天体物理事件 |	R2 核素/希腊字母/单位
53	**[FACT]** 全部计算在**恒定 T 和 ρ**下进行。	**[FACT]** 全部计算在**恒定 T 和 $\rho$**下进行。	R2 核素/希腊字母/单位
57	## 8.3 章节 5.1: Low Temperatures and Densities ($T_{9}$ = 0.3, ρ = $10^{3}$, t = 10 s)	## 8.3 章节 5.1: Low Temperatures and Densities ($T_{9}$ = 0.3, $\rho$ = $10^{3}$, t = 10 s)	R2 核素/希腊字母/单位
63	- **HCNO 循环**清晰标注，导致 **¹⁴O、¹⁵O、¹⁸Ne 等待点核**的丰度因 ¹²C、¹³C、¹⁶O 的两次质子俘获而**增强**。	- **HCNO 循环**清晰标注，导致 **$^{14}{\rm O}$、$^{15}{\rm O}$、$^{18}{\rm Ne}$ 等待点核**的丰度因 $^{12}{\rm C}$、$^{13}{\rm C}$、$^{16}{\rm O}$ 的两次质子俘获而**增强**。	R2 核素/希腊字母/单位
74	**[FACT]** 通过两个**瓶颈反应**：²³Mg(p,γ)²⁴Al 与 ²⁴Mg(p,γ)²⁵Al。	**[FACT]** 通过两个**瓶颈反应**：$^{23}{\rm Mg}$(p,$\gamma$)$^{24}{\rm Al}$ 与 $^{24}{\rm Mg}$(p,$\gamma$)$^{25}{\rm Al}$。	R2 核素/希腊字母/单位
90	**[FACT]** 显著比例的 SiP 物质通过 **³¹P(p,γ)³²S(p,γ)³³Cl** 加工至更重质量。	**[FACT]** 显著比例的 SiP 物质通过 **$^{31}{\rm P}$(p,$\gamma$)$^{32}{\rm S}$(p,$\gamma$)$^{33}{\rm Cl}$** 加工至更重质量。	R2 核素/希腊字母/单位
92	**[FACT]** 到 ⁴⁰Ca 的反应流**弱**。	**[FACT]** 到 $^{40}{\rm Ca}$ 的反应流**弱**。	R2 核素/希腊字母/单位
96	- 初始 ²⁰Ne 主要加工为 **²²Mg**，因长半衰期（$T_{1}$/₂ = **3.86 s**）**被禁闭**。	- 初始 $^{20}{\rm Ne}$ 主要加工为 **$^{22}{\rm Mg}$**，因长半衰期（$T_{1}$/₂ = **3.86 s**）**被禁闭**。	R2 核素/希腊字母/单位
97	- 已有 ²⁴Mg 和 ²⁸Si 加工为 **²⁶Si ($T_{1}$/₂ = 2.23 s)** 和 **³⁰S ($T_{1}$/₂ = 1.18 s)**。	- 已有 $^{24}{\rm Mg}$ 和 $^{28}{\rm Si}$ 加工为 **$^{26}{\rm Si}$ ($T_{1}$/₂ = 2.23 s)** 和 **$^{30}{\rm S}$ ($T_{1}$/₂ = 1.18 s)**。	R2 核素/希腊字母/单位
98	- 这些衰变导致 **³¹S ($T_{1}$/₂ = 2.57 s) 富集**。	- 这些衰变导致 **$^{31}{\rm S}$ ($T_{1}$/₂ = 2.57 s) 富集**。	R2 核素/希腊字母/单位
99	- ³¹S 主要衰变至 **³¹P**，被 (p,α) 反应再循环回 **²⁸Si**——**在 SiP 区分布**。	- $^{31}{\rm S}$ 主要衰变至 **$^{31}{\rm P}$**，被 (p,$\alpha$) 反应再循环回 **$^{28}{\rm Si}$**——**在 SiP 区分布**。	R2 核素/希腊字母/单位
101	**[FACT]** SiP 循环时间常数 = τ_SiP = τ_³¹S · (p,γ)/(p,α)。	**[FACT]** SiP 循环时间常数 = $\tau$_SiP = $\tau$_$^{31}{\rm S}$ · (p,$\gamma$)/(p,$\alpha$)。	R2 核素/希腊字母/单位
103	**[FACT]** ³²S 通过 ³¹P(p,γ) 的产率比 ³²S(p,γ)³³Cl 消耗率**大三个量级** → 每循环一次 ³¹P(p,γ)³²S 分支导致 **³²S 最终增强**。	**[FACT]** $^{32}{\rm S}$ 通过 $^{31}{\rm P}$(p,$\gamma$) 的产率比 $^{32}{\rm S}$(p,$\gamma$)$^{33}{\rm Cl}$ 消耗率**大三个量级** → 每循环一次 $^{31}{\rm P}$(p,$\gamma$)$^{32}{\rm S}$ 分支导致 **$^{32}{\rm S}$ 最终增强**。	R2 核素/希腊字母/单位
105	**[FACT]** **对 A = 20–32 初始物质，燃烧 10 s 后 ³²S 是核合成端点**；**更长燃烧期端点为 ⁴⁰Ca**。	**[FACT]** **对 A = 20–32 初始物质，燃烧 10 s 后 $^{32}{\rm S}$ 是核合成端点**；**更长燃烧期端点为 $^{40}{\rm Ca}$**。	R2 核素/希腊字母/单位
107	**[FACT]** **此结果不同于**基于 Wallace & Woosley (18) 旧 ³²S(p,γ)³³Cl 率的网络计算——**旧率比 Iliadis 等人 (104) 新测量率高两个量级**。	**[FACT]** **此结果不同于**基于 Wallace & Woosley (18) 旧 $^{32}{\rm S}$(p,$\gamma$)$^{33}{\rm Cl}$ 率的网络计算——**旧率比 Iliadis 等人 (104) 新测量率高两个量级**。	R2 核素/希腊字母/单位
109	## 8.4 章节 5.2: Intermediate Temperatures and Densities ($T_{9}$ = 0.4, ρ = $10^{4}$, t = 1000 s)	## 8.4 章节 5.2: Intermediate Temperatures and Densities ($T_{9}$ = 0.4, $\rho$ = $10^{4}$, t = 1000 s)	R2 核素/希腊字母/单位
121	### 8.4.2 ²²Mg 处的分叉	### 8.4.2 $^{22}{\rm Mg}$ 处的分叉	R2 核素/希腊字母/单位
123	**[FACT]** 在 ²²Mg 等待点，流分两支**绕过 NeNa 和 MgAl 循环**：	**[FACT]** 在 $^{22}{\rm Mg}$ 等待点，流分两支**绕过 NeNa 和 MgAl 循环**：	R2 核素/希腊字母/单位
125	**第一支**（从 ²²Mg(p,γ)²³Al 启动）：	**第一支**（从 $^{22}{\rm Mg}$(p,$\gamma$)$^{23}{\rm Al}$ 启动）：	R2 核素/希腊字母/单位
129	**第二支**（跟随 ²²Mg β 衰变）：	**第二支**（跟随 $^{22}{\rm Mg}$ $\beta$ 衰变）：	R2 核素/希腊字母/单位
135	**[FACT]** 沿质子滴线的一系列反应：²⁷Si(p,γ)²⁸P(p,γ)²⁹S(β⁺ν)²⁹P(p,γ)³⁰S。	**[FACT]** 沿质子滴线的一系列反应：$^{27}{\rm Si}$(p,$\gamma$)$^{28}{\rm P}$(p,$\gamma$)$^{29}{\rm S}$($\beta^{"+" if m.group(1)=="⁺" else "-"}$$\nu$)$^{29}{\rm P}$(p,$\gamma$)$^{30}{\rm S}$。	R2 核素/希腊字母/单位
137	**[FACT]** A ~ 40 区由**三个反应循环**特征化：**SiP、SCl、ArK**，通过瓶颈反应 **³¹S(p,γ)³²Cl、³⁵Ar(p,γ)³⁶K** 分支互连。	**[FACT]** A ~ 40 区由**三个反应循环**特征化：**SiP、SCl、ArK**，通过瓶颈反应 **$^{31}{\rm S}$(p,$\gamma$)$^{32}{\rm Cl}$、$^{35}{\rm Ar}$(p,$\gamma$)$^{36}{\rm K}$** 分支互连。	R2 核素/希腊字母/单位
139	**[FACT]** 向 A > 40 的推进通过两个**弱质子俘获**反应：**³⁹Ca(p,γ)⁴⁰Sc** 与 **⁴⁰Ca(p,γ)⁴¹Sc** (122)，进入 **CaSc 循环**。	**[FACT]** 向 A > 40 的推进通过两个**弱质子俘获**反应：**$^{39}{\rm Ca}$(p,$\gamma$)$^{40}{\rm Sc}$** 与 **$^{40}{\rm Ca}$(p,$\gamma$)$^{41}{\rm Sc}$** (122)，进入 **CaSc 循环**。	R2 核素/希腊字母/单位
143	**[FACT]** A = 50 区，流通过 **⁴³Ti(p,γ)⁴⁴Y(β⁺ν)⁴⁴Ti(p,γ)⁴⁵Y** 与 **⁴³Sc(p,γ)⁴⁴Ti(p,γ)⁴⁵Y** 从 CaSc 循环泄漏。	**[FACT]** A = 50 区，流通过 **$^{43}{\rm Ti}$(p,$\gamma$)$^{44}{\rm Y}$($\beta^{"+" if m.group(1)=="⁺" else "-"}$$\nu$)$^{44}{\rm Ti}$(p,$\gamma$)$^{45}{\rm Y}$** 与 **$^{43}{\rm Sc}$(p,$\gamma$)$^{44}{\rm Ti}$(p,$\gamma$)$^{45}{\rm Y}$** 从 CaSc 循环泄漏。	R2 核素/希腊字母/单位
145	**[FACT]** 进一步反应达到端点 **⁵²Fe**。	**[FACT]** 进一步反应达到端点 **$^{52}{\rm Fe}$**。	R2 核素/希腊字母/单位
151	- **²⁰Ne** 在过程第 1 秒内耗尽 → 转换为 **²²Mg**（$T_{1}$/₂ = 3.86 s）。	- **$^{20}{\rm Ne}$** 在过程第 1 秒内耗尽 → 转换为 **$^{22}{\rm Mg}$**（$T_{1}$/₂ = 3.86 s）。	R2 核素/希腊字母/单位
152	- 因 ²²Mg 可被 (p,γ) 破坏，**有效半衰期更短，$T_{1}$/₂,eff = 2.4 s**。	- 因 $^{22}{\rm Mg}$ 可被 (p,$\gamma$) 破坏，**有效半衰期更短，$T_{1}$/₂,eff = 2.4 s**。	R2 核素/希腊字母/单位
153	- 物质在等待点核 **³⁴Ar 和 ⁴⁰Ca** 中转换；丰度在 **~10 s 后达到生产-衰变平衡**。	- 物质在等待点核 **$^{34}{\rm Ar}$ 和 $^{40}{\rm Ca}$** 中转换；丰度在 **~10 s 后达到生产-衰变平衡**。	R2 核素/希腊字母/单位
155	- **⁴⁰Ca 显著增强**（因弱衰变反应 ⁴⁰Ca(p,γ)⁴¹Sc）。	- **$^{40}{\rm Ca}$ 显著增强**（因弱衰变反应 $^{40}{\rm Ca}$(p,$\gamma$)$^{41}{\rm Sc}$）。	R2 核素/希腊字母/单位
156	- 进一步加工完全转换 ⁴⁰Ca 为 **⁵²Fe**。	- 进一步加工完全转换 $^{40}{\rm Ca}$ 为 **$^{52}{\rm Fe}$**。	R2 核素/希腊字母/单位
157	- 因 **⁵²Fe 长 β 衰变半衰期 ($T_{1}$/₂ = 8.28 h)** 与弱 ⁵²Fe(p,γ)⁵³Co 衰变率 → **⁵²Fe 是该条件下 rp-process 的端点**。	- 因 **$^{52}{\rm Fe}$ 长 $\beta$ 衰变半衰期 ($T_{1}$/₂ = 8.28 h)** 与弱 $^{52}{\rm Fe}$(p,$\gamma$)$^{53}{\rm Co}$ 衰变率 → **$^{52}{\rm Fe}$ 是该条件下 rp-process 的端点**。	R2 核素/希腊字母/单位
159	## 8.5 章节 5.3: High Temperatures and Densities ($T_{9}$ = 1.5, ρ = $10^{6}$, t = 10 s)	## 8.5 章节 5.3: High Temperatures and Densities ($T_{9}$ = 1.5, $\rho$ = $10^{6}$, t = 10 s)	R2 核素/希腊字母/单位
165	**[FACT]** 反应流**从 ⁴He 连续流至 ⁷³Kr**——反应网络的端点。	**[FACT]** 反应流**从 $^{4}{\rm He}$ 连续流至 $^{73}{\rm Kr}$**——反应网络的端点。	R2 核素/希腊字母/单位
167	**[FACT]** 爆发初期，**¹²C 由三聚反应（triple reaction）产生，随后快速转换为 ¹⁴O**。	**[FACT]** 爆发初期，**$^{12}{\rm C}$ 由三聚反应（triple reaction）产生，随后快速转换为 $^{14}{\rm O}$**。	R2 核素/希腊字母/单位
169	**[FACT]** 轻等待点核 **¹⁴O, ¹⁸Ne, ²²Mg, ²⁸Si, ³⁰S, ³⁴Ar** 通过 **(n,p) 反应序列**（称为 **np-process** (73)）**跨越**。	**[FACT]** 轻等待点核 **$^{14}{\rm O}$, $^{18}{\rm Ne}$, $^{22}{\rm Mg}$, $^{28}{\rm Si}$, $^{30}{\rm S}$, $^{34}{\rm Ar}$** 通过 **(n,p) 反应序列**（称为 **np-process** (73)）**跨越**。	R2 核素/希腊字母/单位
171	**[FACT]** **A > 38** 后，rp-process 路径由**质子滴线附近的质子俘获 + β 衰变**特征化，**直至 Ni 区**。	**[FACT]** **A > 38** 后，rp-process 路径由**质子滴线附近的质子俘获 + $\beta$ 衰变**特征化，**直至 Ni 区**。	R2 核素/希腊字母/单位
173	**[FACT]** 因库仑势垒增大，(n,p) 反应**太慢无法与 β 衰变竞争**。	**[FACT]** 因库仑势垒增大，(n,p) 反应**太慢无法与 $\beta$ 衰变竞争**。	R2 核素/希腊字母/单位
175	**[FACT]** **⁵⁴Ni 被预言为粒子未束缚** (123) → 反应流沿：	**[FACT]** **$^{54}{\rm Ni}$ 被预言为粒子未束缚** (123) → 反应流沿：	R2 核素/希腊字母/单位
179	**[FACT]** ⁵⁵,⁵⁶Ni 上的 (p,γ) 反应 Q 值低（Q = **0.459 和 0.767 MeV**）→ **被光裂抑制** (120)。	**[FACT]** ⁵⁵,$^{56}{\rm Ni}$ 上的 (p,$\gamma$) 反应 Q 值低（Q = **0.459 和 0.767 MeV**）→ **被光裂抑制** (120)。	R2 核素/希腊字母/单位
181	**[FACT]** 反应继续至 **⁶⁴Ge ($T_{1}$/₂ = 63.7 s)**——在爆发期间**本质稳定**。	**[FACT]** 反应继续至 **$^{64}{\rm Ge}$ ($T_{1}$/₂ = 63.7 s)**——在爆发期间**本质稳定**。	R2 核素/希腊字母/单位
183	**[FACT]** 若 **⁶⁵As 质子未束缚** → **⁶⁴Ge 在 X 射线暴期间终止 rp-process**。	**[FACT]** 若 **$^{65}{\rm As}$ 质子未束缚** → **$^{64}{\rm Ge}$ 在 X 射线暴期间终止 rp-process**。	R2 核素/希腊字母/单位
185	**[FACT]** 若 ⁶⁵As 稳定 → 反应路径继续：	**[FACT]** 若 $^{65}{\rm As}$ 稳定 → 反应路径继续：	R2 核素/希腊字母/单位
193	（前提 **⁶⁹Br 亦粒子稳定**）。	（前提 **$^{69}{\rm Br}$ 亦粒子稳定**）。	R2 核素/希腊字母/单位
195	**[FACT]** 近期测量表明 **⁷³Rb 粒子未束缚** (110) → **rp-process 终止于 ⁷²Kr ($T_{1}$/₂ = 17.2 s)**。	**[FACT]** 近期测量表明 **$^{73}{\rm Rb}$ 粒子未束缚** (110) → **rp-process 终止于 $^{72}{\rm Kr}$ ($T_{1}$/₂ = 17.2 s)**。	R2 核素/希腊字母/单位
201	- **0.5 s 后**，已有 CNO 与 NeNa 物质转换为 **³⁴Ar**。	- **0.5 s 后**，已有 CNO 与 NeNa 物质转换为 **$^{34}{\rm Ar}$**。	R2 核素/希腊字母/单位
202	- **1 s 后**，(α,p) 过程产生 **³⁸Ca**。	- **1 s 后**，($\alpha$,p) 过程产生 **$^{38}{\rm Ca}$**。	R2 核素/希腊字母/单位
203	- **⁵⁵,⁵⁶Ni 丰度在 1.5 s 达峰值**。	- **⁵⁵,$^{56}{\rm Ni}$ 丰度在 1.5 s 达峰值**。	R2 核素/希腊字母/单位
204	- **5 s 后**，大部分原始物质达到 **⁶⁴Ge**。	- **5 s 后**，大部分原始物质达到 **$^{64}{\rm Ge}$**。	R2 核素/希腊字母/单位
205	- **⁶⁴Ge 丰度缓慢下降**——因破坏过程 ⁶⁴Ge(p,γ)⁶⁵As 与 ⁶⁴Ge(β⁺)⁶⁴Ga 均弱。	- **$^{64}{\rm Ge}$ 丰度缓慢下降**——因破坏过程 $^{64}{\rm Ge}$(p,$\gamma$)$^{65}{\rm As}$ 与 $^{64}{\rm Ge}$($\beta^{"+" if m.group(1)=="⁺" else "-"}$)$^{64}{\rm Ga}$ 均弱。	R2 核素/希腊字母/单位
206	- **⁶⁴Ge 最终转换为 ⁷²Kr**，20 s 后达到丰度峰值。	- **$^{64}{\rm Ge}$ 最终转换为 $^{72}{\rm Kr}$**，20 s 后达到丰度峰值。	R2 核素/希腊字母/单位
210	| 情形 | $T_{9}$ | ρ (g/cm³) | t (s) | 端点核 | 主要过程 |	| 情形 | $T_{9}$ | $\rho$ (g/cm³) | t (s) | 端点核 | 主要过程 |	R2 核素/希腊字母/单位
212	| (i) | 0.3 | $10^{3}$ | 10 (或 100) | **³²S** (或 ⁴⁰Ca) | 弱 rp-process |	| (i) | 0.3 | $10^{3}$ | 10 (或 100) | **$^{32}{\rm S}$** (或 $^{40}{\rm Ca}$) | 弱 rp-process |	R2 核素/希腊字母/单位
213	| (ii) | 0.4 | $10^{4}$ | 1000 | **⁵²Fe** | rp-process 完整段 |	| (ii) | 0.4 | $10^{4}$ | 1000 | **$^{52}{\rm Fe}$** | rp-process 完整段 |	R2 核素/希腊字母/单位
214	| (iii) | 1.5 | $10^{6}$ | 10 | **⁷²Kr** | rp-process + np-process 全开 |	| (iii) | 1.5 | $10^{6}$ | 10 | **$^{72}{\rm Kr}$** | rp-process + np-process 全开 |	R2 核素/希腊字母/单位
216	**[INTERPRETATION]** 端点核随 ($T_{9}$, ρ, t) **单调向更重质量移动**——这直观反映了**温度与密度对质子俘获速率的指数增强** + **np-process 在高温下跨越 β 等待点**的双重作用。	**[INTERPRETATION]** 端点核随 ($T_{9}$, $\rho$, t) **单调向更重质量移动**——这直观反映了**温度与密度对质子俘获速率的指数增强** + **np-process 在高温下跨越 $\beta$ 等待点**的双重作用。	R2 核素/希腊字母/单位
237	| (9) | Ẏ_i = Σ λ_{ji}¹ + Σ λ_{jk→i}² Y_k | 同位素丰度演化 |	| (9) | Ẏ_i = $\Sigma$ $\lambda$_{ji}¹ + $\Sigma$ $\lambda$_{jk→i}² Y_k | 同位素丰度演化 |	R2 核素/希腊字母/单位
241	1. **[FACT]** **np-process**（§5.3）是 Woosley (73) 提出但**本文首次在 $T_{9}$=1.5 网络中显式包含**的过程——它是**rp-process 在 X 射线暴条件下能跨越 β 等待点**的关键机制。	1. **[FACT]** **np-process**（§5.3）是 Woosley (73) 提出但**本文首次在 $T_{9}$=1.5 网络中显式包含**的过程——它是**rp-process 在 X 射线暴条件下能跨越 $\beta$ 等待点**的关键机制。	R2 核素/希腊字母/单位
242	2. **[CRITIQUE]** 所有网络计算在**恒定 T 和 ρ**下进行——这显著**简化**了真实 nova/X 射线暴的热力学演化（温度/密度随时间变化）。这是**反应网络计算的常见近似**，但会使丰度峰值时间被人为提前或推后。	2. **[CRITIQUE]** 所有网络计算在**恒定 T 和 $\rho$**下进行——这显著**简化**了真实 nova/X 射线暴的热力学演化（温度/密度随时间变化）。这是**反应网络计算的常见近似**，但会使丰度峰值时间被人为提前或推后。	R2 核素/希腊字母/单位
244	4. **[CRITIQUE]** 端点 ⁷²Kr 的预言**依赖** ⁷³Rb 的质子未束缚状态 (110)——这是**1991 年的实验结果**（Mohar et al. PRL 66:1571–74）。如果后续测量修正此结论，端点需重新评估。	4. **[CRITIQUE]** 端点 $^{72}{\rm Kr}$ 的预言**依赖** $^{73}{\rm Rb}$ 的质子未束缚状态 (110)——这是**1991 年的实验结果**（Mohar et al. PRL 66:1571–74）。如果后续测量修正此结论，端点需重新评估。	R2 核素/希腊字母/单位
25	- **细箭头**：高温下 ¹⁴O(α,p)¹⁷F 启动的分支路径	- **细箭头**：高温下 $^{14}{\rm O}$($\alpha$,p)$^{17}{\rm F}$ 启动的分支路径	R2 核素/希腊字母/单位
31	¹²C(p,γ)¹³N(p,γ)¹⁴O(β⁺)¹⁴N(p,γ)¹⁵O(β⁺)¹⁵N(p,α)¹²C	$^{12}{\rm C}$(p,$\gamma$)$^{13}{\rm N}$(p,$\gamma$)$^{14}{\rm O}$($\beta^{"+" if m.group(1)=="⁺" else "-"}$)$^{14}{\rm N}$(p,$\gamma$)$^{15}{\rm O}$($\beta^{"+" if m.group(1)=="⁺" else "-"}$)$^{15}{\rm N}$(p,$\alpha$)$^{12}{\rm C}$	R2 核素/希腊字母/单位
33	**¹⁶O 分支**（低温）：	**$^{16}{\rm O}$ 分支**（低温）：	R2 核素/希腊字母/单位
34	¹⁶O(p,γ)¹⁷F(β⁺)¹⁷O(p,α)¹⁴N → 回到主循环	$^{16}{\rm O}$(p,$\gamma$)$^{17}{\rm F}$($\beta^{"+" if m.group(1)=="⁺" else "-"}$)$^{17}{\rm O}$(p,$\alpha$)$^{14}{\rm N}$ → 回到主循环	R2 核素/希腊字母/单位
36	**¹⁶O 分支**（高温）：	**$^{16}{\rm O}$ 分支**（高温）：	R2 核素/希腊字母/单位
37	¹⁶O(p,γ)¹⁷F(p,γ)¹⁸Ne(β⁺)¹⁸F(p,α)¹⁵O	$^{16}{\rm O}$(p,$\gamma$)$^{17}{\rm F}$(p,$\gamma$)$^{18}{\rm Ne}$($\beta^{"+" if m.group(1)=="⁺" else "-"}$)$^{18}{\rm F}$(p,$\alpha$)$^{15}{\rm O}$	R2 核素/希腊字母/单位
40	- HCNO 循环有**两个 β 等待点**：¹⁴O ($T_{1}$/₂ = 71 s) 和 ¹⁵O ($T_{1}$/₂ = 122 s)	- HCNO 循环有**两个 $\beta$ 等待点**：$^{14}{\rm O}$ ($T_{1}$/₂ = 71 s) 和 $^{15}{\rm O}$ ($T_{1}$/₂ = 122 s)	R2 核素/希腊字母/单位
42	- 跳出路径有三条：¹⁵O(α,γ)¹⁹Ne、¹⁸F(p,γ)¹⁹Ne、¹⁸Ne(α,p)²¹Na	- 跳出路径有三条：$^{15}{\rm O}$($\alpha$,$\gamma$)$^{19}{\rm Ne}$、$^{18}{\rm F}$(p,$\gamma$)$^{19}{\rm Ne}$、$^{18}{\rm Ne}$($\alpha$,p)$^{21}{\rm Na}$	R2 核素/希腊字母/单位
70	- rp-process 起始：¹⁹Ne 或 ²¹Na 附近	- rp-process 起始：$^{19}{\rm Ne}$ 或 $^{21}{\rm Na}$ 附近	R2 核素/希腊字母/单位
79	## 9.4 Figure 3 — Level Structure of the ¹⁸O–¹⁸Ne Analog Pair（p. 51）	## 9.4 Figure 3 — Level Structure of the $^{18}{\rm O}$–$^{18}{\rm Ne}$ Analog Pair（p. 51）	R2 核素/希腊字母/单位
82	比较 ¹⁸O 与 ¹⁸Ne 的能级结构，标示已确认的类比对。	比较 $^{18}{\rm O}$ 与 $^{18}{\rm Ne}$ 的能级结构，标示已确认的类比对。	R2 核素/希腊字母/单位
85	双侧能级图，左为 ¹⁸O，右为 ¹⁸Ne。	双侧能级图，左为 $^{18}{\rm O}$，右为 $^{18}{\rm Ne}$。	R2 核素/希腊字母/单位
89	- J^π 标注每态	- J^$\pi$ 标注每态	R2 核素/希腊字母/单位
93	- **¹⁸O 已知至 Ex ~ 8.28 MeV**（含 8.09, 7.91, 7.08, 6.88, 6.35, 5.45, 4.59, 3.58, 1.98, 0 MeV 态）	- **$^{18}{\rm O}$ 已知至 Ex ~ 8.28 MeV**（含 8.09, 7.91, 7.08, 6.88, 6.35, 5.45, 4.59, 3.58, 1.98, 0 MeV 态）	R2 核素/希腊字母/单位
94	- **¹⁸Ne 已知至 Ex ~ 8.21 MeV**	- **$^{18}{\rm Ne}$ 已知至 Ex ~ 8.21 MeV**	R2 核素/希腊字母/单位
95	- **¹⁸O 中 Ex = 6.198 MeV, J^π = $1^{-}$** → 类比 ¹⁸Ne 中 Ex ~ 6.13 MeV	- **$^{18}{\rm O}$ 中 Ex = 6.198 MeV, J^$\pi$ = $1^{-}$** → 类比 $^{18}{\rm Ne}$ 中 Ex ~ 6.13 MeV	R2 核素/希腊字母/单位
96	- **¹⁸O 中 Ex = 5.38 MeV, J^π = $3^{+}$** → 类比 ¹⁸Ne 中 Ex ~ 4.56 MeV（Garcia 64 实验确认）	- **$^{18}{\rm O}$ 中 Ex = 5.38 MeV, J^$\pi$ = $3^{+}$** → 类比 $^{18}{\rm Ne}$ 中 Ex ~ 4.56 MeV（Garcia 64 实验确认）	R2 核素/希腊字母/单位
99	- ¹⁸Ne 中**若干态尚未发现**（与 ¹⁸O 相比缺失）	- $^{18}{\rm Ne}$ 中**若干态尚未发现**（与 $^{18}{\rm O}$ 相比缺失）	R2 核素/希腊字母/单位
103	此图是 §3.3 讨论 ¹⁴O(α,p)¹⁷F 与 ¹⁷F(p,γ)¹⁸Ne 反应率的**基础**——因反应率依赖于 ¹⁸Ne 的能级结构。	此图是 §3.3 讨论 $^{14}{\rm O}$($\alpha$,p)$^{17}{\rm F}$ 与 $^{17}{\rm F}$(p,$\gamma$)$^{18}{\rm Ne}$ 反应率的**基础**——因反应率依赖于 $^{18}{\rm Ne}$ 的能级结构。	R2 核素/希腊字母/单位
105	## 9.5 Figure 4 — rp-process Reaction Path at $T_{9}$ = 0.3, ρ = $10^{3}$（p. 67）	## 9.5 Figure 4 — rp-process Reaction Path at $T_{9}$ = 0.3, $\rho$ = $10^{3}$（p. 67）	R2 核素/希腊字母/单位
108	展示**低 T/低 ρ 条件**下 A = 20–60 质量区的 rp-process 反应流（10 s；虚线为 100 s 延展）。	展示**低 T/低 $\rho$ 条件**下 A = 20–60 质量区的 rp-process 反应流（10 s；虚线为 100 s 延展）。	R2 核素/希腊字母/单位
123	- HCNO 循环清晰（¹²C → ¹⁴O 等待点 → ¹⁴N）	- HCNO 循环清晰（$^{12}{\rm C}$ → $^{14}{\rm O}$ 等待点 → $^{14}{\rm N}$）	R2 核素/希腊字母/单位
125	- NeNa 循环闭环：²⁰Ne → ²¹Na → ²²Mg → ²²Na → ²³Mg → ²³Na → ²⁰Ne	- NeNa 循环闭环：$^{20}{\rm Ne}$ → $^{21}{\rm Na}$ → $^{22}{\rm Mg}$ → $^{22}{\rm Na}$ → $^{23}{\rm Mg}$ → $^{23}{\rm Na}$ → $^{20}{\rm Ne}$	R2 核素/希腊字母/单位
126	- 弱流通过 SiP 区至 ⁴⁰Ca	- 弱流通过 SiP 区至 $^{40}{\rm Ca}$	R2 核素/希腊字母/单位
129	- **t = 10 s**：**³²S**	- **t = 10 s**：**$^{32}{\rm S}$**	R2 核素/希腊字母/单位
130	- **t = 100 s**：**⁴⁰Ca**	- **t = 100 s**：**$^{40}{\rm Ca}$**	R2 核素/希腊字母/单位
138	展示 $T_{9}$ = 0.3, ρ = $10^{3}$ 条件下 ²⁰Ne、²²Mg、³²S、⁴⁰Ca 同位素丰度随时间演化。	展示 $T_{9}$ = 0.3, $\rho$ = $10^{3}$ 条件下 $^{20}{\rm Ne}$、$^{22}{\rm Mg}$、$^{32}{\rm S}$、$^{40}{\rm Ca}$ 同位素丰度随时间演化。	R2 核素/希腊字母/单位
145	- ²⁰Ne（初始丰度，快速消耗）	- $^{20}{\rm Ne}$（初始丰度，快速消耗）	R2 核素/希腊字母/单位
146	- ²²Mg（快速上升至峰值 ~10 s 后衰减，因 $T_{1}$/₂ = 3.86 s）	- $^{22}{\rm Mg}$（快速上升至峰值 ~10 s 后衰减，因 $T_{1}$/₂ = 3.86 s）	R2 核素/希腊字母/单位
147	- ³²S（缓慢上升，因 SiP 循环净积累）	- $^{32}{\rm S}$（缓慢上升，因 SiP 循环净积累）	R2 核素/希腊字母/单位
148	- ⁴⁰Ca（更慢上升）	- $^{40}{\rm Ca}$（更慢上升）	R2 核素/希腊字母/单位
151	- ²⁰Ne 耗尽时间 ~1 s	- $^{20}{\rm Ne}$ 耗尽时间 ~1 s	R2 核素/希腊字母/单位
152	- ²²Mg 峰值 ~10 s	- $^{22}{\rm Mg}$ 峰值 ~10 s	R2 核素/希腊字母/单位
153	- ³²S 持续增长（净积累）	- $^{32}{\rm S}$ 持续增长（净积累）	R2 核素/希腊字母/单位
154	- ⁴⁰Ca 100 s 后成为端点	- $^{40}{\rm Ca}$ 100 s 后成为端点	R2 核素/希腊字母/单位
157	³²S 作为 A = 20–32 物质的**最终汇**（10 s）直观可视化。	$^{32}{\rm S}$ 作为 A = 20–32 物质的**最终汇**（10 s）直观可视化。	R2 核素/希腊字母/单位
159	## 9.7 Figure 6 — rp-process Reaction Path at $T_{9}$ = 0.4, ρ = $10^{4}$（p. 70）	## 9.7 Figure 6 — rp-process Reaction Path at $T_{9}$ = 0.4, $\rho$ = $10^{4}$（p. 70）	R2 核素/希腊字母/单位
162	展示**中等 T/中等 ρ 条件**（极端 nova 峰条件）下的反应流（100 s 燃烧）。	展示**中等 T/中等 $\rho$ 条件**（极端 nova 峰条件）下的反应流（100 s 燃烧）。	R2 核素/希腊字母/单位
165	- CNO → A~20 区有显著流（通过 ¹⁴O(α,p)¹⁷F → ¹⁸Ne → ¹⁹Ne → ²⁰Na → ²¹Mg）	- CNO → A~20 区有显著流（通过 $^{14}{\rm O}$($\alpha$,p)$^{17}{\rm F}$ → $^{18}{\rm Ne}$ → $^{19}{\rm Ne}$ → $^{20}{\rm Na}$ → $^{21}{\rm Mg}$）	R2 核素/希腊字母/单位
166	- ²²Mg 处**分叉**为两条路径：	- $^{22}{\rm Mg}$ 处**分叉**为两条路径：	R2 核素/希腊字母/单位
167	1. ²²Mg(p,γ)²³Al → ... → ²⁷Si（绕过 NeNa 与 MgAl 循环）	1. $^{22}{\rm Mg}$(p,$\gamma$)$^{23}{\rm Al}$ → ... → $^{27}{\rm Si}$（绕过 NeNa 与 MgAl 循环）	R2 核素/希腊字母/单位
168	2. ²²Mg(β⁺)²²Na → 回到 NeNa 循环	2. $^{22}{\rm Mg}$($\beta^{"+" if m.group(1)=="⁺" else "-"}$)$^{22}{\rm Na}$ → 回到 NeNa 循环	R2 核素/希腊字母/单位
170	- 经 ³⁹Ca(p,γ)⁴⁰Sc、⁴⁰Ca(p,γ)⁴¹Sc → CaSc 循环	- 经 $^{39}{\rm Ca}$(p,$\gamma$)$^{40}{\rm Sc}$、$^{40}{\rm Ca}$(p,$\gamma$)$^{41}{\rm Sc}$ → CaSc 循环	R2 核素/希腊字母/单位
171	- A = 50 区：⁴³Ti(p,γ)⁴⁴Y → ⁴⁴Ti(p,γ)⁴⁵Y；⁴³Sc(p,γ)⁴⁴Ti → ⁴⁵Y	- A = 50 区：$^{43}{\rm Ti}$(p,$\gamma$)$^{44}{\rm Y}$ → $^{44}{\rm Ti}$(p,$\gamma$)$^{45}{\rm Y}$；$^{43}{\rm Sc}$(p,$\gamma$)$^{44}{\rm Ti}$ → $^{45}{\rm Y}$	R2 核素/希腊字母/单位
172	- **端点 ⁵²Fe**	- **端点 $^{52}{\rm Fe}$**	R2 核素/希腊字母/单位
175	**⁵²Fe**（$T_{1}$/₂ = 8.28 h，弱 ⁵²Fe(p,γ)⁵³Co 衰变率）	**$^{52}{\rm Fe}$**（$T_{1}$/₂ = 8.28 h，弱 $^{52}{\rm Fe}$(p,$\gamma$)$^{53}{\rm Co}$ 衰变率）	R2 核素/希腊字母/单位
187	- ²⁰Ne：快速耗尽 (~1 s)	- $^{20}{\rm Ne}$：快速耗尽 (~1 s)	R2 核素/希腊字母/单位
188	- ²²Mg：快速上升后下降	- $^{22}{\rm Mg}$：快速上升后下降	R2 核素/希腊字母/单位
189	- ³⁴Ar：~10 s 达生产-衰变平衡，随后下降	- $^{34}{\rm Ar}$：~10 s 达生产-衰变平衡，随后下降	R2 核素/希腊字母/单位
190	- ⁴⁰Ca：显著增强	- $^{40}{\rm Ca}$：显著增强	R2 核素/希腊字母/单位
191	- ⁵²Fe：最终上升	- $^{52}{\rm Fe}$：最终上升	R2 核素/希腊字母/单位
194	- ²²Mg 有效半衰期 $T_{1}$/₂,eff = 2.4 s（因 (p,γ) 破坏）	- $^{22}{\rm Mg}$ 有效半衰期 $T_{1}$/₂,eff = 2.4 s（因 (p,$\gamma$) 破坏）	R2 核素/希腊字母/单位
195	- ⁵²Fe 为最终端点（$T_{1}$/₂ = 8.28 h）	- $^{52}{\rm Fe}$ 为最终端点（$T_{1}$/₂ = 8.28 h）	R2 核素/希腊字母/单位
198	展示中等温度下 rp-process 如何**逐级穿透等待点**，最终到达 ⁵²Fe。	展示中等温度下 rp-process 如何**逐级穿透等待点**，最终到达 $^{52}{\rm Fe}$。	R2 核素/希腊字母/单位
200	## 9.9 Figure 8 — rp-process Reaction Path at $T_{9}$ = 1.5, ρ = $10^{6}$（p. 72）	## 9.9 Figure 8 — rp-process Reaction Path at $T_{9}$ = 1.5, $\rho$ = $10^{6}$（p. 72）	R2 核素/希腊字母/单位
210	- **从 ⁴He 连续流至 ⁷³Kr**——反应网络的最大范围	- **从 $^{4}{\rm He}$ 连续流至 $^{73}{\rm Kr}$**——反应网络的最大范围	R2 核素/希腊字母/单位
211	- ¹²C 由**三聚反应**产生 → 快速转 ¹⁴O	- $^{12}{\rm C}$ 由**三聚反应**产生 → 快速转 $^{14}{\rm O}$	R2 核素/希腊字母/单位
212	- **轻等待点** ¹⁴O, ¹⁸Ne, ²²Mg, ²⁸Si, ³⁰S, ³⁴Ar **由 (n,p) 反应跨越**（np-process）	- **轻等待点** $^{14}{\rm O}$, $^{18}{\rm Ne}$, $^{22}{\rm Mg}$, $^{28}{\rm Si}$, $^{30}{\rm S}$, $^{34}{\rm Ar}$ **由 (n,p) 反应跨越**（np-process）	R2 核素/希腊字母/单位
213	- **A > 38**：质子滴线附近的 (p,γ) + β⁺ 序列	- **A > 38**：质子滴线附近的 (p,$\gamma$) + $\beta^{"+" if m.group(1)=="⁺" else "-"}$ 序列	R2 核素/希腊字母/单位
214	- **⁵⁴Ni 粒子未束缚** → 路径经 ⁵³Co(β⁺)⁵³Fe(p,γ)⁵⁴Co(p,γ)⁵⁵Ni(p,γ)⁵⁶Cu(β⁺)⁵⁶Ni(p,γ)⁵⁷Cu	- **$^{54}{\rm Ni}$ 粒子未束缚** → 路径经 $^{53}{\rm Co}$($\beta^{"+" if m.group(1)=="⁺" else "-"}$)$^{53}{\rm Fe}$(p,$\gamma$)$^{54}{\rm Co}$(p,$\gamma$)$^{55}{\rm Ni}$(p,$\gamma$)$^{56}{\rm Cu}$($\beta^{"+" if m.group(1)=="⁺" else "-"}$)$^{56}{\rm Ni}$(p,$\gamma$)$^{57}{\rm Cu}$	R2 核素/希腊字母/单位
215	- **⁶⁴Ge** 是重要节点	- **$^{64}{\rm Ge}$** 是重要节点	R2 核素/希腊字母/单位
216	- **⁷²Kr** 是最终端点（⁷³Rb 质子未束缚 → 终止）	- **$^{72}{\rm Kr}$** 是最终端点（$^{73}{\rm Rb}$ 质子未束缚 → 终止）	R2 核素/希腊字母/单位
219	**⁷²Kr**（$T_{1}$/₂ = 17.2 s）	**$^{72}{\rm Kr}$**（$T_{1}$/₂ = 17.2 s）	R2 核素/希腊字母/单位
233	| 0.5 s | CNO 与 NeNa → ³⁴Ar |	| 0.5 s | CNO 与 NeNa → $^{34}{\rm Ar}$ |	R2 核素/希腊字母/单位
234	| 1 s | (α,p) → ³⁸Ca |	| 1 s | ($\alpha$,p) → $^{38}{\rm Ca}$ |	R2 核素/希腊字母/单位
235	| 1.5 s | ⁵⁵,⁵⁶Ni 达峰值 |	| 1.5 s | ⁵⁵,$^{56}{\rm Ni}$ 达峰值 |	R2 核素/希腊字母/单位
236	| 5 s | 大部分物质到达 ⁶⁴Ge |	| 5 s | 大部分物质到达 $^{64}{\rm Ge}$ |	R2 核素/希腊字母/单位
237	| 20 s | ⁷²Kr 达峰值 |	| 20 s | $^{72}{\rm Kr}$ 达峰值 |	R2 核素/希腊字母/单位
240	⁶⁴Ge 是**"暂态端点"**——其丰度缓慢下降，因 ⁶⁴Ge(p,γ)⁶⁵As 与 ⁶⁴Ge(β⁺)⁶⁴Ga 均弱。	$^{64}{\rm Ge}$ 是**"暂态端点"**——其丰度缓慢下降，因 $^{64}{\rm Ge}$(p,$\gamma$)$^{65}{\rm As}$ 与 $^{64}{\rm Ge}$($\beta^{"+" if m.group(1)=="⁺" else "-"}$)$^{64}{\rm Ga}$ 均弱。	R2 核素/希腊字母/单位
252	| Fig 3 | ¹⁸O–¹⁸Ne 类比 | 能级结构；确认/未确认类比对 |	| Fig 3 | $^{18}{\rm O}$–$^{18}{\rm Ne}$ 类比 | 能级结构；确认/未确认类比对 |	R2 核素/希腊字母/单位
253	| Fig 4 | $T_{9}$=0.3 反应流 | NeNa + SiP 循环；端点 ³²S/⁴⁰Ca |	| Fig 4 | $T_{9}$=0.3 反应流 | NeNa + SiP 循环；端点 $^{32}{\rm S}$/$^{40}{\rm Ca}$ |	R2 核素/希腊字母/单位
254	| Fig 5 | $T_{9}$=0.3 丰度 | ²²Mg, ³²S, ⁴⁰Ca 时间演化 |	| Fig 5 | $T_{9}$=0.3 丰度 | $^{22}{\rm Mg}$, $^{32}{\rm S}$, $^{40}{\rm Ca}$ 时间演化 |	R2 核素/希腊字母/单位
255	| Fig 6 | $T_{9}$=0.4 反应流 | ²²Mg 分叉；绕过循环；端点 ⁵²Fe |	| Fig 6 | $T_{9}$=0.4 反应流 | $^{22}{\rm Mg}$ 分叉；绕过循环；端点 $^{52}{\rm Fe}$ |	R2 核素/希腊字母/单位
256	| Fig 7 | $T_{9}$=0.4 丰度 | ²²Mg eff=2.4s；³⁴Ar, ⁴⁰Ca, ⁵²Fe 演化 |	| Fig 7 | $T_{9}$=0.4 丰度 | $^{22}{\rm Mg}$ eff=2.4s；$^{34}{\rm Ar}$, $^{40}{\rm Ca}$, $^{52}{\rm Fe}$ 演化 |	R2 核素/希腊字母/单位
257	| Fig 8 | $T_{9}$=1.5 反应流 | 完整 np-process + rp-process；端点 ⁷²Kr |	| Fig 8 | $T_{9}$=1.5 反应流 | 完整 np-process + rp-process；端点 $^{72}{\rm Kr}$ |	R2 核素/希腊字母/单位
258	| Fig 9 | $T_{9}$=1.5 丰度 | ³⁴Ar, ³⁸Ca, ⁵⁵,⁵⁶Ni, ⁶⁴Ge, ⁷²Kr 时序 |	| Fig 9 | $T_{9}$=1.5 丰度 | $^{34}{\rm Ar}$, $^{38}{\rm Ca}$, ⁵⁵,$^{56}{\rm Ni}$, $^{64}{\rm Ge}$, $^{72}{\rm Kr}$ 时序 |	R2 核素/希腊字母/单位
67	| 50 | Decrock et al. PRL 67:808–11 (1991) | ¹³N(p,γ)¹⁴O 放射性束直接测量 |	| 50 | Decrock et al. PRL 67:808–11 (1991) | $^{13}{\rm N}$(p,$\gamma$)$^{14}{\rm O}$ 放射性束直接测量 |	R2 核素/希腊字母/单位
68	| 52 | Motobayashi et al. PLB 264:259–63 (1991) | ¹⁴O 库仑裂变 |	| 52 | Motobayashi et al. PLB 264:259–63 (1991) | $^{14}{\rm O}$ 库仑裂变 |	R2 核素/希腊字母/单位
69	| 64 | Garcia et al. PR C43:2012–19 (1991) | ¹⁸Ne 中 $3^{+}$ 态 (Ex=4.561 MeV) |	| 64 | Garcia et al. PR C43:2012–19 (1991) | $^{18}{\rm Ne}$ 中 $3^{+}$ 态 (Ex=4.561 MeV) |	R2 核素/希腊字母/单位
70	| 82 | Smith et al. NP A536:333–48 (1992) | ²⁰Na 共振 (植入靶) |	| 82 | Smith et al. NP A536:333–48 (1992) | $^{20}{\rm Na}$ 共振 (植入靶) |	R2 核素/希腊字母/单位
71	| 96 | Seuthe et al. NP A514:471–502 (1990) | ²²Na(p,γ)²³Mg 直接测量 |	| 96 | Seuthe et al. NP A514:471–502 (1990) | $^{22}{\rm Na}$(p,$\gamma$)$^{23}{\rm Mg}$ 直接测量 |	R2 核素/希腊字母/单位
72	| 98 | Buchmann et al. NP A415:93–113 (1984) | ²⁶Al(p,γ)²⁷Si 首次直接测量 |	| 98 | Buchmann et al. NP A415:93–113 (1984) | $^{26}{\rm Al}$(p,$\gamma$)$^{27}{\rm Si}$ 首次直接测量 |	R2 核素/希腊字母/单位
73	| 104 | Iliadis et al. NP A539:97–111 (1992) | ³²S(p,γ)³³Cl 精确测量 |	| 104 | Iliadis et al. NP A539:97–111 (1992) | $^{32}{\rm S}$(p,$\gamma$)$^{33}{\rm Cl}$ 精确测量 |	R2 核素/希腊字母/单位
74	| 110 | Mohar et al. PRL 66:1571–74 (1991) | ⁷³Rb 质子未束缚 |	| 110 | Mohar et al. PRL 66:1571–74 (1991) | $^{73}{\rm Rb}$ 质子未束缚 |	R2 核素/希腊字母/单位
19	| furthermore | adv. | 递进 | 进一步 | "The rate is uncertain ...; **furthermore**, the J^π assignment is disputed." |	| furthermore | adv. | 递进 | 进一步 | "The rate is uncertain ...; **furthermore**, the J^$\pi$ assignment is disputed." |	R2 核素/希腊字母/单位
23	| insofar as | conj. | 限定 | 在……的范围内 | "HCNO rates are reliable **insofar as** the 13N(p,γ)14O reaction is concerned." |	| insofar as | conj. | 限定 | 在……的范围内 | "HCNO rates are reliable **insofar as** the 13N(p,$\gamma$)14O reaction is concerned." |	R2 核素/希腊字母/单位
25	| hence | adv. | 因果 | 因此 | "19Ne(p,γ)20Na rate cannot be estimated ...; **hence**, the rp-process trigger is uncertain." |	| hence | adv. | 因果 | 因此 | "19Ne(p,$\gamma$)20Na rate cannot be estimated ...; **hence**, the rp-process trigger is uncertain." |	R2 核素/希腊字母/单位
26	| thus | adv. | 因果 | 从而 | "the 447-keV resonance may be J^π=$1^{-}$ or $0^{-}$, **thus** the rate is uncertain by several orders of magnitude." |	| thus | adv. | 因果 | 从而 | "the 447-keV resonance may be J^$\pi$=$1^{-}$ or $0^{-}$, **thus** the rate is uncertain by several orders of magnitude." |	R2 核素/希腊字母/单位
30	| subsequently | adv. | 时序 | 随后 | "Initial CNO → 34Ar **subsequently** → 38Ca via (α,p)." |	| subsequently | adv. | 时序 | 随后 | "Initial CNO → 34Ar **subsequently** → 38Ca via ($\alpha$,p)." |	R2 核素/希腊字母/单位
34	| given that | conj. | 条件因果 | 鉴于 | "given that Γ_γ ≪ Γ_p, the resonance strength is dominated by Γ_γ." |	| given that | conj. | 条件因果 | 鉴于 | "given that $\Gamma$_$\gamma$ ≪ $\Gamma$_p, the resonance strength is dominated by $\Gamma$_$\gamma$." |	R2 核素/希腊字母/单位
40	| explosive hydrogen burning | 爆炸性氢燃烧 | 极端 T、ρ 下核反应时标与动力学自由落体时标（秒级）可比，从而在极短时间内点燃氢的燃烧模式 | §1 |	| explosive hydrogen burning | 爆炸性氢燃烧 | 极端 T、$\rho$ 下核反应时标与动力学自由落体时标（秒级）可比，从而在极短时间内点燃氢的燃烧模式 | §1 |	R2 核素/希腊字母/单位
41	| hot CNO (HCNO) cycles | 热 CNO 循环 | 当 $T_{9}$ ≳ 0.2 时 ¹³N(p,γ)¹⁴O 绕过 ¹³N β⁺ 衰变、¹⁵O(α,γ) 等 α 分支打开，CNO 循环以高温变体运作 | §2.1 |	| hot CNO (HCNO) cycles | 热 CNO 循环 | 当 $T_{9}$ ≳ 0.2 时 $^{13}{\rm N}$(p,$\gamma$)$^{14}{\rm O}$ 绕过 $^{13}{\rm N}$ $\beta^{"+" if m.group(1)=="⁺" else "-"}$ 衰变、$^{15}{\rm O}$($\alpha$,$\gamma$) 等 $\alpha$ 分支打开，CNO 循环以高温变体运作 | §2.1 |	R2 核素/希腊字母/单位
42	| rp-process | 快速质子俘获过程 | 质子俘获速率远快于 β⁺ 衰变速率时，沿稳定线与质子滴线之间快速推进的重核合成过程 | §2.1 |	| rp-process | 快速质子俘获过程 | 质子俘获速率远快于 $\beta^{"+" if m.group(1)=="⁺" else "-"}$ 衰变速率时，沿稳定线与质子滴线之间快速推进的重核合成过程 | §2.1 |	R2 核素/希腊字母/单位
45	| reaction network | 反应网络 | 耦合微分方程组，描述多种核素之间的 β 衰变、(p,γ)、(p,α)、(α,γ) 等反应及逆反应 | §2.1 |	| reaction network | 反应网络 | 耦合微分方程组，描述多种核素之间的 $\beta$ 衰变、(p,$\gamma$)、(p,$\alpha$)、($\alpha$,$\gamma$) 等反应及逆反应 | §2.1 |	R2 核素/希腊字母/单位
46	| Gamow peak | 高莫峰 | Maxwell 分布 × 库仑穿透因子峰值对应的能量窗口，是 (p,γ) 关键测量能区 | §2.2 |	| Gamow peak | 高莫峰 | Maxwell 分布 × 库仑穿透因子峰值对应的能量窗口，是 (p,$\gamma$) 关键测量能区 | §2.2 |	R2 核素/希腊字母/单位
47	| Gamow energy E_G | 高莫能量 | E_G = 2π² e⁴ Z_a² Z_b² μ / ℏ²，刻画库仑穿透对截面的指数抑制 | §2.2 |	| Gamow energy E_G | 高莫能量 | E_G = 2$\pi$² e⁴ Z_a² Z_b² $\mu$ / ℏ²，刻画库仑穿透对截面的指数抑制 | §2.2 |	R2 核素/希腊字母/单位
48	| S factor | S 因子 | 剥离库仑穿透后反应截面随能量缓慢变化的部分，σ = S(E)/E · exp(−√(E_G/E)) | §2.2 |	| S factor | S 因子 | 剥离库仑穿透后反应截面随能量缓慢变化的部分，$\sigma$ = S(E)/E · exp(−√(E_G/E)) | §2.2 |	R2 核素/希腊字母/单位
50	| ωγ (omega-gamma) | 共振强度 | ω·Γ_a·Γ_b/Γ，用于窄共振 Maxwell 积分后的反应率 | §2.2 |	| $\omega$$\gamma$ (omega-gamma) | 共振强度 | $\omega$·$\Gamma$_a·$\Gamma$_b/$\Gamma$，用于窄共振 Maxwell 积分后的反应率 | §2.2 |	R2 核素/希腊字母/单位
53	| waiting point | 等待点 | 反应流抵达质子滴线内侧一个质子，只能等待 β⁺ 或 EC 衰变的重核 | §4.5.1 |	| waiting point | 等待点 | 反应流抵达质子滴线内侧一个质子，只能等待 $\beta^{"+" if m.group(1)=="⁺" else "-"}$ 或 EC 衰变的重核 | §4.5.1 |	R2 核素/希腊字母/单位
54	| photodisintegration | 光致分解 | 高能 γ 将复合核打回质子的逆反应，抑制偶偶 T=1 核的 (p,γ) | §4.5.2 |	| photodisintegration | 光致分解 | 高能 $\gamma$ 将复合核打回质子的逆反应，抑制偶偶 T=1 核的 (p,$\gamma$) | §4.5.2 |	R2 核素/希腊字母/单位
55	| bottleneck reaction | 瓶颈反应 | 在 $T_{9}$ < 1 时通向更重元素唯一链路的奇偶 T=1/2 核 (p,γ) | §4.5.3 |	| bottleneck reaction | 瓶颈反应 | 在 $T_{9}$ < 1 时通向更重元素唯一链路的奇偶 T=1/2 核 (p,$\gamma$) | §4.5.3 |	R2 核素/希腊字母/单位
56	| reaction cycles | 反应循环 | (p,α)/(p,γ) 竞争导致的 NeNa、MgAl、SiP 等循环，是流的阻抗 | §4.5.4 |	| reaction cycles | 反应循环 | (p,$\alpha$)/(p,$\gamma$) 竞争导致的 NeNa、MgAl、SiP 等循环，是流的阻抗 | §4.5.4 |	R2 核素/希腊字母/单位
57	| Γ_γ (radiative width) | 辐射宽度 | 共振 γ 衰变分宽度，对 ¹³N(p,γ)¹⁴O 决定反应率不确定度 | §3.2 |	| $\Gamma$_$\gamma$ (radiative width) | 辐射宽度 | 共振 $\gamma$ 衰变分宽度，对 $^{13}{\rm N}$(p,$\gamma$)$^{14}{\rm O}$ 决定反应率不确定度 | §3.2 |	R2 核素/希腊字母/单位
58	| spin-statistical factor ω | 自旋统计因子 | Breit-Wigner 中考虑自旋自由度的统计权重 | §2.2 |	| spin-statistical factor $\omega$ | 自旋统计因子 | Breit-Wigner 中考虑自旋自由度的统计权重 | §2.2 |	R2 核素/希腊字母/单位
60	| Thomas-Ehrman shift | 托马斯-厄尔曼位移 | 类比核中质子未束缚态向束缚态的能量移动，用于类比态推 (p,γ) 共振 | §4.2 |	| Thomas-Ehrman shift | 托马斯-厄尔曼位移 | 类比核中质子未束缚态向束缚态的能量移动，用于类比态推 (p,$\gamma$) 共振 | §4.2 |	R2 核素/希腊字母/单位
61	| mirror nucleus / analog state | 镜像核 / 类比态 | 质子-中子交换对称的核，用于预言类比态 J^π 与共振参数 | §4.2 |	| mirror nucleus / analog state | 镜像核 / 类比态 | 质子-中子交换对称的核，用于预言类比态 J^$\pi$ 与共振参数 | §4.2 |	R2 核素/希腊字母/单位
62	| branching ratio b = (p,α)/(p,γ) | 分支比 | 循环反应中 (p,α) 通道的相对强度，循环阻抗的核心量 | §4.5.4 |	| branching ratio b = (p,$\alpha$)/(p,$\gamma$) | 分支比 | 循环反应中 (p,$\alpha$) 通道的相对强度，循环阻抗的核心量 | §4.5.4 |	R2 核素/希腊字母/单位
66	| X-ray burst (XRB) | X 射线暴 | 中子星表面吸积物质简并条件下点燃的热核爆发，ρ=$10^{6}$–$10^{8}$ g/cm³ | §1.2 |	| X-ray burst (XRB) | X 射线暴 | 中子星表面吸积物质简并条件下点燃的热核爆发，$\rho$=$10^{6}$–$10^{8}$ g/cm³ | §1.2 |	R2 核素/希腊字母/单位
68	| nuclear reaction rate ⟨σv⟩ | 核反应率 | σ(E)·v 对 Maxwell 速度分布的均值，是网络计算的基本输入 | §2.2 |	| nuclear reaction rate ⟨$\sigma$v⟩ | 核反应率 | $\sigma$(E)·v 对 Maxwell 速度分布的均值，是网络计算的基本输入 | §2.2 |	R2 核素/希腊字母/单位
70	| stellar β-decaday rate | 恒星 β 衰变率 | 因光致电离与热布居改变后的 β 衰变速率 | §3.6.2 |	| stellar $\beta$-decaday rate | 恒星 $\beta$ 衰变率 | 因光致电离与热布居改变后的 $\beta$ 衰变速率 | §3.6.2 |	R2 核素/希腊字母/单位
78	**修饰**：because of … 引导原因状语（Boltzmann 激发态布居 + 恒星 β 衰变率）；proceeding through a resonance 作后置定语修饰 reactions	**修饰**：because of … 引导原因状语（Boltzmann 激发态布居 + 恒星 $\beta$ 衰变率）；proceeding through a resonance 作后置定语修饰 reactions	R2 核素/希腊字母/单位
79	**翻译**：在恒星环境下，经由共振进行的反应速率可能与实验室中测得的速率显著不同，原因在于激发态的玻尔兹曼布居和恒星 β 衰变率与实验室条件不同。	**翻译**：在恒星环境下，经由共振进行的反应速率可能与实验室中测得的速率显著不同，原因在于激发态的玻尔兹曼布居和恒星 $\beta$ 衰变率与实验室条件不同。	R2 核素/希腊字母/单位
82	> "If the rp-process proceeds for less than 17 s, it will terminate at **⁷²Kr ($T_{1}$/₂ = 17.2 s)**, whose half-life imposes a **time gate** on whether the process can reach the A ≈ 70 region."	> "If the rp-process proceeds for less than 17 s, it will terminate at **$^{72}{\rm Kr}$ ($T_{1}$/₂ = 17.2 s)**, whose half-life imposes a **time gate** on whether the process can reach the A ≈ 70 region."	R2 核素/希腊字母/单位
84	**主干**：it will terminate at ⁷²Kr	**主干**：it will terminate at $^{72}{\rm Kr}$	R2 核素/希腊字母/单位
85	**修饰**：If … 条件状语从句；whose half-life imposes a time gate on whether … 非限定定语从句进一步刻画 ⁷²Kr 的物理意义	**修饰**：If … 条件状语从句；whose half-life imposes a time gate on whether … 非限定定语从句进一步刻画 $^{72}{\rm Kr}$ 的物理意义	R2 核素/希腊字母/单位
86	**翻译**：若 rp-过程持续时间不足 17 s，它将终止于 ⁷²Kr（$T_{1}$/₂ = 17.2 s），该核素的半衰期构成一个"时间门"，决定了过程能否到达 A≈70 区域。	**翻译**：若 rp-过程持续时间不足 17 s，它将终止于 $^{72}{\rm Kr}$（$T_{1}$/₂ = 17.2 s），该核素的半衰期构成一个"时间门"，决定了过程能否到达 A≈70 区域。	R2 核素/希腊字母/单位
89	> "At **$T_{9}$ = 1.5**, the reaction flow proceeds continuously from **⁴He to ⁷³Kr** via a combination of **proton captures** and **beta decays** near the proton drip line, **until** the path is halted by the particle-unbound nature of **⁷³Rb**."	> "At **$T_{9}$ = 1.5**, the reaction flow proceeds continuously from **$^{4}{\rm He}$ to $^{73}{\rm Kr}$** via a combination of **proton captures** and **beta decays** near the proton drip line, **until** the path is halted by the particle-unbound nature of **$^{73}{\rm Rb}$**."	R2 核素/希腊字母/单位
91	**主干**：reaction flow proceeds continuously from ⁴He to ⁷³Kr	**主干**：reaction flow proceeds continuously from $^{4}{\rm He}$ to $^{73}{\rm Kr}$	R2 核素/希腊字母/单位
93	**翻译**：在 $T_{9}$ = 1.5 下，反应流从 ⁴He 连续推进至 ⁷³Kr，途经质子滴线附近的质子俘获与 β 衰变组合，直至 ⁷³Rb 的粒子未束缚性质阻断路径。	**翻译**：在 $T_{9}$ = 1.5 下，反应流从 $^{4}{\rm He}$ 连续推进至 $^{73}{\rm Kr}$，途经质子滴线附近的质子俘获与 $\beta$ 衰变组合，直至 $^{73}{\rm Rb}$ 的粒子未束缚性质阻断路径。	R2 核素/希腊字母/单位
13	**[FACT]** 爆炸性氢燃烧主要发生在 nova、X 射线暴和超新星激波外层三类天体事件中，由 **Hot CNO 循环**（$T_{9}$ ≲ 0.4）和 **rp-process**（$T_{9}$ ≳ 0.4）两条反应链主导；1992 年时除 ¹³N(p,γ)¹⁴O 外，绝大多数关键反应率仍不确定 5–1000 倍，**核合成计算"如同在沙上建塔"**。	**[FACT]** 爆炸性氢燃烧主要发生在 nova、X 射线暴和超新星激波外层三类天体事件中，由 **Hot CNO 循环**（$T_{9}$ ≲ 0.4）和 **rp-process**（$T_{9}$ ≳ 0.4）两条反应链主导；1992 年时除 $^{13}{\rm N}$(p,$\gamma$)$^{14}{\rm O}$ 外，绝大多数关键反应率仍不确定 5–1000 倍，**核合成计算"如同在沙上建塔"**。	R2 核素/希腊字母/单位
20	4. rp-process 的**端点核素**在何种 ($T_{9}$, ρ, t) 条件下达到？	4. rp-process 的**端点核素**在何种 ($T_{9}$, $\rho$, t) 条件下达到？	R2 核素/希腊字母/单位
25	- **间接核光谱学**：用稳定束/靶产生类比复合核（如 ¹⁸O 类比 ¹⁸Ne），通过 Thomas-Ehrman 位移建立类比对应	- **间接核光谱学**：用稳定束/靶产生类比复合核（如 $^{18}{\rm O}$ 类比 $^{18}{\rm Ne}$），通过 Thomas-Ehrman 位移建立类比对应	R2 核素/希腊字母/单位
26	- **放射性束技术**：1990 年代初期发展（如 ¹³N 束、¹⁹Ne 束）——首次直接测量之前"不可测"的反应	- **放射性束技术**：1990 年代初期发展（如 $^{13}{\rm N}$ 束、$^{19}{\rm Ne}$ 束）——首次直接测量之前"不可测"的反应	R2 核素/希腊字母/单位
27	- **放射性靶技术**：植入靶（implanted target）——²²Na(p,γ)²³Mg 和 ²⁶Al(p,γ)²⁷Si 直接测量的关键	- **放射性靶技术**：植入靶（implanted target）——$^{22}{\rm Na}$(p,$\gamma$)$^{23}{\rm Mg}$ 和 $^{26}{\rm Al}$(p,$\gamma$)$^{27}{\rm Si}$ 直接测量的关键	R2 核素/希腊字母/单位
28	- **大规模核反应网络**：216 核素 + 946 反应；三情形（$T_{9}$ = 0.3, 0.4, 1.5；ρ = $10^{3}$, $10^{4}$, $10^{6}$；t = 10, 1000, 10 s）	- **大规模核反应网络**：216 核素 + 946 反应；三情形（$T_{9}$ = 0.3, 0.4, 1.5；$\rho$ = $10^{3}$, $10^{4}$, $10^{6}$；t = 10, 1000, 10 s）	R2 核素/希腊字母/单位
36	| ¹³N(p,γ)¹⁴O | Γ_γ = **3.1 ± 0.4 eV** | ~13% | 唯一精确测定 |	| $^{13}{\rm N}$(p,$\gamma$)$^{14}{\rm O}$ | $\Gamma$_$\gamma$ = **3.1 ± 0.4 eV** | ~13% | 唯一精确测定 |	R2 核素/希腊字母/单位
37	| ¹⁵O(α,γ)¹⁹Ne | 实验率 | **因子 2**（$T_{9}$≲0.5） | 可用 |	| $^{15}{\rm O}$($\alpha$,$\gamma$)$^{19}{\rm Ne}$ | 实验率 | **因子 2**（$T_{9}$≲0.5） | 可用 |	R2 核素/希腊字母/单位
38	| ¹⁴O(α,p)¹⁷F | Wiescher (56) 高温率 | 因子 2（高温）；>100（低温，不重要） | 理论主导 |	| $^{14}{\rm O}$($\alpha$,p)$^{17}{\rm F}$ | Wiescher (56) 高温率 | 因子 2（高温）；>100（低温，不重要） | 理论主导 |	R2 核素/希腊字母/单位
39	| ¹⁷F(p,γ)¹⁸Ne | Garcia (64) | 优于早期 10 倍 | 可用 |	| $^{17}{\rm F}$(p,$\gamma$)$^{18}{\rm Ne}$ | Garcia (64) | 优于早期 10 倍 | 可用 |	R2 核素/希腊字母/单位
40	| ¹⁹Ne(p,γ)²⁰Na | **不确定数个量级** | — | **未定**（J^π 争议） |	| $^{19}{\rm Ne}$(p,$\gamma$)$^{20}{\rm Na}$ | **不确定数个量级** | — | **未定**（J^$\pi$ 争议） |	R2 核素/希腊字母/单位
44	| 情形 | $T_{9}$ | ρ (g/cm³) | t | 端点 |	| 情形 | $T_{9}$ | $\rho$ (g/cm³) | t | 端点 |	R2 核素/希腊字母/单位
46	| (i) SN 激波 | 0.3 | $10^{3}$ | 10 (或 100) s | **³²S** (或 ⁴⁰Ca) |	| (i) SN 激波 | 0.3 | $10^{3}$ | 10 (或 100) s | **$^{32}{\rm S}$** (或 $^{40}{\rm Ca}$) |	R2 核素/希腊字母/单位
47	| (ii) 极端 nova | 0.4 | $10^{4}$ | 1000 s | **⁵²Fe** |	| (ii) 极端 nova | 0.4 | $10^{4}$ | 1000 s | **$^{52}{\rm Fe}$** |	R2 核素/希腊字母/单位
48	| (iii) X 射线暴 | 1.5 | $10^{6}$ | 10 s | **⁷²Kr** |	| (iii) X 射线暴 | 1.5 | $10^{6}$ | 10 s | **$^{72}{\rm Kr}$** |	R2 核素/希腊字母/单位
52	1. **等待点 (Waiting Points)**：质子滴线 → β 衰变等待（⁷²Kr, $T_{1}$/₂ = 17.2 s 是最终门）	1. **等待点 (Waiting Points)**：质子滴线 → $\beta$ 衰变等待（$^{72}{\rm Kr}$, $T_{1}$/₂ = 17.2 s 是最终门）	R2 核素/希腊字母/单位
53	2. **光裂 (Photodisintegration)**：T=1 偶偶核 (p,γ) 逆反应	2. **光裂 (Photodisintegration)**：T=1 偶偶核 (p,$\gamma$) 逆反应	R2 核素/希腊字母/单位
54	3. **瓶颈 (Bottlenecks)**：T=1/2 奇偶核 (p,γ) 慢（³¹S(p,γ)³²Cl 等）	3. **瓶颈 (Bottlenecks)**：T=1/2 奇偶核 (p,$\gamma$) 慢（$^{31}{\rm S}$(p,$\gamma$)$^{32}{\rm Cl}$ 等）	R2 核素/希腊字母/单位
55	4. **循环 (Cycles)**：NeNa, MgAl, SiP, SCl, ArK, CaSc——由 (p,α)/(p,γ) 分支比 b 决定	4. **循环 (Cycles)**：NeNa, MgAl, SiP, SCl, ArK, CaSc——由 (p,$\alpha$)/(p,$\gamma$) 分支比 b 决定	R2 核素/希腊字母/单位
60	2. **首次明确指出"实验室反应率 vs 恒星反应率"**的差异（激发态布居、电子俘获增强），并量化其影响（¹⁹Ne 激发态布居 1–47%）。	2. **首次明确指出"实验室反应率 vs 恒星反应率"**的差异（激发态布居、电子俘获增强），并量化其影响（$^{19}{\rm Ne}$ 激发态布居 1–47%）。	R2 核素/希腊字母/单位
61	3. **rp-process 端点核素**随 ($T_{9}$, ρ, t) 的依赖关系被清晰建立：³²S → ⁵²Fe → ⁷²Kr。	3. **rp-process 端点核素**随 ($T_{9}$, $\rho$, t) 的依赖关系被清晰建立：$^{32}{\rm S}$ → $^{52}{\rm Fe}$ → $^{72}{\rm Kr}$。	R2 核素/希腊字母/单位
62	4. **np-process**（通过 (n,p) 反应跨越轻 β 等待点）被显式引入 X 射线暴计算。	4. **np-process**（通过 (n,p) 反应跨越轻 $\beta$ 等待点）被显式引入 X 射线暴计算。	R2 核素/希腊字母/单位
68	2. **[FACT]** 网络计算在**恒定 T 和 ρ**下进行——真实 nova/X 射线暴的 T(t) 与 ρ(t) 显著变化。	2. **[FACT]** 网络计算在**恒定 T 和 $\rho$**下进行——真实 nova/X 射线暴的 T(t) 与 $\rho$(t) 显著变化。	R2 核素/希腊字母/单位
70	4. **[CRITIQUE]** 对 rp-process 端点（⁷²Kr）的预言**依赖单一核素 ⁷³Rb 的质子束缚状态**——单点脆弱性。	4. **[CRITIQUE]** 对 rp-process 端点（$^{72}{\rm Kr}$）的预言**依赖单一核素 $^{73}{\rm Rb}$ 的质子束缚状态**——单点脆弱性。	R2 核素/希腊字母/单位
76	2. **[FACT]** HCNO 循环由 **¹³N(p,γ)¹⁴O 绕过 β 衰变** 触发（13N $T_{1}$/₂ = 9.97 min）。	2. **[FACT]** HCNO 循环由 **$^{13}{\rm N}$(p,$\gamma$)$^{14}{\rm O}$ 绕过 $\beta$ 衰变** 触发（13N $T_{1}$/₂ = 9.97 min）。	R2 核素/希腊字母/单位
77	3. **[FACT]** ¹³N(p,γ)¹⁴O 是唯一精确测量的 HCNO 反应（Γ_γ = 3.1 ± 0.4 eV，±13%）。	3. **[FACT]** $^{13}{\rm N}$(p,$\gamma$)$^{14}{\rm O}$ 是唯一精确测量的 HCNO 反应（$\Gamma$_$\gamma$ = 3.1 ± 0.4 eV，±13%）。	R2 核素/希腊字母/单位
78	4. **[FACT]** HCNO → rp-process 有两条桥：¹⁴O(α,p)¹⁷F（与 ¹⁸Ne(α,p)²¹Na）和 ¹⁵O(α,γ)¹⁹Ne。	4. **[FACT]** HCNO → rp-process 有两条桥：$^{14}{\rm O}$($\alpha$,p)$^{17}{\rm F}$（与 $^{18}{\rm Ne}$($\alpha$,p)$^{21}{\rm Na}$）和 $^{15}{\rm O}$($\alpha$,$\gamma$)$^{19}{\rm Ne}$。	R2 核素/希腊字母/单位
79	5. **[FACT]** ¹⁹Ne(p,γ)²⁰Na 是 rp-process 的**触发反应**，反应率**不确定数个量级**——因 447-keV 共振 J^π 未定。	5. **[FACT]** $^{19}{\rm Ne}$(p,$\gamma$)$^{20}{\rm Na}$ 是 rp-process 的**触发反应**，反应率**不确定数个量级**——因 447-keV 共振 J^$\pi$ 未定。	R2 核素/希腊字母/单位
81	7. **[FACT]** ⁷²Kr ($T_{1}$/₂ = 17.2 s) 是 rp-process 的最可能端点（因 ⁷³Rb 质子未束缚）。	7. **[FACT]** $^{72}{\rm Kr}$ ($T_{1}$/₂ = 17.2 s) 是 rp-process 的最可能端点（因 $^{73}{\rm Rb}$ 质子未束缚）。	R2 核素/希腊字母/单位
82	8. **[FACT]** 三种典型条件下端点核素：**³²S** ($T_{9}$=0.3) → **⁵²Fe** ($T_{9}$=0.4) → **⁷²Kr** ($T_{9}$=1.5)。	8. **[FACT]** 三种典型条件下端点核素：**$^{32}{\rm S}$** ($T_{9}$=0.3) → **$^{52}{\rm Fe}$** ($T_{9}$=0.4) → **$^{72}{\rm Kr}$** ($T_{9}$=1.5)。	R2 核素/希腊字母/单位
83	9. **[FACT]** np-process（(n,p) 反应跨越轻 β 等待点）在 X 射线暴条件下启动。	9. **[FACT]** np-process（(n,p) 反应跨越轻 $\beta$ 等待点）在 X 射线暴条件下启动。	R2 核素/希腊字母/单位
84	10. **[FACT]** 实验室 vs 恒星反应率差异：**激发态布居**（¹⁹Ne 在 $T_{9}$=0.5–1.5 时 1–47% 在第一激发态）和**电子俘获增强**（¹⁸F 分支比 3.1%，ρ > $10^{5}$ g/cm³ 时重要）。	10. **[FACT]** 实验室 vs 恒星反应率差异：**激发态布居**（$^{19}{\rm Ne}$ 在 $T_{9}$=0.5–1.5 时 1–47% 在第一激发态）和**电子俘获增强**（$^{18}{\rm F}$ 分支比 3.1%，$\rho$ > $10^{5}$ g/cm³ 时重要）。	R2 核素/希腊字母/单位
85	11. **[FACT]** 循环分支比 b = (p,α)/(p,γ) 决定"循环锁住 vs 逃逸"：NeNa 循环在 $T_{9}$≳0.2 大量再循环，MgAl 循环仅 0.1–1% 再循环。	11. **[FACT]** 循环分支比 b = (p,$\alpha$)/(p,$\gamma$) 决定"循环锁住 vs 逃逸"：NeNa 循环在 $T_{9}$≳0.2 大量再循环，MgAl 循环仅 0.1–1% 再循环。	R2 核素/希腊字母/单位
97	| x 过程 (Woosley & Howard 1971) | **不在本文讨论范围**——O/Ne/Mg α 俘获链 |	| x 过程 (Woosley & Howard 1971) | **不在本文讨论范围**——O/Ne/Mg $\alpha$ 俘获链 |	R2 核素/希腊字母/单位
99	| ¹³N(p,γ)¹⁴O 现代测量（2000s+）| 放射性束技术成熟后精度进一步提高 |	| $^{13}{\rm N}$(p,$\gamma$)$^{14}{\rm O}$ 现代测量（2000s+）| 放射性束技术成熟后精度进一步提高 |	R2 核素/希腊字母/单位
107	- **分支比 b = (p,α)/(p,γ) 的循环分析**：理解"循环锁住"效应的定量方法。	- **分支比 b = (p,$\alpha$)/(p,$\gamma$) 的循环分析**：理解"循环锁住"效应的定量方法。	R2 核素/希腊字母/单位
133	- [x] 引言完整（nova, X-ray burst, SN 三种场所 + 触发条件 + 峰值 T/ρ/t） ✓	- [x] 引言完整（nova, X-ray burst, SN 三种场所 + 触发条件 + 峰值 T/$\rho$/t） ✓	R2 核素/希腊字母/单位
150	↓ 三类场所的 ($T_{9}$, ρ, t) 参数	↓ 三类场所的 ($T_{9}$, $\rho$, t) 参数	R2 核素/希腊字母/单位
152	核反应时标 vs β 衰变时标	核反应时标 vs $\beta$ 衰变时标	R2 核素/希腊字母/单位
153	↓ 反应时标 ≪ β 衰变时标 → HCNO 循环（绕过 β 衰变）	↓ 反应时标 ≪ $\beta$ 衰变时标 → HCNO 循环（绕过 $\beta$ 衰变）	R2 核素/希腊字母/单位
160	¹³N(p,γ)¹⁴O — 唯一精确测定（Γ_γ = 3.1 ± 0.4 eV）	$^{13}{\rm N}$(p,$\gamma$)$^{14}{\rm O}$ — 唯一精确测定（$\Gamma$_$\gamma$ = 3.1 ± 0.4 eV）	R2 核素/希腊字母/单位
161	¹⁴O(α,p)¹⁷F — 理论分歧大（因子 100），但分歧温度区不重要	$^{14}{\rm O}$($\alpha$,p)$^{17}{\rm F}$ — 理论分歧大（因子 100），但分歧温度区不重要	R2 核素/希腊字母/单位
162	¹⁷F(p,γ)¹⁸Ne — 实验修正（低 10 倍）	$^{17}{\rm F}$(p,$\gamma$)$^{18}{\rm Ne}$ — 实验修正（低 10 倍）	R2 核素/希腊字母/单位
163	¹⁸Ne(α,p)²¹Na — ²²Mg 结构未知，HF 无法验证	$^{18}{\rm Ne}$($\alpha$,p)$^{21}{\rm Na}$ — $^{22}{\rm Mg}$ 结构未知，HF 无法验证	R2 核素/希腊字母/单位
164	¹⁵O(α,γ)¹⁹Ne — 实验 ≈ 理论（±20%），但低温因子 2 不确定	$^{15}{\rm O}$($\alpha$,$\gamma$)$^{19}{\rm Ne}$ — 实验 ≈ 理论（±20%），但低温因子 2 不确定	R2 核素/希腊字母/单位
168	¹⁹Ne(p,γ)²⁰Na — 触发反应，J^π 争议 → 不确定数个量级	$^{19}{\rm Ne}$(p,$\gamma$)$^{20}{\rm Na}$ — 触发反应，J^$\pi$ 争议 → 不确定数个量级	R2 核素/希腊字母/单位
169	²²Na(p,γ)²³Mg, ²⁶Al(p,γ)²⁷Si — 放射性靶技术胜利	$^{22}{\rm Na}$(p,$\gamma$)$^{23}{\rm Mg}$, $^{26}{\rm Al}$(p,$\gamma$)$^{27}{\rm Si}$ — 放射性靶技术胜利	R2 核素/希腊字母/单位
170	A=30–60 — 稳定偶偶核 (p,γ) 精确；⁵⁶Ni(p,γ)⁵⁷Cu 仅光谱学估计	A=30–60 — 稳定偶偶核 (p,$\gamma$) 精确；$^{56}{\rm Ni}$(p,$\gamma$)$^{57}{\rm Cu}$ 仅光谱学估计	R2 核素/希腊字母/单位
173	↓ ⁷²Kr ($T_{1}$/₂ = 17.2 s) 最可能端点	↓ $^{72}{\rm Kr}$ ($T_{1}$/₂ = 17.2 s) 最可能端点	R2 核素/希腊字母/单位
176	$T_{9}$=0.3, ρ=$10^{3}$ → 端点 ³²S / ⁴⁰Ca	$T_{9}$=0.3, $\rho$=$10^{3}$ → 端点 $^{32}{\rm S}$ / $^{40}{\rm Ca}$	R2 核素/希腊字母/单位
177	$T_{9}$=0.4, ρ=$10^{4}$ → 端点 ⁵²Fe	$T_{9}$=0.4, $\rho$=$10^{4}$ → 端点 $^{52}{\rm Fe}$	R2 核素/希腊字母/单位
178	$T_{9}$=1.5, ρ=$10^{6}$ → 端点 ⁷²Kr	$T_{9}$=1.5, $\rho$=$10^{6}$ → 端点 $^{72}{\rm Kr}$	R2 核素/希腊字母/单位
184	[FACT] 作者采用 **²⁶Si–³⁶Ar–⁴⁰Ca 局部核统计平衡（NSE）插值法**，然后按同位素丰度标度到元素丰度：**A(Ar) = 6.55 ± 0.08**（~20% 不确定度）。	[FACT] 作者采用 **$^{26}{\rm Si}$–$^{36}{\rm Ar}$–$^{40}{\rm Ca}$ 局部核统计平衡（NSE）插值法**，然后按同位素丰度标度到元素丰度：**A(Ar) = 6.55 ± 0.08**（~20% 不确定度）。	R2 核素/希腊字母/单位
263	- **Sr**：初始 ⁸⁷Sr/⁸⁶Sr = 0.69885（Minster, Birck & Allegre 1982）	- **Sr**：初始 $^{87}{\rm Sr}$/$^{86}{\rm Sr}$ = 0.69885（Minster, Birck & Allegre 1982）	R2 核素/希腊字母/单位
264	- **Nd**：初始 ¹⁴³Nd/¹⁴⁴Nd = 0.505906（Jacobsen & Wasserburg 1984）	- **Nd**：初始 $^{143}{\rm Nd}$/$^{144}{\rm Nd}$ = 0.505906（Jacobsen & Wasserburg 1984）	R2 核素/希腊字母/单位
265	- **Hf**：初始 ¹⁷⁶Hf/¹⁷⁷Hf = 0.279628（Bizzarro et al. 2003）	- **Hf**：初始 $^{176}{\rm Hf}$/$^{177}{\rm Hf}$ = 0.279628（Bizzarro et al. 2003）	R2 核素/希腊字母/单位
266	- **Os**：初始 ¹⁸⁷Os/¹⁸⁸Os = 0.09530，¹⁸⁶Os/¹⁸⁸Os = 0.119820（Chen 1998; Walker 1997）	- **Os**：初始 $^{187}{\rm Os}$/$^{188}{\rm Os}$ = 0.09530，$^{186}{\rm Os}$/$^{188}{\rm Os}$ = 0.119820（Chen 1998; Walker 1997）	R2 核素/希腊字母/单位
269	- **He**：³He/⁴He = 1.66 ± 0.05 × $10^{-4}$（Jupiter 大气作为 protosolar 代表）	- **He**：$^{3}{\rm He}$/$^{4}{\rm He}$ = 1.66 ± 0.05 × $10^{-4}$（Jupiter 大气作为 protosolar 代表）	R2 核素/希腊字母/单位
272	[FACT] 表 6 中 * 号标记给出 **4.55 Gyr 前的放射性/衰变产物丰度**（⁸⁷Rb*, ⁸⁷Sr*, ¹⁴⁷Sm*, ¹⁴³Nd*, ¹⁷⁶Lu*, ¹⁷⁶Hf*, ¹⁸⁷Re*, ¹⁸⁷Os*, ²³⁵U*, ²³⁸U*, ²³²Th*, ²⁰⁶/²⁰⁷/²⁰⁸Pb* 等）。	[FACT] 表 6 中 * 号标记给出 **4.55 Gyr 前的放射性/衰变产物丰度**（$^{87}{\rm Rb}$*, $^{87}{\rm Sr}$*, $^{147}{\rm Sm}$*, $^{143}{\rm Nd}$*, $^{176}{\rm Lu}$*, $^{176}{\rm Hf}$*, $^{187}{\rm Re}$*, $^{187}{\rm Os}$*, $^{235}{\rm U}$*, $^{238}{\rm U}$*, $^{232}{\rm Th}$*, ²⁰⁶/²⁰⁷/$^{208}{\rm Pb}$* 等）。	R2 核素/希腊字母/单位
75	每元素给出 5 块陨石（Alais / Ivuna / Orgueil / Revelstoke / Tonk）的"Mean ± 1σ / N"，以及 CI 组加权均值（含 N_met）。	每元素给出 5 块陨石（Alais / Ivuna / Orgueil / Revelstoke / Tonk）的"Mean ± 1$\sigma$ / N"，以及 CI 组加权均值（含 N_met）。	R2 核素/希腊字母/单位
137	- **放射性母体**：⁸⁷Rb*、¹⁴⁷Sm*、¹⁷⁶Lu*、¹⁸⁷Re*、²³⁵U*、²³⁸U*、²³²Th*	- **放射性母体**：$^{87}{\rm Rb}$*、$^{147}{\rm Sm}$*、$^{176}{\rm Lu}$*、$^{187}{\rm Re}$*、$^{235}{\rm U}$*、$^{238}{\rm U}$*、$^{232}{\rm Th}$*	R2 核素/希腊字母/单位
138	- **衰变产物**：⁸⁷Sr*、¹⁴³Nd*、¹⁷⁶Hf*、¹⁸⁷Os*、²⁰⁶/²⁰⁷/²⁰⁸Pb*	- **衰变产物**：$^{87}{\rm Sr}$*、$^{143}{\rm Nd}$*、$^{176}{\rm Hf}$*、$^{187}{\rm Os}$*、²⁰⁶/²⁰⁷/$^{208}{\rm Pb}$*	R2 核素/希腊字母/单位
192	[FACT] 式 8：P_Al = X_Al P_tot = Σ P_Al-gas	[FACT] 式 8：P_Al = X_Al P_tot = $\Sigma$ P_Al-gas	R2 核素/希腊字母/单位
126	- [FACT] 标准标度：`log ε_H = 12.00`	- [FACT] 标准标度：`log $\epsilon$_H = 12.00`	R2 核素/希腊字母/单位
127	- [FACT] 一般定义：**log ε_X = log(N_X / N_H) + 12**，其中 N_X, N_H 为元素 X 与氢的数密度。	- [FACT] 一般定义：**log $\epsilon$_X = log(N_X / N_H) + 12**，其中 N_X, N_H 为元素 X 与氢的数密度。	R2 核素/希腊字母/单位
129	**log ε_X = 1.51 + log N_X**（§4.1）	**log $\epsilon$_X = 1.51 + log N_X**（§4.1）	R2 核素/希腊字母/单位
144	| 元素 | log ε (AGSS09) | 与 AGS05/AG89 相比 | 关键测定方法 |	| 元素 | log $\epsilon$ (AGSS09) | 与 AGS05/AG89 相比 | 关键测定方法 |	R2 核素/希腊字母/单位
147	| He | [10.93 ± 0.01] | 日震定标 | Γ1 反转 (§3.9) |	| He | [10.93 ± 0.01] | 日震定标 | $\Gamma$1 反转 (§3.9) |	R2 核素/希腊字母/单位
164	- [FACT] 总误差 = sqrt(σ_stat² + σ_syst²)，其中 σ_stat 为按谱线质量的加权标准误。	- [FACT] 总误差 = sqrt($\sigma$_stat² + $\sigma$_syst²)，其中 $\sigma$_stat 为按谱线质量的加权标准误。	R2 核素/希腊字母/单位
15	4. 观测检验：3D 模型如何被中边缘（center-to-limb）变化、Hα/Hβ、金属线线型验证	4. 观测检验：3D 模型如何被中边缘（center-to-limb）变化、H$\alpha$/H$\beta$、金属线线型验证	R2 核素/希腊字母/单位
87	3. **Hα、Hβ 线翼**（Fig 2 + §2.4）：Pereira et al. (2009) 发现 3D 模型在 LTE 下就能很好重现，且**不需要任何自由参数**；	3. **H$\alpha$、H$\beta$ 线翼**（Fig 2 + §2.4）：Pereira et al. (2009) 发现 3D 模型在 LTE 下就能很好重现，且**不需要任何自由参数**；	R2 核素/希腊字母/单位
102	- [FACT] **总误差 = sqrt(σ_stat² + σ_syst²)**，其中 σ_stat = 加权标准误（权重来自谱线连续谱放置和已知混杂）	- [FACT] **总误差 = sqrt($\sigma$_stat² + $\sigma$_syst²)**，其中 $\sigma$_stat = 加权标准误（权重来自谱线连续谱放置和已知混杂）	R2 核素/希腊字母/单位
10	- [FACT] 定义：log ε_X = log(N_X / N_H) + 12，log ε_H = 12.00。	- [FACT] 定义：log $\epsilon$_X = log(N_X / N_H) + 12，log $\epsilon$_H = 12.00。	R2 核素/希腊字母/单位
21	- [FACT] 推荐值来自 **Müller, Peytremann & de La Reza (1975)**，经 3D + non-LTE 修正（Asplund et al. 1999；Barklem, Belyaev & Asplund 2003）得到 log ε_Li = **1.05 ± 0.10**。	- [FACT] 推荐值来自 **Müller, Peytremann & de La Reza (1975)**，经 3D + non-LTE 修正（Asplund et al. 1999；Barklem, Belyaev & Asplund 2003）得到 log $\epsilon$_Li = **1.05 ± 0.10**。	R2 核素/希腊字母/单位
28	- [FACT] Balachandran & Bell (1998) 指出 UV 中存在"missing opacity"，主要来自 Fe I 光致电离（Bell et al. 2001），重新分析后 Be 丰度**回到陨石值**：log ε_Be = **1.38 ± 0.09**（陨石 1.30 ± 0.03）。	- [FACT] Balachandran & Bell (1998) 指出 UV 中存在"missing opacity"，主要来自 Fe I 光致电离（Bell et al. 2001），重新分析后 Be 丰度**回到陨石值**：log $\epsilon$_Be = **1.38 ± 0.09**（陨石 1.30 ± 0.03）。	R2 核素/希腊字母/单位
34	- [FACT] Cunha & Smith (1999) 结合 3D + non-LTE 分析，给出 log ε_B = **2.70 ± 0.20**（陨石 2.79 ± 0.04）。	- [FACT] Cunha & Smith (1999) 结合 3D + non-LTE 分析，给出 log $\epsilon$_B = **2.70 ± 0.20**（陨石 2.79 ± 0.04）。	R2 核素/希腊字母/单位
43	- [FACT] 推荐值 log ε_C = **8.43 ± 0.05**（Table 1），源自 Asplund et al. (2009a) 的 3D 结果（[C I] + C I + CH + $C_{2}$ 平均）。	- [FACT] 推荐值 log $\epsilon$_C = **8.43 ± 0.05**（Table 1），源自 Asplund et al. (2009a) 的 3D 结果（[C I] + C I + CH + $C_{2}$ 平均）。	R2 核素/希腊字母/单位
48	| 来源 | log ε_C | 方法 |	| 来源 | log $\epsilon$_C | 方法 |	R2 核素/希腊字母/单位
61	- [FACT] Scott et al. (2006) 用弱 CO 分子线 + 自洽 O 丰度确认低 C 值，并给出同位素比 **¹²C/¹³C = 86.8 ± 3.8**。	- [FACT] Scott et al. (2006) 用弱 CO 分子线 + 自洽 O 丰度确认低 C 值，并给出同位素比 **$^{12}{\rm C}$/$^{13}{\rm C}$ = 86.8 ± 3.8**。	R2 核素/希腊字母/单位
73	- [FACT] 推荐值 log ε_N = **7.83 ± 0.05**（Sauval et al. 2009）。	- [FACT] 推荐值 log $\epsilon$_N = **7.83 ± 0.05**（Sauval et al. 2009）。	R2 核素/希腊字母/单位
77	| 来源 | log ε_N |	| 来源 | log $\epsilon$_N |	R2 核素/希腊字母/单位
89	- Sauval 剔除混杂线 → σ = 0.04 dex	- Sauval 剔除混杂线 → $\sigma$ = 0.04 dex	R2 核素/希腊字母/单位
90	- Caffau 保留更多线 → σ = **0.12 dex**（明显偏高）	- Caffau 保留更多线 → $\sigma$ = **0.12 dex**（明显偏高）	R2 核素/希腊字母/单位
97	| 来源 | log ε_O |	| 来源 | log $\epsilon$_O |	R2 核素/希腊字母/单位
116	- **[O I] 三线平均**：log ε_O = **8.70 ± 0.05**	- **[O I] 三线平均**：log $\epsilon$_O = **8.70 ± 0.05**	R2 核素/希腊字母/单位
120	- Asplund et al. (2009c) 用 3D non-LTE + S_H = 1 + 新 Barklem (2007a) 电子碰撞截面 → log ε_O = **8.69 ± 0.05**	- Asplund et al. (2009c) 用 3D non-LTE + S_H = 1 + 新 Barklem (2007a) 电子碰撞截面 → log $\epsilon$_O = **8.69 ± 0.05**	R2 核素/希腊字母/单位
128	- [FACT] log ε_O = **8.69 ± 0.05**，是 [O I]、O I、OH 振转、OH 纯转的平均。	- [FACT] log $\epsilon$_O = **8.69 ± 0.05**，是 [O I]、O I、OH 振转、OH 纯转的平均。	R2 核素/希腊字母/单位
133	- [FACT] Centeno & Socas-Navarro (2008) 用 [O I] 630 nm 的**谱偏振**（太阳黑子）分离 Ni I 贡献 → log ε_O = **8.86**（偏高）。	- [FACT] Centeno & Socas-Navarro (2008) 用 [O I] 630 nm 的**谱偏振**（太阳黑子）分离 Ni I 贡献 → log $\epsilon$_O = **8.86**（偏高）。	R2 核素/希腊字母/单位
138	- [FACT] Scott et al. (2006) 用 CO 线得 **¹⁶O/¹⁸O = 479 ± 29**（接近地球值 498.7，但误差大）。	- [FACT] Scott et al. (2006) 用 CO 线得 **$^{16}{\rm O}$/$^{18}{\rm O}$ = 479 ± 29**（接近地球值 498.7，但误差大）。	R2 核素/希腊字母/单位
139	- [CRITIQUE] Ayres, Plymate & Keller (2006) 得明显低值 ¹⁶O/¹⁸O = 440 ± 20，可能因 1D 模型未正确处理不同同位素异构体的温度敏感性。	- [CRITIQUE] Ayres, Plymate & Keller (2006) 得明显低值 $^{16}{\rm O}$/$^{18}{\rm O}$ = 440 ± 20，可能因 1D 模型未正确处理不同同位素异构体的温度敏感性。	R2 核素/希腊字母/单位
19	- [FACT] Asplund et al. (2009b) 用 5 条弱 Na I 线；σ = 0.03 dex（很好）。	- [FACT] Asplund et al. (2009b) 用 5 条弱 Na I 线；$\sigma$ = 0.03 dex（很好）。	R2 核素/希腊字母/单位
21	- [FACT] log ε_Na = **6.24 ± 0.04**（略高于 AGS05 初值）。	- [FACT] log $\epsilon$_Na = **6.24 ± 0.04**（略高于 AGS05 初值）。	R2 核素/希腊字母/单位
27	- [FACT] log ε_Mg = **7.60 ± 0.04**（直接取所有线平均）。	- [FACT] log $\epsilon$_Mg = **7.60 ± 0.04**（直接取所有线平均）。	R2 核素/希腊字母/单位
33	- [FACT] log ε_Al = **6.45 ± 0.03**（陨石 6.43 ± 0.01）——很好的一致。	- [FACT] log $\epsilon$_Al = **6.45 ± 0.03**（陨石 6.43 ± 0.01）——很好的一致。	R2 核素/希腊字母/单位
39	- [FACT] Asplund et al. (2009b) 用改进 3D + non-LTE 修正（≈−0.02 dex，Shi et al. 2008）→ **同样的 log ε_Si = 7.51 ± 0.03**。	- [FACT] Asplund et al. (2009b) 用改进 3D + non-LTE 修正（≈−0.02 dex，Shi et al. 2008）→ **同样的 log $\epsilon$_Si = 7.51 ± 0.03**。	R2 核素/希腊字母/单位
45	- [FACT] 3D 分析：Caffau et al. (2007b) 4 条 P I 线 → 5.46；Asplund et al. (2009b) 5 条 P I 线 → **5.41 ± 0.03**（σ = 0.03）。	- [FACT] 3D 分析：Caffau et al. (2007b) 4 条 P I 线 → 5.46；Asplund et al. (2009b) 5 条 P I 线 → **5.41 ± 0.03**（$\sigma$ = 0.03）。	R2 核素/希腊字母/单位
51	- [FACT] 3D 分析分歧：Caffau et al. (2007a) 得 7.21 ± 0.11（σ 太大）；Asplund et al. (2009b) 增加谱线 → **7.12 ± 0.03**（σ = 0.03）。	- [FACT] 3D 分析分歧：Caffau et al. (2007a) 得 7.21 ± 0.11（$\sigma$ 太大）；Asplund et al. (2009b) 增加谱线 → **7.12 ± 0.03**（$\sigma$ = 0.03）。	R2 核素/希腊字母/单位
59	- [FACT] log ε_K = **5.03 ± 0.09**（陨石 5.08）。	- [FACT] log $\epsilon$_K = **5.03 ± 0.09**（陨石 5.08）。	R2 核素/希腊字母/单位
64	- [FACT] Asplund et al. (2009b) 得 Ca I 与 Ca II 良好一致；log ε_Ca = **6.34 ± 0.04**（σ = 0.04）；含 1D non-LTE 修正（Mashonkina, Korn & Przybilla 2007）。	- [FACT] Asplund et al. (2009b) 得 Ca I 与 Ca II 良好一致；log $\epsilon$_Ca = **6.34 ± 0.04**（$\sigma$ = 0.04）；含 1D non-LTE 修正（Mashonkina, Korn & Przybilla 2007）。	R2 核素/希腊字母/单位
73	- [FACT] Scott et al. (2009b) 用 5 条 Sc I + 12 条 Sc II 弱线，两电离态一致 → log ε_Sc = **3.15 ± 0.04**（陨石 3.05）。	- [FACT] Scott et al. (2009b) 用 5 条 Sc I + 12 条 Sc II 弱线，两电离态一致 → log $\epsilon$_Sc = **3.15 ± 0.04**（陨石 3.05）。	R2 核素/希腊字母/单位
80	- [FACT] 3D LTE 结果：Ti I: 4.85 ± 0.06；Ti II: 4.99 ± 0.04（σ 都 = 0.03）。	- [FACT] 3D LTE 结果：Ti I: 4.85 ± 0.06；Ti II: 4.99 ± 0.04（$\sigma$ 都 = 0.03）。	R2 核素/希腊字母/单位
82	- [FACT] 作者按总不确定性加权平均，得 log ε_Ti = **4.95 ± 0.05**（陨石 4.91）。	- [FACT] 作者按总不确定性加权平均，得 log $\epsilon$_Ti = **4.95 ± 0.05**（陨石 4.91）。	R2 核素/希腊字母/单位
88	- [FACT] 3D LTE：log ε_V = **3.83**（V I）；V II 一致但不定论。	- [FACT] 3D LTE：log $\epsilon$_V = **3.83**（V I）；V II 一致但不定论。	R2 核素/希腊字母/单位
89	- [FACT] 最终 log ε_V = **3.93 ± 0.08**（把 V I 值**加 Sc I / Cr I 的平均 non-LTE 修正 +0.10 dex**）。	- [FACT] 最终 log $\epsilon$_V = **3.93 ± 0.08**（把 V I 值**加 Sc I / Cr I 的平均 non-LTE 修正 +0.10 dex**）。	R2 核素/希腊字母/单位
96	- [FACT] 因 Cr I 线数多，加权平均以 Cr I 为主；log ε_Cr = **5.64 ± 0.04**（陨石 5.64）。	- [FACT] 因 Cr I 线数多，加权平均以 Cr I 为主；log $\epsilon$_Cr = **5.64 ± 0.04**（陨石 5.64）。	R2 核素/希腊字母/单位
101	- [FACT] Scott et al. (2009b) 更新到 3D → log ε_Mn = **5.43 ± 0.05**（陨石 5.48）。	- [FACT] Scott et al. (2009b) 更新到 3D → log $\epsilon$_Mn = **5.43 ± 0.05**（陨石 5.48）。	R2 核素/希腊字母/单位
111	- **Fe II（更可靠）**：用 Melendez & Barbuy (2009) 新 gf + Barklem & Asplund-Johansson (2005) 加宽 → **7.50 ± 0.04**（σ = 0.04）	- **Fe II（更可靠）**：用 Melendez & Barbuy (2009) 新 gf + Barklem & Asplund-Johansson (2005) 加宽 → **7.50 ± 0.04**（$\sigma$ = 0.04）	R2 核素/希腊字母/单位
112	- [FACT] 最终 log ε_Fe = **7.50 ± 0.04**（陨石 7.45）。	- [FACT] 最终 log $\epsilon$_Fe = **7.50 ± 0.04**（陨石 7.45）。	R2 核素/希腊字母/单位
119	- [FACT] 加入 Bergemann (2008) non-LTE（"surprisingly large"）→ log ε_Co = **4.99 ± 0.07**（比陨石高 +0.12）。	- [FACT] 加入 Bergemann (2008) non-LTE（"surprisingly large"）→ log $\epsilon$_Co = **4.99 ± 0.07**（比陨石高 +0.12）。	R2 核素/希腊字母/单位
123	- [FACT] 17 条弱 Ni I 线；σ 极小。	- [FACT] 17 条弱 Ni I 线；$\sigma$ 极小。	R2 核素/希腊字母/单位
124	- [FACT] log ε_Ni = **6.22 ± 0.04**（陨石 6.20）——几乎完美一致。	- [FACT] log $\epsilon$_Ni = **6.22 ± 0.04**（陨石 6.20）——几乎完美一致。	R2 核素/希腊字母/单位
16	- [FACT] Wisconsin 分析使用 1D HM + LTE，因稀土线来自一次电离态（主要）；但低激发能级（χ_exc ≤ 1.5 eV）仍对温度（即模型）敏感。	- [FACT] Wisconsin 分析使用 1D HM + LTE，因稀土线来自一次电离态（主要）；但低激发能级（$\chi$_exc ≤ 1.5 eV）仍对温度（即模型）敏感。	R2 核素/希腊字母/单位
52	- [FACT] F：HF 红外黑子线（Hall & Noyes 1969）→ log ε_F = **4.56 ± 0.30**（陨石 4.42 ± 0.06）。	- [FACT] F：HF 红外黑子线（Hall & Noyes 1969）→ log $\epsilon$_F = **4.56 ± 0.30**（陨石 4.42 ± 0.06）。	R2 核素/希腊字母/单位
55	- [FACT] Vitas et al. (2008) 用黑子谱重新测 In，得 log ε_In = **0.80 ± 0.20**，与陨石 0.76 ± 0.03 一致。	- [FACT] Vitas et al. (2008) 用黑子谱重新测 In，得 log $\epsilon$_In = **0.80 ± 0.20**，与陨石 0.76 ± 0.03 一致。	R2 核素/希腊字母/单位
64	- [FACT] **日震学 Γ₁ 反转**（Γ₁ 在 He II 电离区 r/R⊙ ≈ 0.98 处的跳变）。	- [FACT] **日震学 $\Gamma$₁ 反转**（$\Gamma$₁ 在 He II 电离区 r/R⊙ ≈ 0.98 处的跳变）。	R2 核素/希腊字母/单位
66	- [FACT] Basu & Antia (2004)：Y_s = **0.2485 ± 0.0034**（对流层 He 质量分数） → log ε_He = **10.93 ± 0.01**。	- [FACT] Basu & Antia (2004)：Y_s = **0.2485 ± 0.0034**（对流层 He 质量分数） → log $\epsilon$_He = **10.93 ± 0.01**。	R2 核素/希腊字母/单位
73	- χ_ion < 10 eV 的元素在上层大气中增强	- $\chi$_ion < 10 eV 的元素在上层大气中增强	R2 核素/希腊字母/单位
74	- χ_ion > 10 eV 的元素不变或略变	- $\chi$_ion > 10 eV 的元素不变或略变	R2 核素/希腊字母/单位
78	- [FACT] 结合推荐 O → log ε_Ne = **7.93 ± 0.09**。	- [FACT] 结合推荐 O → log $\epsilon$_Ne = **7.93 ± 0.09**。	R2 核素/希腊字母/单位
87	- [FACT] log ε_Ar = **6.40 ± 0.13**（比 Lodders 2008 低 0.1 dex，比 AGS05 高 0.2 dex）。	- [FACT] log $\epsilon$_Ar = **6.40 ± 0.13**（比 Lodders 2008 低 0.1 dex，比 AGS05 高 0.2 dex）。	R2 核素/希腊字母/单位
93	- [FACT] log ε_Kr = **[3.25 ± 0.06]**。	- [FACT] log $\epsilon$_Kr = **[3.25 ± 0.06]**。	R2 核素/希腊字母/单位
98	- [FACT] s 过程估计值比月球土壤 + Genesis 探针测得的**太阳风 Xe 低 0.4 dex** → 可能 **Xe 也受 FIP effect 影响**（尽管 χ_ion = 12.1 eV 较高）。	- [FACT] s 过程估计值比月球土壤 + Genesis 探针测得的**太阳风 Xe 低 0.4 dex** → 可能 **Xe 也受 FIP effect 影响**（尽管 $\chi$_ion = 12.1 eV 较高）。	R2 核素/希腊字母/单位
99	- [FACT] log ε_Xe = **[2.24 ± 0.06]**。	- [FACT] log $\epsilon$_Xe = **[2.24 ± 0.06]**。	R2 核素/希腊字母/单位
109	- [FACT] **¹²C/¹³C**：太阳 86.8 ± 3.8（Scott 2006）与地球 V-PDB 值 89.4 ± 0.2 一致。	- [FACT] **$^{12}{\rm C}$/$^{13}{\rm C}$**：太阳 86.8 ± 3.8（Scott 2006）与地球 V-PDB 值 89.4 ± 0.2 一致。	R2 核素/希腊字母/单位
110	- [FACT] **¹⁴N/¹⁵N**：太阳系内变化 100–450；采用木星值 435 ± 57 代表原太阳。	- [FACT] **$^{14}{\rm N}$/$^{15}{\rm N}$**：太阳系内变化 100–450；采用木星值 435 ± 57 代表原太阳。	R2 核素/希腊字母/单位
111	- [FACT] **¹⁶O/¹⁸O**：采用地球 VSMOW 值 498.7 ± 0.1；太阳 479 ± 29 与之一致（误差较大）。	- [FACT] **$^{16}{\rm O}$/$^{18}{\rm O}$**：采用地球 VSMOW 值 498.7 ± 0.1；太阳 479 ± 29 与之一致（误差较大）。	R2 核素/希腊字母/单位
19	- [FACT] 换算到天文标度：**log ε_X = 1.51 + log N_X**（用本文光球 Si 归一，log ε_Si = 7.51）	- [FACT] 换算到天文标度：**log $\epsilon$_X = 1.51 + log N_X**（用本文光球 Si 归一，log $\epsilon$_Si = 7.51）	R2 核素/希腊字母/单位
122	- 现有数据给出的 **⁷Be、⁸B 中微子通量介于两模型预测之间**	- 现有数据给出的 **$^{7}{\rm Be}$、$^{8}{\rm B}$ 中微子通量介于两模型预测之间**	R2 核素/希腊字母/单位
124	- [FACT] **更直接检验**：测量 ¹³N、¹⁵O β-衰变中微子（分别来自 ¹²C + p、¹⁴N + p）→ Borexino 未来几年 + SNO+（2011 后）有望给出明确答案。	- [FACT] **更直接检验**：测量 $^{13}{\rm N}$、$^{15}{\rm O}$ $\beta$-衰变中微子（分别来自 $^{12}{\rm C}$ + p、$^{14}{\rm N}$ + p）→ Borexino 未来几年 + SNO+（2011 后）有望给出明确答案。	R2 核素/希腊字母/单位
12	- [FACT] 列出现今太阳**光球**丰度（log ε_X）以及对应 **CI 陨石**丰度。惰性气体（He, Ne, Ar, Kr, Xe）光球值为**间接测定**（方括号标示）。	- [FACT] 列出现今太阳**光球**丰度（log $\epsilon$_X）以及对应 **CI 陨石**丰度。惰性气体（He, Ne, Ar, Kr, Xe）光球值为**间接测定**（方括号标示）。	R2 核素/希腊字母/单位
17	| Elem | log ε_AGSS09 | 陨石 | Δ | Elem | log ε | 陨石 |	| Elem | log $\epsilon$_AGSS09 | 陨石 | $\Delta$ | Elem | log $\epsilon$ | 陨石 |	R2 核素/希腊字母/单位
53	对 [C I], C I, CH, $C_{2}$, N I, NH, [O I], O I, OH 谱线，分别在 **3D、<3D>（空间平均 3D）、HM 1D、MARCS 1D** 模型下的 log ε_C,N,O 值。	对 [C I], C I, CH, $C_{2}$, N I, NH, [O I], O I, OH 谱线，分别在 **3D、<3D>（空间平均 3D）、HM 1D、MARCS 1D** 模型下的 log $\epsilon$_C,N,O 值。	R2 核素/希腊字母/单位
61	| CH Δv=1 | 8.44±0.04 | 8.44±0.04 | 8.53±0.04 | 8.44±0.04 |	| CH $\Delta$v=1 | 8.44±0.04 | 8.44±0.04 | 8.53±0.04 | 8.44±0.04 |	R2 核素/希腊字母/单位
64	| NH Δv=0 | 7.83±0.03 | 7.94±0.02 | 8.02±0.02 | 7.97±0.02 |	| NH $\Delta$v=0 | 7.83±0.03 | 7.94±0.02 | 8.02±0.02 | 7.97±0.02 |	R2 核素/希腊字母/单位
65	| NH Δv=1 | 7.88±0.03 | 7.91±0.03 | 8.01±0.03 | 7.91±0.03 |	| NH $\Delta$v=1 | 7.88±0.03 | 7.91±0.03 | 8.01±0.03 | 7.91±0.03 |	R2 核素/希腊字母/单位
68	| OH Δv=0 | 8.69±0.03 | 8.75±0.03 | 8.83±0.03 | 8.78±0.03 |	| OH $\Delta$v=0 | 8.69±0.03 | 8.75±0.03 | 8.83±0.03 | 8.78±0.03 |	R2 核素/希腊字母/单位
69	| OH Δv=1 | 8.69±0.03 | 8.74±0.03 | 8.86±0.03 | 8.75±0.03 |	| OH $\Delta$v=1 | 8.69±0.03 | 8.74±0.03 | 8.86±0.03 | 8.75±0.03 |	R2 核素/希腊字母/单位
84	- [FACT] 放射性核素（如 ²³²Th 100.0%、²³⁵U 0.720%、²³⁸U 99.275%）亦含。	- [FACT] 放射性核素（如 $^{232}{\rm Th}$ 100.0%、$^{235}{\rm U}$ 0.720%、$^{238}{\rm U}$ 99.275%）亦含。	R2 核素/希腊字母/单位
117	- [FACT] 关键行（log ε）：	- [FACT] 关键行（log $\epsilon$）：	R2 核素/希腊字母/单位
136	- [FACT] **横轴**：log τ_500nm（500 nm 处光学深度的对数）	- [FACT] **横轴**：log $\tau$_500nm（500 nm 处光学深度的对数）	R2 核素/希腊字母/单位
146	- HM 在深部（τ > 1）与 3D 平均接近，但在谱线形成层（τ ≈ $10^{-2}$–$10^{-3}$）略热	- HM 在深部（$\tau$ > 1）与 3D 平均接近，但在谱线形成层（$\tau$ ≈ $10^{-2}$–$10^{-3}$）略热	R2 核素/希腊字母/单位
154	- [FACT] **横轴**：λ (200–1000 nm)	- [FACT] **横轴**：$\lambda$ (200–1000 nm)	R2 核素/希腊字母/单位
155	- **纵轴**：I(μ)/I(μ=1)（相对盘中心强度，0.2–1.0）	- **纵轴**：I($\mu$)/I($\mu$=1)（相对盘中心强度，0.2–1.0）	R2 核素/希腊字母/单位
156	- [FACT] 不同 μ（0.1, 0.3, 0.5, 0.7, 0.9）对应不同观测角度。	- [FACT] 不同 $\mu$（0.1, 0.3, 0.5, 0.7, 0.9）对应不同观测角度。	R2 核素/希腊字母/单位
182	- 纵轴：log ε（0–12）	- 纵轴：log $\epsilon$（0–12）	R2 核素/希腊字母/单位
186	- C, N, O, Ne 相对高（H/He/C 燃烧 + α-capture）	- C, N, O, Ne 相对高（H/He/C 燃烧 + $\alpha$-capture）	R2 核素/希腊字母/单位
195	- [FACT] 横轴：μ（0.2–1.0）	- [FACT] 横轴：$\mu$（0.2–1.0）	R2 核素/希腊字母/单位
223	- 纵轴：log ε_ph − log ε_met（dex，−0.4 到 +0.4）	- 纵轴：log $\epsilon$_ph − log $\epsilon$_met（dex，−0.4 到 +0.4）	R2 核素/希腊字母/单位
232	- 纵轴：Δ log c / log c（日震声速 − SSM 声速，× $10^{-4}$）	- 纵轴：$\Delta$ log c / log c（日震声速 − SSM 声速，× $10^{-4}$）	R2 核素/希腊字母/单位
17	- [FACT] **总误差** = √(σ_stat² + σ_syst²)，其中 σ_stat = 加权标准误（权重来自连续谱放置和已知混杂）	- [FACT] **总误差** = √($\sigma$_stat² + $\sigma$_syst²)，其中 $\sigma$_stat = 加权标准误（权重来自连续谱放置和已知混杂）	R2 核素/希腊字母/单位
73	- [FACT] 陨石归一用 Si（log ε_Si = 7.51）	- [FACT] 陨石归一用 Si（log $\epsilon$_Si = 7.51）	R2 核素/希腊字母/单位
50	| C | Asplund et al. (2009a)；Scott et al. (2006) ¹²C/¹³C |	| C | Asplund et al. (2009a)；Scott et al. (2006) $^{12}{\rm C}$/$^{13}{\rm C}$ |	R2 核素/希腊字母/单位
14	| 因此 | therefore / thus | adv. | 因果(结果) | "Lyubimkov 的 d log ε(N)/dt 值（0.15 dex per $10^{6}$ yr 对 13–20 M☉）极大——主序列寿命 ~$10^{7}$ yr，意味着 0.15×10 = 1.5 dex 总变化，远超 CN-cycle 平衡态的理论极限；这个数值本身就有物理上的可疑性；" | 由速率与寿命之积推出总变化超出理论极限 |	| 因此 | therefore / thus | adv. | 因果(结果) | "Lyubimkov 的 d log $\epsilon$(N)/dt 值（0.15 dex per $10^{6}$ yr 对 13–20 $M_\odot$）极大——主序列寿命 ~$10^{7}$ yr，意味着 0.15×10 = 1.5 dex 总变化，远超 CN-cycle 平衡态的理论极限；这个数值本身就有物理上的可疑性；" | 由速率与寿命之积推出总变化超出理论极限 |	R2 核素/希腊字母/单位
26	| 换言之 | namely / that is | phrase | 举例 | "标准标度：log ε_H = 12.00；一般定义：log ε_X = log(N_X / N_H) + 12" | 定义展开 |	| 换言之 | namely / that is | phrase | 举例 | "标准标度：log $\epsilon$_H = 12.00；一般定义：log $\epsilon$_X = log(N_X / N_H) + 12" | 定义展开 |	R2 核素/希腊字母/单位
41	| log ε (astronomical abundance) | 天文对数丰度 log ε_X = log(N_X/N_H)+12 | 25+ | §0.5.1 |	| log $\epsilon$ (astronomical abundance) | 天文对数丰度 log $\epsilon$_X = log(N_X/N_H)+12 | 25+ | §0.5.1 |	R2 核素/希腊字母/单位
51	| microturbulence (ξ) | 微湍流 | 8+ | §2.5 |	| microturbulence ($\xi$) | 微湍流 | 8+ | §2.5 |	R2 核素/希腊字母/单位
72	| Γ₁ (adiabatic exponent) | 绝热指数 | 2 | §3.9 |	| $\Gamma$₁ (adiabatic exponent) | 绝热指数 | 2 | §3.9 |	R2 核素/希腊字母/单位
22	- **交叉检验**：CI 陨石（Si 归一）、B 型主序星 non-LTE、H II 区、ISM、日震 Γ₁ 反演、太阳中微子	- **交叉检验**：CI 陨石（Si 归一）、B 型主序星 non-LTE、H II 区、ISM、日震 $\Gamma$₁ 反演、太阳中微子	R2 核素/希腊字母/单位
28	| log ε_C | 8.43 ± 0.05 |	| log $\epsilon$_C | 8.43 ± 0.05 |	R2 核素/希腊字母/单位
29	| log ε_N | 7.83 ± 0.05 |	| log $\epsilon$_N | 7.83 ± 0.05 |	R2 核素/希腊字母/单位
30	| log ε_O | 8.69 ± 0.05 |	| log $\epsilon$_O | 8.69 ± 0.05 |	R2 核素/希腊字母/单位
31	| log ε_Ne | [7.93 ± 0.09] |	| log $\epsilon$_Ne | [7.93 ± 0.09] |	R2 核素/希腊字母/单位
32	| log ε_Fe | 7.50 ± 0.04 |	| log $\epsilon$_Fe | 7.50 ± 0.04 |	R2 核素/希腊字母/单位
33	| log ε_Si | 7.51 ± 0.03 |	| log $\epsilon$_Si | 7.51 ± 0.03 |	R2 核素/希腊字母/单位
37	| 1²C/1³C | 86.8 ± 3.8 |	| 1$^{2}{\rm C}$/1$^{3}{\rm C}$ | 86.8 ± 3.8 |	R2 核素/希腊字母/单位
45	- [FACT] 用**日震 Γ₁ 反转**直接测量 He（10.93 ± 0.01），摆脱对 SSM 校准的依赖	- [FACT] 用**日震 $\Gamma$₁ 反转**直接测量 He（10.93 ± 0.01），摆脱对 SSM 校准的依赖	R2 核素/希腊字母/单位
59	1. **AGSS09 = log ε_C=8.43, N=7.83, O=8.69, Ne=7.93, Fe=7.50, Z=0.0134, Z/X=0.018**	1. **AGSS09 = log $\epsilon$_C=8.43, N=7.83, O=8.69, Ne=7.93, Fe=7.50, Z=0.0134, Z/X=0.018**	R2 核素/希腊字母/单位
64	- Hα/Hβ 线（无自由参数）	- H$\alpha$/H$\beta$ 线（无自由参数）	R2 核素/希腊字母/单位
67	5. Fe 丰度之争在 3D 模型下得到解决：Fe I/Fe II 一致，log ε_Fe = 7.50	5. Fe 丰度之争在 3D 模型下得到解决：Fe I/Fe II 一致，log $\epsilon$_Fe = 7.50	R2 核素/希腊字母/单位
71	9. 陨石归一用 Si（log ε_Si = 7.51），换算公式 log ε_X = 1.51 + log N_X	9. 陨石归一用 Si（log $\epsilon$_Si = 7.51），换算公式 log $\epsilon$_X = 1.51 + log N_X	R2 核素/希腊字母/单位
77	15. **太阳中微子**（Borexino, SNO+）将直接测量 ¹³N、¹⁵O（CNO 循环），是检验 CNO 丰度的关键未来观测	15. **太阳中微子**（Borexino, SNO+）将直接测量 $^{13}{\rm N}$、$^{15}{\rm O}$（CNO 循环），是检验 CNO 丰度的关键未来观测	R2 核素/希腊字母/单位
103	- [INTERPRETATION] 若你研究 **大质量恒星核合成**（CNO 循环、α 燃烧）：	- [INTERPRETATION] 若你研究 **大质量恒星核合成**（CNO 循环、$\alpha$ 燃烧）：	R2 核素/希腊字母/单位
114	- Borexino 实际测量的 ¹³N / ¹⁵O 中微子通量（2020+）	- Borexino 实际测量的 $^{13}{\rm N}$ / $^{15}{\rm O}$ 中微子通量（2020+）	R2 核素/希腊字母/单位
141	- [x] Important equations（log ε_X 定义、陨石换算公式、误差合成）	- [x] Important equations（log $\epsilon$_X 定义、陨石换算公式、误差合成）	R2 核素/希腊字母/单位
50	├── 03_stellar_parameters.md    § 3 有效温度与表面重力（Strömgren + Hβ）	├── 03_stellar_parameters.md    § 3 有效温度与表面重力（Strömgren + H$\beta$）	R2 核素/希腊字母/单位
69	- Lyubimkov (1984) 的核心方法：Kane et al. EW + Dufton & Hibbert non-LTE 表 + log g=4.0 + ξ=0	- Lyubimkov (1984) 的核心方法：Kane et al. EW + Dufton & Hibbert non-LTE 表 + log g=4.0 + $\xi$=0	R2 核素/希腊字母/单位
70	- 关键数值：13–20 M☉ 星 log ε(N) 从 7.6→8.6 在 <10^7 yr；d log ε(N)/dt = 0.15/0.06/0.024 dex per 10^6 yr	- 关键数值：13–20 $M_\odot$ 星 log $\epsilon$(N) 从 7.6→8.6 在 <10^7 yr；d log $\epsilon$(N)/dt = 0.15/0.06/0.024 dex per 10^6 yr	R2 核素/希腊字母/单位
82	- 色指数 Balmer 跳变 + Hβ 轮廓 + Kurucz 模型迭代法	- 色指数 Balmer 跳变 + H$\beta$ 轮廓 + Kurucz 模型迭代法	R2 核素/希腊字母/单位
85	- 温度误差 2%–4%，重力误差 Δ log g = 0.1；与 Wolff 1990 比较 Δ log g = 0.06 ± 0.10	- 温度误差 2%–4%，重力误差 $\Delta$ log g = 0.1；与 Wolff 1990 比较 $\Delta$ log g = 0.06 ± 0.10	R2 核素/希腊字母/单位
89	- 以 HD 35299 为基准；线性 limb-darkening ε=0.28（Gray 1976）	- 以 HD 35299 为基准；线性 limb-darkening $\epsilon$=0.28（Gray 1976）	R2 核素/希腊字母/单位
92	- Kurucz (1979) 大气 + WIDTH6；表 4 原子数据（log gf、Tr、ΓS）	- Kurucz (1979) 大气 + WIDTH6；表 4 原子数据（log gf、Tr、$\Gamma$S）	R2 核素/希腊字母/单位
93	- 微湍流 ξ 由 log ε vs EW 零斜率确定；对 C II、N II、O II（有时 S II）分别确定	- 微湍流 $\xi$ 由 log $\epsilon$ vs EW 零斜率确定；对 C II、N II、O II（有时 S II）分别确定	R2 核素/希腊字母/单位
94	- 非超巨星：⟨ξ(LTE)⟩ = 6.2 km s⁻¹；⟨ξ(NLTE)⟩ = 5.0 km s⁻¹	- 非超巨星：⟨$\xi$(LTE)⟩ = 6.2 km s⁻¹；⟨$\xi$(NLTE)⟩ = 5.0 km s⁻¹	R2 核素/希腊字母/单位
95	- 超巨星：⟨ξ(LTE)⟩ = 23 km s⁻¹（超声速，暗示非 LTE 偏离）；⟨ξ(NLTE)⟩ = 8.9 km s⁻¹	- 超巨星：⟨$\xi$(LTE)⟩ = 23 km s⁻¹（超声速，暗示非 LTE 偏离）；⟨$\xi$(NLTE)⟩ = 8.9 km s⁻¹	R2 核素/希腊字母/单位
99	- He I 用 Auer & Mihalas (1973a)；幂律 Wλ ∝ ε^β（β≈0.5），式 (5)–(6)	- He I 用 Auer & Mihalas (1973a)；幂律 W$\lambda$ ∝ $\epsilon$^$\beta$（$\beta$≈0.5），式 (5)–(6)	R2 核素/希腊字母/单位
101	- 表 6（N I）、表 8（超巨星低 T* 尺度）、表 9（non-LTE 平均）、表 11（Si III λ5739）	- 表 6（N I）、表 8（超巨星低 T* 尺度）、表 9（non-LTE 平均）、表 11（Si III $\lambda$5739）	R2 核素/希腊字母/单位
104	- C II/N II/O II 丰度随 T_eff 单调下降 → 温度偏小 → 采用 ΔT = f·T_eff 修正	- C II/N II/O II 丰度随 T_eff 单调下降 → 温度偏小 → 采用 $\Delta$T = f·T_eff 修正	R2 核素/希腊字母/单位
105	- 式 (7)：Δ log ε = (∂Wλ/∂T)/(∂Wλ/∂ log ε) · ΔT_eff	- 式 (7)：$\Delta$ log $\epsilon$ = (∂W$\lambda$/∂T)/(∂W$\lambda$/∂ log $\epsilon$) · $\Delta$T_eff	R2 核素/希腊字母/单位
106	- 式 (8)：log ε(T_eff) = ⟨log ε⟩ + f · (∂Wλ/∂T)(∂ log ε/∂Wλ)·ΔT	- 式 (8)：log $\epsilon$(T_eff) = ⟨log $\epsilon$⟩ + f · (∂W$\lambda$/∂T)(∂ log $\epsilon$/∂W$\lambda$)·$\Delta$T	R2 核素/希腊字母/单位
108	- 修正后 log ε 分布与 solar system 比较（图 15）	- 修正后 log $\epsilon$ 分布与 solar system 比较（图 15）	R2 核素/希腊字母/单位
109	- 与 Orion Nebula 比较（表 12，8 颗 Orion 关联星：Δ log ε ≈ 0）	- 与 Orion Nebula 比较（表 12，8 颗 Orion 关联星：$\Delta$ log $\epsilon$ ≈ 0）	R2 核素/希腊字母/单位
112	- Baldwin et al. 1991：Δ log ε = +0.06 (He), −0.13 (C), −0.13 (N), +0.10 (O), +0.09 (S)	- Baldwin et al. 1991：$\Delta$ log $\epsilon$ = +0.06 (He), −0.13 (C), −0.13 (N), +0.10 (O), +0.09 (S)	R2 核素/希腊字母/单位
116	- ρ Leo (HD 91316) 最 N 富集：+0.76 dex LTE / +0.60 dex NLTE	- $\rho$ Leo (HD 91316) 最 N 富集：+0.76 dex LTE / +0.60 dex NLTE	R2 核素/希腊字母/单位
120	- 图 21–22：Lyubimkov 效应重演 — 用 log g=4、ξ=0 得到 slope=0.035 dex per $10^{6}$ yr，正是忽略演化后 log g 下降、ξ 增大所致	- 图 21–22：Lyubimkov 效应重演 — 用 log g=4、$\xi$=0 得到 slope=0.035 dex per $10^{6}$ yr，正是忽略演化后 log g 下降、$\xi$ 增大所致	R2 核素/希腊字母/单位
131	[FACT] Gies & Lambert (1992) 使用 McDonald 2.1 m coudé 光谱仪对 39 颗早 B 型星（O9–B3，含 5 颗超巨星）的 C II、N II、O II 弱线测量等值宽度，通过 Kurucz LTE 大气 + WIDTH6 与 Becker & Butler non-LTE 表双通道计算丰度，发现非超巨星 B 星的 He/C/N/O 丰度与 Orion 星云一致（近似太阳丰度），仅少量非超巨星与全部 5 颗超巨星显示 CN-cycled 的 N 富集特征；他们**不能**证实 Lyubimkov (1984) 关于 N 丰度随演化年龄系统性增大的主张，并证明该主张可用恒星演化过程中 log g 下降 + ξ 增大所导致的"假象"完美复现。	[FACT] Gies & Lambert (1992) 使用 McDonald 2.1 m coudé 光谱仪对 39 颗早 B 型星（O9–B3，含 5 颗超巨星）的 C II、N II、O II 弱线测量等值宽度，通过 Kurucz LTE 大气 + WIDTH6 与 Becker & Butler non-LTE 表双通道计算丰度，发现非超巨星 B 星的 He/C/N/O 丰度与 Orion 星云一致（近似太阳丰度），仅少量非超巨星与全部 5 颗超巨星显示 CN-cycled 的 N 富集特征；他们**不能**证实 Lyubimkov (1984) 关于 N 丰度随演化年龄系统性增大的主张，并证明该主张可用恒星演化过程中 log g 下降 + $\xi$ 增大所导致的"假象"完美复现。	R2 核素/希腊字母/单位
140	2. **温度尺度**：用丰度-温度趋势反推 ΔT = 3.4%·T_eff 的温度修正，成为后续同类研究的参考；	2. **温度尺度**：用丰度-温度趋势反推 $\Delta$T = 3.4%·T_eff 的温度修正，成为后续同类研究的参考；	R2 核素/希腊字母/单位
31	- 对 36 颗 B 星基于 Kane, McKeith & Dufton (1980) 和 Dufton, Kane & McKeith (1981a) 测量的 N II λλ3995, 4630 等值宽度；	- 对 36 颗 B 星基于 Kane, McKeith & Dufton (1980) 和 Dufton, Kane & McKeith (1981a) 测量的 N II $\lambda$$\lambda$3995, 4630 等值宽度；	R2 核素/希腊字母/单位
33	- 通过 [c1]、β 指数校准选定 (T_eff, log g)；	- 通过 [c1]、$\beta$ 指数校准选定 (T_eff, log g)；	R2 核素/希腊字母/单位
34	- **关键固定假设**：**ξ = 0 km s⁻¹** 且 **log g = 4.0** 用于所有星。	- **关键固定假设**：**$\xi$ = 0 km s⁻¹** 且 **log g = 4.0** 用于所有星。	R2 核素/希腊字母/单位
37	- 13–20 M☉ 恒星：log ε(N) 从 **7.6 → 8.6** 在 **< $10^{7}$ yr** 内；	- 13–20 $M_\odot$ 恒星：log $\epsilon$(N) 从 **7.6 → 8.6** 在 **< $10^{7}$ yr** 内；	R2 核素/希腊字母/单位
38	- 变化率 d log ε(N)/dt：	- 变化率 d log $\epsilon$(N)/dt：	R2 核素/希腊字母/单位
39	- 13–20 M☉：**0.15 dex per $10^{6}$ yr**	- 13–20 $M_\odot$：**0.15 dex per $10^{6}$ yr**	R2 核素/希腊字母/单位
40	- 9.9–12.3 M☉：**0.06**	- 9.9–12.3 $M_\odot$：**0.06**	R2 核素/希腊字母/单位
41	- 5.7–8.5 M☉：**0.024**	- 5.7–8.5 $M_\odot$：**0.024**	R2 核素/希腊字母/单位
42	- 初始 log ε(N) ≈ 7.6（≈ local H II 区）；极值 log ε(N) ≈ 8.6（≈ F-K 超巨星，Luck 1978；Luck & Lambert 1981）。	- 初始 log $\epsilon$(N) ≈ 7.6（≈ local H II 区）；极值 log $\epsilon$(N) ≈ 8.6（≈ F-K 超巨星，Luck 1978；Luck & Lambert 1981）。	R2 核素/希腊字母/单位
51	- **Δε(He) ≈ 0.03–0.05** for 6–14 M☉	- **$\Delta$$\epsilon$(He) ≈ 0.03–0.05** for 6–14 $M_\odot$	R2 核素/希腊字母/单位
52	- **Δε(He) < 0.01** for M < 5 M☉	- **$\Delta$$\epsilon$(He) < 0.01** for M < 5 $M_\odot$	R2 核素/希腊字母/单位
56	[FACT] 对 9 颗有弱 C III 线 C 丰度的星：C 与 N 丰度近似相关，**C + N ≈ 常数 ≈ 太阳值**。这是 **CN-cycle 的守恒签名**（¹²C + ¹⁴N 在 CN-cycle 平衡态下，总核数守恒）。	[FACT] 对 9 颗有弱 C III 线 C 丰度的星：C 与 N 丰度近似相关，**C + N ≈ 常数 ≈ 太阳值**。这是 **CN-cycle 的守恒签名**（$^{12}{\rm C}$ + $^{14}{\rm N}$ 在 CN-cycle 平衡态下，总核数守恒）。	R2 核素/希腊字母/单位
82	> **ε(X) = n(X)/n(H)**，且 **log ε(H) = 12.0**	> **$\epsilon$(X) = n(X)/n(H)**，且 **log $\epsilon$(H) = 12.0**	R2 核素/希腊字母/单位
84	用于本文所有 log ε(X) 值。	用于本文所有 log $\epsilon$(X) 值。	R2 核素/希腊字母/单位
107	1. 引言的论证策略非常"公平"：先把 Lyubimkov 主张说清楚、量化（三档质量的 d log ε(N)/dt、Δε(He) 数值、C+N 守恒），再指出其方法学固定假设（ξ=0、log g=4.0）可能在演化恒星中失效；	1. 引言的论证策略非常"公平"：先把 Lyubimkov 主张说清楚、量化（三档质量的 d log $\epsilon$(N)/dt、$\Delta$$\epsilon$(He) 数值、C+N 守恒），再指出其方法学固定假设（$\xi$=0、log g=4.0）可能在演化恒星中失效；	R2 核素/希腊字母/单位
116	1. Lyubimkov 的 d log ε(N)/dt 值（0.15 dex per $10^{6}$ yr 对 13–20 M☉）极大——主序列寿命 ~$10^{7}$ yr，意味着 0.15×10 = 1.5 dex 总变化，远超 CN-cycle 平衡态的理论极限；这个数值本身就有物理上的可疑性；	1. Lyubimkov 的 d log $\epsilon$(N)/dt 值（0.15 dex per $10^{6}$ yr 对 13–20 $M_\odot$）极大——主序列寿命 ~$10^{7}$ yr，意味着 0.15×10 = 1.5 dex 总变化，远超 CN-cycle 平衡态的理论极限；这个数值本身就有物理上的可疑性；	R2 核素/希腊字母/单位
117	2. 引言没有正面提及"为什么 Lyubimkov 选 N II λλ4630 而本文选 N II λλ4987–5045 弱线群"——事实上这是后续 § 7.3 揭穿其假象的关键；	2. 引言没有正面提及"为什么 Lyubimkov 选 N II $\lambda$$\lambda$4630 而本文选 N II $\lambda$$\lambda$4987–5045 弱线群"——事实上这是后续 § 7.3 揭穿其假象的关键；	R2 核素/希腊字母/单位
14	[FACT] **探测器**：Reticon RL1728H/20，线性阵列 1728 个 15×750 μm 像素	[FACT] **探测器**：Reticon RL1728H/20，线性阵列 1728 个 15×750 $\mu$m 像素	R2 核素/希腊字母/单位
33	| Hβ   | 4287–4394   | 0.071            | 0.43           | 否            |	| H$\beta$   | 4287–4394   | 0.071            | 0.43           | 否            |	R2 核素/希腊字母/单位
41	[FACT] 前 4 个"主谱带"覆盖 Hβ、C II、N II、O II 关键线；后 3 个"副谱带"补充更多 C II、N II 及 N I 线。	[FACT] 前 4 个"主谱带"覆盖 H$\beta$、C II、N II、O II 关键线；后 3 个"副谱带"补充更多 C II、N II 及 N I 线。	R2 核素/希腊字母/单位
60	[FACT] 39 颗星的 HD 号、HR 号、常用名、光谱型（Bright Star Catalogue, Hoffleit & Jaschek 1982）、[c1]、c⁰、T_eff (K)、log g、V sin i、ξ(LTE)、ξ(NLTE)。	[FACT] 39 颗星的 HD 号、HR 号、常用名、光谱型（Bright Star Catalogue, Hoffleit & Jaschek 1982）、[c1]、c⁰、T_eff (K)、log g、V sin i、$\xi$(LTE)、$\xi$(NLTE)。	R2 核素/希腊字母/单位
64	[FACT] **5 颗超巨星**：HD 51309 (ν Ori, B3 II)、HD 52089 (η Ori, B1 II-III)、HD 91316 (ρ Leo, B2 II)、HD 198478 (α Peg, B1 Ib)、HD 206165 (B3 Iae) —— 后两颗为特殊光度级。	[FACT] **5 颗超巨星**：HD 51309 ($\nu$ Ori, B3 II)、HD 52089 ($\eta$ Ori, B1 II-III)、HD 91316 ($\rho$ Leo, B2 II)、HD 198478 ($\alpha$ Peg, B1 Ib)、HD 206165 (B3 Iae) —— 后两颗为特殊光度级。	R2 核素/希腊字母/单位
80	[INTERPRETATION] 三个波段展示同一组 4 颗星，使读者可直观看到温度依赖 —— O II 峰值最热，C II/N II 稍冷 —— 这一模式是后续温度修正 § 7.1 中 ΔT/T 拟合的物理基础（丰度随 T_eff 出现趋势正是因为线在峰值附近）。	[INTERPRETATION] 三个波段展示同一组 4 颗星，使读者可直观看到温度依赖 —— O II 峰值最热，C II/N II 稍冷 —— 这一模式是后续温度修正 § 7.1 中 $\Delta$T/T 拟合的物理基础（丰度随 T_eff 出现趋势正是因为线在峰值附近）。	R2 核素/希腊字母/单位
87	- Aller & Jugaku (1958)（HD 886，φ 摄影谱）：**填充圆**，与本文"acceptable agreement"；	- Aller & Jugaku (1958)（HD 886，$\phi$ 摄影谱）：**填充圆**，与本文"acceptable agreement"；	R2 核素/希腊字母/单位
102	- **He I** λλ4713.2, 5015.7, 5047.7（3 条）	- **He I** $\lambda$$\lambda$4713.2, 5015.7, 5047.7（3 条）	R2 核素/希腊字母/单位
103	- **He II** λ4685.7（1 条）	- **He II** $\lambda$4685.7（1 条）	R2 核素/希腊字母/单位
104	- **C II** λλ5137.3, 5139.2, 5143.5, 5145.2, 5151.1, 5648.1, 5662.5, 6578.0, 6582.9（9 条）	- **C II** $\lambda$$\lambda$5137.3, 5139.2, 5143.5, 5145.2, 5151.1, 5648.1, 5662.5, 6578.0, 6582.9（9 条）	R2 核素/希腊字母/单位
105	- **C III** λλ4647.4, 4665.9（2 条）	- **C III** $\lambda$$\lambda$4647.4, 4665.9（2 条）	R2 核素/希腊字母/单位
106	- **N II** λλ4630.5, 4643.1, 4987.4, 4994.4, 5001.1, 5001.5, 5002.7, 5005.1, 5007.3, 5010.6, 5025.7, 5045.1, 5175.9, 5666.6, 5676.0, 5679.6, 5686.2, 5710.8（18 条）	- **N II** $\lambda$$\lambda$4630.5, 4643.1, 4987.4, 4994.4, 5001.1, 5001.5, 5002.7, 5005.1, 5007.3, 5010.6, 5025.7, 5045.1, 5175.9, 5666.6, 5676.0, 5679.6, 5686.2, 5710.8（18 条）	R2 核素/希腊字母/单位
107	- **N III** λλ4634.2, 4640.6（2 条）	- **N III** $\lambda$$\lambda$4634.2, 4640.6（2 条）	R2 核素/希腊字母/单位
108	- **O II** λλ4638.9, 4641.8, 4649.1, 4661.6, 4673.7, 4676.2, 4696.4, 4699.2, 4701.2, 4703.2, 4705.4, 4710.0, 5160.0（13 条）	- **O II** $\lambda$$\lambda$4638.9, 4641.8, 4649.1, 4661.6, 4673.7, 4676.2, 4696.4, 4699.2, 4701.2, 4703.2, 4705.4, 4710.0, 5160.0（13 条）	R2 核素/希腊字母/单位
109	- **Ne I** λ6506.5（1 条）；**Al III** λλ5696.6, 5722.7（2 条）	- **Ne I** $\lambda$6506.5（1 条）；**Al III** $\lambda$$\lambda$5696.6, 5722.7（2 条）	R2 核素/希腊字母/单位
110	- **Si II** λλ5041.0, 5056.0；**Si III** λλ4716.7, 5739.7；**Si IV** λλ4631.3, 4654.3	- **Si II** $\lambda$$\lambda$5041.0, 5056.0；**Si III** $\lambda$$\lambda$4716.7, 5739.7；**Si IV** $\lambda$$\lambda$4631.3, 4654.3	R2 核素/希腊字母/单位
111	- **S II** λλ4991.9, 5009.5, 5014.0, 5027.2, 5032.4, 5103.3, 5142.3, 5647.0（8 条）	- **S II** $\lambda$$\lambda$4991.9, 5009.5, 5014.0, 5027.2, 5032.4, 5103.3, 5142.3, 5647.0（8 条）	R2 核素/希腊字母/单位
112	- **Fe II** λλ5018.4, 5169.0；**Fe III** λλ5063.4, 5156.1, 5193.9	- **Fe II** $\lambda$$\lambda$5018.4, 5169.0；**Fe III** $\lambda$$\lambda$5063.4, 5156.1, 5193.9	R2 核素/希腊字母/单位
119	[INTERPRETATION] C/N/O 关键线（C II 9 条 + C III 2 条 + N II 18 条 + O II 13 条）共 **42 条**——本文 CNO 丰度分析的主要数据基础。N I λλ8680, 8683, 8686 仅在 10 颗星中搜索。	[INTERPRETATION] C/N/O 关键线（C II 9 条 + C III 2 条 + N II 18 条 + O II 13 条）共 **42 条**——本文 CNO 丰度分析的主要数据基础。N I $\lambda$$\lambda$8680, 8683, 8686 仅在 10 颗星中搜索。	R2 核素/希腊字母/单位
15	2. 用 **Hβ 谱线轮廓**作为 log g 指标；	2. 用 **H$\beta$ 谱线轮廓**作为 log g 指标；	R2 核素/希腊字母/单位
16	3. 因为色指数与 Hβ 宽度对 T_eff 和 log g 都有耦合依赖，用**迭代法**收敛。	3. 因为色指数与 H$\beta$ 宽度对 T_eff 和 log g 都有耦合依赖，用**迭代法**收敛。	R2 核素/希腊字母/单位
19	1. 用色指数 [c1] 与 Strömgren β 的校准先给 T_eff 与 log g 初值；	1. 用色指数 [c1] 与 Strömgren $\beta$ 的校准先给 T_eff 与 log g 初值；	R2 核素/希腊字母/单位
20	2. 用该 T_eff 构建不同 log g 的 Hβ 轮廓网格，与观测宽度最佳匹配得到新 log g；	2. 用该 T_eff 构建不同 log g 的 H$\beta$ 轮廓网格，与观测宽度最佳匹配得到新 log g；	R2 核素/希腊字母/单位
62	- η Ori (HD 51309)：Underhill et al. 1982，log g = 3.7；	- $\eta$ Ori (HD 51309)：Underhill et al. 1982，log g = 3.7；	R2 核素/希腊字母/单位
63	- δ Oph (HD 61068)：Vogt & Penrod 1983，log g = 3.8；	- $\delta$ Oph (HD 61068)：Vogt & Penrod 1983，log g = 3.8；	R2 核素/希腊字母/单位
64	- η Cen (HD 180163)：光谱分类 B1.5 Ve，log g = 4.0；	- $\eta$ Cen (HD 180163)：光谱分类 B1.5 Ve，log g = 4.0；	R2 核素/希腊字母/单位
65	- β Cru、δ Sco、α Pav：用 Underhill et al. 1979 数据 + Maeder & Meynet (1987) 演化轨在理论 H-R 图中定位，分别得 log g = 3.6, 3.8, 4.0。	- $\beta$ Cru、$\delta$ Sco、$\alpha$ Pav：用 Underhill et al. 1979 数据 + Maeder & Meynet (1987) 演化轨在理论 H-R 图中定位，分别得 log g = 3.6, 3.8, 4.0。	R2 核素/希腊字母/单位
74	- 重力：Δ log g = 0.1。	- 重力：$\Delta$ log g = 0.1。	R2 核素/希腊字母/单位
101	| 迭代收敛 | < 4 次，判据 ΔT < 50 K |	| 迭代收敛 | < 4 次，判据 $\Delta$T < 50 K |	R2 核素/希腊字母/单位
103	| 重力误差 | Δ log g = 0.1 |	| 重力误差 | $\Delta$ log g = 0.1 |	R2 核素/希腊字母/单位
108	| 与 Wolff 1990 比较 | Δ log g = 0.06 ± 0.10 |	| 与 Wolff 1990 比较 | $\Delta$ log g = 0.06 ± 0.10 |	R2 核素/希腊字母/单位
109	| 超巨星 vs Underhill | ΔT ≈ 3000 K |	| 超巨星 vs Underhill | $\Delta$T ≈ 3000 K |	R2 核素/希腊字母/单位
116	1. 作者把色指数（Balmer 跳变）与 Hβ 轮廓两条独立温度/重力指标**耦合迭代**，这是 Balmer 大气参数测定的经典策略；比单纯用单一色指数更可靠；	1. 作者把色指数（Balmer 跳变）与 H$\beta$ 轮廓两条独立温度/重力指标**耦合迭代**，这是 Balmer 大气参数测定的经典策略；比单纯用单一色指数更可靠；	R2 核素/希腊字母/单位
127	2. 超巨星的 log g 从理论 H-R 图与演化轨插值得到（如 δ Sco log g=3.8），依赖演化模型本身，与后续 § 7.3 用 Maeder & Meynet 演化轨推演年龄有**潜在循环依赖**；	2. 超巨星的 log g 从理论 H-R 图与演化轨插值得到（如 $\delta$ Sco log g=3.8），依赖演化模型本身，与后续 § 7.3 用 Maeder & Meynet 演化轨推演年龄有**潜在循环依赖**；	R2 核素/希腊字母/单位
128	3. 用"迭代收敛"判据 ΔT < 50 K 未报告迭代失败案例，但实际数据中若 Hβ 拟合不佳，可能收敛到次优解。	3. 用"迭代收敛"判据 $\Delta$T < 50 K 未报告迭代失败案例，但实际数据中若 H$\beta$ 拟合不佳，可能收敛到次优解。	R2 核素/希腊字母/单位
19	[FACT] 方法：用每颗星的光谱与 **γ Peg (HD 886)**（样本中谱线最锐的星之一）做交叉相关，测 FWHM。	[FACT] 方法：用每颗星的光谱与 **$\gamma$ Peg (HD 886)**（样本中谱线最锐的星之一）做交叉相关，测 FWHM。	R2 核素/希腊字母/单位
30	其中 s 是待测光谱，c 是标准 γ Peg 光谱，n 是谱带内的数据点数。	其中 s 是待测光谱，c 是标准 $\gamma$ Peg 光谱，n 是谱带内的数据点数。	R2 核素/希腊字母/单位
36	$H_{\text{test}}$ 是交叉相关函数的半宽，$H_{\gamma\text{Peg}}$ 是 γ Peg 自相关的半宽除以 $\sqrt{2}$。	$H_{\text{test}}$ 是交叉相关函数的半宽，$H_{\gamma\text{Peg}}$ 是 $\gamma$ Peg 自相关的半宽除以 $\sqrt{2}$。	R2 核素/希腊字母/单位
48	4. 用 **Gray (1976)** 方法，线性 limb-darkening 系数 **ε = 0.28**（Wade & Rucinski 1985 给出的主序中温星合理值），构造旋转展宽线轮廓网格；	4. 用 **Gray (1976)** 方法，线性 limb-darkening 系数 **$\epsilon$ = 0.28**（Wade & Rucinski 1985 给出的主序中温星合理值），构造旋转展宽线轮廓网格；	R2 核素/希腊字母/单位
62	- **HD 214993**（12 Lac）：4670 Å 区呈中等宽度且中心附近有微弱红移发射反转；其他两区（不同夜观测）呈锐线无反转 → **β Cep 变星**，已知 line profile variable（Smith 1977）；	- **HD 214993**（12 Lac）：4670 Å 区呈中等宽度且中心附近有微弱红移发射反转；其他两区（不同夜观测）呈锐线无反转 → **$\beta$ Cep 变星**，已知 line profile variable（Smith 1977）；	R2 核素/希腊字母/单位
63	- **HD 22951**：5025 Å 区 He I λλ5015、5047 出现**延展的红翼**（其他线无此翼）→ 可能有双星伴星。	- **HD 22951**：5025 Å 区 He I $\lambda$$\lambda$5015、5047 出现**延展的红翼**（其他线无此翼）→ 可能有双星伴星。	R2 核素/希腊字母/单位
82	| 标准星 | HD 886 (γ Peg) |	| 标准星 | HD 886 ($\gamma$ Peg) |	R2 核素/希腊字母/单位
85	| Limb-darkening | ε = 0.28 |	| Limb-darkening | $\epsilon$ = 0.28 |	R2 核素/希腊字母/单位
89	| β Cep：HD 214993 | Line profile 时变 |	| $\beta$ Cep：HD 214993 | Line profile 时变 |	R2 核素/希腊字母/单位
96	1. 用 γ Peg 作为标准是经典 cross-correlation 策略，避免直接用理论谱的模型依赖；	1. 用 $\gamma$ Peg 作为标准是经典 cross-correlation 策略，避免直接用理论谱的模型依赖；	R2 核素/希腊字母/单位
99	4. 但 ε = 0.28 固定值对所有 T_eff 都一样，忽略了热端 (O 星) 与冷端 (B3) 的 limb-darkening 差异——可能引入系统误差。	4. 但 $\epsilon$ = 0.28 固定值对所有 T_eff 都一样，忽略了热端 (O 星) 与冷端 (B3) 的 limb-darkening 差异——可能引入系统误差。	R2 核素/希腊字母/单位
24	[FACT] 表 4 列出所有线的 log gf、参考文献、Tr（radiative damping, s⁻¹）、ΓS（quadratic Stark damping, s⁻¹）。	[FACT] 表 4 列出所有线的 log gf、参考文献、Tr（radiative damping, s⁻¹）、$\Gamma$S（quadratic Stark damping, s⁻¹）。	R2 核素/希腊字母/单位
29	- **A** = Artru et al. (1981)（Si II λλ5041, 5056 专用）。	- **A** = Artru et al. (1981)（Si II $\lambda$$\lambda$5041, 5056 专用）。	R2 核素/希腊字母/单位
33	[FACT] **Stark 阻尼 ΓS 来源**：	[FACT] **Stark 阻尼 $\Gamma$S 来源**：	R2 核素/希腊字母/单位
45	## 5.3 微湍流 ξ 的确定	## 5.3 微湍流 $\xi$ 的确定	R2 核素/希腊字母/单位
47	[FACT] 方法：对 C II、N II、O II（有时 S II）分别跑 WIDTH6 三个不同 ξ 值，选**log ε vs EW 斜率为零**的 ξ。	[FACT] 方法：对 C II、N II、O II（有时 S II）分别跑 WIDTH6 三个不同 $\xi$ 值，选**log $\epsilon$ vs EW 斜率为零**的 $\xi$。	R2 核素/希腊字母/单位
49	[FACT] 再对所有物种的 ξ 取**加权平均**（按线数加权）作为最终 ξ，用于所有线的丰度计算。	[FACT] 再对所有物种的 $\xi$ 取**加权平均**（按线数加权）作为最终 $\xi$，用于所有线的丰度计算。	R2 核素/希腊字母/单位
52	- 非超巨星：⟨ξ(LTE)⟩ = **6.2 km s⁻¹**；⟨ξ(NLTE)⟩ = **5.0 km s⁻¹**	- 非超巨星：⟨$\xi$(LTE)⟩ = **6.2 km s⁻¹**；⟨$\xi$(NLTE)⟩ = **5.0 km s⁻¹**	R2 核素/希腊字母/单位
53	- 超巨星 LTE：⟨ξ(LTE)⟩ = **23 km s⁻¹** ← **超声速**	- 超巨星 LTE：⟨$\xi$(LTE)⟩ = **23 km s⁻¹** ← **超声速**	R2 核素/希腊字母/单位
54	- 超巨星 NLTE：⟨ξ(NLTE)⟩ = **8.9 km s⁻¹** ← 亚音速	- 超巨星 NLTE：⟨$\xi$(NLTE)⟩ = **8.9 km s⁻¹** ← 亚音速	R2 核素/希腊字母/单位
56	[FACT] 作者解释：超巨星 LTE ξ 高达 23 km s⁻¹ 是"obviously supersonic"，应视为**non-LTE 偏离的信号**，而非真实微湍流。引入 non-LTE 后 ξ 大幅降低。	[FACT] 作者解释：超巨星 LTE $\xi$ 高达 23 km s⁻¹ 是"obviously supersonic"，应视为**non-LTE 偏离的信号**，而非真实微湍流。引入 non-LTE 后 $\xi$ 大幅降低。	R2 核素/希腊字母/单位
58	[FACT] ξ 随 T_eff 增加的趋势：	[FACT] $\xi$ 随 T_eff 增加的趋势：	R2 核素/希腊字母/单位
59	- ⟨ξ(NLTE)⟩ = 4 km s⁻¹ at T_eff = 17,000 K	- ⟨$\xi$(NLTE)⟩ = 4 km s⁻¹ at T_eff = 17,000 K	R2 核素/希腊字母/单位
60	- ⟨ξ(NLTE)⟩ = 6 km s⁻¹ at T_eff = 30,000 K	- ⟨$\xi$(NLTE)⟩ = 6 km s⁻¹ at T_eff = 30,000 K	R2 核素/希腊字母/单位
63	> "When LTE is replaced by NLTE, ξ is reduced especially for the supergiants, but remains nonzero."	> "When LTE is replaced by NLTE, $\xi$ is reduced especially for the supergiants, but remains nonzero."	R2 核素/希腊字母/单位
65	[FACT] 超巨星中 ξ 的推导**不完全自洽**：大气模型本身依赖假设 ξ=2 km s⁻¹（Kurucz 1979），影响金属线总不透明度；Fitzpatrick (1991) 的自洽模型会是改进。	[FACT] 超巨星中 $\xi$ 的推导**不完全自洽**：大气模型本身依赖假设 $\xi$=2 km s⁻¹（Kurucz 1979），影响金属线总不透明度；Fitzpatrick (1991) 的自洽模型会是改进。	R2 核素/希腊字母/单位
68	> 例：T_eff = 21,000 K, log g = 4, ξ = 5 km s⁻¹ 的大气中，ξ 误差 5 km s⁻¹ 导致：	> 例：T_eff = 21,000 K, log g = 4, $\xi$ = 5 km s⁻¹ 的大气中，$\xi$ 误差 5 km s⁻¹ 导致：	R2 核素/希腊字母/单位
69	> - N II λ4630（强线）丰度误差 **0.21 dex**；	> - N II $\lambda$4630（强线）丰度误差 **0.21 dex**；	R2 核素/希腊字母/单位
70	> - N II λ5007（弱线）丰度误差 **0.10 dex**。	> - N II $\lambda$5007（弱线）丰度误差 **0.10 dex**。	R2 核素/希腊字母/单位
72	因此本文选弱线策略使最终丰度**大比例独立于 ξ 的具体值**。	因此本文选弱线策略使最终丰度**大比例独立于 $\xi$ 的具体值**。	R2 核素/希腊字母/单位
79	- 无权重平均 log ε	- 无权重平均 log $\epsilon$	R2 核素/希腊字母/单位
80	- 标准差 σ	- 标准差 $\sigma$	R2 核素/希腊字母/单位
82	- 温度尺度修正 Δ（§ 7.1）	- 温度尺度修正 $\Delta$（§ 7.1）	R2 核素/希腊字母/单位
87	- N II λ5175	- N II $\lambda$5175	R2 核素/希腊字母/单位
88	- O II λλ4705, 4710, 5160	- O II $\lambda$$\lambda$4705, 4710, 5160	R2 核素/希腊字母/单位
90	- C III λ4647 for T_eff < 23,000 K	- C III $\lambda$4647 for T_eff < 23,000 K	R2 核素/希腊字母/单位
91	- C III λ4665 for T_eff < 29,000 K	- C III $\lambda$4665 for T_eff < 29,000 K	R2 核素/希腊字母/单位
98	5. 与平均差 **> 2σ** 的丰度值；	5. 与平均差 **> 2$\sigma$** 的丰度值；	R2 核素/希腊字母/单位
99	6. 其他因过度弱和/或混合而视为易错的线（如 Si III λ4716.7 常与 S II λ4716.2 混合）。	6. 其他因过度弱和/或混合而视为易错的线（如 Si III $\lambda$4716.7 常与 S II $\lambda$4716.2 混合）。	R2 核素/希腊字母/单位
103	[FACT] **N I 三条线 λλ8680, 8683, 8686**：在 10 颗星的子样本中搜索，对 HD 886、HD 29248、HD 31237 等**不可见**（给出上限）。	[FACT] **N I 三条线 $\lambda$$\lambda$8680, 8683, 8686**：在 10 颗星的子样本中搜索，对 HD 886、HD 29248、HD 31237 等**不可见**（给出上限）。	R2 核素/希腊字母/单位
109	[FACT] 对 5 颗星测了 N I λλ8680, 8683, 8686 的 EW：	[FACT] 对 5 颗星测了 N I $\lambda$$\lambda$8680, 8683, 8686 的 EW：	R2 核素/希腊字母/单位
110	- HD 35468：N I λλ8680 (16), 8683 (5:, 8.18), 8686 (7:, 8.68)，平均 log ε(N) = 8.45，σ=0.26；	- HD 35468：N I $\lambda$$\lambda$8680 (16), 8683 (5:, 8.18), 8686 (7:, 8.68)，平均 log $\epsilon$(N) = 8.45，$\sigma$=0.26；	R2 核素/希腊字母/单位
111	- HD 51309：96 (8.85), 55 (8.74), 30 (8.83)，平均 log ε(N) = 8.81；与 LTE N II 值 8.53 差 Δ = 0.06；	- HD 51309：96 (8.85), 55 (8.74), 30 (8.83)，平均 log $\epsilon$(N) = 8.81；与 LTE N II 值 8.53 差 $\Delta$ = 0.06；	R2 核素/希腊字母/单位
112	- HD 52089：20 (9.11), 10: (9.01), 7: (9.27)，平均 log ε(N) = 9.13；与 LTE N II 值 8.45 差 Δ = 0.11。	- HD 52089：20 (9.11), 10: (9.01), 7: (9.27)，平均 log $\epsilon$(N) = 9.13；与 LTE N II 值 8.45 差 $\Delta$ = 0.11。	R2 核素/希腊字母/单位
120	## 5.6 Figure 9 — LTE vs NLTE ξ 比较	## 5.6 Figure 9 — LTE vs NLTE $\xi$ 比较	R2 核素/希腊字母/单位
122	[FACT] LTE ξ 与 NLTE ξ 的对比散点图：	[FACT] LTE $\xi$ 与 NLTE $\xi$ 的对比散点图：	R2 核素/希腊字母/单位
124	- NLTE ξ 一致低于 LTE ξ，尤其是超巨星	- NLTE $\xi$ 一致低于 LTE $\xi$，尤其是超巨星	R2 核素/希腊字母/单位
126	[INTERPRETATION] 超巨星 LTE ξ 高达 ~20–30 km s⁻¹，而 NLTE ξ 降至 < 10 km s⁻¹ —— 这是非 LTE 效应最强的恒星子集，也是本文必须用 NLTE 交叉验证的核心理由。	[INTERPRETATION] 超巨星 LTE $\xi$ 高达 ~20–30 km s⁻¹，而 NLTE $\xi$ 降至 < 10 km s⁻¹ —— 这是非 LTE 效应最强的恒星子集，也是本文必须用 NLTE 交叉验证的核心理由。	R2 核素/希腊字母/单位
138	| ξ 确定判据 | log ε vs EW 斜率为 0 |	| $\xi$ 确定判据 | log $\epsilon$ vs EW 斜率为 0 |	R2 核素/希腊字母/单位
139	| 非超巨星 ⟨ξ(LTE)⟩ | 6.2 km s⁻¹ |	| 非超巨星 ⟨$\xi$(LTE)⟩ | 6.2 km s⁻¹ |	R2 核素/希腊字母/单位
140	| 非超巨星 ⟨ξ(NLTE)⟩ | 5.0 km s⁻¹ |	| 非超巨星 ⟨$\xi$(NLTE)⟩ | 5.0 km s⁻¹ |	R2 核素/希腊字母/单位
141	| 超巨星 ⟨ξ(LTE)⟩ | 23 km s⁻¹（超声速） |	| 超巨星 ⟨$\xi$(LTE)⟩ | 23 km s⁻¹（超声速） |	R2 核素/希腊字母/单位
142	| 超巨星 ⟨ξ(NLTE)⟩ | 8.9 km s⁻¹（亚音速） |	| 超巨星 ⟨$\xi$(NLTE)⟩ | 8.9 km s⁻¹（亚音速） |	R2 核素/希腊字母/单位
144	| 删选标准 | 系统性不一致、错认、>2σ |	| 删选标准 | 系统性不一致、错认、>2$\sigma$ |	R2 核素/希腊字母/单位
145	| 弱线抗 ξ 灵敏度 | N II λ5007 误差 0.10 dex for Δξ=5 km s⁻¹ |	| 弱线抗 $\xi$ 灵敏度 | N II $\lambda$5007 误差 0.10 dex for $\Delta$$\xi$=5 km s⁻¹ |	R2 核素/希腊字母/单位
152	1. ξ 由 log ε vs EW 斜率 = 0 反推，但 **Dufton, Durrant & Durrant (1981b)** 指出此法可能因曲线生长非线性导致 ξ **高估 1–2.5 km s⁻¹** —— 即使扣除偏差，剩余 ξ 仍显著非零；	1. $\xi$ 由 log $\epsilon$ vs EW 斜率 = 0 反推，但 **Dufton, Durrant & Durrant (1981b)** 指出此法可能因曲线生长非线性导致 $\xi$ **高估 1–2.5 km s⁻¹** —— 即使扣除偏差，剩余 $\xi$ 仍显著非零；	R2 核素/希腊字母/单位
153	2. 超巨星 ξ 的自洽性问题（大气假设 ξ=2 vs 推得 ξ=23），作者承认但仍未完全解决；	2. 超巨星 $\xi$ 的自洽性问题（大气假设 $\xi$=2 vs 推得 $\xi$=23），作者承认但仍未完全解决；	R2 核素/希腊字母/单位
24	[FACT] 这些表给出 Wλ 作为 T_eff、log g、ξ、丰度的函数，基于：	[FACT] 这些表给出 W$\lambda$ 作为 T_eff、log g、$\xi$、丰度的函数，基于：	R2 核素/希腊字母/单位
28	[FACT] 丰度计算方法与 § 5 相同：对给定 (T_eff, log g) 找每个 line 在三个 ξ 下的丰度，再选 log ε vs EW 斜率为零的 ξ。	[FACT] 丰度计算方法与 § 5 相同：对给定 (T_eff, log g) 找每个 line 在三个 $\xi$ 下的丰度，再选 log $\epsilon$ vs EW 斜率为零的 $\xi$。	R2 核素/希腊字母/单位
38	[FACT] 表 9 对 39 颗星给出 non-LTE 平均的 log ε(He)、log ε(C)、log ε(N)、log ε(O)，及 σ、Δ 修正。	[FACT] 表 9 对 39 颗星给出 non-LTE 平均的 log $\epsilon$(He)、log $\epsilon$(C)、log $\epsilon$(N)、log $\epsilon$(O)，及 $\sigma$、$\Delta$ 修正。	R2 核素/希腊字母/单位
42	- N II λλ4630–5045 之间（不含 λλ5002, 5025）；	- N II $\lambda$$\lambda$4630–5045 之间（不含 $\lambda$$\lambda$5002, 5025）；	R2 核素/希腊字母/单位
43	- O II λλ4638–4705 之间。	- O II $\lambda$$\lambda$4638–4705 之间。	R2 核素/希腊字母/单位
46	- **C II λλ6578、6582**：丰度比其他 C II 线低 **> 0.3 dex**（异常，作者未纳入平均）	- **C II $\lambda$$\lambda$6578、6582**：丰度比其他 C II 线低 **> 0.3 dex**（异常，作者未纳入平均）	R2 核素/希腊字母/单位
49	- log ε(He) ≈ 10.82 – 11.16（中值 ≈ 10.95）	- log $\epsilon$(He) ≈ 10.82 – 11.16（中值 ≈ 10.95）	R2 核素/希腊字母/单位
50	- log ε(C) ≈ 7.83 – 8.58（中值 ≈ 8.15）	- log $\epsilon$(C) ≈ 7.83 – 8.58（中值 ≈ 8.15）	R2 核素/希腊字母/单位
51	- log ε(N) ≈ 7.83 – 8.69（中值 ≈ 8.15）	- log $\epsilon$(N) ≈ 7.83 – 8.69（中值 ≈ 8.15）	R2 核素/希腊字母/单位
52	- log ε(O) ≈ 8.63 – 9.01（中值 ≈ 8.80）	- log $\epsilon$(O) ≈ 8.63 – 9.01（中值 ≈ 8.80）	R2 核素/希腊字母/单位
60	[FACT] 该模型提供 3 条观测到的 He I 线（λλ4713, 5015, 5047）在**太阳丰度**下的 LTE 与 non-LTE 预测 EW，以及 ±0.3 dex 丰度偏差下的非 LTE 预测。	[FACT] 该模型提供 3 条观测到的 He I 线（$\lambda$$\lambda$4713, 5015, 5047）在**太阳丰度**下的 LTE 与 non-LTE 预测 EW，以及 ±0.3 dex 丰度偏差下的非 LTE 预测。	R2 核素/希腊字母/单位
72	$W_\lambda(\text{NLTE})$ 与 β 由 Auer & Mihalas 表按 T_eff、log g 插值得到。	$W_\lambda(\text{NLTE})$ 与 $\beta$ 由 Auer & Mihalas 表按 T_eff、log g 插值得到。	R2 核素/希腊字母/单位
81	- 非超巨星全部**近太阳 He 丰度**（log ε ≈ 11.00）；	- 非超巨星全部**近太阳 He 丰度**（log $\epsilon$ ≈ 11.00）；	R2 核素/希腊字母/单位
96	- **Si II 异常**：LTE 平均 log ε(Si) = 6.86 ± 0.19，**显著低于** Si III 与 Si IV；用 Becker & Butler (1990) non-LTE 也未改善；	- **Si II 异常**：LTE 平均 log $\epsilon$(Si) = 6.86 ± 0.19，**显著低于** Si III 与 Si IV；用 Becker & Butler (1990) non-LTE 也未改善；	R2 核素/希腊字母/单位
98	- LTE：log ε(Si) = **7.63 ± 0.26**	- LTE：log $\epsilon$(Si) = **7.63 ± 0.26**	R2 核素/希腊字母/单位
99	- non-LTE（Table 11）：log ε(Si) = **7.69 ± 0.40**（删两热星 HD 34078, 36512 后）	- non-LTE（Table 11）：log $\epsilon$(Si) = **7.69 ± 0.40**（删两热星 HD 34078, 36512 后）	R2 核素/希腊字母/单位
102	- LTE：log ε(Si) = 7.51 ± 0.36	- LTE：log $\epsilon$(Si) = 7.51 ± 0.36	R2 核素/希腊字母/单位
103	- non-LTE（Becker & Butler 1990）：log ε(Si) = 7.47 ± 0.08	- non-LTE（Becker & Butler 1990）：log $\epsilon$(Si) = 7.47 ± 0.08	R2 核素/希腊字母/单位
108	[FACT] Dufton et al. (1990) 对 h & ι Per 与 Cep OB3 的 log ε(Si) = 7.5 ± 0.2（1–2 条 Si III/IV 线），与本文 Si III 结果一致。	[FACT] Dufton et al. (1990) 对 h & $ι$ Per 与 Cep OB3 的 log $\epsilon$(Si) = 7.5 ± 0.2（1–2 条 Si III/IV 线），与本文 Si III 结果一致。	R2 核素/希腊字母/单位
115	- log ε(He) 明显**更高**（He 富集更甚）；	- log $\epsilon$(He) 明显**更高**（He 富集更甚）；	R2 核素/希腊字母/单位
116	- log ε(C) 显著变化；	- log $\epsilon$(C) 显著变化；	R2 核素/希腊字母/单位
117	- log ε(N) 也有变化。	- log $\epsilon$(N) 也有变化。	R2 核素/希腊字母/单位
120	- He I：log ε = 11.46 (σ=0.14, n=3)	- He I：log $\epsilon$ = 11.46 ($\sigma$=0.14, n=3)	R2 核素/希腊字母/单位
121	- C II：log ε = 8.51 (σ=0.07, n=5)	- C II：log $\epsilon$ = 8.51 ($\sigma$=0.07, n=5)	R2 核素/希腊字母/单位
122	- C III：log ε = 8.63 (σ=0.15, n=12)	- C III：log $\epsilon$ = 8.63 ($\sigma$=0.15, n=12)	R2 核素/希腊字母/单位
123	- N II：log ε = 8.63 (σ=0.15, n=12)	- N II：log $\epsilon$ = 8.63 ($\sigma$=0.15, n=12)	R2 核素/希腊字母/单位
124	- N III：log ε = 9.21 (σ=0.10, n=8)	- N III：log $\epsilon$ = 9.21 ($\sigma$=0.10, n=8)	R2 核素/希腊字母/单位
125	- O II：log ε = 9.21 (σ=0.10, n=8)	- O II：log $\epsilon$ = 9.21 ($\sigma$=0.10, n=8)	R2 核素/希腊字母/单位
126	- Si II：log ε = 6.79 (σ=0.04, n=2)	- Si II：log $\epsilon$ = 6.79 ($\sigma$=0.04, n=2)	R2 核素/希腊字母/单位
139	| He I 表 | WIDTH6 | Auer & Mihalas 1973a（幂律 β≈0.5） |	| He I 表 | WIDTH6 | Auer & Mihalas 1973a（幂律 $\beta$≈0.5） |	R2 核素/希腊字母/单位
142	| non-LTE 均值 log ε(C) | — | ≈ 8.15 |	| non-LTE 均值 log $\epsilon$(C) | — | ≈ 8.15 |	R2 核素/希腊字母/单位
143	| non-LTE 均值 log ε(N) | — | ≈ 8.15 |	| non-LTE 均值 log $\epsilon$(N) | — | ≈ 8.15 |	R2 核素/希腊字母/单位
144	| non-LTE 均值 log ε(O) | — | ≈ 8.80 |	| non-LTE 均值 log $\epsilon$(O) | — | ≈ 8.80 |	R2 核素/希腊字母/单位
145	| non-LTE 均值 log ε(He) | — | ≈ 10.95（非超巨星） |	| non-LTE 均值 log $\epsilon$(He) | — | ≈ 10.95（非超巨星） |	R2 核素/希腊字母/单位
146	| C II λ6578, 6582 异常 | — | 低 > 0.3 dex |	| C II $\lambda$6578, 6582 异常 | — | 低 > 0.3 dex |	R2 核素/希腊字母/单位
147	| Si II 异常 | log ε=6.86 | non-LTE 未改善 |	| Si II 异常 | log $\epsilon$=6.86 | non-LTE 未改善 |	R2 核素/希腊字母/单位
167	3. Si II 的 0.8 dex 异常（log ε=6.86 vs Si III/IV 的 ~7.5）**未被解释**——可能源于 Si II 线的严重 non-LTE 效应、错误 log gf、或尘埃效应（但大气谱无尘埃），这是后续研究需要解决的问题；	3. Si II 的 0.8 dex 异常（log $\epsilon$=6.86 vs Si III/IV 的 ~7.5）**未被解释**——可能源于 Si II 线的严重 non-LTE 效应、错误 log gf、或尘埃效应（但大气谱无尘埃），这是后续研究需要解决的问题；	R2 核素/希腊字母/单位
32	[FACT] 最简单选择 ΔT_eff = 常数，但作者改用 **ΔT_eff = f · T_eff**（分数修正），因部分趋势在热端更陡。	[FACT] 最简单选择 $\Delta$T_eff = 常数，但作者改用 **$\Delta$T_eff = f · T_eff**（分数修正），因部分趋势在热端更陡。	R2 核素/希腊字母/单位
39	- 偏导基于 log g = 4.0、ξ = 5 km s⁻¹、太阳丰度的 EW 表（WIDTH6 LTE 或 Becker & Butler non-LTE）；	- 偏导基于 log g = 4.0、$\xi$ = 5 km s⁻¹、太阳丰度的 EW 表（WIDTH6 LTE 或 Becker & Butler non-LTE）；	R2 核素/希腊字母/单位
40	- 方括号项在**最大 EW 温度**处 = 0，因此该温度下的 log ε 定义了均值 ⟨log ε⟩；	- 方括号项在**最大 EW 温度**处 = 0，因此该温度下的 log $\epsilon$ 定义了均值 ⟨log $\epsilon$⟩；	R2 核素/希腊字母/单位
64	- 纵轴：log ε − log ε(太阳)	- 纵轴：log $\epsilon$ − log $\epsilon$(太阳)	R2 核素/希腊字母/单位
69	- 直方图展示修正后 log ε − log ε(太阳)，实心线 = LTE，阴影区 = non-LTE	- 直方图展示修正后 log $\epsilon$ − log $\epsilon$(太阳)，实心线 = LTE，阴影区 = non-LTE	R2 核素/希腊字母/单位
81	- **Δ log ε = log ε(B 星) − log ε(Orion)**：	- **$\Delta$ log $\epsilon$ = log $\epsilon$(B 星) − log $\epsilon$(Orion)**：	R2 核素/希腊字母/单位
93	- 均值：Δ log ε = **−0.01 (He)**、**−0.10 (C)**、**−0.28 (N)**、**+0.07 (O)**	- 均值：$\Delta$ log $\epsilon$ = **−0.01 (He)**、**−0.10 (C)**、**−0.28 (N)**、**+0.07 (O)**	R2 核素/希腊字母/单位
94	- 即 **Δ log ε ≈ 0 在测量不确定度内**	- 即 **$\Delta$ log $\epsilon$ ≈ 0 在测量不确定度内**	R2 核素/希腊字母/单位
98	[FACT] **Ne**：基于一条弱线 Ne I λ6506.5，仅 11 颗星可用。修正后 LTE Ne 丰度 **log ε(Ne) = 8.41 ± 0.13**（基于 11 星）。Baldwin et al. (1991) 的 Orion 星云 Ne 显著高 Δ log ε = −0.63，但 Ferland (1991) 质疑其可靠性（H II 区 ionization 结构不自洽），Rubin et al. (1991) 用更高温源得到与 B 星一致的 Ne → **本文不赋予此差异天体物理意义**。	[FACT] **Ne**：基于一条弱线 Ne I $\lambda$6506.5，仅 11 颗星可用。修正后 LTE Ne 丰度 **log $\epsilon$(Ne) = 8.41 ± 0.13**（基于 11 星）。Baldwin et al. (1991) 的 Orion 星云 Ne 显著高 $\Delta$ log $\epsilon$ = −0.63，但 Ferland (1991) 质疑其可靠性（H II 区 ionization 结构不自洽），Rubin et al. (1991) 用更高温源得到与 B 星一致的 Ne → **本文不赋予此差异天体物理意义**。	R2 核素/希腊字母/单位
101	- Dufton et al. (1990)：log ε(Al) = 6.1 ± 0.4 与 6.2 ± 0.2（两个 OB 团）；	- Dufton et al. (1990)：log $\epsilon$(Al) = 6.1 ± 0.4 与 6.2 ± 0.2（两个 OB 团）；	R2 核素/希腊字母/单位
102	- Peters (1976)：γ Peg 八条 Al III 线得 6.47；	- Peters (1976)：$\gamma$ Peg 八条 Al III 线得 6.47；	R2 核素/希腊字母/单位
107	[FACT] **与太阳差异**：太阳与 Orion 星云丰度可能有 Δ log ε 差异，来源可能是**银河系气体混合不均匀**（Boesgaard 1989、Nissen 1988）——年轻疏散星 [Fe/H] 散布 ±0.1 dex 在同一 age。若太阳从富金属气体形成，则可解释太阳与 Orion 差异。	[FACT] **与太阳差异**：太阳与 Orion 星云丰度可能有 $\Delta$ log $\epsilon$ 差异，来源可能是**银河系气体混合不均匀**（Boesgaard 1989、Nissen 1988）——年轻疏散星 [Fe/H] 散布 ±0.1 dex 在同一 age。若太阳从富金属气体形成，则可解释太阳与 Orion 差异。	R2 核素/希腊字母/单位
113	### 7.3.1 最 N 富集星：ρ Leo (HD 91316)	### 7.3.1 最 N 富集星：$\rho$ Leo (HD 91316)	R2 核素/希腊字母/单位
115	[FACT] **ρ Leo (HD 91316)** 是最 N 富集星：	[FACT] **$\rho$ Leo (HD 91316)** 是最 N 富集星：	R2 核素/希腊字母/单位
124	[FACT] ρ Leo 的观测值：He 略高、C 略低、O 近均值（与 Maeder & Meynet 预测一致）。Walborn (1976) 已定性指出 ρ Leo 是中等 N 增强。	[FACT] $\rho$ Leo 的观测值：He 略高、C 略低、O 近均值（与 Maeder & Meynet 预测一致）。Walborn (1976) 已定性指出 $\rho$ Leo 是中等 N 增强。	R2 核素/希腊字母/单位
152	[FACT] **对 Lyubimkov 的"事后解释"**：Lyubimkov 用了 Dufton & Hibbert (1981) 表，该表**只给出 log g = 4.0 且 ξ = 0** 的预测。在演化星中：	[FACT] **对 Lyubimkov 的"事后解释"**：Lyubimkov 用了 Dufton & Hibbert (1981) 表，该表**只给出 log g = 4.0 且 $\xi$ = 0** 的预测。在演化星中：	R2 核素/希腊字母/单位
154	- **ξ 更大**（演化星更强线，微湍流增大）→ 线变强	- **$\xi$ 更大**（演化星更强线，微湍流增大）→ 线变强	R2 核素/希腊字母/单位
158	[FACT] **数值量化**（用 Becker & Butler 1988a 表，N II λ4630 线）：	[FACT] **数值量化**（用 Becker & Butler 1988a 表，N II $\lambda$4630 线）：	R2 核素/希腊字母/单位
159	- 太阳丰度，T_eff = 21,000 K, log g = 4, ξ = 0：Wλ = **57 mÅ**	- 太阳丰度，T_eff = 21,000 K, log g = 4, $\xi$ = 0：W$\lambda$ = **57 mÅ**	R2 核素/希腊字母/单位
160	- log g = 3.5：Wλ = **75 mÅ**（+32%）	- log g = 3.5：W$\lambda$ = **75 mÅ**（+32%）	R2 核素/希腊字母/单位
161	- ξ = 5 km s⁻¹：Wλ = **69 mÅ**（+21%）	- $\xi$ = 5 km s⁻¹：W$\lambda$ = **69 mÅ**（+21%）	R2 核素/希腊字母/单位
162	- ξ = 10 km s⁻¹：Wλ = **88 mÅ**（+54%）	- $\xi$ = 10 km s⁻¹：W$\lambda$ = **88 mÅ**（+54%）	R2 核素/希腊字母/单位
164	假设 log g = 4、ξ = 0 时**推导的丰度增量**：	假设 log g = 4、$\xi$ = 0 时**推导的丰度增量**：	R2 核素/希腊字母/单位
166	- ξ → 5：**+0.22 dex**	- $\xi$ → 5：**+0.22 dex**	R2 核素/希腊字母/单位
167	- log g → 3.5 **且** ξ → 10：**+0.90 dex**	- log g → 3.5 **且** $\xi$ → 10：**+0.90 dex**	R2 核素/希腊字母/单位
169	[FACT] **用本文自身数据重演**：对 16 颗 Lyubimkov 样本星（质量范围 8.5–13.0 M☉ 匹配 Lyubimkov 中质量组）：	[FACT] **用本文自身数据重演**：对 16 颗 Lyubimkov 样本星（质量范围 8.5–13.0 $M_\odot$ 匹配 Lyubimkov 中质量组）：	R2 核素/希腊字母/单位
170	- 用本文 N II λ4630 实测 EW + 本文 T_eff，**但** 假设 log g = 4、ξ = 0 推导 N 丰度；	- 用本文 N II $\lambda$4630 实测 EW + 本文 T_eff，**但** 假设 log g = 4、$\xi$ = 0 推导 N 丰度；	R2 核素/希腊字母/单位
199	[FACT] Maeder (1987b) 认为 20–40 M☉ 星**只有到红巨星阶段**才发生大规模 CN-cycled 表面混合；蓝超巨星若完全富集，则代表其正在 HR 图上 blueward loop 演化。	[FACT] Maeder (1987b) 认为 20–40 $M_\odot$ 星**只有到红巨星阶段**才发生大规模 CN-cycled 表面混合；蓝超巨星若完全富集，则代表其正在 HR 图上 blueward loop 演化。	R2 核素/希腊字母/单位
213	| 修正方法 | ΔT_eff = f · T_eff |	| 修正方法 | $\Delta$T_eff = f · T_eff |	R2 核素/希腊字母/单位
215	| 与 Orion 星云直接比较（8 星） | Δ log ε ≈ 0 |	| 与 Orion 星云直接比较（8 星） | $\Delta$ log $\epsilon$ ≈ 0 |	R2 核素/希腊字母/单位
216	| ρ Leo N 富集 | +0.76 (LTE) / +0.60 (NLTE) |	| $\rho$ Leo N 富集 | +0.76 (LTE) / +0.60 (NLTE) |	R2 核素/希腊字母/单位
217	| ρ Leo 预期 He/C/O 变化 | He +0.10, C −0.10, O −0.04 (NLTE) |	| $\rho$ Leo 预期 He/C/O 变化 | He +0.10, C −0.10, O −0.04 (NLTE) |	R2 核素/希腊字母/单位
218	| Lyubimkov 假象：N II λ4630 Wλ | log g=4, ξ=0：57 mÅ |	| Lyubimkov 假象：N II $\lambda$4630 W$\lambda$ | log g=4, $\xi$=0：57 mÅ |	R2 核素/希腊字母/单位
219	| 演化到 log g=3.5 | Wλ=75 mÅ → 假增量 0.32 dex |	| 演化到 log g=3.5 | W$\lambda$=75 mÅ → 假增量 0.32 dex |	R2 核素/希腊字母/单位
220	| 演化到 ξ=10 | Wλ=88 mÅ → 假增量 0.90 dex（组合） |	| 演化到 $\xi$=10 | W$\lambda$=88 mÅ → 假增量 0.90 dex（组合） |	R2 核素/希腊字母/单位
223	| Ne 均值（11 星） | log ε(Ne) = 8.41 ± 0.13 |	| Ne 均值（11 星） | log $\epsilon$(Ne) = 8.41 ± 0.13 |	R2 核素/希腊字母/单位
235	3. ρ Leo 案例的定量一致性（+0.60 N → +0.10 He、−0.10 C、−0.04 O）**几乎完美匹配 Maeder & Meynet 预测**，是 N-rich 星 = 部分混合 CN-cycled 物质的强观测证据；	3. $\rho$ Leo 案例的定量一致性（+0.60 N → +0.10 He、−0.10 C、−0.04 O）**几乎完美匹配 Maeder & Meynet 预测**，是 N-rich 星 = 部分混合 CN-cycled 物质的强观测证据；	R2 核素/希腊字母/单位
244	2. 温度修正的偏导基于 log g = 4.0、ξ = 5 km s⁻¹、太阳丰度——对超巨星（log g 2–3.7，ξ 8–23）此近似**很差**，因此超巨星丰度"未修正"本身也是问题；	2. 温度修正的偏导基于 log g = 4.0、$\xi$ = 5 km s⁻¹、太阳丰度——对超巨星（log g 2–3.7，$\xi$ 8–23）此近似**很差**，因此超巨星丰度"未修正"本身也是问题；	R2 核素/希腊字母/单位
54	### Figure 5 — Hβ 轮廓拟合（p.677）	### Figure 5 — H$\beta$ 轮廓拟合（p.677）	R2 核素/希腊字母/单位
56	1. **目的**：展示 Hβ 谱线轮廓随 log g 变化的模型拟合。	1. **目的**：展示 H$\beta$ 谱线轮廓随 log g 变化的模型拟合。	R2 核素/希腊字母/单位
58	3. **关键观察**：Hβ 轮廓宽度对 log g 敏感，是重力测量的可靠指标。	3. **关键观察**：H$\beta$ 轮廓宽度对 log g 敏感，是重力测量的可靠指标。	R2 核素/希腊字母/单位
104	1. **目的**：展示 LTE 与 non-LTE ξ 对比，证明 non-LTE 效应主要影响超巨星。	1. **目的**：展示 LTE 与 non-LTE $\xi$ 对比，证明 non-LTE 效应主要影响超巨星。	R2 核素/希腊字母/单位
105	2. **坐标**：横轴 ξ (LTE) (km s⁻¹)，纵轴 ξ (non-LTE)。	2. **坐标**：横轴 $\xi$ (LTE) (km s⁻¹)，纵轴 $\xi$ (non-LTE)。	R2 核素/希腊字母/单位
108	- 非超巨星：ξ (LTE) ≈ 6, ξ (non-LTE) ≈ 5（接近对角线）；	- 非超巨星：$\xi$ (LTE) ≈ 6, $\xi$ (non-LTE) ≈ 5（接近对角线）；	R2 核素/希腊字母/单位
109	- **超巨星**：ξ (LTE) ≈ 20–25 → ξ (non-LTE) ≈ 5–10（大幅下降）。	- **超巨星**：$\xi$ (LTE) ≈ 20–25 → $\xi$ (non-LTE) ≈ 5–10（大幅下降）。	R2 核素/希腊字母/单位
110	5. **物理意义**：超巨星 LTE ξ 的"超声速"值是 non-LTE 偏离的信号。	5. **物理意义**：超巨星 LTE $\xi$ 的"超声速"值是 non-LTE 偏离的信号。	R2 核素/希腊字母/单位
116	1. **目的**：展示 ξ 随 T_eff 变化。	1. **目的**：展示 $\xi$ 随 T_eff 变化。	R2 核素/希腊字母/单位
117	2. **关键数值**：ξ(NLTE) = 4 km s⁻¹ at 17,000 K → 6 km s⁻¹ at 30,000 K。	2. **关键数值**：$\xi$(NLTE) = 4 km s⁻¹ at 17,000 K → 6 km s⁻¹ at 30,000 K。	R2 核素/希腊字母/单位
124	2. **坐标**：横轴 T_eff (K) 10,000–35,000，纵轴 log ε − log ε(太阳)。	2. **坐标**：横轴 T_eff (K) 10,000–35,000，纵轴 log $\epsilon$ − log $\epsilon$(太阳)。	R2 核素/希腊字母/单位
154	2. **坐标**：横轴 Δ log ε = log ε(本文) − log ε(太阳)；纵轴星数。	2. **坐标**：横轴 $\Delta$ log $\epsilon$ = log $\epsilon$(本文) − log $\epsilon$(太阳)；纵轴星数。	R2 核素/希腊字母/单位
165	2. **坐标**：横轴 non-LTE log ε(N)，纵轴 non-LTE log ε(C)。	2. **坐标**：横轴 non-LTE log $\epsilon$(N)，纵轴 non-LTE log $\epsilon$(C)。	R2 核素/希腊字母/单位
207	2. **坐标**：横轴年龄 ($10^{6}$ yr)，纵轴 N II λ4630 推导的 log ε(N)。	2. **坐标**：横轴年龄 ($10^{6}$ yr)，纵轴 N II $\lambda$4630 推导的 log $\epsilon$(N)。	R2 核素/希腊字母/单位
210	5. **作者解释**：此相关**纯粹是 log g=4、ξ=0 假设导致的伪相关**——演化星 log g 下降 + ξ 增大 → 线变强 → 假定旧 log g、ξ 时推导的丰度假性增大。	5. **作者解释**：此相关**纯粹是 log g=4、$\xi$=0 假设导致的伪相关**——演化星 log g 下降 + $\xi$ 增大 → 线变强 → 假定旧 log g、$\xi$ 时推导的丰度假性增大。	R2 核素/希腊字母/单位
225	- 39 颗星的全参数：HD、HR、常用名、光谱型、[c1]、c⁰、T_eff、log g、V sin i、ξ(LTE)、ξ(NLTE)。	- 39 颗星的全参数：HD、HR、常用名、光谱型、[c1]、c⁰、T_eff、log g、V sin i、$\xi$(LTE)、$\xi$(NLTE)。	R2 核素/希腊字母/单位
239	- 所有线的 log gf、Ref（K/W/A）、Tr、ΓS。	- 所有线的 log gf、Ref（K/W/A）、Tr、$\Gamma$S。	R2 核素/希腊字母/单位
244	- 每颗星的 15 种离子（He I、He II、C II、C III、N II、N III、O II、Ne I、Al III、Si II、Si III、Si IV、S II、Fe II、Fe III）的 log ε、σ、n、Δ 修正。	- 每颗星的 15 种离子（He I、He II、C II、C III、N II、N III、O II、Ne I、Al III、Si II、Si III、Si IV、S II、Fe II、Fe III）的 log $\epsilon$、$\sigma$、n、$\Delta$ 修正。	R2 核素/希腊字母/单位
248	- 10 颗星 N I λλ8680, 8683, 8686 的 EW 与丰度；对多数星不可见（给出上限）。	- 10 颗星 N I $\lambda$$\lambda$8680, 8683, 8686 的 EW 与丰度；对多数星不可见（给出上限）。	R2 核素/希腊字母/单位
260	- 39 颗星的 non-LTE log ε(He)、log ε(C)、log ε(N)、log ε(O)，σ、Δ。	- 39 颗星的 non-LTE log $\epsilon$(He)、log $\epsilon$(C)、log $\epsilon$(N)、log $\epsilon$(O)，$\sigma$、$\Delta$。	R2 核素/希腊字母/单位
266	### Table 11 — NLTE Abundances from Si III λ5739（p.694）	### Table 11 — NLTE Abundances from Si III $\lambda$5739（p.694）	R2 核素/希腊字母/单位
268	- 12 颗星的 non-LTE Si III 丰度（用 Lennon et al. 1986 表）；均值 log ε(Si) = 7.69 ± 0.40。	- 12 颗星的 non-LTE Si III 丰度（用 Lennon et al. 1986 表）；均值 log $\epsilon$(Si) = 7.69 ± 0.40。	R2 核素/希腊字母/单位
276	- 39 颗星用 Maeder & Meynet (1988) 演化轨插值得到的 Age ($10^{6}$ yr)、Mass (M☉)、Radius (R☉)。	- 39 颗星用 Maeder & Meynet (1988) 演化轨插值得到的 Age ($10^{6}$ yr)、Mass ($M_\odot$)、Radius (R☉)。	R2 核素/希腊字母/单位
290	| Fig. 9 | Table 1 | ξ 对比 |	| Fig. 9 | Table 1 | $\xi$ 对比 |	R2 核素/希腊字母/单位
22	| Maeder 1987b (A&A 173, 247) | 理论 | 20–40 M☉ 红巨星前不混合 | ★★ |	| Maeder 1987b (A&A 173, 247) | 理论 | 20–40 $M_\odot$ 红巨星前不混合 | ★★ |	R2 核素/希腊字母/单位
32	| Dufton, Kane & McKeith 1981b | 微湍流偏差 | ξ 高估 1–2.5 km/s 警告 |	| Dufton, Kane & McKeith 1981b | 微湍流偏差 | $\xi$ 高估 1–2.5 km/s 警告 |	R2 核素/希腊字母/单位
33	| Dufton & Hibbert 1981 | Lyubimkov 用 NLTE 表 | 仅 log g=4、ξ=0 |	| Dufton & Hibbert 1981 | Lyubimkov 用 NLTE 表 | 仅 log g=4、$\xi$=0 |	R2 核素/希腊字母/单位
34	| Dufton et al. 1990 | 独立丰度 | h & ι Per 与 Cep OB3 |	| Dufton et al. 1990 | 独立丰度 | h & $ι$ Per 与 Cep OB3 |	R2 核素/希腊字母/单位
35	| Aller & Jugaku 1958 | EW 比较 | γ Peg 摄影谱 |	| Aller & Jugaku 1958 | EW 比较 | $\gamma$ Peg 摄影谱 |	R2 核素/希腊字母/单位
105	| Peters 1976 | γ Peg Al III |	| Peters 1976 | $\gamma$ Peg Al III |	R2 核素/希腊字母/单位
159	| Vogt & Penrod 1983 | η Ori 参数 |	| Vogt & Penrod 1983 | $\eta$ Ori 参数 |	R2 核素/希腊字母/单位
167	1. **靶标层**（反驳对象）：Lyubimkov 四篇 + Dufton & Hibbert 1981 表（其 log g=4、ξ=0 硬假设是被攻击的方法学漏洞）；	1. **靶标层**（反驳对象）：Lyubimkov 四篇 + Dufton & Hibbert 1981 表（其 log g=4、$\xi$=0 硬假设是被攻击的方法学漏洞）；	R2 核素/希腊字母/单位
12	| 然而 | however | adv. | 转折 | "不能确认 Lyubimkov (1984) 关于 N 丰度随演化年龄系统性增大的主张，并证明其主张可用恒星参数固定假设（log g=4, ξ=0）产生的伪相关完美复现。" | 承前（观测方法改进）转后（证伪 Lyubimkov） |	| 然而 | however | adv. | 转折 | "不能确认 Lyubimkov (1984) 关于 N 丰度随演化年龄系统性增大的主张，并证明其主张可用恒星参数固定假设（log g=4, $\xi$=0）产生的伪相关完美复现。" | 承前（观测方法改进）转后（证伪 Lyubimkov） |	R2 核素/希腊字母/单位
13	| 因此 | therefore / consequently | adv. | 因果 | "忽略这两个变化会**导致推导的 N 丰度随年龄'假性'增加**。" | log g 下降 + ξ 增大 → 假性 N 丰度增长 |	| 因此 | therefore / consequently | adv. | 因果 | "忽略这两个变化会**导致推导的 N 丰度随年龄'假性'增加**。" | log g 下降 + $\xi$ 增大 → 假性 N 丰度增长 |	R2 核素/希腊字母/单位
14	| 从而 | thereby | adv. | 因果(由此) | "用**自己**的观测数据 + Lyubimkov 的方法学假设（log g=4, ξ=0）复现其相关性，证明是伪相关——这比'用新数据反驳'强得多" | 用同一数据复现 → 证明伪相关 |	| 从而 | thereby | adv. | 因果(由此) | "用**自己**的观测数据 + Lyubimkov 的方法学假设（log g=4, $\xi$=0）复现其相关性，证明是伪相关——这比'用新数据反驳'强得多" | 用同一数据复现 → 证明伪相关 |	R2 核素/希腊字母/单位
21	| 于是 | consequently | adv. | 因果 | "演化到 log g=3.5 → 假增 0.32 dex；ξ=5 → 假增 0.22 dex；组合 log g=3.5 + ξ=10 → 假增 **0.90 dex**。" | 参数变化的量化后果 |	| 于是 | consequently | adv. | 因果 | "演化到 log g=3.5 → 假增 0.32 dex；$\xi$=5 → 假增 0.22 dex；组合 log g=3.5 + $\xi$=10 → 假增 **0.90 dex**。" | 参数变化的量化后果 |	R2 核素/希腊字母/单位
23	| 换言之 | namely | phrase | 举例 | "丰度标准标度：ε(X) = n(X)/n(H)，且 log ε(H) = 12.0" | 定义展开 |	| 换言之 | namely | phrase | 举例 | "丰度标准标度：$\epsilon$(X) = n(X)/n(H)，且 log $\epsilon$(H) = 12.0" | 定义展开 |	R2 核素/希腊字母/单位
24	| 总之 | overall | adv. | 结论 | "非超巨星 CNO ≈ 太阳丰度：log ε(C)≈8.15, log ε(N)≈8.15, log ε(O)≈8.80, log ε(He)≈11.00" | 总结丰度数值 |	| 总之 | overall | adv. | 结论 | "非超巨星 CNO ≈ 太阳丰度：log $\epsilon$(C)≈8.15, log $\epsilon$(N)≈8.15, log $\epsilon$(O)≈8.80, log $\epsilon$(He)≈11.00" | 总结丰度数值 |	R2 核素/希腊字母/单位
49	| log ε(X) | 天文对数丰度 log(N_X/N_H)+12 | 30+ | §1.4 |	| log $\epsilon$(X) | 天文对数丰度 log(N_X/N_H)+12 | 30+ | §1.4 |	R2 核素/希腊字母/单位
50	| microturbulence (ξ) | 微湍流 | 15+ | §5 |	| microturbulence ($\xi$) | 微湍流 | 15+ | §5 |	R2 核素/希腊字母/单位
54	| Strömgren photometry | Strömgren 测光（u,v,b,y,c1,β） | 8+ | §3 |	| Strömgren photometry | Strömgren 测光（u,v,b,y,c1,$\beta$） | 8+ | §3 |	R2 核素/希腊字母/单位
56	| Hβ profile | Hβ 线轮廓 | 4 | §3 |	| H$\beta$ profile | H$\beta$ 线轮廓 | 4 | §3 |	R2 核素/希腊字母/单位
78	| ρ Leo (HD 91316) | 本文最 N 富集星 | 10+ | §7.3 |	| $\rho$ Leo (HD 91316) | 本文最 N 富集星 | 10+ | §7.3 |	R2 核素/希腊字母/单位
92	> "用**自己**的观测数据 + Lyubimkov 的方法学假设（log g=4, ξ=0）复现其相关性，证明是伪相关——这比'用新数据反驳'强得多"	> "用**自己**的观测数据 + Lyubimkov 的方法学假设（log g=4, $\xi$=0）复现其相关性，证明是伪相关——这比'用新数据反驳'强得多"	R2 核素/希腊字母/单位
98	**翻译**：利用本文自身的观测数据，配合 Lyubimkov 的方法学固定假设（log g = 4、ξ = 0 km s⁻¹），我们复现了他所声称的 N 丰度随年龄增大的相关性，并由此证明该相关性本质上是伪相关——这种"自证性"的反驳比单纯用新数据去反驳更有说服力。	**翻译**：利用本文自身的观测数据，配合 Lyubimkov 的方法学固定假设（log g = 4、$\xi$ = 0 km s⁻¹），我们复现了他所声称的 N 丰度随年龄增大的相关性，并由此证明该相关性本质上是伪相关——这种"自证性"的反驳比单纯用新数据去反驳更有说服力。	R2 核素/希腊字母/单位
104	> "log g = 4 → 3.5 使 N II λ4630 EW 从 57→75 mÅ，假增丰度 0.32 dex；log g = 3.5 + ξ = 10 组合 → 假增 **0.90 dex**。"	> "log g = 4 → 3.5 使 N II $\lambda$4630 EW 从 57→75 mÅ，假增丰度 0.32 dex；log g = 3.5 + $\xi$ = 10 组合 → 假增 **0.90 dex**。"	R2 核素/希腊字母/单位
106	**主干**：演化恒星 log g 下降 + ξ 增大 → 线变强 → 若固定 log g=4、ξ=0 推导，则丰度"假性"增加。	**主干**：演化恒星 log g 下降 + $\xi$ 增大 → 线变强 → 若固定 log g=4、$\xi$=0 推导，则丰度"假性"增加。	R2 核素/希腊字母/单位
110	**翻译**：当演化星从 log g = 4 变到 log g = 3.5 时，N II λ4630 线的等值宽度从 57 mÅ 增至 75 mÅ；若此时仍固定 log g = 4 推导丰度，会造成 0.32 dex 的假性增量；若同时假设 ξ 从 0 增至 10 km s⁻¹，等值宽度升至 88 mÅ，假性增量高达 0.90 dex。	**翻译**：当演化星从 log g = 4 变到 log g = 3.5 时，N II $\lambda$4630 线的等值宽度从 57 mÅ 增至 75 mÅ；若此时仍固定 log g = 4 推导丰度，会造成 0.32 dex 的假性增量；若同时假设 $\xi$ 从 0 增至 10 km s⁻¹，等值宽度升至 88 mÅ，假性增量高达 0.90 dex。	R2 核素/希腊字母/单位
128	> "ρ Leo 观测：He 略高、C 略低、O 近均值——**定量匹配 CN-cycle 部分混合**。"	> "$\rho$ Leo 观测：He 略高、C 略低、O 近均值——**定量匹配 CN-cycle 部分混合**。"	R2 核素/希腊字母/单位
130	**主干**：ρ Leo 的 He/C/O 变化与 Maeder & Meynet 预测定量匹配 → 证明 CN-cycle 部分混合。	**主干**：$\rho$ Leo 的 He/C/O 变化与 Maeder & Meynet 预测定量匹配 → 证明 CN-cycle 部分混合。	R2 核素/希腊字母/单位
134	**翻译**：ρ Leo (HD 91316) 的观测值显示氦略高于均值、碳略低于均值、氧接近均值——这三个方向的偏差与 Maeder & Meynet (1988) 演化模型预测的 CN-cycle 部分混合定量一致。	**翻译**：$\rho$ Leo (HD 91316) 的观测值显示氦略高于均值、碳略低于均值、氧接近均值——这三个方向的偏差与 Maeder & Meynet (1988) 演化模型预测的 CN-cycle 部分混合定量一致。	R2 核素/希腊字母/单位
13	[FACT] Gies & Lambert (1992) 用 McDonald 2.1 m 高质量 Reticon 光谱对 39 颗早 B 星做双通道（Kurucz-LTE / Becker & Butler non-LTE）CNO 丰度分析，发现非超巨星 B 星丰度 ≈ 太阳 ≈ Orion 星云丰度，仅少数非超巨星和全部 5 颗超巨星显示 CN-cycled 部分混合的 N 富集特征；**不能**确认 Lyubimkov 关于 N 随演化年龄系统性增大的主张，并证明其主张可用"恒星参数固定假设（log g=4, ξ=0）"产生的伪相关完美复现。	[FACT] Gies & Lambert (1992) 用 McDonald 2.1 m 高质量 Reticon 光谱对 39 颗早 B 星做双通道（Kurucz-LTE / Becker & Butler non-LTE）CNO 丰度分析，发现非超巨星 B 星丰度 ≈ 太阳 ≈ Orion 星云丰度，仅少数非超巨星和全部 5 颗超巨星显示 CN-cycled 部分混合的 N 富集特征；**不能**确认 Lyubimkov 关于 N 随演化年龄系统性增大的主张，并证明其主张可用"恒星参数固定假设（log g=4, $\xi$=0）"产生的伪相关完美复现。	R2 核素/希腊字母/单位
34	| T_eff / log g | Strömgren [c1] 与 Balona c⁰ 双校准 + Hβ 轮廓迭代；Kurucz LTE 大气；Code et al. 1976 归一 |	| T_eff / log g | Strömgren [c1] 与 Balona c⁰ 双校准 + H$\beta$ 轮廓迭代；Kurucz LTE 大气；Code et al. 1976 归一 |	R2 核素/希腊字母/单位
35	| V sin i | Cross-correlation vs γ Peg；HD 35299 零旋转基准；Gray (1976) 旋转展宽轮廓 |	| V sin i | Cross-correlation vs $\gamma$ Peg；HD 35299 零旋转基准；Gray (1976) 旋转展宽轮廓 |	R2 核素/希腊字母/单位
38	| 微湍流 ξ | log ε vs EW 斜率 = 0 |	| 微湍流 $\xi$ | log $\epsilon$ vs EW 斜率 = 0 |	R2 核素/希腊字母/单位
39	| 温度修正 | ΔT = f·T_eff，f = 0.034 ± 0.015 |	| 温度修正 | $\Delta$T = f·T_eff，f = 0.034 ± 0.015 |	R2 核素/希腊字母/单位
49	- **log ε(He)** ≈ 11.00 ± 0.11（29 星）—— 与太阳一致	- **log $\epsilon$(He)** ≈ 11.00 ± 0.11（29 星）—— 与太阳一致	R2 核素/希腊字母/单位
50	- **log ε(C)** ≈ 8.15 — 略低于太阳（8.4），与 Orion Nebula 一致	- **log $\epsilon$(C)** ≈ 8.15 — 略低于太阳（8.4），与 Orion Nebula 一致	R2 核素/希腊字母/单位
51	- **log ε(N)** ≈ 8.15 — 略低于太阳（8.4），与 Orion Nebula 一致	- **log $\epsilon$(N)** ≈ 8.15 — 略低于太阳（8.4），与 Orion Nebula 一致	R2 核素/希腊字母/单位
52	- **log ε(O)** ≈ 8.80 — 与太阳（8.69）一致	- **log $\epsilon$(O)** ≈ 8.80 — 与太阳（8.69）一致	R2 核素/希腊字母/单位
54	[FACT] 8 颗 Orion 关联星直接对比 Baldwin et al. (1991)：Δ log ε ≈ 0（He −0.01、C −0.10、N −0.28、O +0.07）。	[FACT] 8 颗 Orion 关联星直接对比 Baldwin et al. (1991)：$\Delta$ log $\epsilon$ ≈ 0（He −0.01、C −0.10、N −0.28、O +0.07）。	R2 核素/希腊字母/单位
58	[FACT] 用本文自身数据 + Lyubimkov 的**固定假设**（log g=4, ξ=0）重演：	[FACT] 用本文自身数据 + Lyubimkov 的**固定假设**（log g=4, $\xi$=0）重演：	R2 核素/希腊字母/单位
61	- 效应量化：演化到 log g=3.5 → 假增 0.32 dex；ξ=5 → 假增 0.22 dex；组合 log g=3.5 + ξ=10 → 假增 **0.90 dex**。	- 效应量化：演化到 log g=3.5 → 假增 0.32 dex；$\xi$=5 → 假增 0.22 dex；组合 log g=3.5 + $\xi$=10 → 假增 **0.90 dex**。	R2 核素/希腊字母/单位
65	[FACT] ρ Leo (HD 91316) 最 N 富集：+0.76 (LTE) / +0.60 (NLTE) dex。	[FACT] $\rho$ Leo (HD 91316) 最 N 富集：+0.76 (LTE) / +0.60 (NLTE) dex。	R2 核素/希腊字母/单位
67	[FACT] ρ Leo 观测：He 略高、C 略低、O 近均值——**定量匹配 CN-cycle 部分混合**。	[FACT] $\rho$ Leo 观测：He 略高、C 略低、O 近均值——**定量匹配 CN-cycle 部分混合**。	R2 核素/希腊字母/单位
81	3. **对 Lyubimkov 的"自证性"反证**：用**自己**的观测数据 + Lyubimkov 的方法学假设（log g=4, ξ=0）复现其相关性，证明是伪相关——这比"用新数据反驳"强得多；	3. **对 Lyubimkov 的"自证性"反证**：用**自己**的观测数据 + Lyubimkov 的方法学假设（log g=4, $\xi$=0）复现其相关性，证明是伪相关——这比"用新数据反驳"强得多；	R2 核素/希腊字母/单位
82	4. **CN-cycle 定量匹配**：对 ρ Leo 用 Maeder & Meynet 演化轨预测与观测的 He/C/N/O 变化做定量匹配，为部分混合的观测证据；	4. **CN-cycle 定量匹配**：对 $\rho$ Leo 用 Maeder & Meynet 演化轨预测与观测的 He/C/N/O 变化做定量匹配，为部分混合的观测证据；	R2 核素/希腊字母/单位
90	2. **He 丰度幂律近似的局限**：式 (5) β≈0.5 幂律在超巨星（He 显著富集）时不再准确；超巨星 He 富集幅度**不确定度大**；	2. **He 丰度幂律近似的局限**：式 (5) $\beta$≈0.5 幂律在超巨星（He 显著富集）时不再准确；超巨星 He 富集幅度**不确定度大**；	R2 核素/希腊字母/单位
92	4. **Si II 丰度异常未解**：log ε(Si II) = 6.86，显著低于 Si III/IV（~7.5）；non-LTE 也未改善；	4. **Si II 丰度异常未解**：log $\epsilon$(Si II) = 6.86，显著低于 Si III/IV（~7.5）；non-LTE 也未改善；	R2 核素/希腊字母/单位
102	1. **Lyubimkov (1984) 主张**：13–20 M☉ B 星 log ε(N) 从 7.6 → 8.6 在 <$10^{7}$ yr（d log ε(N)/dt = 0.15 dex per $10^{6}$ yr）——**后来被本文证伪**。	1. **Lyubimkov (1984) 主张**：13–20 $M_\odot$ B 星 log $\epsilon$(N) 从 7.6 → 8.6 在 <$10^{7}$ yr（d log $\epsilon$(N)/dt = 0.15 dex per $10^{6}$ yr）——**后来被本文证伪**。	R2 核素/希腊字母/单位
104	3. **非超巨星 CNO ≈ 太阳丰度**：log ε(C)≈8.15, log ε(N)≈8.15, log ε(O)≈8.80, log ε(He)≈11.00。	3. **非超巨星 CNO ≈ 太阳丰度**：log $\epsilon$(C)≈8.15, log $\epsilon$(N)≈8.15, log $\epsilon$(O)≈8.80, log $\epsilon$(He)≈11.00。	R2 核素/希腊字母/单位
105	4. **温度修正 f = 0.034**：ΔT_eff = 0.034 × T_eff，使本文 T_eff 与 Kilian et al. 1991a 一致。	4. **温度修正 f = 0.034**：$\Delta$T_eff = 0.034 × T_eff，使本文 T_eff 与 Kilian et al. 1991a 一致。	R2 核素/希腊字母/单位
107	6. **微湍流**：⟨ξ(LTE)⟩ = 6.2 (非超巨星) / 23 km s⁻¹ (超巨星，超声速)；⟨ξ(NLTE)⟩ = 5.0 / 8.9 km s⁻¹。	6. **微湍流**：⟨$\xi$(LTE)⟩ = 6.2 (非超巨星) / 23 km s⁻¹ (超巨星，超声速)；⟨$\xi$(NLTE)⟩ = 5.0 / 8.9 km s⁻¹。	R2 核素/希腊字母/单位
108	7. **弱线抗微湍流**：N II λ5007 弱线对 Δξ=5 km s⁻¹ 的丰度误差仅 0.10 dex（强线 N II λ4630 为 0.21 dex）。	7. **弱线抗微湍流**：N II $\lambda$5007 弱线对 $\Delta$$\xi$=5 km s⁻¹ 的丰度误差仅 0.10 dex（强线 N II $\lambda$4630 为 0.21 dex）。	R2 核素/希腊字母/单位
109	8. **超巨星 LTE ξ=23 是 non-LTE 偏离的信号**，不是真实微湍流。	8. **超巨星 LTE $\xi$=23 是 non-LTE 偏离的信号**，不是真实微湍流。	R2 核素/希腊字母/单位
110	9. **Lyubimkov 假象的量化**：log g=4→3.5 使 N II λ4630 EW 从 57→75 mÅ，假增丰度 0.32 dex；log g=3.5 + ξ=10 组合 → 假增 **0.90 dex**。	9. **Lyubimkov 假象的量化**：log g=4→3.5 使 N II $\lambda$4630 EW 从 57→75 mÅ，假增丰度 0.32 dex；log g=3.5 + $\xi$=10 组合 → 假增 **0.90 dex**。	R2 核素/希腊字母/单位
112	11. **ρ Leo (HD 91316)**：最 N 富集（+0.60 NLTE），其 He/C/O 变化与 Maeder & Meynet 预测定量匹配 → **CN-cycle 部分混合**。	11. **$\rho$ Leo (HD 91316)**：最 N 富集（+0.60 NLTE），其 He/C/O 变化与 Maeder & Meynet 预测定量匹配 → **CN-cycle 部分混合**。	R2 核素/希腊字母/单位
114	13. **Orion 星云直接对比**（8 星）：Δ log ε ≈ 0 在测量不确定度内 → 年轻 B 星丰度 ≈ 电离气体丰度。	13. **Orion 星云直接对比**（8 星）：$\Delta$ log $\epsilon$ ≈ 0 在测量不确定度内 → 年轻 B 星丰度 ≈ 电离气体丰度。	R2 核素/希腊字母/单位
115	14. **Si II 丰度异常**：log ε(Si II) = 6.86 显著低于 Si III/IV (~7.5)；用 non-LTE 也未改善。	14. **Si II 丰度异常**：log $\epsilon$(Si II) = 6.86 显著低于 Si III/IV (~7.5)；用 non-LTE 也未改善。	R2 核素/希腊字母/单位
144	1. **CN-cycle 平衡态的观测标尺**：ρ Leo 等 N-rich 星的 He/C/N/O 丰度比给出了 CN-cycle 部分混合的观测参照；	1. **CN-cycle 平衡态的观测标尺**：$\rho$ Leo 等 N-rich 星的 He/C/N/O 丰度比给出了 CN-cycle 部分混合的观测参照；	R2 核素/希腊字母/单位
174	| 早 B 星 log ε(He) | 11.00 ± 0.11 |	| 早 B 星 log $\epsilon$(He) | 11.00 ± 0.11 |	R2 核素/希腊字母/单位
175	| 早 B 星 log ε(C) | 8.15 |	| 早 B 星 log $\epsilon$(C) | 8.15 |	R2 核素/希腊字母/单位
176	| 早 B 星 log ε(N) | 8.15 |	| 早 B 星 log $\epsilon$(N) | 8.15 |	R2 核素/希腊字母/单位
177	| 早 B 星 log ε(O) | 8.80 |	| 早 B 星 log $\epsilon$(O) | 8.80 |	R2 核素/希腊字母/单位
178	| 早 B 星 log ε(Ne) | 8.41 ± 0.13 |	| 早 B 星 log $\epsilon$(Ne) | 8.41 ± 0.13 |	R2 核素/希腊字母/单位
179	| 早 B 星 log ε(Al) | ~6.5 |	| 早 B 星 log $\epsilon$(Al) | ~6.5 |	R2 核素/希腊字母/单位
180	| 早 B 星 log ε(Si) (Si III) | 7.69 ± 0.40 |	| 早 B 星 log $\epsilon$(Si) (Si III) | 7.69 ± 0.40 |	R2 核素/希腊字母/单位
181	| 温度尺度修正 | ΔT/T = 0.034 |	| 温度尺度修正 | $\Delta$T/T = 0.034 |	R2 核素/希腊字母/单位
187	- 用**删选规则**（EW 阈值、>2σ 离群值、电离态-温度一致性）剔除可疑数据；	- 用**删选规则**（EW 阈值、>2$\sigma$ 离群值、电离态-温度一致性）剔除可疑数据；	R2 核素/希腊字母/单位
195	| 微湍流 | log ε vs EW 斜率 | 加权平均 ξ |	| 微湍流 | log $\epsilon$ vs EW 斜率 | 加权平均 $\xi$ |	R2 核素/希腊字母/单位
203	- 若研究**大质量恒星旋转混合**，本文的 N-rich 星（尤其 ρ Leo）是观测参照；	- 若研究**大质量恒星旋转混合**，本文的 N-rich 星（尤其 $\rho$ Leo）是观测参照；	R2 核素/希腊字母/单位
207	- 若研究**CN-cycle 观测诊断**，本文的 C/N 反相关（图 16）与 He/C/N/O 定量变化（ρ Leo 案例）是经典参照。	- 若研究**CN-cycle 观测诊断**，本文的 C/N 反相关（图 16）与 He/C/N/O 定量变化（$\rho$ Leo 案例）是经典参照。	R2 核素/希腊字母/单位
152	| Ω_b h²（CMB, Burles 2001） | 0.020 ± 0.002 (95% CL) | Burles, Nollett & Turner 2001 |	| $\Omega$_b h²（CMB, Burles 2001） | 0.020 ± 0.002 (95% CL) | Burles, Nollett & Turner 2001 |	R2 核素/希腊字母/单位
153	| Ω_b h²（WMAP） | 0.02264 ± 0.00050 (68%) | Hinshaw et al. 2013 |	| $\Omega$_b h²（WMAP） | 0.02264 ± 0.00050 (68%) | Hinshaw et al. 2013 |	R2 核素/希腊字母/单位
154	| Ω_b h²（Planck） | 0.02225 ± 0.00016（<1% 精度） | Ade et al. 2015 |	| $\Omega$_b h²（Planck） | 0.02225 ± 0.00016（<1% 精度） | Ade et al. 2015 |	R2 核素/希腊字母/单位
157	| WIMP 湮灭截面 | σv ~ $10^{-26}$ cm³/s | Steigman & Turner 1985 |	| WIMP 湮灭截面 | $\sigma$v ~ $10^{-26}$ cm³/s | Steigman & Turner 1985 |	R2 核素/希腊字母/单位
160	| 中微子质量上限（Lubimov 1980 氚 β 衰变） | ~30 eV（后被推翻） | Lubimov et al. 1980 |	| 中微子质量上限（Lubimov 1980 氚 $\beta$ 衰变） | ~30 eV（后被推翻） | Lubimov et al. 1980 |	R2 核素/希腊字母/单位
165	| ADMX 首次探测质量 | 1.9–3.3 μeV | Asztalos et al. 2004 |	| ADMX 首次探测质量 | 1.9–3.3 $\mu$eV | Asztalos et al. 2004 |	R2 核素/希腊字母/单位
172	| 银心 GeV γ 超量 | 与 ~50 GeV DM 湮灭一致 | Goodenough-Hooper 2009；Daylan et al. 2014 |	| 银心 GeV $\gamma$ 超量 | 与 ~50 GeV DM 湮灭一致 | Goodenough-Hooper 2009；Daylan et al. 2014 |	R2 核素/希腊字母/单位
87	- [FACT] Kapteyn-Jeans-Lindblad-Öpik-Oort 的一系列工作是现代**太阳邻域暗物质密度测量**（ρ_⊙）的奠基；**此量至今仍是直接探测实验的关键输入**（详见 Sec IV.C 与 Sec IX）。	- [FACT] Kapteyn-Jeans-Lindblad-Öpik-Oort 的一系列工作是现代**太阳邻域暗物质密度测量**（$\rho$_⊙）的奠基；**此量至今仍是直接探测实验的关键输入**（详见 Sec IV.C 与 Sec IX）。	R2 核素/希腊字母/单位
97	其中 σ_v 为速度弥散，r 为系统特征尺度。恒星作为"气体"，其弥散决定引力质量；若引力质量 > 恒星质量之和，差额即为"暗物质"。	其中 $\sigma$_v 为速度弥散，r 为系统特征尺度。恒星作为"气体"，其弥散决定引力质量；若引力质量 > 恒星质量之和，差额即为"暗物质"。	R2 核素/希腊字母/单位
27	> "According to the present estimates the average density of dark matter in our galaxy (ρ_g) and throughout the rest of the universe (ρ_u) are in the ratio ρ_g/ρ_u > 100 000."	> "According to the present estimates the average density of dark matter in our galaxy ($\rho$_g) and throughout the rest of the universe ($\rho$_u) are in the ratio $\rho$_g/$\rho$_u > 100 000."	R2 核素/希腊字母/单位
114	其中 R 为系统半径、σ_v 为速度弥散、G 为引力常数。	其中 R 为系统半径、$\sigma$_v 为速度弥散、G 为引力常数。	R2 核素/希腊字母/单位
70	| 1946, 1948 | Gamow；Alpher-Bethe-Gamow ("α-β-γ" 论文) —— 原初中子捕获 |	| 1946, 1948 | Gamow；Alpher-Bethe-Gamow ("$\alpha$-$\beta$-$\gamma$" 论文) —— 原初中子捕获 |	R2 核素/希腊字母/单位
72	| 1957 | Burbidge-Burbidge-Fowler-Hoyle (B²FH) 经典综述 —— 恒星核合成主导 |	| 1957 | Burbidge-Burbidge-Fowler-Hoyle (B$^2$FH) 经典综述 —— 恒星核合成主导 |	R2 核素/希腊字母/单位
75	| 1973 | Reeves-Audouze-Fowler-Schramm 首次用观测轻元素丰度给出 Ω_b ≲ 0.1 Ω_crit |	| 1973 | Reeves-Audouze-Fowler-Schramm 首次用观测轻元素丰度给出 $\Omega$_b ≲ 0.1 $\Omega$_crit |	R2 核素/希腊字母/单位
77	| 2001 | Burles-Nollett-Turner：Ω_b h² = **0.020 ± 0.002**（95% CL） |	| 2001 | Burles-Nollett-Turner：$\Omega$_b h² = **0.020 ± 0.002**（95% CL） |	R2 核素/希腊字母/单位
78	| 2013 | WMAP 9 年：Ω_b h² = **0.02264 ± 0.00050**（68% CL） |	| 2013 | WMAP 9 年：$\Omega$_b h² = **0.02264 ± 0.00050**（68% CL） |	R2 核素/希腊字母/单位
79	| 2015 | Planck：Ω_b h² = **0.02225 ± 0.00016**（<1% 精度） |	| 2015 | Planck：$\Omega$_b h² = **0.02225 ± 0.00016**（<1% 精度） |	R2 核素/希腊字母/单位
90	- [FACT] 结合 Hawking 辐射 γ 射线约束 + 微透镜 null results，可接受质量范围 **$10^{14}$ – $10^{23}$ kg**。	- [FACT] 结合 Hawking 辐射 $\gamma$ 射线约束 + 微透镜 null results，可接受质量范围 **$10^{14}$ – $10^{23}$ kg**。	R2 核素/希腊字母/单位
65	- [FACT] **Tully-Fisher 关系** L ∝ V_rot^α，α ≈ 4；MOND 若假设共同 M/L，**精确**预测 α = 4（McGaugh et al. 2000）。	- [FACT] **Tully-Fisher 关系** L ∝ V_rot^$\alpha$，$\alpha$ ≈ 4；MOND 若假设共同 M/L，**精确**预测 $\alpha$ = 4（McGaugh et al. 2000）。	R2 核素/希腊字母/单位
70	- [FACT] Sanders 2003, 2007；Angus et al. 2007 建议若**中微子质量 ~1-2 eV**（接近 β 衰变上限），可作为星系团剩余质量。	- [FACT] Sanders 2003, 2007；Angus et al. 2007 建议若**中微子质量 ~1-2 eV**（接近 $\beta$ 衰变上限），可作为星系团剩余质量。	R2 核素/希腊字母/单位
93	| α (Tully-Fisher) | ≈ 4（观测）；4（MOND 精确预测） | 旋涡星系关系 |	| $\alpha$ (Tully-Fisher) | ≈ 4（观测）；4（MOND 精确预测） | 旋涡星系关系 |	R2 核素/希腊字母/单位
95	| 大质量中微子 m_ν | ~1-2 eV | 缓解星系团问题 |	| 大质量中微子 m_$\nu$ | ~1-2 eV | 缓解星系团问题 |	R2 核素/希腊字母/单位
100	- [CRITIQUE] MOND 的一个**深度问题**是其 $a_{0}$ 在量级上近似 g ≈ $cH_{0/2}$π —— 这是与**宇宙学常数**（Λ ≈ $10^{-122}$）同量级的**巧合常数**，暗示 MOND 可能与暗能量有深层联系，但目前未建立严格理论。	- [CRITIQUE] MOND 的一个**深度问题**是其 $a_{0}$ 在量级上近似 g ≈ $cH_{0/2}$$\pi$ —— 这是与**宇宙学常数**（$\Lambda$ ≈ $10^{-122}$）同量级的**巧合常数**，暗示 MOND 可能与暗能量有深层联系，但目前未建立严格理论。	R2 核素/希腊字母/单位
28	| 1966 | Gershtein & Zeldovich | 首次讨论宇宙学中中微子；基于 CMB 3 K；ν_e, ν_μ 热遗迹；**m_ν ≲ 400 eV** |	| 1966 | Gershtein & Zeldovich | 首次讨论宇宙学中中微子；基于 CMB 3 K；$\nu$_e, $\nu$_$\mu$ 热遗迹；**m_$\nu$ ≲ 400 eV** |	R2 核素/希腊字母/单位
29	| 1972 | Cowsik & McClelland | 类似方法，单种 Dirac ν **m_ν ≲ 8 eV**（Marx-Szalay 1972 独立） |	| 1972 | Cowsik & McClelland | 类似方法，单种 Dirac $\nu$ **m_$\nu$ ≲ 8 eV**（Marx-Szalay 1972 独立） |	R2 核素/希腊字母/单位
30	| 1976 | Szalay & Marx | 讨论 ~10 eV ν 可构成缺失质量 |	| 1976 | Szalay & Marx | 讨论 ~10 eV $\nu$ 可构成缺失质量 |	R2 核素/希腊字母/单位
32	| 1977（一周后） | Lee & Weinberg | 类似下界 m_ν > 2 GeV；末句首次暗示重 ν 可闭合宇宙 |	| 1977（一周后） | Lee & Weinberg | 类似下界 m_$\nu$ > 2 GeV；末句首次暗示重 $\nu$ 可闭合宇宙 |	R2 核素/希腊字母/单位
37	| 1980 | Lubimov et al. | 氚 β 衰变测 **m(ν̄_e) ≈ 30 eV**（后被推翻） |	| 1980 | Lubimov et al. | 氚 $\beta$ 衰变测 **m($\nu$̄_e) ≈ 30 eV**（后被推翻） |	R2 核素/希腊字母/单位
48	- [FACT] 1983 年后中微子作为暗物质主流候选被放弃；τ 中微子（质量未测到 2000 年）除外。	- [FACT] 1983 年后中微子作为暗物质主流候选被放弃；$\tau$ 中微子（质量未测到 2000 年）除外。	R2 核素/希腊字母/单位
95	| 1983 | Ellis et al. (Phys. Lett. B) | 脚注：可施加更严缺失质量约束 ρ_χ ≤ 2×$10^{-30}$ (Ωh²) g/cm³ |	| 1983 | Ellis et al. (Phys. Lett. B) | 脚注：可施加更严缺失质量约束 $\rho$_$\chi$ ≤ 2×$10^{-30}$ ($\Omega$h²) g/cm³ |	R2 核素/希腊字母/单位
106	- [FACT] 若 Θ̄ ~ O(1)，中子电偶极矩应为实验上限 ~$10^{10}$ 倍。	- [FACT] 若 $\Theta$̄ ~ O(1)，中子电偶极矩应为实验上限 ~$10^{10}$ 倍。	R2 核素/希腊字母/单位
107	- [FACT] 实验要求 **|Θ̄| ≲ $10^{-10}$** —— 极度精细调节。	- [FACT] 实验要求 **|$\Theta$̄| ≲ $10^{-10}$** —— 极度精细调节。	R2 核素/希腊字母/单位
111	- [FACT] Peccei-Quinn 1977a,b：引入自发破缺的整体 **U(1)** 对称性，动态把 Θ̄ 推向零。	- [FACT] Peccei-Quinn 1977a,b：引入自发破缺的整体 **U(1)** 对称性，动态把 $\Theta$̄ 推向零。	R2 核素/希腊字母/单位
121	| 稀有介子衰变 K⁺→π⁺a, J/ψ→γa | m_a > ~10 keV | 综述 |	| 稀有介子衰变 K⁺→$\pi$⁺a, J/$\psi$→$\gamma$a | m_a > ~10 keV | 综述 |	R2 核素/希腊字母/单位
129	- [FACT] **失配机制**（misalignment）：PQ 场初始值为大值，当 T ~ λ_QCD 时场滚动到极小值，能量转换为轴子（Abbott-Sikivie 1983；Dine-Fischler 1983；Preskill-Wise-Wilczek 1983）。典型初始条件给出 m_a ~ $10^{-5}$ eV 时密度约等于暗物质密度。	- [FACT] **失配机制**（misalignment）：PQ 场初始值为大值，当 T ~ $\lambda$_QCD 时场滚动到极小值，能量转换为轴子（Abbott-Sikivie 1983；Dine-Fischler 1983；Preskill-Wise-Wilczek 1983）。典型初始条件给出 m_a ~ $10^{-5}$ eV 时密度约等于暗物质密度。	R2 核素/希腊字母/单位
132	- [FACT] 若暴胀在 PQ 破缺**之后**，可能存在**人择解释**（Linde 1991；Wilczek 2004；Tegmark et al. 2006）——Θ̄ 初始值 ~ O(1) 区域轴子密度过高、空间快速收缩；稀有 Θ̄ ≪1 区域允许宇宙膨胀，生命存在于此 → 我们必然观测到"暗物质相当的轴子密度"。	- [FACT] 若暴胀在 PQ 破缺**之后**，可能存在**人择解释**（Linde 1991；Wilczek 2004；Tegmark et al. 2006）——$\Theta$̄ 初始值 ~ O(1) 区域轴子密度过高、空间快速收缩；稀有 $\Theta$̄ ≪1 区域允许宇宙膨胀，生命存在于此 → 我们必然观测到"暗物质相当的轴子密度"。	R2 核素/希腊字母/单位
158	| m_χ > ~1–100 keV | 冷暗物质下界（避免退耦为热暗物质） |	| m_$\chi$ > ~1–100 keV | 冷暗物质下界（避免退耦为热暗物质） |	R2 核素/希腊字母/单位
159	| σv ≈ $10^{-26}$ cm³/s | 热遗迹丰度匹配 Ω_DM h² ≈ 0.12 的截面 |	| $\sigma$v ≈ $10^{-26}$ cm³/s | 热遗迹丰度匹配 $\Omega$_DM h² ≈ 0.12 的截面 |	R2 核素/希腊字母/单位
160	| Ωh² ≈ 0.1 / (σv) [近似] | WIMP 热遗迹丰度公式（Griest-Seckel） |	| $\Omega$h² ≈ 0.1 / ($\sigma$v) [近似] | WIMP 热遗迹丰度公式（Griest-Seckel） |	R2 核素/希腊字母/单位
45	- [FACT] 星系团观测暗示 Ω_m 远不足以闭合宇宙（White et al. 1993）。	- [FACT] 星系团观测暗示 $\Omega$_m 远不足以闭合宇宙（White et al. 1993）。	R2 核素/希腊字母/单位
94	- [CRITIQUE] 2018 年时暗能量 + CDM 的 ΛCDM 范式已成标准宇宙学模型；作者未花篇幅讨论 ΛCDM 自身的理论困难（如**巧合问题**、**宇宙学常数问题**）。	- [CRITIQUE] 2018 年时暗能量 + CDM 的 $\Lambda$CDM 范式已成标准宇宙学模型；作者未花篇幅讨论 $\Lambda$CDM 自身的理论困难（如**巧合问题**、**宇宙学常数问题**）。	R2 核素/希腊字母/单位
102	| CDM 冷暗物质密度参数 | Ω_c h² ≈ 0.12（文中未直接给，可从 Ω_b 对比得） | 综述 |	| CDM 冷暗物质密度参数 | $\Omega$_c h² ≈ 0.12（文中未直接给，可从 $\Omega$_b 对比得） | 综述 |	R2 核素/希腊字母/单位
15	2. **间接探测**（annihilation and decay）——在宇宙/太阳中湮灭/衰变产生 γ、ν、e⁺、p̄	2. **间接探测**（annihilation and decay）——在宇宙/太阳中湮灭/衰变产生 $\gamma$、$\nu$、e⁺、p̄	R2 核素/希腊字母/单位
25	- [FACT] Drukier-Stodolsky 1984（Phys. Rev. D 30, 2295）首提中微子弹性散射核探测 → **超导颗粒探测器**（~μm 尺度超导颗粒，近 T_c 温度）。	- [FACT] Drukier-Stodolsky 1984（Phys. Rev. D 30, 2295）首提中微子弹性散射核探测 → **超导颗粒探测器**（~$\mu$m 尺度超导颗粒，近 T_c 温度）。	R2 核素/希腊字母/单位
42	| Ahlen et al. | 1986-87 | Homestake Mine, SD | Ge 电离（原为 0νββ） | 33 kg·day |	| Ahlen et al. | 1986-87 | Homestake Mine, SD | Ge 电离（原为 0$\nu$$\beta$$\beta$） | 33 kg·day |	R2 核素/希腊字母/单位
68	- [FACT] 早期"疑似信号"（CoGeNT 2011、CRESST 2012、CDMS 2013 100 GeV 3σ 事件）后来均归为**背景或统计涨落**。	- [FACT] 早期"疑似信号"（CoGeNT 2011、CRESST 2012、CDMS 2013 100 GeV 3$\sigma$ 事件）后来均归为**背景或统计涨落**。	R2 核素/希腊字母/单位
76	- [FACT] **同一天**（1978 年 2 月 14 日 PRL）发表两篇暗物质湮灭 γ 射线论文：	- [FACT] **同一天**（1978 年 2 月 14 日 PRL）发表两篇暗物质湮灭 $\gamma$ 射线论文：	R2 核素/希腊字母/单位
80	- [FACT] 当时 γ 背景（SAS-2，Fichtel-Simpson-Thompson 1978，35-100 MeV）：~6×$10^{-5}$ cm⁻² s⁻¹ sr⁻¹ —— 远高于暗物质湮灭平滑预测；但**暗物质晕内湮灭**可大幅提高预测。	- [FACT] 当时 $\gamma$ 背景（SAS-2，Fichtel-Simpson-Thompson 1978，35-100 MeV）：~6×$10^{-5}$ cm⁻² s⁻¹ sr⁻¹ —— 远高于暗物质湮灭平滑预测；但**暗物质晕内湮灭**可大幅提高预测。	R2 核素/希腊字母/单位
81	- [FACT] Gunn et al. 断言 GeV 暗物质信号"可能在未来 γ 观测中被发现"。	- [FACT] Gunn et al. 断言 GeV 暗物质信号"可能在未来 $\gamma$ 观测中被发现"。	R2 核素/希腊字母/单位
85	- [FACT] Silk-Srednicki 1984：不仅 γ，还有**宇宙线反质子、正电子**。	- [FACT] Silk-Srednicki 1984：不仅 $\gamma$，还有**宇宙线反质子、正电子**。	R2 核素/希腊字母/单位
88	- [FACT] IMB、FREJUS、Kamioka（质子衰变实验）约束暗物质——最强约束**轻电子或 μ sneutrino**。	- [FACT] IMB、FREJUS、Kamioka（质子衰变实验）约束暗物质——最强约束**轻电子或 $\mu$ sneutrino**。	R2 核素/希腊字母/单位
91	### 9.3.3 γ 射线观测演进	### 9.3.3 $\gamma$ 射线观测演进	R2 核素/希腊字母/单位
94	- 大多 γ 射电源可归因于已知源（AGN 等）	- 大多 $\gamma$ 射电源可归因于已知源（AGN 等）	R2 核素/希腊字母/单位
97	- [FACT] 地基 γ 望远镜（H.E.S.S.、MAGIC、VERITAS）用 dSph 约束**重**暗物质。	- [FACT] 地基 $\gamma$ 望远镜（H.E.S.S.、MAGIC、VERITAS）用 dSph 约束**重**暗物质。	R2 核素/希腊字母/单位
98	- [FACT] **银心**：GeV 尺度 γ 超量（Goodenough-Hooper 2009；Daylan et al. 2014），与 **~50 GeV 粒子湮灭**一致。仍有活跃争议（暗物质 vs 脉冲星）。	- [FACT] **银心**：GeV 尺度 $\gamma$ 超量（Goodenough-Hooper 2009；Daylan et al. 2014），与 **~50 GeV 粒子湮灭**一致。仍有活跃争议（暗物质 vs 脉冲星）。	R2 核素/希腊字母/单位
105	- [FACT] 一般约束强度与 γ 射线相当。	- [FACT] 一般约束强度与 $\gamma$ 射线相当。	R2 核素/希腊字母/单位
121	- [FACT] 惰性中微子（1-100 keV）衰变到活性 ν + γ → **X 射线特征线**（Abazajian-Fuller-Tucker 2001）。	- [FACT] 惰性中微子（1-100 keV）衰变到活性 $\nu$ + $\gamma$ → **X 射线特征线**（Abazajian-Fuller-Tucker 2001）。	R2 核素/希腊字母/单位
122	- [FACT] Dodelson-Widrow 机制 + Lyman-α 森林 + X 射线**排除整个 1-100 keV 范围**。	- [FACT] Dodelson-Widrow 机制 + Lyman-$\alpha$ 森林 + X 射线**排除整个 1-100 keV 范围**。	R2 核素/希腊字母/单位
134	- 覆盖 **m_a ≃ 4.5 – 16.3 μeV**	- 覆盖 **m_a ≃ 4.5 – 16.3 $\mu$eV**	R2 核素/希腊字母/单位
136	- [FACT] **ADMX 2003** 首报对现实轴子模型的约束（**1.9–3.3 μeV**，Asztalos et al. 2004）。	- [FACT] **ADMX 2003** 首报对现实轴子模型的约束（**1.9–3.3 $\mu$eV**，Asztalos et al. 2004）。	R2 核素/希腊字母/单位
17	| 特别是 | specifically | adv. | 举例 | "作者未花篇幅讨论 ΛCDM 自身的理论困难（如**巧合问题**、**宇宙学常数问题**）" | 具体列举未讨论问题 |	| 特别是 | specifically | adv. | 举例 | "作者未花篇幅讨论 $\Lambda$CDM 自身的理论困难（如**巧合问题**、**宇宙学常数问题**）" | 具体列举未讨论问题 |	R2 核素/希腊字母/单位
22	| 同时 | simultaneously | adv. | 递进 | "**CMB + BBN** 双重证据给出 Ω_b h² < 1% 精度 → 暗物质**必为非重子**" | 两条独立证据同时约束 |	| 同时 | simultaneously | adv. | 递进 | "**CMB + BBN** 双重证据给出 $\Omega$_b h² < 1% 精度 → 暗物质**必为非重子**" | 两条独立证据同时约束 |	R2 核素/希腊字母/单位
29	| 尽管 | notwithstanding | prep. | 让步 | "**尽管** WIMP 奇迹（σv ~ $10^{-26}$ cm³/s 与弱力截面巧合一致），但 20 年 null 结果已严重压缩参数空间" | 让步巧合，但转后 null |	| 尽管 | notwithstanding | prep. | 让步 | "**尽管** WIMP 奇迹（$\sigma$v ~ $10^{-26}$ cm³/s 与弱力截面巧合一致），但 20 年 null 结果已严重压缩参数空间" | 让步巧合，但转后 null |	R2 核素/希腊字母/单位
45	| WIMP miracle | WIMP 奇迹（σv ~ 弱力截面） | 3 | §9.5 |	| WIMP miracle | WIMP 奇迹（$\sigma$v ~ 弱力截面） | 3 | §9.5 |	R2 核素/希腊字母/单位
66	| Ω_b h², Ω_c h² | 重子/冷暗物质密度参数 | 5 | §8 |	| $\Omega$_b h², $\Omega$_c h² | 重子/冷暗物质密度参数 | 5 | §8 |	R2 核素/希腊字母/单位
67	| ΛCDM | ΛCDM 标准宇宙学模型 | 6+ | §8 |	| $\Lambda$CDM | $\Lambda$CDM 标准宇宙学模型 | 6+ | §8 |	R2 核素/希腊字母/单位
37	- [FACT] 宇宙学观测确立**非重子冷暗物质**（Ω_b h² = 0.02225 ± 0.00016，重子 < 20% 的宇宙物质）。	- [FACT] 宇宙学观测确立**非重子冷暗物质**（$\Omega$_b h² = 0.02225 ± 0.00016，重子 < 20% 的宇宙物质）。	R2 核素/希腊字母/单位
50	- [CRITIQUE] 综述**未讨论 ΛCDM 当前挑战**：小尺度危机（missing satellites, cusp-core, too-big-to-fail）；$H_{0}$ tension；σ₈ tension。	- [CRITIQUE] 综述**未讨论 $\Lambda$CDM 当前挑战**：小尺度危机（missing satellites, cusp-core, too-big-to-fail）；$H_{0}$ tension；$\sigma$₈ tension。	R2 核素/希腊字母/单位
62	6. MOND $a_{0}$ ≈ 1.2×$10^{-10}$ m/s² 精确预测 Tully-Fisher α=4；**Bullet Cluster 2006** 是其最大挑战。	6. MOND $a_{0}$ ≈ 1.2×$10^{-10}$ m/s² 精确预测 Tully-Fisher $\alpha$=4；**Bullet Cluster 2006** 是其最大挑战。	R2 核素/希腊字母/单位
63	7. WIMP 奇迹：σv ~ $10^{-26}$ cm³/s 与弱力截面"巧合一致"——但 20 年 null 结果已严重压缩参数空间。	7. WIMP 奇迹：$\sigma$v ~ $10^{-26}$ cm³/s 与弱力截面"巧合一致"——但 20 年 null 结果已严重压缩参数空间。	R2 核素/希腊字母/单位
65	9. Axion：解决强 CP 问题；质量 $10^{-6}$ – $10^{-4}$ eV；ADMX 已覆盖 1.9-3.3 μeV。	9. Axion：解决强 CP 问题；质量 $10^{-6}$ – $10^{-4}$ eV；ADMX 已覆盖 1.9-3.3 $\mu$eV。	R2 核素/希腊字母/单位
66	10. **CMB + BBN** 双重证据给出 Ω_b h² < 1% 精度 → 暗物质**必为非重子**。	10. **CMB + BBN** 双重证据给出 $\Omega$_b h² < 1% 精度 → 暗物质**必为非重子**。	R2 核素/希腊字母/单位
113	- [x] Statistics（Ω_b h²=0.02225、WIMP 截面约束）	- [x] Statistics（$\Omega$_b h²=0.02225、WIMP 截面约束）	R2 核素/希腊字母/单位
72	├── 2. ABUNDANCE DIFFERENCES              [§02] CH/CN/NH/O/Na/Al/¹²C/¹³C 的实测差异	├── 2. ABUNDANCE DIFFERENCES              [§02] CH/CN/NH/O/Na/Al/$^{12}{\rm C}$/$^{13}{\rm C}$ 的实测差异	R2 核素/希腊字母/单位
76	│     OF EVOLUTION OF LOW-MASS STARS      [§03] 标准恒星演化预言（低质量 M≲2M☉）	│     OF EVOLUTION OF LOW-MASS STARS      [§03] 标准恒星演化预言（低质量 M≲2$M_\odot$）	R2 核素/希腊字母/单位
77	│   ├── 0.85 M☉ 主序 → RGB → He core flash → ZAHB → AGB	│   ├── 0.85 $M_\odot$ 主序 → RGB → He core flash → ZAHB → AGB	R2 核素/希腊字母/单位
78	│   ├── ¹²C/¹³C 90 → 20–30；C −30%；N +80%；O 不变	│   ├── $^{12}{\rm C}$/$^{13}{\rm C}$ 90 → 20–30；C −30%；N +80%；O 不变	R2 核素/希腊字母/单位
81	│   ├── ¹²C/¹³C → 4（M4/M22/47 Tuc）	│   ├── $^{12}{\rm C}$/$^{13}{\rm C}$ → 4（M4/M22/47 Tuc）	R2 核素/希腊字母/单位
90	│   └── 问题：M92 主序末碳耗竭过早；所需 ω~6×$10^{-5}$ s⁻¹	│   └── 问题：M92 主序末碳耗竭过早；所需 $\omega$~6×$10^{-5}$ s⁻¹	R2 核素/希腊字母/单位
98	│   ├── Denisenkov-Denisenkova ¹H+²²Ne 场景	│   ├── Denisenkov-Denisenkova $^{1}{\rm H}$+$^{22}{\rm Ne}$ 场景	R2 核素/希腊字母/单位
100	│   ├── ²⁰Ne–²³Na 链（~30,000 yr），解释 Fig. 8 弧形分布	│   ├── $^{20}{\rm Ne}$–$^{23}{\rm Na}$ 链（~30,000 yr），解释 Fig. 8 弧形分布	R2 核素/希腊字母/单位
101	│   ├── Fig. 9 ¹⁶O/²²Ne/²⁴Mg/²⁸Si 演化；Fig. 10 [O/Fe] vs Mbol	│   ├── Fig. 9 $^{16}{\rm O}$/$^{22}{\rm Ne}$/$^{24}{\rm Mg}$/$^{28}{\rm Si}$ 演化；Fig. 10 [O/Fe] vs Mbol	R2 核素/希腊字母/单位
107	│   └── Si, Mg, Ca, Ti [α/Fe] 亚结构的新信号	│   └── Si, Mg, Ca, Ti [$\alpha$/Fe] 亚结构的新信号	R2 核素/希腊字母/单位
117	→ 标准演化仅预言轻微 ¹²C/¹³C 下降与 C−30%/N+80%；不足以解释观测（§3 vs §4）	→ 标准演化仅预言轻微 $^{12}{\rm C}$/$^{13}{\rm C}$ 下降与 C−30%/N+80%；不足以解释观测（§3 vs §4）	R2 核素/希腊字母/单位
120	→ 反转（§7）：Langer et al. 1993 表明低质量巨星 CNO 壳层内可通过质子俘获合成 ²³Na、²⁷Al，部分原被归于"原始"的 Na-Al 差异可由演化解释	→ 反转（§7）：Langer et al. 1993 表明低质量巨星 CNO 壳层内可通过质子俘获合成 $^{23}{\rm Na}$、$^{27}{\rm Al}$，部分原被归于"原始"的 Na-Al 差异可由演化解释	R2 核素/希腊字母/单位
121	→ 结论（§8）：演化与原始 **两机制并存**；"超贫 O"属演化；主序星 C-N 反相关必为原始；[α/Fe] 亚结构为未来研究挑战	→ 结论（§8）：演化与原始 **两机制并存**；"超贫 O"属演化；主序星 C-N 反相关必为原始；[$\alpha$/Fe] 亚结构为未来研究挑战	R2 核素/希腊字母/单位
146	- [`0001_b2fh-1957`](../../0001_b2fh-1957/literature_analysis/00_overview.md) — B²FH 核合成框架，本文 CNO 丰度讨论的理论背景	- [`0001_b2fh-1957`](../../0001_b2fh-1957/literature_analysis/00_overview.md) — B$^2$FH 核合成框架，本文 CNO 丰度讨论的理论背景	R2 核素/希腊字母/单位
42	> **与 0001_b2fh-1957 关联** [FACT]："a variety of nucleosynthetic sites in the post big-bang era" 这一表述正是 B²FH 综述的核心结论——大爆炸后多种场所（恒星、超新星、AGB 等）共同塑造元素丰度。Kraft 的讨论建立在 B²FH 框架之上，把"场所"落实到球状星团内部（CNO 壳层、AGB 闪烁）与星际介质污染两条路径。	> **与 0001_b2fh-1957 关联** [FACT]："a variety of nucleosynthetic sites in the post big-bang era" 这一表述正是 B$^2$FH 综述的核心结论——大爆炸后多种场所（恒星、超新星、AGB 等）共同塑造元素丰度。Kraft 的讨论建立在 B$^2$FH 框架之上，把"场所"落实到球状星团内部（CNO 壳层、AGB 闪烁）与星际介质污染两条路径。	R2 核素/希腊字母/单位
12	§2 系统列举同一"单金属丰度"球状星团内巨星之间观测到的各种丰度差异：[Fe/H] 的均匀性（Ω Cen / M22 例外）、CH/CN/NH/O/Na/Al 的离散、¹²C/¹³C 的极宽分布、α 元素的轻度过量与最近发现的亚结构。同时强调：**部分差异与演化状态有关，部分则明显反映原始状态**。	§2 系统列举同一"单金属丰度"球状星团内巨星之间观测到的各种丰度差异：[Fe/H] 的均匀性（$\Omega$ Cen / M22 例外）、CH/CN/NH/O/Na/Al 的离散、$^{12}{\rm C}$/$^{13}{\rm C}$ 的极宽分布、$\alpha$ 元素的轻度过量与最近发现的亚结构。同时强调：**部分差异与演化状态有关，部分则明显反映原始状态**。	R2 核素/希腊字母/单位
23	[INTERPRETATION] 除 Ω Cen / M22 外，Kraft 承认团内 [Fe/H] 展宽 ≤ 0.1 dex，因此下文讨论的 C/N/O/Na/Al 差异**不是**简单 [Fe/H] 不均匀的副产品——这是一个重要的控制变量。	[INTERPRETATION] 除 $\Omega$ Cen / M22 外，Kraft 承认团内 [Fe/H] 展宽 ≤ 0.1 dex，因此下文讨论的 C/N/O/Na/Al 差异**不是**简单 [Fe/H] 不均匀的副产品——这是一个重要的控制变量。	R2 核素/希腊字母/单位
25	## 2.3 C/N/O/Na/Al 与 ¹²C/¹³C 的实测差异 [FACT]	## 2.3 C/N/O/Na/Al 与 $^{12}{\rm C}$/$^{13}{\rm C}$ 的实测差异 [FACT]	R2 核素/希腊字母/单位
34	| **¹²C/¹³C 比** | 宽幅范围（Bell 1991；Suntzeff 1989, 1993） |	| **$^{12}{\rm C}$/$^{13}{\rm C}$ 比** | 宽幅范围（Bell 1991；Suntzeff 1989, 1993） |	R2 核素/希腊字母/单位
43	- **敏感度**：Δt / Δ[O/Fe] ≈ **4 Gyr/dex**（VandenBerg 1992）[FACT]。	- **敏感度**：$\Delta$t / $\Delta$[O/Fe] ≈ **4 Gyr/dex**（VandenBerg 1992）[FACT]。	R2 核素/希腊字母/单位
57	[INTERPRETATION] 这些反相关是全文论证的核心观测证据链，因为 CNO 循环中 ¹²C → ¹⁴N 与 ¹⁶O → ¹⁴N 的转换恰好会同时产生 C–N 与 O–N 反相关——若在同一星内发生，则支持演化场景；若在星际物质中发生，则支持原始场景。§7 的关键论证正是围绕这两条路径展开。	[INTERPRETATION] 这些反相关是全文论证的核心观测证据链，因为 CNO 循环中 $^{12}{\rm C}$ → $^{14}{\rm N}$ 与 $^{16}{\rm O}$ → $^{14}{\rm N}$ 的转换恰好会同时产生 C–N 与 O–N 反相关——若在同一星内发生，则支持演化场景；若在星际物质中发生，则支持原始场景。§7 的关键论证正是围绕这两条路径展开。	R2 核素/希腊字母/单位
88	| Bell 1991；Suntzeff 1989 | ¹²C/¹³C 分布综述 |	| Bell 1991；Suntzeff 1989 | $^{12}{\rm C}$/$^{13}{\rm C}$ 分布综述 |	R2 核素/希腊字母/单位
12	§3 提供判断"演化能否解释 §2 观测"的理论基线。Kraft 系统回顾低质量恒星（M ≲ 2 M☉）标准演化图景，明确"传统演化理论在 RGB 第一攀升阶段仅预言微小表面丰度变化"的量化预期——这是后文"观测与预言冲突"的判据。	§3 提供判断"演化能否解释 §2 观测"的理论基线。Kraft 系统回顾低质量恒星（M ≲ 2 $M_\odot$）标准演化图景，明确"传统演化理论在 RGB 第一攀升阶段仅预言微小表面丰度变化"的量化预期——这是后文"观测与预言冲突"的判据。	R2 核素/希腊字母/单位
16	**定义**：低质量星初始质量 **M ≲ 2 M☉**；此质量以下所有星离开主序列后都形成**简并 He 核**，后续演化形态上相似 [FACT]。	**定义**：低质量星初始质量 **M ≲ 2 $M_\odot$**；此质量以下所有星离开主序列后都形成**简并 He 核**，后续演化形态上相似 [FACT]。	R2 核素/希腊字母/单位
20	- 典型团星离开主序列质量 ≈ **0.85 M☉** [FACT]。	- 典型团星离开主序列质量 ≈ **0.85 $M_\odot$** [FACT]。	R2 核素/希腊字母/单位
26	- **质量损失**：RGB 顶端附近有长期质量损失，速率 **$10^{-8}$ 到 $10^{-9}$ M☉/yr** [FACT]（Rood 1973；Cohen 1976；Dupree et al. 1994）。	- **质量损失**：RGB 顶端附近有长期质量损失，速率 **$10^{-8}$ 到 $10^{-9}$ $M_\odot$/yr** [FACT]（Rood 1973；Cohen 1976；Dupree et al. 1994）。	R2 核素/希腊字母/单位
32	- **ZAHB**：氦核闪后由 ³α 过程 He 燃烧核 + H 燃烧壳层驱动 [FACT]。	- **ZAHB**：氦核闪后由 ³$\alpha$ 过程 He 燃烧核 + H 燃烧壳层驱动 [FACT]。	R2 核素/希腊字母/单位
39	- 机理：在 ~0.2 M☉ 的拐点质量范围内，氦核闪时 He 核质量几乎恒定（Iben 1974）[FACT]；因此更老的星在氦核闪时"总质量/核质量"比更小 → 包层更薄 → ZAHB 位置更蓝 [FACT]。	- 机理：在 ~0.2 $M_\odot$ 的拐点质量范围内，氦核闪时 He 核质量几乎恒定（Iben 1974）[FACT]；因此更老的星在氦核闪时"总质量/核质量"比更小 → 包层更薄 → ZAHB 位置更蓝 [FACT]。	R2 核素/希腊字母/单位
56	| **¹²C/¹³C** | 90（太阳值） | 20–30 |	| **$^{12}{\rm C}$/$^{13}{\rm C}$** | 90（太阳值） | 20–30 |	R2 核素/希腊字母/单位
62	**关键约束**：对流区"从未到达能让包层处理产生显著 ¹²C 消耗与 ¹³C/¹⁴N 生成的深度" [FACT]。	**关键约束**：对流区"从未到达能让包层处理产生显著 $^{12}{\rm C}$ 消耗与 $^{13}{\rm C}$/$^{14}{\rm N}$ 生成的深度" [FACT]。	R2 核素/希腊字母/单位
64	**内部温度上限**：低质量星 RGB 内部温度"比期望显著处理较 α 元素（O 更重）与建立中子源所需温度低约 10 倍" [FACT]。	**内部温度上限**：低质量星 RGB 内部温度"比期望显著处理较 $\alpha$ 元素（O 更重）与建立中子源所需温度低约 10 倍" [FACT]。	R2 核素/希腊字母/单位
65	- 中子源 ²²Ne(α,n)²⁵Mg 需 T ≈ 3×$10^{8}$ K（Iben 1983），RGB 星内部 T 远低于此 [FACT]。	- 中子源 $^{22}{\rm Ne}$($\alpha$,n)$^{25}{\rm Mg}$ 需 T ≈ 3×$10^{8}$ K（Iben 1983），RGB 星内部 T 远低于此 [FACT]。	R2 核素/希腊字母/单位
67	[INTERPRETATION] 传统预言的核心是"对流层浅、核深处冷"，因此 RGB 第一攀升阶段表面丰度仅受轻微 CNO 循环处理影响；重 α 元素（Si, Mg, Ca, Ti）与中子俘获元素完全不受影响。这一"保守预期"正是 §4 实测与之冲突的理论靶心。	[INTERPRETATION] 传统预言的核心是"对流层浅、核深处冷"，因此 RGB 第一攀升阶段表面丰度仅受轻微 CNO 循环处理影响；重 $\alpha$ 元素（Si, Mg, Ca, Ti）与中子俘获元素完全不受影响。这一"保守预期"正是 §4 实测与之冲突的理论靶心。	R2 核素/希腊字母/单位
82	B²FH 综述把"多种核合成场所"列为关键：RGB 的 CNO 燃烧壳层、AGB 的 ³α 与 He 壳层闪、Type II SN 等是 B²FH 框架内的典型场所。Kraft 在此明确引用这些场所——他讨论的"low-mass RGB star"正是 B²FH 分类中"low-mass stellar interior"的代表。	B$^2$FH 综述把"多种核合成场所"列为关键：RGB 的 CNO 燃烧壳层、AGB 的 ³$\alpha$ 与 He 壳层闪、Type II SN 等是 B$^2$FH 框架内的典型场所。Kraft 在此明确引用这些场所——他讨论的"low-mass RGB star"正是 B$^2$FH 分类中"low-mass stellar interior"的代表。	R2 核素/希腊字母/单位
96	2. Kraft 在此处并未给出 ¹²C/¹³C 从 90→20–30 的具体演化时标，仅给出终态值——读者无法判定这一"微小"变化在 RGB 多长时间尺度内完成。	2. Kraft 在此处并未给出 $^{12}{\rm C}$/$^{13}{\rm C}$ 从 90→20–30 的具体演化时标，仅给出终态值——读者无法判定这一"微小"变化在 RGB 多长时间尺度内完成。	R2 核素/希腊字母/单位
12	§4 是全文的核心观测章节，标题即 "WHAT IS ACTUALLY OBSERVED?"。Kraft 系统列举 §3 标准预言与实测之间的每一条冲突，从 ¹²C/¹³C 至 α 元素丰度，逐一给出具体团、具体数值、具体来源。这是全文论证的"证据库"。	§4 是全文的核心观测章节，标题即 "WHAT IS ACTUALLY OBSERVED?"。Kraft 系统列举 §3 标准预言与实测之间的每一条冲突，从 $^{12}{\rm C}$/$^{13}{\rm C}$ 至 $\alpha$ 元素丰度，逐一给出具体团、具体数值、具体来源。这是全文论证的"证据库"。	R2 核素/希腊字母/单位
14	## 4.2 铁峰元素与重 α 元素：基本符合传统预期 [FACT]	## 4.2 铁峰元素与重 $\alpha$ 元素：基本符合传统预期 [FACT]	R2 核素/希腊字母/单位
16	- **除 Ω Cen 和可能 M22 外**：[Fe] 变化不超过 **0.1 dex** [FACT]。	- **除 $\Omega$ Cen 和可能 M22 外**：[Fe] 变化不超过 **0.1 dex** [FACT]。	R2 核素/希腊字母/单位
17	- **重 α 元素**：同一团内 [α/Fe] 未见星间差异 [FACT]。	- **重 $\alpha$ 元素**：同一团内 [$\alpha$/Fe] 未见星间差异 [FACT]。	R2 核素/希腊字母/单位
18	- **定量行为**：在给定 [Fe/H] 下（跨团独立），Mg, Si, Ca, Ti 四种重 α 元素"略微过量"且**数值相近** [FACT]。	- **定量行为**：在给定 [Fe/H] 下（跨团独立），Mg, Si, Ca, Ti 四种重 $\alpha$ 元素"略微过量"且**数值相近** [FACT]。	R2 核素/希腊字母/单位
19	- **最近亚结构**（新信号）：Edvardsson et al. (1993)；McWilliam & Rich (1994)；Sneden et al. (1994) 提示温和贫金属星中重 α 元素存在丰度亚结构 [FACT]。	- **最近亚结构**（新信号）：Edvardsson et al. (1993)；McWilliam & Rich (1994)；Sneden et al. (1994) 提示温和贫金属星中重 $\alpha$ 元素存在丰度亚结构 [FACT]。	R2 核素/希腊字母/单位
21	[INTERPRETATION] 这是关键控制变量：重 α 元素不变 → 说明这些元素不受"深混合"影响 → 混合机制若存在，必须具有元素选择性（只对 CNO + Na + Al 起作用），这与 CNO 循环处理直接吻合。	[INTERPRETATION] 这是关键控制变量：重 $\alpha$ 元素不变 → 说明这些元素不受"深混合"影响 → 混合机制若存在，必须具有元素选择性（只对 CNO + Na + Al 起作用），这与 CNO 循环处理直接吻合。	R2 核素/希腊字母/单位
23	## 4.3 ¹²C/¹³C 趋向 CNO 平衡值 [FACT]	## 4.3 $^{12}{\rm C}$/$^{13}{\rm C}$ 趋向 CNO 平衡值 [FACT]	R2 核素/希腊字母/单位
26	- **¹²C/¹³C 趋近 CNO 平衡值 = 4** [FACT]（Fig. 4）。	- **$^{12}{\rm C}$/$^{13}{\rm C}$ 趋近 CNO 平衡值 = 4** [FACT]（Fig. 4）。	R2 核素/希腊字母/单位
28	[CRITIQUE] §3 标准预言仅给出 ¹²C/¹³C ≈ 20–30，而实测趋近 4——这是"标准预言低估混合深度"的最直接证据。	[CRITIQUE] §3 标准预言仅给出 $^{12}{\rm C}$/$^{13}{\rm C}$ ≈ 20–30，而实测趋近 4——这是"标准预言低估混合深度"的最直接证据。	R2 核素/希腊字母/单位
57	| O 处理 dredge-up 证据 | Ω Cen | Paltoglou & Norris 1989 |	| O 处理 dredge-up 证据 | $\Omega$ Cen | Paltoglou & Norris 1989 |	R2 核素/希腊字母/单位
62	- **λ3660 NH 带**极端紫外建模复杂 [FACT]	- **$\lambda$3660 NH 带**极端紫外建模复杂 [FACT]	R2 核素/希腊字母/单位
63	- **λ3883 CN 带**建模复杂 [FACT]	- **$\lambda$3883 CN 带**建模复杂 [FACT]	R2 核素/希腊字母/单位
71	- **s-process 增强巨星**：Ω Cen 少数亮巨星（Dickens & Bell 1976）[FACT]。	- **s-process 增强巨星**：$\Omega$ Cen 少数亮巨星（Dickens & Bell 1976）[FACT]。	R2 核素/希腊字母/单位
72	- **CH 星**：Ω Cen, M22, M55, M2 中均有发现（Smith & Mateo 1990）[FACT]。	- **CH 星**：$\Omega$ Cen, M22, M55, M2 中均有发现（Smith & Mateo 1990）[FACT]。	R2 核素/希腊字母/单位
116	| ¹²C/¹³C | 20–30 | → 4（CNO 平衡） | 3–8× |	| $^{12}{\rm C}$/$^{13}{\rm C}$ | 20–30 | → 4（CNO 平衡） | 3–8× |	R2 核素/希腊字母/单位
119	| 重 α 元素（Mg, Si, Ca, Ti） | 不变 | 不变 | 一致 |	| 重 $\alpha$ 元素（Mg, Si, Ca, Ti） | 不变 | 不变 | 一致 |	R2 核素/希腊字母/单位
121	[INTERPRETATION] 观测与标准理论的偏离呈现**清晰的元素选择性**：CNO 系大幅偏离、α 系不变——这直接约束混合机制的深层物理：必须涉及 CNO 壳层但不触及更深处的高温核区。	[INTERPRETATION] 观测与标准理论的偏离呈现**清晰的元素选择性**：CNO 系大幅偏离、$\alpha$ 系不变——这直接约束混合机制的深层物理：必须涉及 CNO 壳层但不触及更深处的高温核区。	R2 核素/希腊字母/单位
39	| **P2** | 随**金属丰度升高**，C 与 O 的耗竭**减弱**甚至消失 | 氢燃烧壳层 μ-梯度之上的碳耗竭区质量随金属丰度增大而减小 → 可供 dredge-up 的处理物质按比例减少 |	| **P2** | 随**金属丰度升高**，C 与 O 的耗竭**减弱**甚至消失 | 氢燃烧壳层 $\mu$-梯度之上的碳耗竭区质量随金属丰度增大而减小 → 可供 dredge-up 的处理物质按比例减少 |	R2 核素/希腊字母/单位
65	- Sweigart-Mengel 理论要求团巨星的角动量使主序前身星的角速度 **ω ≈ 6 × $10^{-5}$ s⁻¹** [FACT]。	- Sweigart-Mengel 理论要求团巨星的角动量使主序前身星的角速度 **$\omega$ ≈ 6 × $10^{-5}$ s⁻¹** [FACT]。	R2 核素/希腊字母/单位
76	- **与 0001_b2fh-1957 的关系**：Sweigart-Mengel 讨论的核处理区（CNO 循环）正是 B²FH 分类的"stellar interior — low-mass"场所。	- **与 0001_b2fh-1957 的关系**：Sweigart-Mengel 讨论的核处理区（CNO 循环）正是 B$^2$FH 分类的"stellar interior — low-mass"场所。	R2 核素/希腊字母/单位
85	| 所需主序前身角速度 | ω ~ 6 × $10^{-5}$ s⁻¹ |	| 所需主序前身角速度 | $\omega$ ~ 6 × $10^{-5}$ s⁻¹ |	R2 核素/希腊字母/单位
93	- **²³Na 由 ²²Ne 加中子生成**（Iben 1975, 1976）[FACT]。	- **$^{23}{\rm Na}$ 由 $^{22}{\rm Ne}$ 加中子生成**（Iben 1975, 1976）[FACT]。	R2 核素/希腊字母/单位
95	- ¹³C(α,n)¹⁶O	- $^{13}{\rm C}$($\alpha$,n)$^{16}{\rm O}$	R2 核素/希腊字母/单位
96	- ²²Ne(α,n)²⁵Mg	- $^{22}{\rm Ne}$($\alpha$,n)$^{25}{\rm Mg}$	R2 核素/希腊字母/单位
98	- ¹³C 源仅 AGB He 壳层闪相关混合中起作用（Iben 1983）[FACT]	- $^{13}{\rm C}$ 源仅 AGB He 壳层闪相关混合中起作用（Iben 1983）[FACT]	R2 核素/希腊字母/单位
99	- ²²Ne 源需 **T ~ 3×$10^{8}$ K**——比低质量 RGB 星内部最高温度高 ~10 倍（Iben 1976）[FACT]	- $^{22}{\rm Ne}$ 源需 **T ~ 3×$10^{8}$ K**——比低质量 RGB 星内部最高温度高 ~10 倍（Iben 1976）[FACT]	R2 核素/希腊字母/单位
100	- **T ~ 3×$10^{8}$ K 的星**：演化中 **M ≳ 5 M☉** 的星才能达成 [FACT]。	- **T ~ 3×$10^{8}$ K 的星**：演化中 **M ≳ 5 $M_\odot$** 的星才能达成 [FACT]。	R2 核素/希腊字母/单位
104	- **前提**：原始丰度变异源自**团内中等质量星（5–8 M☉）抛射的风**对**幼年团气体**的污染 [FACT]。	- **前提**：原始丰度变异源自**团内中等质量星（5–8 $M_\odot$）抛射的风**对**幼年团气体**的污染 [FACT]。	R2 核素/希腊字母/单位
106	- **Na 反应链**：²²Ne(α,η)²⁵Mg → ²²Ne(η,γ)²³Ne(β⁻)²³Na [FACT]。	- **Na 反应链**：$^{22}{\rm Ne}$($\alpha$,$\eta$)$^{25}{\rm Mg}$ → $^{22}{\rm Ne}$($\eta$,$\gamma$)$^{23}{\rm Ne}$($\beta^{"+" if m.group(1)=="⁺" else "-"}$)$^{23}{\rm Na}$ [FACT]。	R2 核素/希腊字母/单位
107	- **低金属丰度富 Ne/Mg 环境**：中子优先被 ²²Ne、²⁵Mg、²⁶Mg 俘获 → ²³Na 与 ²⁷Al 过丰 [FACT]。	- **低金属丰度富 Ne/Mg 环境**：中子优先被 $^{22}{\rm Ne}$、$^{25}{\rm Mg}$、$^{26}{\rm Mg}$ 俘获 → $^{23}{\rm Na}$ 与 $^{27}{\rm Al}$ 过丰 [FACT]。	R2 核素/希腊字母/单位
108	- **²²Ne 丰度担忧**：²²Ne 在太阳中相对稀少，Type II SN 产物可能更少 [FACT]（Pardo et al. 1974）。	- **$^{22}{\rm Ne}$ 丰度担忧**：$^{22}{\rm Ne}$ 在太阳中相对稀少，Type II SN 产物可能更少 [FACT]（Pardo et al. 1974）。	R2 核素/希腊字母/单位
109	- **补救**：富氮环境中 ¹⁴N(α,γ)¹⁸F(β⁺)¹⁸O(α,γ)²²Ne 反应频繁 [FACT] → 为 ²²Ne 供应提供源头。	- **补救**：富氮环境中 $^{14}{\rm N}$($\alpha$,$\gamma$)$^{18}{\rm F}$($\beta^{"+" if m.group(1)=="⁺" else "-"}$)$^{18}{\rm O}$($\alpha$,$\gamma$)$^{22}{\rm Ne}$ 反应频繁 [FACT] → 为 $^{22}{\rm Ne}$ 供应提供源头。	R2 核素/希腊字母/单位
113	### 6.7.3 ²³Na → ²⁷Al 类比 [FACT]	### 6.7.3 $^{23}{\rm Na}$ → $^{27}{\rm Al}$ 类比 [FACT]	R2 核素/希腊字母/单位
115	- ²⁷Al 由 ²⁶Mg 加中子生成 [FACT]。	- $^{27}{\rm Al}$ 由 $^{26}{\rm Mg}$ 加中子生成 [FACT]。	R2 核素/希腊字母/单位
116	- α 元素与奇偶元素（Na、Al）产量随给定环境的中子超量变化——Smith & Wirth (1991) [FACT]。	- $\alpha$ 元素与奇偶元素（Na、Al）产量随给定环境的中子超量变化——Smith & Wirth (1991) [FACT]。	R2 核素/希腊字母/单位
137	| ²²Ne(α,n)²⁵Mg 所需温度 | T ~ 3×$10^{8}$ K |	| $^{22}{\rm Ne}$($\alpha$,n)$^{25}{\rm Mg}$ 所需温度 | T ~ 3×$10^{8}$ K |	R2 核素/希腊字母/单位
139	| 中子源起作用所需恒星质量 | M ≳ 5 M☉ |	| 中子源起作用所需恒星质量 | M ≳ 5 $M_\odot$ |	R2 核素/希腊字母/单位
140	| Cottrell-Da Costa 污染源星质量 | 5–8 M☉ |	| Cottrell-Da Costa 污染源星质量 | 5–8 $M_\odot$ |	R2 核素/希腊字母/单位
12	§7（标题 "MIXING AND THE NA-AL VARIATIONS: A REEVALUATION"）与 §8（"A SUMMARY AND SOME CONCLUDING REMARKS"）合并写入本文件。§7 通过 Denisenkov & Denisenkova (1990) 与 Langer et al. (1993) 的核反应网络计算，**重新评估** §6 中"Na-Al 差异必属原始"的论断——证明低质量红巨星内部可通过质子俘获合成 ²³Na、²⁷Al，从而**将部分原归于原始的 Na-Al 差异收回演化解释**。§8 在此基础上给出最终结论：**演化与原始两种机制并存**。	§7（标题 "MIXING AND THE NA-AL VARIATIONS: A REEVALUATION"）与 §8（"A SUMMARY AND SOME CONCLUDING REMARKS"）合并写入本文件。§7 通过 Denisenkov & Denisenkova (1990) 与 Langer et al. (1993) 的核反应网络计算，**重新评估** §6 中"Na-Al 差异必属原始"的论断——证明低质量红巨星内部可通过质子俘获合成 $^{23}{\rm Na}$、$^{27}{\rm Al}$，从而**将部分原归于原始的 Na-Al 差异收回演化解释**。§8 在此基础上给出最终结论：**演化与原始两种机制并存**。	R2 核素/希腊字母/单位
16	> "But is it true that the only way to make excess ²³Na and ²⁷Al is the addition of neutrons to ²²Ne and ²⁶Mg?" [FACT]	> "But is it true that the only way to make excess $^{23}{\rm Na}$ and $^{27}{\rm Al}$ is the addition of neutrons to $^{22}{\rm Ne}$ and $^{26}{\rm Mg}$?" [FACT]	R2 核素/希腊字母/单位
18	§6.7.1 讨论的中子俘获路径（²²Ne + n → ²³Na；²⁶Mg + n → ²⁷Al）需要中子源，而中子源在 RGB 第一攀升星中无法运作。§7 提出**替代路径**：**质子俘获**。	§6.7.1 讨论的中子俘获路径（$^{22}{\rm Ne}$ + n → $^{23}{\rm Na}$；$^{26}{\rm Mg}$ + n → $^{27}{\rm Al}$）需要中子源，而中子源在 RGB 第一攀升星中无法运作。§7 提出**替代路径**：**质子俘获**。	R2 核素/希腊字母/单位
22	- **替代机制**：在**低质量巨星**中，**²³Na 可通过 ²²Ne 的质子俘获合成** [FACT]。	- **替代机制**：在**低质量巨星**中，**$^{23}{\rm Na}$ 可通过 $^{22}{\rm Ne}$ 的质子俘获合成** [FACT]。	R2 核素/希腊字母/单位
24	- **应用**：应用于 Ω Cen 巨星（Paltoglou & Norris 1989 显示 [Na/Fe] ∝ [N/Fe]）[FACT]。	- **应用**：应用于 $\Omega$ Cen 巨星（Paltoglou & Norris 1989 显示 [Na/Fe] ∝ [N/Fe]）[FACT]。	R2 核素/希腊字母/单位
40	- **严重耗竭**：¹⁶O、²²Ne、²⁵Mg、²⁶Mg	- **严重耗竭**：$^{16}{\rm O}$、$^{22}{\rm Ne}$、$^{25}{\rm Mg}$、$^{26}{\rm Mg}$	R2 核素/希腊字母/单位
41	- **大幅增强**：¹⁴N、²³Na、²⁷Al	- **大幅增强**：$^{14}{\rm N}$、$^{23}{\rm Na}$、$^{27}{\rm Al}$	R2 核素/希腊字母/单位
50	## 7.5 ²⁰Ne–²³Na 反应链（§7 关键洞察） [FACT]	## 7.5 $^{20}{\rm Ne}$–$^{23}{\rm Na}$ 反应链（§7 关键洞察） [FACT]	R2 核素/希腊字母/单位
52	- **担忧**：²³Na 产量可能依赖充足的 ²²Ne 供应——²²Ne 在太阳中相对稀少，在球状星团星中可能更稀少 [FACT]。	- **担忧**：$^{23}{\rm Na}$ 产量可能依赖充足的 $^{22}{\rm Ne}$ 供应——$^{22}{\rm Ne}$ 在太阳中相对稀少，在球状星团星中可能更稀少 [FACT]。	R2 核素/希腊字母/单位
53	- **Langer et al. 显示**：在**更短时间**（~**30,000 年**）即可建立 **²⁰Ne–²³Na 反应链** [FACT]：	- **Langer et al. 显示**：在**更短时间**（~**30,000 年**）即可建立 **$^{20}{\rm Ne}$–$^{23}{\rm Na}$ 反应链** [FACT]：	R2 核素/希腊字母/单位
54	- ²³Na 升高到足以让逆反应 **²³Na(p,α)²⁰Ne** 显著发生	- $^{23}{\rm Na}$ 升高到足以让逆反应 **$^{23}{\rm Na}$(p,$\alpha$)$^{20}{\rm Ne}$** 显著发生	R2 核素/希腊字母/单位
55	- ²⁰Ne 开始下降	- $^{20}{\rm Ne}$ 开始下降	R2 核素/希腊字母/单位
56	- ²³Na 增强改由**相对丰盛的 ²⁰Ne 耗竭**供应	- $^{23}{\rm Na}$ 增强改由**相对丰盛的 $^{20}{\rm Ne}$ 耗竭**供应	R2 核素/希腊字母/单位
62	- **物理**：当丰富物种（¹⁶O、²⁰Ne）转化为最初稀少物种（¹⁴N、²³Na）：	- **物理**：当丰富物种（$^{16}{\rm O}$、$^{20}{\rm Ne}$）转化为最初稀少物种（$^{14}{\rm N}$、$^{23}{\rm Na}$）：	R2 核素/希腊字母/单位
75	| 初始条件 | 16O、20Ne、24Mg、28Si（4 个 α 同位素）初始增强 2.5×；²³Na 与 ²⁷Al 初始为标度太阳值的 1/2.5 |	| 初始条件 | 16O、20Ne、24Mg、28Si（4 个 $\alpha$ 同位素）初始增强 2.5×；$^{23}{\rm Na}$ 与 $^{27}{\rm Al}$ 初始为标度太阳值的 1/2.5 |	R2 核素/希腊字母/单位
77	| 观察 1 | 即使初始 ²²Ne 设为 0，²³Na 演化结果与图中所示相同 |	| 观察 1 | 即使初始 $^{22}{\rm Ne}$ 设为 0，$^{23}{\rm Na}$ 演化结果与图中所示相同 |	R2 核素/希腊字母/单位
78	| 观察 2 | 随时间推进，¹²C **部分恢复** |	| 观察 2 | 随时间推进，$^{12}{\rm C}$ **部分恢复** |	R2 核素/希腊字母/单位
137	- **但并非全部**：比红巨星顶端暗 1 mag 以上的巨星仍存在宽幅 O 丰度范围，且 Na-O 反相关，占 Fig. 8 弧形的一部分 [FACT]——**这部分不排除原始场景**（可能在预存的核合成场所内发生 ²²Ne + p → ²³Na、¹⁶O → ¹⁴N）[FACT]。	- **但并非全部**：比红巨星顶端暗 1 mag 以上的巨星仍存在宽幅 O 丰度范围，且 Na-O 反相关，占 Fig. 8 弧形的一部分 [FACT]——**这部分不排除原始场景**（可能在预存的核合成场所内发生 $^{22}{\rm Ne}$ + p → $^{23}{\rm Na}$、$^{16}{\rm O}$ → $^{14}{\rm N}$）[FACT]。	R2 核素/希腊字母/单位
138	- **²³Na 增强可排除中子俘获路径**：慢中子不可能被 ²²Ne 优先俘获（相对 Fe-peak 元素）；Armosky et al. (1994) 证明 M13 22 巨星的传统 [s-process/Fe] 与 [O/Fe]、[Na/Fe] **完全独立** [FACT]。	- **$^{23}{\rm Na}$ 增强可排除中子俘获路径**：慢中子不可能被 $^{22}{\rm Ne}$ 优先俘获（相对 Fe-peak 元素）；Armosky et al. (1994) 证明 M13 22 巨星的传统 [s-process/Fe] 与 [O/Fe]、[Na/Fe] **完全独立** [FACT]。	R2 核素/希腊字母/单位
166	### 7.10.6 重 α 元素 [α/Fe] 亚结构 [FACT]	### 7.10.6 重 $\alpha$ 元素 [$\alpha$/Fe] 亚结构 [FACT]	R2 核素/希腊字母/单位
168	- **总体行为**：[α/Fe] 从 [Fe/H]=0.0 到 −1.0 缓慢上升 0.0 → +0.3；[Fe/H] < −1 时稳定在 ~+0.3（Si, Mg, Ca, Ti 大致一致，偏差 0.1–0.2 dex）[FACT]。	- **总体行为**：[$\alpha$/Fe] 从 [Fe/H]=0.0 到 −1.0 缓慢上升 0.0 → +0.3；[Fe/H] < −1 时稳定在 ~+0.3（Si, Mg, Ca, Ti 大致一致，偏差 0.1–0.2 dex）[FACT]。	R2 核素/希腊字母/单位
181	→ 低质量巨星内部 60,000 年即可合成 ²³Na、²⁷Al	→ 低质量巨星内部 60,000 年即可合成 $^{23}{\rm Na}$、$^{27}{\rm Al}$	R2 核素/希腊字母/单位
182	→ ²⁰Ne–²³Na 链解释 Fig. 8 弧形分布	→ $^{20}{\rm Ne}$–$^{23}{\rm Na}$ 链解释 Fig. 8 弧形分布	R2 核素/希腊字母/单位
194	§7.4 的核反应网络计算（85 同位素，H 到 Ca）是 B²FH 综述中"proton-capture reactions"与"neutron-capture processes"在低质量巨星内部 CNO 壳层的具体实现。Kraft 明确区分"中子俘获路径"（B²FH 分类下的 neutron-capture）与"质子俘获路径"（proton-capture）——前者被排除，后者被 Langer et al. 2020 年代前的计算所支持。	§7.4 的核反应网络计算（85 同位素，H 到 Ca）是 B$^2$FH 综述中"proton-capture reactions"与"neutron-capture processes"在低质量巨星内部 CNO 壳层的具体实现。Kraft 明确区分"中子俘获路径"（B$^2$FH 分类下的 neutron-capture）与"质子俘获路径"（proton-capture）——前者被排除，后者被 Langer et al. 2020 年代前的计算所支持。	R2 核素/希腊字母/单位
26	| even if | conj. | 让步 | 即使 | "...**even if** the initial abundance of ²²Ne had been set to zero" | 弱化对 ²²Ne 丰度的依赖 |	| even if | conj. | 让步 | 即使 | "...**even if** the initial abundance of $^{22}{\rm Ne}$ had been set to zero" | 弱化对 $^{22}{\rm Ne}$ 丰度的依赖 |	R2 核素/希腊字母/单位
52	| ¹²C/¹³C ratio | 碳同位素比 | CNO 循环深度的示踪量；标准演化预言 90→20–30 | §2 |	| $^{12}{\rm C}$/$^{13}{\rm C}$ ratio | 碳同位素比 | CNO 循环深度的示踪量；标准演化预言 90→20–30 | §2 |	R2 核素/希腊字母/单位
55	| omega Centauri (ω Cen) | 半人马座 ω | 银河系最大质量球状星团；[Fe/H] 展宽 ~1 dex 的例外 | §2 |	| omega Centauri ($\omega$ Cen) | 半人马座 $\omega$ | 银河系最大质量球状星团；[Fe/H] 展宽 ~1 dex 的例外 | §2 |	R2 核素/希腊字母/单位
57	| Δt/Δ[O/Fe] ≈ 4 Gyr/dex | O 丰度对年龄敏感度 | [O/Fe] 变化对拐点附近能量与不透明度的效应 | §2 |	| $\Delta$t/$\Delta$[O/Fe] ≈ 4 Gyr/dex | O 丰度对年龄敏感度 | [O/Fe] 变化对拐点附近能量与不透明度的效应 | §2 |	R2 核素/希腊字母/单位
61	| low-mass star | 低质量星 | M ≲ 2 M☉；形成简并 He 核 | §3 |	| low-mass star | 低质量星 | M ≲ 2 $M_\odot$；形成简并 He 核 | §3 |	R2 核素/希腊字母/单位
68	| zero-age horizontal branch (ZAHB) | 零龄水平支 | He 核闪后由 ³α 过程驱动的水平支起始位置 | §3 |	| zero-age horizontal branch (ZAHB) | 零龄水平支 | He 核闪后由 ³$\alpha$ 过程驱动的水平支起始位置 | §3 |	R2 核素/希腊字母/单位
69	| triple alpha process | ³α 过程 | 三个 ⁴He 融合为 ¹²C 的核反应 | §3 |	| triple alpha process | ³$\alpha$ 过程 | 三个 $^{4}{\rm He}$ 融合为 $^{12}{\rm C}$ 的核反应 | §3 |	R2 核素/希腊字母/单位
76	| ²²Ne(α,n)²⁵Mg | 中子源反应 | 中子俘获元素形成的中子源 | §3 |	| $^{22}{\rm Ne}$($\alpha$,n)$^{25}{\rm Mg}$ | 中子源反应 | 中子俘获元素形成的中子源 | §3 |	R2 核素/希腊字母/单位
77	| μ gradient | 质量分数梯度 | 核燃烧壳层外的化学组成梯度，阻止对流穿透 | §5 |	| $\mu$ gradient | 质量分数梯度 | 核燃烧壳层外的化学组成梯度，阻止对流穿透 | §5 |	R2 核素/希腊字母/单位
82	| angular velocity ω ~ 6×$10^{-5}$ s⁻¹ | 所需角速度 | Sweigart-Mengel 理论所需的主序前身星角速度 | §5 |	| angular velocity $\omega$ ~ 6×$10^{-5}$ s⁻¹ | 所需角速度 | Sweigart-Mengel 理论所需的主序前身星角速度 | §5 |	R2 核素/希腊字母/单位
87	| Cottrell & Da Costa scenario | Cottrell-Da Costa 场景 | 中等质量星（5–8 M☉）风污染原始团气体的场景 | §6 |	| Cottrell & Da Costa scenario | Cottrell-Da Costa 场景 | 中等质量星（5–8 $M_\odot$）风污染原始团气体的场景 | §6 |	R2 核素/希腊字母/单位
89	| ²³Na, ²⁷Al production | Na、Al 合成 | 核处理中 Na、Al 的过量生成 | §6 |	| $^{23}{\rm Na}$, $^{27}{\rm Al}$ production | Na、Al 合成 | 核处理中 Na、Al 的过量生成 | §6 |	R2 核素/希腊字母/单位
91	| proton capture on ²²Ne | ²²Ne 质子俘获 | 23Na 合成的替代路径（不需中子） | §7 |	| proton capture on $^{22}{\rm Ne}$ | $^{22}{\rm Ne}$ 质子俘获 | 23Na 合成的替代路径（不需中子） | §7 |	R2 核素/希腊字母/单位
92	| ²⁰Ne–²³Na chain | 20Ne–23Na 反应链 | ³⁰,⁰⁰⁰ 年建立的快速反应链 | §7 |	| $^{20}{\rm Ne}$–$^{23}{\rm Na}$ chain | 20Ne–23Na 反应链 | ³⁰,⁰⁰⁰ 年建立的快速反应链 | §7 |	R2 核素/希腊字母/单位
100	| [α/Fe] substructure | α/Fe 丰度亚结构 | 温和贫金属星中 Mg、Si、Ca、Ti 比值的细微差异 | §8 |	| [$\alpha$/Fe] substructure | $\alpha$/Fe 丰度亚结构 | 温和贫金属星中 Mg、Si、Ca、Ti 比值的细微差异 | §8 |	R2 核素/希腊字母/单位
149	> "One can understand qualitatively the shape of the O versus Na anticorrelation, i.e., why one finds an 'arclike' distribution of points (Fig. 8): as the abundant species (¹⁶O and ²⁰Ne) are transformed into the initially rare species (¹⁴N and ²³Na), the latter at first increase very rapidly, but then the rate of increase levels off as the initially more abundant species become more and more heavily depleted."	> "One can understand qualitatively the shape of the O versus Na anticorrelation, i.e., why one finds an 'arclike' distribution of points (Fig. 8): as the abundant species ($^{16}{\rm O}$ and $^{20}{\rm Ne}$) are transformed into the initially rare species ($^{14}{\rm N}$ and $^{23}{\rm Na}$), the latter at first increase very rapidly, but then the rate of increase levels off as the initially more abundant species become more and more heavily depleted."	R2 核素/希腊字母/单位
154	- (¹⁶O and ²⁰Ne) / (¹⁴N and ²³Na) 具体列出"丰富"与"稀少"物种	- ($^{16}{\rm O}$ and $^{20}{\rm Ne}$) / ($^{14}{\rm N}$ and $^{23}{\rm Na}$) 具体列出"丰富"与"稀少"物种	R2 核素/希腊字母/单位
156	**翻译**：人们可以定性理解 O-Na 反相关的形状，即为何在图 8 中看到"弧形"分布点：当丰富物种（¹⁶O 与 ²⁰Ne）转化为最初稀少的物种（¹⁴N 与 ²³Na）时，后者起初急剧增加，但随后最初更丰富的物种越来越被耗竭，增长率也随之趋缓。	**翻译**：人们可以定性理解 O-Na 反相关的形状，即为何在图 8 中看到"弧形"分布点：当丰富物种（$^{16}{\rm O}$ 与 $^{20}{\rm Ne}$）转化为最初稀少的物种（$^{14}{\rm N}$ 与 $^{23}{\rm Na}$）时，后者起初急剧增加，但随后最初更丰富的物种越来越被耗竭，增长率也随之趋缓。	R2 核素/希腊字母/单位
22	5. 河外星系集成光谱（CN、α/Fe 亚结构）的解释是否会受此影响？	5. 河外星系集成光谱（CN、$\alpha$/Fe 亚结构）的解释是否会受此影响？	R2 核素/希腊字母/单位
28	- **论证框架**：二元对立（演化 vs 原始）+ 三条独立判据（1）C-N/O-N 反相关、（2）¹²C/¹³C、（3）Na-O 反相关与主序星 CN 反常。	- **论证框架**：二元对立（演化 vs 原始）+ 三条独立判据（1）C-N/O-N 反相关、（2）$^{12}{\rm C}$/$^{13}{\rm C}$、（3）Na-O 反相关与主序星 CN 反常。	R2 核素/希腊字母/单位
37	| [Fe/H] 展宽（Ω Cen） | ~ 1 dex |	| [Fe/H] 展宽（$\Omega$ Cen） | ~ 1 dex |	R2 核素/希腊字母/单位
39	| ¹²C/¹³C（标准） | 90 → 20–30 |	| $^{12}{\rm C}$/$^{13}{\rm C}$（标准） | 90 → 20–30 |	R2 核素/希腊字母/单位
40	| ¹²C/¹³C（实测趋近） | 4（CNO 平衡） |	| $^{12}{\rm C}$/$^{13}{\rm C}$（实测趋近） | 4（CNO 平衡） |	R2 核素/希腊字母/单位
42	| Δt/Δ[O/Fe] | ≈ 4 Gyr/dex |	| $\Delta$t/$\Delta$[O/Fe] | ≈ 4 Gyr/dex |	R2 核素/希腊字母/单位
44	| 所需主序前身 ω | ~ 6 × $10^{-5}$ s⁻¹ |	| 所需主序前身 $\omega$ | ~ 6 × $10^{-5}$ s⁻¹ |	R2 核素/希腊字母/单位
46	| ²²Ne(α,n)²⁵Mg 所需 T | ~3 × $10^{8}$ K |	| $^{22}{\rm Ne}$($\alpha$,n)$^{25}{\rm Mg}$ 所需 T | ~3 × $10^{8}$ K |	R2 核素/希腊字母/单位
49	| ²⁰Ne–²³Na 链建立时标 | ~30,000 yr |	| $^{20}{\rm Ne}$–$^{23}{\rm Na}$ 链建立时标 | ~30,000 yr |	R2 核素/希腊字母/单位
54	| α/Fe 在 [Fe/H] < −1 的稳定值 | ~ +0.3（偏差 0.1–0.2 dex） |	| $\alpha$/Fe 在 [Fe/H] < −1 的稳定值 | ~ +0.3（偏差 0.1–0.2 dex） |	R2 核素/希腊字母/单位
60	3. **Langer et al. (1993) 核网络的综述性采纳**：在 Kraft 1994 中，这是第一次系统地把"低质量巨星内部质子俘获合成 ²³Na、²⁷Al"作为对 §6 "原始归因"的反方证据——将 Na-O 反相关从"必属原始"收回为"演化可解释"。	3. **Langer et al. (1993) 核网络的综述性采纳**：在 Kraft 1994 中，这是第一次系统地把"低质量巨星内部质子俘获合成 $^{23}{\rm Na}$、$^{27}{\rm Al}$"作为对 §6 "原始归因"的反方证据——将 Na-O 反相关从"必属原始"收回为"演化可解释"。	R2 核素/希腊字母/单位
80	5. **Langer 60,000 yr**：低质量巨星核网络中 6 万年即可完成 ²³Na、²⁷Al 合成，且满足"混合时标 < 演化时标"。	5. **Langer 60,000 yr**：低质量巨星核网络中 6 万年即可完成 $^{23}{\rm Na}$、$^{27}{\rm Al}$ 合成，且满足"混合时标 < 演化时标"。	R2 核素/希腊字母/单位
82	7. **角动量难题**：所需 ω ~ 6×$10^{-5}$ s⁻¹；主序星 $10^{7}$ yr 内减速；M13 HB 自转 ~30 km/s 反推主序末 ~60 km/s。	7. **角动量难题**：所需 $\omega$ ~ 6×$10^{-5}$ s⁻¹；主序星 $10^{7}$ yr 内减速；M13 HB 自转 ~30 km/s 反推主序末 ~60 km/s。	R2 核素/希腊字母/单位
83	8. **¹²C/¹³C 证据链**：标准 90→20–30；实测趋近 CNO 平衡 4——标准理论严重低估混合深度。	8. **$^{12}{\rm C}$/$^{13}{\rm C}$ 证据链**：标准 90→20–30；实测趋近 CNO 平衡 4——标准理论严重低估混合深度。	R2 核素/希腊字母/单位
86	11. **[α/Fe] 亚结构**：Mg, Si, Ca, Ti 在 [Fe/H] > −1 时出现亚结构（McWilliam & Rich 1994；Sneden et al. 1994）——河外星系集成光谱解释需谨慎。	11. **[$\alpha$/Fe] 亚结构**：Mg, Si, Ca, Ti 在 [Fe/H] > −1 时出现亚结构（McWilliam & Rich 1994；Sneden et al. 1994）——河外星系集成光谱解释需谨慎。	R2 核素/希腊字母/单位
93	| `0001_b2fh-1957` | 核合成理论框架的源头；本文所有"场所"讨论（CNO 壳层、AGB、SN）均属 B²FH 分类 |	| `0001_b2fh-1957` | 核合成理论框架的源头；本文所有"场所"讨论（CNO 壳层、AGB、SN）均属 B$^2$FH 分类 |	R2 核素/希腊字母/单位
111	- **Δt/Δ[O/Fe] ≈ 4 Gyr/dex**：用于评估 O 丰度对拐点年龄的反作用	- **$\Delta$t/$\Delta$[O/Fe] ≈ 4 Gyr/dex**：用于评估 O 丰度对拐点年龄的反作用	R2 核素/希腊字母/单位
112	- **¹²C/¹³C 平衡值 = 4**：作为 CNO 循环充分处理的示踪	- **$^{12}{\rm C}$/$^{13}{\rm C}$ 平衡值 = 4**：作为 CNO 循环充分处理的示踪	R2 核素/希腊字母/单位
124	- 若研究**α/Fe 亚结构**：McWilliam & Rich (1994) 与 Sneden et al. (1994) 是核心参考文献	- 若研究**$\alpha$/Fe 亚结构**：McWilliam & Rich (1994) 与 Sneden et al. (1994) 是核心参考文献	R2 核素/希腊字母/单位
148	| 6 | 公式保留 | ✅ | [el/Fe] 定义；Δt/Δ[O/Fe] |	| 6 | 公式保留 | ✅ | [el/Fe] 定义；$\Delta$t/$\Delta$[O/Fe] |	R2 核素/希腊字母/单位
161	| 19 | 保留 OCR 噪音警示 | ✅ | 注：本文文本为 PDF 扫描提取，个别符号（如 β⁻/η/γ/ρ/α 混用）按上下文校正 |	| 19 | 保留 OCR 噪音警示 | ✅ | 注：本文文本为 PDF 扫描提取，个别符号（如 $\beta^{"+" if m.group(1)=="⁺" else "-"}$/$\eta$/$\gamma$/$\rho$/$\alpha$ 混用）按上下文校正 |	R2 核素/希腊字母/单位
