文件	行号	形态	原片段	修复后
01_cosmic-ray-propagation/0001_strong-moskalenko-ptuskin-2007/literature_analysis/02_confrontation_with_data.md	110	form1	1.51×$10^{6}$	$1.51\times10^{6}$
01_cosmic-ray-propagation/0001_strong-moskalenko-ptuskin-2007/literature_analysis/02_confrontation_with_data.md	111	form1	7.2×$10^{5}$	$7.2\times10^{5}$
01_cosmic-ray-propagation/0001_strong-moskalenko-ptuskin-2007/literature_analysis/02_confrontation_with_data.md	112	form1	3×$10^{5}$	$3\times10^{5}$
01_cosmic-ray-propagation/0001_strong-moskalenko-ptuskin-2007/literature_analysis/02_confrontation_with_data.md	113	form1	312×$10^{3}$	$312\times10^{3}$
02_cosmic-ray-origins/0001_bhattacharjee-sigl-2000/literature_analysis/02_observed_cosmic_rays.md	14	form1	~4×$10^{15}$	$~4\times10^{15}$
02_cosmic-ray-origins/0001_bhattacharjee-sigl-2000/literature_analysis/02_observed_cosmic_rays.md	14	form1	~5×$10^{18}$	$~5\times10^{18}$
02_cosmic-ray-origins/0001_bhattacharjee-sigl-2000/literature_analysis/02_observed_cosmic_rays.md	14	form1	~3×$10^{18}$	$~3\times10^{18}$
02_cosmic-ray-origins/0001_bhattacharjee-sigl-2000/literature_analysis/02_observed_cosmic_rays.md	15	form1	3.2×$10^{20}$	$3.2\times10^{20}$
02_cosmic-ray-origins/0001_bhattacharjee-sigl-2000/literature_analysis/02_observed_cosmic_rays.md	24	form1	~2×$10^{16}$	$~2\times10^{16}$
02_cosmic-ray-origins/0001_bhattacharjee-sigl-2000/literature_analysis/02_observed_cosmic_rays.md	76	form1	4×$10^{15}$	$4\times10^{15}$
02_cosmic-ray-origins/0001_bhattacharjee-sigl-2000/literature_analysis/02_observed_cosmic_rays.md	77	form1	~4×$10^{17}$	$~4\times10^{17}$
02_cosmic-ray-origins/0001_bhattacharjee-sigl-2000/literature_analysis/02_observed_cosmic_rays.md	78	form1	~4×$10^{17}$	$~4\times10^{17}$
02_cosmic-ray-origins/0001_bhattacharjee-sigl-2000/literature_analysis/02_observed_cosmic_rays.md	78	form1	3×$10^{18}$	$3\times10^{18}$
02_cosmic-ray-origins/0001_bhattacharjee-sigl-2000/literature_analysis/02_observed_cosmic_rays.md	79	form1	3×$10^{18}$	$3\times10^{18}$
02_cosmic-ray-origins/0001_bhattacharjee-sigl-2000/literature_analysis/02_observed_cosmic_rays.md	80	form1	5×$10^{18}$	$5\times10^{18}$
02_cosmic-ray-origins/0001_bhattacharjee-sigl-2000/literature_analysis/02_observed_cosmic_rays.md	102	form1	2×$10^{20}$	$2\times10^{20}$
02_cosmic-ray-origins/0001_bhattacharjee-sigl-2000/literature_analysis/02_observed_cosmic_rays.md	103	form1	3.2×$10^{20}$	$3.2\times10^{20}$
02_cosmic-ray-origins/0001_bhattacharjee-sigl-2000/literature_analysis/02_observed_cosmic_rays.md	104	form1	~2.1×$10^{20}$	$~2.1\times10^{20}$
02_cosmic-ray-origins/0001_bhattacharjee-sigl-2000/literature_analysis/02_observed_cosmic_rays.md	199	form1	4×$10^{15}$	$4\times10^{15}$
02_cosmic-ray-origins/0001_bhattacharjee-sigl-2000/literature_analysis/02_observed_cosmic_rays.md	200	form1	5×$10^{18}$	$5\times10^{18}$
02_cosmic-ray-origins/0001_bhattacharjee-sigl-2000/literature_analysis/02_observed_cosmic_rays.md	201	form1	3×$10^{18}$	$3\times10^{18}$
02_cosmic-ray-origins/0001_bhattacharjee-sigl-2000/literature_analysis/02_observed_cosmic_rays.md	202	form1	4×$10^{17}$	$4\times10^{17}$
02_cosmic-ray-origins/0001_bhattacharjee-sigl-2000/literature_analysis/02_observed_cosmic_rays.md	204	form1	3.2×$10^{20}$	$3.2\times10^{20}$
02_cosmic-ray-origins/0001_bhattacharjee-sigl-2000/literature_analysis/03_bulk_origin_general.md	13	form1	1.5×$10^{41}$	$1.5\times10^{41}$
02_cosmic-ray-origins/0001_bhattacharjee-sigl-2000/literature_analysis/03_bulk_origin_general.md	30	form2	$\rho$_g	$\rho_{\rm g}$
02_cosmic-ray-origins/0001_bhattacharjee-sigl-2000/literature_analysis/03_bulk_origin_general.md	32	form2	$\rho$_g	$\rho_{\rm g}$
02_cosmic-ray-origins/0001_bhattacharjee-sigl-2000/literature_analysis/03_bulk_origin_general.md	46	form1	~4.8×$10^{9}$	$~4.8\times10^{9}$
02_cosmic-ray-origins/0001_bhattacharjee-sigl-2000/literature_analysis/03_bulk_origin_general.md	47	form1	~1.5×$10^{41}$	$~1.5\times10^{41}$
02_cosmic-ray-origins/0001_bhattacharjee-sigl-2000/literature_analysis/03_bulk_origin_general.md	55	form2	$\rho$_g	$\rho_{\rm g}$
02_cosmic-ray-origins/0001_bhattacharjee-sigl-2000/literature_analysis/03_bulk_origin_general.md	68	form2	$\pi$⁰	$\pi^{0}$
02_cosmic-ray-origins/0001_bhattacharjee-sigl-2000/literature_analysis/03_bulk_origin_general.md	110	form2	$\pi$⁰	$\pi^{0}$
02_cosmic-ray-origins/0001_bhattacharjee-sigl-2000/literature_analysis/03_bulk_origin_general.md	126	form2	$\Gamma$²	$\Gamma^{2}$
02_cosmic-ray-origins/0001_bhattacharjee-sigl-2000/literature_analysis/03_bulk_origin_general.md	126	form2	$\omega$₀⁵	$\omega_{05}$
02_cosmic-ray-origins/0001_bhattacharjee-sigl-2000/literature_analysis/03_bulk_origin_general.md	128	form2	$\omega$₀	$\omega_{0}$
02_cosmic-ray-origins/0001_bhattacharjee-sigl-2000/literature_analysis/03_bulk_origin_general.md	140	form1	~5×$10^{19}$	$~5\times10^{19}$
02_cosmic-ray-origins/0001_bhattacharjee-sigl-2000/literature_analysis/03_bulk_origin_general.md	140	form1	5.7×$10^{19}$	$5.7\times10^{19}$
02_cosmic-ray-origins/0001_bhattacharjee-sigl-2000/literature_analysis/03_figures.md	22	form1	~4×$10^{15}$	$~4\times10^{15}$
02_cosmic-ray-origins/0001_bhattacharjee-sigl-2000/literature_analysis/03_figures.md	22	form1	~5×$10^{18}$	$~5\times10^{18}$
02_cosmic-ray-origins/0001_bhattacharjee-sigl-2000/literature_analysis/03_figures.md	22	form1	~3×$10^{18}$	$~3\times10^{18}$
02_cosmic-ray-origins/0001_bhattacharjee-sigl-2000/literature_analysis/03_figures.md	81	form1	3×$10^{19}$	$3\times10^{19}$
02_cosmic-ray-origins/0001_bhattacharjee-sigl-2000/literature_analysis/03_figures.md	81	form1	6×$10^{19}$	$6\times10^{19}$
02_cosmic-ray-origins/0001_bhattacharjee-sigl-2000/literature_analysis/03_figures.md	81	form1	~6×$10^{19}$	$~6\times10^{19}$
02_cosmic-ray-origins/0001_bhattacharjee-sigl-2000/literature_analysis/03_figures.md	84	form1	6×$10^{19}$	$6\times10^{19}$
02_cosmic-ray-origins/0001_bhattacharjee-sigl-2000/literature_analysis/03_figures.md	282	form2	$\nu$_$\mu$	$\nu_\mu$
02_cosmic-ray-origins/0001_bhattacharjee-sigl-2000/literature_analysis/04_propagation_gzk.md	24	form2	$\beta$_b	$\beta_{\rm b}$
02_cosmic-ray-origins/0001_bhattacharjee-sigl-2000/literature_analysis/04_propagation_gzk.md	27	form2	$\beta$_b	$\beta_{\rm b}$
02_cosmic-ray-origins/0001_bhattacharjee-sigl-2000/literature_analysis/04_propagation_gzk.md	27	form2	$\epsilon$²	$\epsilon^{2}$
02_cosmic-ray-origins/0001_bhattacharjee-sigl-2000/literature_analysis/04_propagation_gzk.md	33	form2	$\beta$_b	$\beta_{\rm b}$
02_cosmic-ray-origins/0001_bhattacharjee-sigl-2000/literature_analysis/04_propagation_gzk.md	55	form2	$\Omega$₀	$\Omega_{0}$
02_cosmic-ray-origins/0001_bhattacharjee-sigl-2000/literature_analysis/04_propagation_gzk.md	74	form2	$\pi$²	$\pi^{2}$
02_cosmic-ray-origins/0001_bhattacharjee-sigl-2000/literature_analysis/04_propagation_gzk.md	79	form1	6.8 × $10^{16}$	$6.8\times10^{16}$
02_cosmic-ray-origins/0001_bhattacharjee-sigl-2000/literature_analysis/04_propagation_gzk.md	81	form1	~5×$10^{19}$	$~5\times10^{19}$
02_cosmic-ray-origins/0001_bhattacharjee-sigl-2000/literature_analysis/04_propagation_gzk.md	87	form2	$\gamma$_b	$\gamma_{\rm b}$
02_cosmic-ray-origins/0001_bhattacharjee-sigl-2000/literature_analysis/04_propagation_gzk.md	91	form2	$\gamma$_b	$\gamma_{\rm b}$
02_cosmic-ray-origins/0001_bhattacharjee-sigl-2000/literature_analysis/04_propagation_gzk.md	93	form1	4.8 × $10^{14}$	$4.8\times10^{14}$
02_cosmic-ray-origins/0001_bhattacharjee-sigl-2000/literature_analysis/04_propagation_gzk.md	95	form1	5×$10^{17}$	$5\times10^{17}$
02_cosmic-ray-origins/0001_bhattacharjee-sigl-2000/literature_analysis/04_propagation_gzk.md	103	form2	$\tau$_n	$\tau_{\rm n}$
02_cosmic-ray-origins/0001_bhattacharjee-sigl-2000/literature_analysis/04_propagation_gzk.md	105	form2	$\tau$_n	$\tau_{\rm n}$
02_cosmic-ray-origins/0001_bhattacharjee-sigl-2000/literature_analysis/04_propagation_gzk.md	112	form1	2×$10^{20}$	$2\times10^{20}$
02_cosmic-ray-origins/0001_bhattacharjee-sigl-2000/literature_analysis/04_propagation_gzk.md	127	form2	$\gamma$_b	$\gamma_{\rm b}$
02_cosmic-ray-origins/0001_bhattacharjee-sigl-2000/literature_analysis/04_propagation_gzk.md	128	form2	$\gamma$_b	$\gamma_{\rm b}$
02_cosmic-ray-origins/0001_bhattacharjee-sigl-2000/literature_analysis/04_propagation_gzk.md	132	form1	2.6 × $10^{11}$	$2.6\times10^{11}$
02_cosmic-ray-origins/0001_bhattacharjee-sigl-2000/literature_analysis/04_propagation_gzk.md	137	form2	$\sigma$_PP	$\sigma_{\rm PP}$
02_cosmic-ray-origins/0001_bhattacharjee-sigl-2000/literature_analysis/04_propagation_gzk.md	137	form2	$\sigma$_ICS	$\sigma_{\rm ICS}$
02_cosmic-ray-origins/0001_bhattacharjee-sigl-2000/literature_analysis/04_propagation_gzk.md	137	form2	$\sigma$_T	$\sigma_{\rm T}$
02_cosmic-ray-origins/0001_bhattacharjee-sigl-2000/literature_analysis/04_propagation_gzk.md	163	form2	$\gamma$_b	$\gamma_{\rm b}$
02_cosmic-ray-origins/0001_bhattacharjee-sigl-2000/literature_analysis/04_propagation_gzk.md	165	form2	$\sigma$_DPP	$\sigma_{\rm DPP}$
02_cosmic-ray-origins/0001_bhattacharjee-sigl-2000/literature_analysis/04_propagation_gzk.md	165	form2	$\alpha$⁴	$\alpha^{4}$
02_cosmic-ray-origins/0001_bhattacharjee-sigl-2000/literature_analysis/04_propagation_gzk.md	169	form2	$\gamma$_b	$\gamma_{\rm b}$
02_cosmic-ray-origins/0001_bhattacharjee-sigl-2000/literature_analysis/04_propagation_gzk.md	171	form2	$\sigma$_TPP	$\sigma_{\rm TPP}$
02_cosmic-ray-origins/0001_bhattacharjee-sigl-2000/literature_analysis/04_propagation_gzk.md	171	form2	$\sigma$_T	$\sigma_{\rm T}$
02_cosmic-ray-origins/0001_bhattacharjee-sigl-2000/literature_analysis/04_propagation_gzk.md	174	form2	$\sigma$_TPP	$\sigma_{\rm TPP}$
02_cosmic-ray-origins/0001_bhattacharjee-sigl-2000/literature_analysis/04_propagation_gzk.md	174	form2	$\sigma$_ICS	$\sigma_{\rm ICS}$
02_cosmic-ray-origins/0001_bhattacharjee-sigl-2000/literature_analysis/04_propagation_gzk.md	180	form2	$\mu$⁺	$\mu^{\rm +}$
02_cosmic-ray-origins/0001_bhattacharjee-sigl-2000/literature_analysis/04_propagation_gzk.md	180	form2	$\mu$⁻	$\mu^{\rm -}$
02_cosmic-ray-origins/0001_bhattacharjee-sigl-2000/literature_analysis/04_propagation_gzk.md	180	form2	$\tau$⁺	$\tau^{\rm +}$
02_cosmic-ray-origins/0001_bhattacharjee-sigl-2000/literature_analysis/04_propagation_gzk.md	180	form2	$\tau$⁻	$\tau^{\rm -}$
02_cosmic-ray-origins/0001_bhattacharjee-sigl-2000/literature_analysis/04_propagation_gzk.md	180	form2	$\pi$⁺	$\pi^{\rm +}$
02_cosmic-ray-origins/0001_bhattacharjee-sigl-2000/literature_analysis/04_propagation_gzk.md	180	form2	$\pi$⁻	$\pi^{\rm -}$
02_cosmic-ray-origins/0001_bhattacharjee-sigl-2000/literature_analysis/04_propagation_gzk.md	181	form2	$\alpha$³	$\alpha^{3}$
02_cosmic-ray-origins/0001_bhattacharjee-sigl-2000/literature_analysis/04_propagation_gzk.md	182	form2	$\gamma$_b	$\gamma_{\rm b}$
02_cosmic-ray-origins/0001_bhattacharjee-sigl-2000/literature_analysis/04_propagation_gzk.md	191	form1	~6.8×$10^{19}$	$~6.8\times10^{19}$
02_cosmic-ray-origins/0001_bhattacharjee-sigl-2000/literature_analysis/04_propagation_gzk.md	193	form1	~5×$10^{17}$	$~5\times10^{17}$
02_cosmic-ray-origins/0001_bhattacharjee-sigl-2000/literature_analysis/04_propagation_gzk.md	195	form1	2×$10^{20}$	$2\times10^{20}$
02_cosmic-ray-origins/0001_bhattacharjee-sigl-2000/literature_analysis/04_propagation_gzk.md	196	form1	2.6×$10^{11}$	$2.6\times10^{11}$
02_cosmic-ray-origins/0001_bhattacharjee-sigl-2000/literature_analysis/04_propagation_gzk.md	203	form1	5×$10^{19}$	$5\times10^{19}$
02_cosmic-ray-origins/0001_bhattacharjee-sigl-2000/literature_analysis/05_neutrinos_exotic_particles.md	15	form2	$\nu$_$\tau$	$\nu_\tau$
02_cosmic-ray-origins/0001_bhattacharjee-sigl-2000/literature_analysis/05_neutrinos_exotic_particles.md	28	form1	1.6×$10^{-4}$	$1.6\times10^{-4}$
02_cosmic-ray-origins/0001_bhattacharjee-sigl-2000/literature_analysis/05_neutrinos_exotic_particles.md	28	form2	$\eta$_b	$\eta_{\rm b}$
02_cosmic-ray-origins/0001_bhattacharjee-sigl-2000/literature_analysis/05_neutrinos_exotic_particles.md	32	form2	$\nu$_i	$\nu_{\rm i}$
02_cosmic-ray-origins/0001_bhattacharjee-sigl-2000/literature_analysis/05_neutrinos_exotic_particles.md	33	form2	$\nu$_i	$\nu_{\rm i}$
02_cosmic-ray-origins/0001_bhattacharjee-sigl-2000/literature_analysis/05_neutrinos_exotic_particles.md	34	form2	$\nu$_i	$\nu_{\rm i}$
02_cosmic-ray-origins/0001_bhattacharjee-sigl-2000/literature_analysis/05_neutrinos_exotic_particles.md	34	form2	$\nu$_i	$\nu_{\rm i}$
02_cosmic-ray-origins/0001_bhattacharjee-sigl-2000/literature_analysis/05_neutrinos_exotic_particles.md	38	form2	$\Gamma$_Z²	$\Gamma_{\rm Z2}$
02_cosmic-ray-origins/0001_bhattacharjee-sigl-2000/literature_analysis/05_neutrinos_exotic_particles.md	45	form1	3×$10^{-39}$	$3\times10^{-39}$
02_cosmic-ray-origins/0001_bhattacharjee-sigl-2000/literature_analysis/05_neutrinos_exotic_particles.md	45	form2	$\sigma$_t	$\sigma_{\rm t}$
02_cosmic-ray-origins/0001_bhattacharjee-sigl-2000/literature_analysis/05_neutrinos_exotic_particles.md	51	form2	$\sigma$_$\nu$	$\sigma_\nu$
02_cosmic-ray-origins/0001_bhattacharjee-sigl-2000/literature_analysis/05_neutrinos_exotic_particles.md	53	form2	$\sigma$_$\nu$	$\sigma_\nu$
02_cosmic-ray-origins/0001_bhattacharjee-sigl-2000/literature_analysis/05_neutrinos_exotic_particles.md	53	form2	$\sigma$_$\nu$	$\sigma_\nu$
02_cosmic-ray-origins/0001_bhattacharjee-sigl-2000/literature_analysis/05_neutrinos_exotic_particles.md	60	form1	9×$10^{-56}$	$9\times10^{-56}$
02_cosmic-ray-origins/0001_bhattacharjee-sigl-2000/literature_analysis/05_neutrinos_exotic_particles.md	62	form1	3×$10^{17}$	$3\times10^{17}$
02_cosmic-ray-origins/0001_bhattacharjee-sigl-2000/literature_analysis/05_neutrinos_exotic_particles.md	67	form1	4×$10^{21}$	$4\times10^{21}$
02_cosmic-ray-origins/0001_bhattacharjee-sigl-2000/literature_analysis/05_neutrinos_exotic_particles.md	80	form2	$\Omega$_$\nu$	$\Omega_\nu$
02_cosmic-ray-origins/0001_bhattacharjee-sigl-2000/literature_analysis/05_neutrinos_exotic_particles.md	84	form1	5×$10^{-3}$	$5\times10^{-3}$
02_cosmic-ray-origins/0001_bhattacharjee-sigl-2000/literature_analysis/05_neutrinos_exotic_particles.md	86	form1	2.6×$10^{-6}$	$2.6\times10^{-6}$
02_cosmic-ray-origins/0001_bhattacharjee-sigl-2000/literature_analysis/05_neutrinos_exotic_particles.md	86	form1	5×$10^{-3}$	$5\times10^{-3}$
02_cosmic-ray-origins/0001_bhattacharjee-sigl-2000/literature_analysis/05_neutrinos_exotic_particles.md	99	form1	2.36×$10^{-32}$	$2.36\times10^{-32}$
02_cosmic-ray-origins/0001_bhattacharjee-sigl-2000/literature_analysis/05_neutrinos_exotic_particles.md	99	form2	$\sigma$_$\nu$	$\sigma_\nu$
02_cosmic-ray-origins/0001_bhattacharjee-sigl-2000/literature_analysis/05_neutrinos_exotic_particles.md	104	form1	6.3×$10^{15}$	$6.3\times10^{15}$
02_cosmic-ray-origins/0001_bhattacharjee-sigl-2000/literature_analysis/05_neutrinos_exotic_particles.md	129	form2	$\sigma$_g	$\sigma_{\rm g}$
02_cosmic-ray-origins/0001_bhattacharjee-sigl-2000/literature_analysis/05_neutrinos_exotic_particles.md	131	form2	$\sigma$_$\nu$	$\sigma_\nu$
02_cosmic-ray-origins/0001_bhattacharjee-sigl-2000/literature_analysis/05_neutrinos_exotic_particles.md	144	form1	2×$10^{-17}$	$2\times10^{-17}$
02_cosmic-ray-origins/0001_bhattacharjee-sigl-2000/literature_analysis/05_neutrinos_exotic_particles.md	146	form1	3×$10^{-4}$	$3\times10^{-4}$
02_cosmic-ray-origins/0001_bhattacharjee-sigl-2000/literature_analysis/05_neutrinos_exotic_particles.md	146	form1	4×$10^{-7}$	$4\times10^{-7}$
02_cosmic-ray-origins/0001_bhattacharjee-sigl-2000/literature_analysis/05_neutrinos_exotic_particles.md	146	form1	2×$10^{-8}$	$2\times10^{-8}$
02_cosmic-ray-origins/0001_bhattacharjee-sigl-2000/literature_analysis/05_neutrinos_exotic_particles.md	179	form1	~7.3×$10^{20}$	$~7.3\times10^{20}$
02_cosmic-ray-origins/0001_bhattacharjee-sigl-2000/literature_analysis/05_neutrinos_exotic_particles.md	187	form1	3×$10^{-39}$	$3\times10^{-39}$
02_cosmic-ray-origins/0001_bhattacharjee-sigl-2000/literature_analysis/05_neutrinos_exotic_particles.md	187	form2	$\sigma$_t	$\sigma_{\rm t}$
02_cosmic-ray-origins/0001_bhattacharjee-sigl-2000/literature_analysis/05_neutrinos_exotic_particles.md	188	form1	2.36×$10^{-32}$	$2.36\times10^{-32}$
02_cosmic-ray-origins/0001_bhattacharjee-sigl-2000/literature_analysis/05_neutrinos_exotic_particles.md	188	form2	$\sigma$_$\nu$	$\sigma_\nu$
02_cosmic-ray-origins/0001_bhattacharjee-sigl-2000/literature_analysis/05_neutrinos_exotic_particles.md	189	form1	4×$10^{21}$	$4\times10^{21}$
02_cosmic-ray-origins/0001_bhattacharjee-sigl-2000/literature_analysis/05_neutrinos_exotic_particles.md	190	form1	5×$10^{-3}$	$5\times10^{-3}$
02_cosmic-ray-origins/0001_bhattacharjee-sigl-2000/literature_analysis/05_neutrinos_exotic_particles.md	191	form2	$\sigma$_g	$\sigma_{\rm g}$
02_cosmic-ray-origins/0001_bhattacharjee-sigl-2000/literature_analysis/05_neutrinos_exotic_particles.md	197	form1	7.3×$10^{20}$	$7.3\times10^{20}$
02_cosmic-ray-origins/0001_bhattacharjee-sigl-2000/literature_analysis/06_magnetic_fields_constraints.md	24	form2	$\sigma$_T	$\sigma_{\rm T}$
02_cosmic-ray-origins/0001_bhattacharjee-sigl-2000/literature_analysis/06_magnetic_fields_constraints.md	38	form1	6.8×$10^{13}$	$6.8\times10^{13}$
02_cosmic-ray-origins/0001_bhattacharjee-sigl-2000/literature_analysis/06_magnetic_fields_constraints.md	44	form1	6×$10^{14}$	$6\times10^{14}$
02_cosmic-ray-origins/0001_bhattacharjee-sigl-2000/literature_analysis/06_magnetic_fields_constraints.md	44	form1	6×$10^{16}$	$6\times10^{16}$
02_cosmic-ray-origins/0001_bhattacharjee-sigl-2000/literature_analysis/06_magnetic_fields_constraints.md	73	form1	1.5×$10^{3}$	$1.5\times10^{3}$
02_cosmic-ray-origins/0001_bhattacharjee-sigl-2000/literature_analysis/06_magnetic_fields_constraints.md	73	form2	$\theta$²	$\theta^{2}$
02_cosmic-ray-origins/0001_bhattacharjee-sigl-2000/literature_analysis/06_magnetic_fields_constraints.md	98	form2	$\Omega$_b	$\Omega_{\rm b}$
02_cosmic-ray-origins/0001_bhattacharjee-sigl-2000/literature_analysis/06_magnetic_fields_constraints.md	100	form1	3×$10^{-7}$	$3\times10^{-7}$
02_cosmic-ray-origins/0001_bhattacharjee-sigl-2000/literature_analysis/06_magnetic_fields_constraints.md	100	form2	$\Omega$_b	$\Omega_{\rm b}$
02_cosmic-ray-origins/0001_bhattacharjee-sigl-2000/literature_analysis/06_magnetic_fields_constraints.md	121	form1	3.2×$10^{20}$	$3.2\times10^{20}$
02_cosmic-ray-origins/0001_bhattacharjee-sigl-2000/literature_analysis/06_magnetic_fields_constraints.md	131	form2	$\sigma$_$\nu$	$\sigma_\nu$
02_cosmic-ray-origins/0001_bhattacharjee-sigl-2000/literature_analysis/06_magnetic_fields_constraints.md	142	form1	4×$10^{19}$	$4\times10^{19}$
02_cosmic-ray-origins/0001_bhattacharjee-sigl-2000/literature_analysis/06_magnetic_fields_constraints.md	171	form1	6.8×$10^{13}$	$6.8\times10^{13}$
02_cosmic-ray-origins/0001_bhattacharjee-sigl-2000/literature_analysis/06_magnetic_fields_constraints.md	174	form1	1.5×$10^{3}$	$1.5\times10^{3}$
02_cosmic-ray-origins/0001_bhattacharjee-sigl-2000/literature_analysis/07_source_search_transport.md	18	form2	$\beta$_b	$\beta_{\rm b}$
02_cosmic-ray-origins/0001_bhattacharjee-sigl-2000/literature_analysis/07_source_search_transport.md	18	form2	$\beta$_i	$\beta_{\rm i}$
02_cosmic-ray-origins/0001_bhattacharjee-sigl-2000/literature_analysis/07_source_search_transport.md	18	form2	$\Sigma$_j	$\Sigma_{\rm j}$
02_cosmic-ray-origins/0001_bhattacharjee-sigl-2000/literature_analysis/07_source_search_transport.md	18	form2	$\beta$_b	$\beta_{\rm b}$
02_cosmic-ray-origins/0001_bhattacharjee-sigl-2000/literature_analysis/07_source_search_transport.md	18	form2	$\beta$_i	$\beta_{\rm i}$
02_cosmic-ray-origins/0001_bhattacharjee-sigl-2000/literature_analysis/07_source_search_transport.md	20	form2	$\Sigma$_j	$\Sigma_{\rm j}$
02_cosmic-ray-origins/0001_bhattacharjee-sigl-2000/literature_analysis/07_source_search_transport.md	20	form2	$\beta$_b	$\beta_{\rm b}$
02_cosmic-ray-origins/0001_bhattacharjee-sigl-2000/literature_analysis/07_source_search_transport.md	20	form2	$\beta$_b	$\beta_{\rm b}$
02_cosmic-ray-origins/0001_bhattacharjee-sigl-2000/literature_analysis/07_source_search_transport.md	20	form2	$\beta$_j	$\beta_{\rm j}$
02_cosmic-ray-origins/0001_bhattacharjee-sigl-2000/literature_analysis/07_source_search_transport.md	22	form2	$\Phi$_i	$\Phi_{\rm i}$
02_cosmic-ray-origins/0001_bhattacharjee-sigl-2000/literature_analysis/07_source_search_transport.md	75	form2	$\tau$₁₀₀	$\tau_{100}$
02_cosmic-ray-origins/0001_bhattacharjee-sigl-2000/literature_analysis/07_source_search_transport.md	82	form1	2×$10^{-11}$	$2\times10^{-11}$
02_cosmic-ray-origins/0001_bhattacharjee-sigl-2000/literature_analysis/07_source_search_transport.md	86	form2	$\tau$_E	$\tau_{\rm E}$
02_cosmic-ray-origins/0001_bhattacharjee-sigl-2000/literature_analysis/07_source_search_transport.md	87	form2	$\tau$_E	$\tau_{\rm E}$
02_cosmic-ray-origins/0001_bhattacharjee-sigl-2000/literature_analysis/07_source_search_transport.md	88	form2	$\tau$_E	$\tau_{\rm E}$
02_cosmic-ray-origins/0001_bhattacharjee-sigl-2000/literature_analysis/07_source_search_transport.md	89	form2	$\tau$_E	$\tau_{\rm E}$
02_cosmic-ray-origins/0001_bhattacharjee-sigl-2000/literature_analysis/07_source_search_transport.md	90	form2	$\tau$_E	$\tau_{\rm E}$
02_cosmic-ray-origins/0001_bhattacharjee-sigl-2000/literature_analysis/07_source_search_transport.md	95	form1	3×$10^{3}$	$3\times10^{3}$
02_cosmic-ray-origins/0001_bhattacharjee-sigl-2000/literature_analysis/07_source_search_transport.md	95	form2	$\tau$_E	$\tau_{\rm E}$
02_cosmic-ray-origins/0001_bhattacharjee-sigl-2000/literature_analysis/07_source_search_transport.md	109	form2	$\tau$_E	$\tau_{\rm E}$
02_cosmic-ray-origins/0001_bhattacharjee-sigl-2000/literature_analysis/07_source_search_transport.md	109	form2	$\tau$_E	$\tau_{\rm E}$
02_cosmic-ray-origins/0001_bhattacharjee-sigl-2000/literature_analysis/07_source_search_transport.md	110	form2	$\tau$_E	$\tau_{\rm E}$
02_cosmic-ray-origins/0001_bhattacharjee-sigl-2000/literature_analysis/07_source_search_transport.md	111	form2	$\tau$_E	$\tau_{\rm E}$
02_cosmic-ray-origins/0001_bhattacharjee-sigl-2000/literature_analysis/07_source_search_transport.md	139	form2	$E_{0}$²	$E_{0}^{2}$
02_cosmic-ray-origins/0001_bhattacharjee-sigl-2000/literature_analysis/07_source_search_transport.md	143	form2	$\theta$₁	$\theta_{1}$
02_cosmic-ray-origins/0001_bhattacharjee-sigl-2000/literature_analysis/07_source_search_transport.md	143	form2	$\theta$₂	$\theta_{2}$
02_cosmic-ray-origins/0001_bhattacharjee-sigl-2000/literature_analysis/07_source_search_transport.md	147	form1	2×$10^{-17}$	$2\times10^{-17}$
02_cosmic-ray-origins/0001_bhattacharjee-sigl-2000/literature_analysis/07_source_search_transport.md	154	form1	4×$10^{16}$	$4\times10^{16}$
02_cosmic-ray-origins/0001_bhattacharjee-sigl-2000/literature_analysis/07_source_search_transport.md	159	form2	$\nu$_e	$\nu_{\rm e}$
02_cosmic-ray-origins/0001_bhattacharjee-sigl-2000/literature_analysis/07_source_search_transport.md	160	form2	$\nu$_e	$\nu_{\rm e}$
02_cosmic-ray-origins/0001_bhattacharjee-sigl-2000/literature_analysis/07_source_search_transport.md	161	form1	1.7×$10^{15}$	$1.7\times10^{15}$
02_cosmic-ray-origins/0001_bhattacharjee-sigl-2000/literature_analysis/07_source_search_transport.md	170	form2	$\tau$_E	$\tau_{\rm E}$
02_cosmic-ray-origins/0001_bhattacharjee-sigl-2000/literature_analysis/07_source_search_transport.md	171	form1	2×$10^{-11}$	$2\times10^{-11}$
02_cosmic-ray-origins/0001_bhattacharjee-sigl-2000/literature_analysis/07_source_search_transport.md	174	form1	4×$10^{16}$	$4\times10^{16}$
02_cosmic-ray-origins/0001_bhattacharjee-sigl-2000/literature_analysis/07_source_search_transport.md	175	form1	2.4×$10^{18}$	$2.4\times10^{18}$
02_cosmic-ray-origins/0001_bhattacharjee-sigl-2000/literature_analysis/08_acceleration_sources.md	58	form2	$\Gamma$²	$\Gamma^{2}$
02_cosmic-ray-origins/0001_bhattacharjee-sigl-2000/literature_analysis/08_acceleration_sources.md	141	form1	3×$10^{4}$	$3\times10^{4}$
02_cosmic-ray-origins/0001_bhattacharjee-sigl-2000/literature_analysis/08_acceleration_sources.md	149	form1	3×$10^{5}$	$3\times10^{5}$
02_cosmic-ray-origins/0001_bhattacharjee-sigl-2000/literature_analysis/08_acceleration_sources.md	157	form1	0.87×$10^{-9}$	$0.87\times10^{-9}$
02_cosmic-ray-origins/0001_bhattacharjee-sigl-2000/literature_analysis/09_topdown_basic_fragmentation.md	37	form2	$\pi$⁰	$\pi^{0}$
02_cosmic-ray-origins/0001_bhattacharjee-sigl-2000/literature_analysis/09_topdown_basic_fragmentation.md	38	form2	$\nu$_$\mu$	$\nu_\mu$
02_cosmic-ray-origins/0001_bhattacharjee-sigl-2000/literature_analysis/09_topdown_basic_fragmentation.md	38	form2	$\nu$_e	$\nu_{\rm e}$
02_cosmic-ray-origins/0001_bhattacharjee-sigl-2000/literature_analysis/09_topdown_basic_fragmentation.md	66	form2	$\Lambda$_eff	$\Lambda_{\rm eff}$
02_cosmic-ray-origins/0001_bhattacharjee-sigl-2000/literature_analysis/09_topdown_basic_fragmentation.md	71	form2	$\Lambda$^ch_eff	$\Lambda^{\rm ch}_{\rm eff}$
02_cosmic-ray-origins/0001_bhattacharjee-sigl-2000/literature_analysis/09_topdown_basic_fragmentation.md	74	form2	$\xi$_max	$\xi_{\rm max}$
02_cosmic-ray-origins/0001_bhattacharjee-sigl-2000/literature_analysis/09_topdown_basic_fragmentation.md	77	form2	$\xi$_max	$\xi_{\rm max}$
02_cosmic-ray-origins/0001_bhattacharjee-sigl-2000/literature_analysis/09_topdown_basic_fragmentation.md	81	form2	$\xi$_max	$\xi_{\rm max}$
02_cosmic-ray-origins/0001_bhattacharjee-sigl-2000/literature_analysis/09_topdown_basic_fragmentation.md	86	form2	$\xi$_max	$\xi_{\rm max}$
02_cosmic-ray-origins/0001_bhattacharjee-sigl-2000/literature_analysis/09_topdown_basic_fragmentation.md	86	form2	$\sigma$²	$\sigma^{2}$
02_cosmic-ray-origins/0001_bhattacharjee-sigl-2000/literature_analysis/09_topdown_basic_fragmentation.md	87	form2	$\sigma$²	$\sigma^{2}$
02_cosmic-ray-origins/0001_bhattacharjee-sigl-2000/literature_analysis/09_topdown_basic_fragmentation.md	96	form2	$\pi$⁰	$\pi^{0}$
02_cosmic-ray-origins/0001_bhattacharjee-sigl-2000/literature_analysis/09_topdown_basic_fragmentation.md	107	form2	$\xi$_max	$\xi_{\rm max}$
02_cosmic-ray-origins/0001_bhattacharjee-sigl-2000/literature_analysis/09_topdown_basic_fragmentation.md	125	form2	$\Phi$_N	$\Phi_{\rm N}$
02_cosmic-ray-origins/0001_bhattacharjee-sigl-2000/literature_analysis/09_topdown_basic_fragmentation.md	129	form2	$\pi$⁰	$\pi^{0}$
02_cosmic-ray-origins/0001_bhattacharjee-sigl-2000/literature_analysis/09_topdown_basic_fragmentation.md	131	form2	$\Phi$_$\gamma$	$\Phi_\gamma$
02_cosmic-ray-origins/0001_bhattacharjee-sigl-2000/literature_analysis/09_topdown_basic_fragmentation.md	131	form2	$\pi$⁰	$\pi^{0}$
02_cosmic-ray-origins/0001_bhattacharjee-sigl-2000/literature_analysis/09_topdown_basic_fragmentation.md	132	form2	$\pi$⁰	$\pi^{0}$
02_cosmic-ray-origins/0001_bhattacharjee-sigl-2000/literature_analysis/09_topdown_basic_fragmentation.md	132	form2	$\Phi$_N	$\Phi_{\rm N}$
02_cosmic-ray-origins/0001_bhattacharjee-sigl-2000/literature_analysis/09_topdown_basic_fragmentation.md	135	form2	$\nu$_$\mu$	$\nu_\mu$
02_cosmic-ray-origins/0001_bhattacharjee-sigl-2000/literature_analysis/09_topdown_basic_fragmentation.md	137	form2	$\nu$_$\mu$	$\nu_\mu$
02_cosmic-ray-origins/0001_bhattacharjee-sigl-2000/literature_analysis/09_topdown_basic_fragmentation.md	138	form2	$\pi$⁰	$\pi^{0}$
02_cosmic-ray-origins/0001_bhattacharjee-sigl-2000/literature_analysis/09_topdown_basic_fragmentation.md	140	form2	$\nu$_e	$\nu_{\rm e}$
02_cosmic-ray-origins/0001_bhattacharjee-sigl-2000/literature_analysis/09_topdown_basic_fragmentation.md	141	form2	$\nu$_$\mu$	$\nu_\mu$
02_cosmic-ray-origins/0001_bhattacharjee-sigl-2000/literature_analysis/09_topdown_basic_fragmentation.md	141	form2	$\nu$_e	$\nu_{\rm e}$
02_cosmic-ray-origins/0001_bhattacharjee-sigl-2000/literature_analysis/09_topdown_basic_fragmentation.md	146	form2	$\pi$⁰	$\pi^{0}$
02_cosmic-ray-origins/0001_bhattacharjee-sigl-2000/literature_analysis/09_topdown_basic_fragmentation.md	146	form2	$\Phi$_N	$\Phi_{\rm N}$
02_cosmic-ray-origins/0001_bhattacharjee-sigl-2000/literature_analysis/09_topdown_basic_fragmentation.md	147	form2	$\Phi$_N	$\Phi_{\rm N}$
02_cosmic-ray-origins/0001_bhattacharjee-sigl-2000/literature_analysis/09_topdown_basic_fragmentation.md	174	form1	1.2×$10^{-46}$	$1.2\times10^{-46}$
02_cosmic-ray-origins/0001_bhattacharjee-sigl-2000/literature_analysis/09_topdown_basic_fragmentation.md	181	form1	1.2×$10^{-21}$	$1.2\times10^{-21}$
02_cosmic-ray-origins/0001_bhattacharjee-sigl-2000/literature_analysis/09_topdown_basic_fragmentation.md	189	form1	1×$10^{35}$	$1\times10^{35}$
02_cosmic-ray-origins/0001_bhattacharjee-sigl-2000/literature_analysis/09_topdown_basic_fragmentation.md	205	form2	$\eta$⁻¹	$\eta^{\rm -1}$
02_cosmic-ray-origins/0001_bhattacharjee-sigl-2000/literature_analysis/09_topdown_basic_fragmentation.md	219	form2	$\eta$²	$\eta^{2}$
02_cosmic-ray-origins/0001_bhattacharjee-sigl-2000/literature_analysis/09_topdown_basic_fragmentation.md	220	form2	$\eta$³	$\eta^{3}$
02_cosmic-ray-origins/0001_bhattacharjee-sigl-2000/literature_analysis/09_topdown_basic_fragmentation.md	242	form2	$\Lambda$^ch_eff	$\Lambda^{\rm ch}_{\rm eff}$
02_cosmic-ray-origins/0001_bhattacharjee-sigl-2000/literature_analysis/10_cosmic_strings.md	30	form2	$\xi$_s	$\xi_{\rm s}$
02_cosmic-ray-origins/0001_bhattacharjee-sigl-2000/literature_analysis/10_cosmic_strings.md	30	form2	$\rho$_s	$\rho_{\rm s}$
02_cosmic-ray-origins/0001_bhattacharjee-sigl-2000/literature_analysis/10_cosmic_strings.md	32	form2	$\xi$_s	$\xi_{\rm s}$
02_cosmic-ray-origins/0001_bhattacharjee-sigl-2000/literature_analysis/10_cosmic_strings.md	32	form2	$\rho$_s	$\rho_{\rm s}$
02_cosmic-ray-origins/0001_bhattacharjee-sigl-2000/literature_analysis/10_cosmic_strings.md	33	form2	$\xi$_s	$\xi_{\rm s}$
02_cosmic-ray-origins/0001_bhattacharjee-sigl-2000/literature_analysis/10_cosmic_strings.md	38	form2	$\rho$_s	$\rho_{\rm s}$
02_cosmic-ray-origins/0001_bhattacharjee-sigl-2000/literature_analysis/10_cosmic_strings.md	40	form2	$\rho$_s	$\rho_{\rm s}$
02_cosmic-ray-origins/0001_bhattacharjee-sigl-2000/literature_analysis/10_cosmic_strings.md	41	form2	$\rho$_s	$\rho_{\rm s}$
02_cosmic-ray-origins/0001_bhattacharjee-sigl-2000/literature_analysis/10_cosmic_strings.md	51	form2	$\rho$_s	$\rho_{\rm s}$
02_cosmic-ray-origins/0001_bhattacharjee-sigl-2000/literature_analysis/10_cosmic_strings.md	66	form2	$\Omega$₀	$\Omega_{0}$
02_cosmic-ray-origins/0001_bhattacharjee-sigl-2000/literature_analysis/10_cosmic_strings.md	67	form1	~4.6×$10^{-6}$	$~4.6\times10^{-6}$
02_cosmic-ray-origins/0001_bhattacharjee-sigl-2000/literature_analysis/10_cosmic_strings.md	67	form2	$\Omega$₀	$\Omega_{0}$
02_cosmic-ray-origins/0001_bhattacharjee-sigl-2000/literature_analysis/10_cosmic_strings.md	68	form2	$\Omega$₀	$\Omega_{0}$
02_cosmic-ray-origins/0001_bhattacharjee-sigl-2000/literature_analysis/10_cosmic_strings.md	74	form2	$\eta$⁻¹	$\eta^{\rm -1}$
02_cosmic-ray-origins/0001_bhattacharjee-sigl-2000/literature_analysis/10_cosmic_strings.md	80	form2	$\xi$_s⁴	$\xi_{\rm s4}$
02_cosmic-ray-origins/0001_bhattacharjee-sigl-2000/literature_analysis/10_cosmic_strings.md	81	form2	$\xi$_s	$\xi_{\rm s}$
02_cosmic-ray-origins/0001_bhattacharjee-sigl-2000/literature_analysis/10_cosmic_strings.md	116	form2	$\eta$⁻¹	$\eta^{\rm -1}$
02_cosmic-ray-origins/0001_bhattacharjee-sigl-2000/literature_analysis/10_cosmic_strings.md	117	form2	$\tau$_debris	$\tau_{\rm debris}$
02_cosmic-ray-origins/0001_bhattacharjee-sigl-2000/literature_analysis/10_cosmic_strings.md	117	form2	$\tau$_grav	$\tau_{\rm grav}$
02_cosmic-ray-origins/0001_bhattacharjee-sigl-2000/literature_analysis/10_cosmic_strings.md	129	form1	2.8×$10^{-5}$	$2.8\times10^{-5}$
02_cosmic-ray-origins/0001_bhattacharjee-sigl-2000/literature_analysis/10_cosmic_strings.md	129	form2	$\eta$₁₆	$\eta_{16}$
02_cosmic-ray-origins/0001_bhattacharjee-sigl-2000/literature_analysis/10_cosmic_strings.md	131	form2	$\eta$₁₆	$\eta_{16}$
02_cosmic-ray-origins/0001_bhattacharjee-sigl-2000/literature_analysis/10_cosmic_strings.md	137	form2	$\omega$_cas	$\omega_{\rm cas}$
02_cosmic-ray-origins/0001_bhattacharjee-sigl-2000/literature_analysis/10_cosmic_strings.md	138	form1	2×$10^{-6}$	$2\times10^{-6}$
02_cosmic-ray-origins/0001_bhattacharjee-sigl-2000/literature_analysis/10_cosmic_strings.md	138	form2	$\omega$_cas	$\omega_{\rm cas}$
02_cosmic-ray-origins/0001_bhattacharjee-sigl-2000/literature_analysis/10_cosmic_strings.md	142	form1	9.6×$10^{-6}$	$9.6\times10^{-6}$
02_cosmic-ray-origins/0001_bhattacharjee-sigl-2000/literature_analysis/10_cosmic_strings.md	142	form2	$\eta$₁₆²	$\eta_{162}$
02_cosmic-ray-origins/0001_bhattacharjee-sigl-2000/literature_analysis/10_cosmic_strings.md	149	form1	9.2×$10^{12}$	$9.2\times10^{12}$
02_cosmic-ray-origins/0001_bhattacharjee-sigl-2000/literature_analysis/10_cosmic_strings.md	149	form1	1.2×$10^{15}$	$1.2\times10^{15}$
02_cosmic-ray-origins/0001_bhattacharjee-sigl-2000/literature_analysis/10_cosmic_strings.md	150	form1	2.8×$10^{-5}$	$2.8\times10^{-5}$
02_cosmic-ray-origins/0001_bhattacharjee-sigl-2000/literature_analysis/10_cosmic_strings.md	150	form2	$\eta$₁₆	$\eta_{16}$
02_cosmic-ray-origins/0001_bhattacharjee-sigl-2000/literature_analysis/10_cosmic_strings.md	151	form1	6.7×$10^{-4}$	$6.7\times10^{-4}$
02_cosmic-ray-origins/0001_bhattacharjee-sigl-2000/literature_analysis/10_cosmic_strings.md	162	form1	3.1×$10^{13}$	$3.1\times10^{13}$
02_cosmic-ray-origins/0001_bhattacharjee-sigl-2000/literature_analysis/10_cosmic_strings.md	168	form2	$\Omega$₀	$\Omega_{0}$
02_cosmic-ray-origins/0001_bhattacharjee-sigl-2000/literature_analysis/10_cosmic_strings.md	169	form1	2.4×$10^{6}$	$2.4\times10^{6}$
02_cosmic-ray-origins/0001_bhattacharjee-sigl-2000/literature_analysis/10_cosmic_strings.md	207	form2	$\pi$²	$\pi^{2}$
02_cosmic-ray-origins/0001_bhattacharjee-sigl-2000/literature_analysis/10_cosmic_strings.md	207	form2	$\alpha$_em	$\alpha_{\rm em}$
02_cosmic-ray-origins/0001_bhattacharjee-sigl-2000/literature_analysis/10_cosmic_strings.md	207	form2	$\gamma$_em	$\gamma_{\rm em}$
02_cosmic-ray-origins/0001_bhattacharjee-sigl-2000/literature_analysis/10_cosmic_strings.md	208	form2	$\gamma$_em	$\gamma_{\rm em}$
02_cosmic-ray-origins/0001_bhattacharjee-sigl-2000/literature_analysis/10_cosmic_strings.md	241	form1	2.8×$10^{-5}$	$2.8\times10^{-5}$
02_cosmic-ray-origins/0001_bhattacharjee-sigl-2000/literature_analysis/10_cosmic_strings.md	241	form2	$\eta$₁₆	$\eta_{16}$
02_cosmic-ray-origins/0001_bhattacharjee-sigl-2000/literature_analysis/10_cosmic_strings.md	242	form1	9.6×$10^{-6}$	$9.6\times10^{-6}$
02_cosmic-ray-origins/0001_bhattacharjee-sigl-2000/literature_analysis/10_cosmic_strings.md	242	form2	$\eta$₁₆²	$\eta_{162}$
02_cosmic-ray-origins/0001_bhattacharjee-sigl-2000/literature_analysis/10_cosmic_strings.md	243	form1	9.2×$10^{12}$	$9.2\times10^{12}$
02_cosmic-ray-origins/0001_bhattacharjee-sigl-2000/literature_analysis/10_cosmic_strings.md	243	form1	1.2×$10^{15}$	$1.2\times10^{15}$
02_cosmic-ray-origins/0001_bhattacharjee-sigl-2000/literature_analysis/10_cosmic_strings.md	245	form2	$\pi$²	$\pi^{2}$
02_cosmic-ray-origins/0001_bhattacharjee-sigl-2000/literature_analysis/10_cosmic_strings.md	245	form2	$\alpha$_em	$\alpha_{\rm em}$
02_cosmic-ray-origins/0001_bhattacharjee-sigl-2000/literature_analysis/10_cosmic_strings.md	245	form2	$\gamma$_em	$\gamma_{\rm em}$
02_cosmic-ray-origins/0001_bhattacharjee-sigl-2000/literature_analysis/11_monopoles_vortons_necklaces.md	28	form2	$\eta$_s⁻¹	$\eta_{\rm s-1}$
02_cosmic-ray-origins/0001_bhattacharjee-sigl-2000/literature_analysis/11_monopoles_vortons_necklaces.md	32	form2	$\eta$_s	$\eta_{\rm s}$
02_cosmic-ray-origins/0001_bhattacharjee-sigl-2000/literature_analysis/11_monopoles_vortons_necklaces.md	32	form2	$\eta$_$\sigma$	$\eta_\sigma$
02_cosmic-ray-origins/0001_bhattacharjee-sigl-2000/literature_analysis/11_monopoles_vortons_necklaces.md	41	form2	$\eta$_s	$\eta_{\rm s}$
02_cosmic-ray-origins/0001_bhattacharjee-sigl-2000/literature_analysis/11_monopoles_vortons_necklaces.md	42	form2	$\eta$_s	$\eta_{\rm s}$
02_cosmic-ray-origins/0001_bhattacharjee-sigl-2000/literature_analysis/11_monopoles_vortons_necklaces.md	43	form2	$\eta$_s	$\eta_{\rm s}$
02_cosmic-ray-origins/0001_bhattacharjee-sigl-2000/literature_analysis/11_monopoles_vortons_necklaces.md	43	form2	$\eta$_$\sigma$	$\eta_\sigma$
02_cosmic-ray-origins/0001_bhattacharjee-sigl-2000/literature_analysis/11_monopoles_vortons_necklaces.md	47	form2	$\tau$_v⁻¹	$\tau_{\rm v-1}$
02_cosmic-ray-origins/0001_bhattacharjee-sigl-2000/literature_analysis/11_monopoles_vortons_necklaces.md	48	form2	$\eta$_$\sigma$	$\eta_\sigma$
02_cosmic-ray-origins/0001_bhattacharjee-sigl-2000/literature_analysis/11_monopoles_vortons_necklaces.md	53	form2	$\eta$_s	$\eta_{\rm s}$
02_cosmic-ray-origins/0001_bhattacharjee-sigl-2000/literature_analysis/11_monopoles_vortons_necklaces.md	53	form2	$\eta$_$\sigma$	$\eta_\sigma$
02_cosmic-ray-origins/0001_bhattacharjee-sigl-2000/literature_analysis/11_monopoles_vortons_necklaces.md	64	form2	$\alpha$_e	$\alpha_{\rm e}$
02_cosmic-ray-origins/0001_bhattacharjee-sigl-2000/literature_analysis/11_monopoles_vortons_necklaces.md	64	form2	$\alpha$_e	$\alpha_{\rm e}$
02_cosmic-ray-origins/0001_bhattacharjee-sigl-2000/literature_analysis/11_monopoles_vortons_necklaces.md	81	form1	1.7×$10^{-8}$	$1.7\times10^{-8}$
02_cosmic-ray-origins/0001_bhattacharjee-sigl-2000/literature_analysis/11_monopoles_vortons_necklaces.md	81	form2	$\Omega$_M	$\Omega_{\rm M}$
02_cosmic-ray-origins/0001_bhattacharjee-sigl-2000/literature_analysis/11_monopoles_vortons_necklaces.md	81	form2	$\xi$_f	$\xi_{\rm f}$
02_cosmic-ray-origins/0001_bhattacharjee-sigl-2000/literature_analysis/11_monopoles_vortons_necklaces.md	82	form2	$\xi$_f	$\xi_{\rm f}$
02_cosmic-ray-origins/0001_bhattacharjee-sigl-2000/literature_analysis/11_monopoles_vortons_necklaces.md	86	form1	4×$10^{-3}$	$4\times10^{-3}$
02_cosmic-ray-origins/0001_bhattacharjee-sigl-2000/literature_analysis/11_monopoles_vortons_necklaces.md	86	form2	$\Omega$_M	$\Omega_{\rm M}$
02_cosmic-ray-origins/0001_bhattacharjee-sigl-2000/literature_analysis/11_monopoles_vortons_necklaces.md	87	form2	$\xi$_f	$\xi_{\rm f}$
02_cosmic-ray-origins/0001_bhattacharjee-sigl-2000/literature_analysis/11_monopoles_vortons_necklaces.md	143	form2	$\tau$_v⁻¹	$\tau_{\rm v-1}$
02_cosmic-ray-origins/0001_bhattacharjee-sigl-2000/literature_analysis/11_monopoles_vortons_necklaces.md	144	form2	$\eta$_s	$\eta_{\rm s}$
02_cosmic-ray-origins/0001_bhattacharjee-sigl-2000/literature_analysis/11_monopoles_vortons_necklaces.md	144	form2	$\eta$_$\sigma$	$\eta_\sigma$
02_cosmic-ray-origins/0001_bhattacharjee-sigl-2000/literature_analysis/11_monopoles_vortons_necklaces.md	148	form1	1.7×$10^{-8}$	$1.7\times10^{-8}$
02_cosmic-ray-origins/0001_bhattacharjee-sigl-2000/literature_analysis/11_monopoles_vortons_necklaces.md	148	form2	$\Omega$_M	$\Omega_{\rm M}$
02_cosmic-ray-origins/0001_bhattacharjee-sigl-2000/literature_analysis/11_monopoles_vortons_necklaces.md	148	form2	$\xi$_f	$\xi_{\rm f}$
02_cosmic-ray-origins/0001_bhattacharjee-sigl-2000/literature_analysis/11_monopoles_vortons_necklaces.md	149	form1	4×$10^{-3}$	$4\times10^{-3}$
02_cosmic-ray-origins/0001_bhattacharjee-sigl-2000/literature_analysis/11_monopoles_vortons_necklaces.md	149	form2	$\Omega$_M	$\Omega_{\rm M}$
02_cosmic-ray-origins/0001_bhattacharjee-sigl-2000/literature_analysis/12_xparticles_special_models.md	92	form1	3×$10^{-6}$	$3\times10^{-6}$
02_cosmic-ray-origins/0001_bhattacharjee-sigl-2000/literature_analysis/12_xparticles_special_models.md	94	form1	5.7×$10^{20}$	$5.7\times10^{20}$
02_cosmic-ray-origins/0001_bhattacharjee-sigl-2000/literature_analysis/12_xparticles_special_models.md	94	form1	3×$10^{-6}$	$3\times10^{-6}$
02_cosmic-ray-origins/0001_bhattacharjee-sigl-2000/literature_analysis/12_xparticles_special_models.md	106	form2	$\Lambda$_QCD⁻¹	$\Lambda_{\rm QCD-1}$
02_cosmic-ray-origins/0001_bhattacharjee-sigl-2000/literature_analysis/12_xparticles_special_models.md	149	form2	$\Omega$_X	$\Omega_{\rm X}$
02_cosmic-ray-origins/0001_bhattacharjee-sigl-2000/literature_analysis/12_xparticles_special_models.md	153	form2	$\Omega$_X	$\Omega_{\rm X}$
02_cosmic-ray-origins/0001_bhattacharjee-sigl-2000/literature_analysis/12_xparticles_special_models.md	157	form1	3×$10^{-13}$	$3\times10^{-13}$
02_cosmic-ray-origins/0001_bhattacharjee-sigl-2000/literature_analysis/12_xparticles_special_models.md	157	form2	$\Omega$_X	$\Omega_{\rm X}$
02_cosmic-ray-origins/0001_bhattacharjee-sigl-2000/literature_analysis/12_xparticles_special_models.md	157	form2	$\Omega$_CDM	$\Omega_{\rm CDM}$
02_cosmic-ray-origins/0001_bhattacharjee-sigl-2000/literature_analysis/12_xparticles_special_models.md	157	form2	$\rho$_CDM^H	$\rho_{\rm CDM}^{\rm H}$
02_cosmic-ray-origins/0001_bhattacharjee-sigl-2000/literature_analysis/12_xparticles_special_models.md	163	form2	$\Omega$_CDM	$\Omega_{\rm CDM}$
02_cosmic-ray-origins/0001_bhattacharjee-sigl-2000/literature_analysis/12_xparticles_special_models.md	182	form1	2.8×$10^{21}$	$2.8\times10^{21}$
02_cosmic-ray-origins/0001_bhattacharjee-sigl-2000/literature_analysis/12_xparticles_special_models.md	182	form2	$\tau$_X	$\tau_{\rm X}$
02_cosmic-ray-origins/0001_bhattacharjee-sigl-2000/literature_analysis/12_xparticles_special_models.md	182	form2	$\Omega$_X	$\Omega_{\rm X}$
02_cosmic-ray-origins/0001_bhattacharjee-sigl-2000/literature_analysis/12_xparticles_special_models.md	184	form1	3×$10^{21}$	$3\times10^{21}$
02_cosmic-ray-origins/0001_bhattacharjee-sigl-2000/literature_analysis/12_xparticles_special_models.md	184	form2	$\Omega$_X	$\Omega_{\rm X}$
02_cosmic-ray-origins/0001_bhattacharjee-sigl-2000/literature_analysis/12_xparticles_special_models.md	184	form2	$\tau$_X	$\tau_{\rm X}$
02_cosmic-ray-origins/0001_bhattacharjee-sigl-2000/literature_analysis/12_xparticles_special_models.md	185	form2	$\tau$_X	$\tau_{\rm X}$
02_cosmic-ray-origins/0001_bhattacharjee-sigl-2000/literature_analysis/12_xparticles_special_models.md	185	form2	$\tau$_X	$\tau_{\rm X}$
02_cosmic-ray-origins/0001_bhattacharjee-sigl-2000/literature_analysis/12_xparticles_special_models.md	186	form1	3×$10^{-12}$	$3\times10^{-12}$
02_cosmic-ray-origins/0001_bhattacharjee-sigl-2000/literature_analysis/12_xparticles_special_models.md	186	form2	$\tau$_X	$\tau_{\rm X}$
02_cosmic-ray-origins/0001_bhattacharjee-sigl-2000/literature_analysis/12_xparticles_special_models.md	186	form2	$\Omega$_X	$\Omega_{\rm X}$
02_cosmic-ray-origins/0001_bhattacharjee-sigl-2000/literature_analysis/12_xparticles_special_models.md	187	form2	$\tau$_X	$\tau_{\rm X}$
02_cosmic-ray-origins/0001_bhattacharjee-sigl-2000/literature_analysis/12_xparticles_special_models.md	239	form1	2.8×$10^{21}$	$2.8\times10^{21}$
02_cosmic-ray-origins/0001_bhattacharjee-sigl-2000/literature_analysis/12_xparticles_special_models.md	239	form2	$\tau$_X	$\tau_{\rm X}$
02_cosmic-ray-origins/0001_bhattacharjee-sigl-2000/literature_analysis/12_xparticles_special_models.md	239	form2	$\Omega$_X	$\Omega_{\rm X}$
02_cosmic-ray-origins/0001_bhattacharjee-sigl-2000/literature_analysis/12_xparticles_special_models.md	242	form2	$\Omega$_CDM	$\Omega_{\rm CDM}$
02_cosmic-ray-origins/0001_bhattacharjee-sigl-2000/literature_analysis/12_xparticles_special_models.md	244	form1	5.7×$10^{20}$	$5.7\times10^{20}$
02_cosmic-ray-origins/0001_bhattacharjee-sigl-2000/literature_analysis/12_xparticles_special_models.md	250	form1	4×$10^{19}$	$4\times10^{19}$
02_cosmic-ray-origins/0001_bhattacharjee-sigl-2000/literature_analysis/13_constraints_on_td.md	27	form2	$\gamma$^cas	$\gamma^{\rm cas}$
02_cosmic-ray-origins/0001_bhattacharjee-sigl-2000/literature_analysis/13_constraints_on_td.md	27	form2	$\omega$_cas	$\omega_{\rm cas}$
02_cosmic-ray-origins/0001_bhattacharjee-sigl-2000/literature_analysis/13_constraints_on_td.md	36	form1	4.9×$10^{4}$	$4.9\times10^{4}$
02_cosmic-ray-origins/0001_bhattacharjee-sigl-2000/literature_analysis/13_constraints_on_td.md	37	form1	2×$10^{3}$	$2\times10^{3}$
02_cosmic-ray-origins/0001_bhattacharjee-sigl-2000/literature_analysis/13_constraints_on_td.md	50	form1	4.5×$10^{-6}$	$4.5\times10^{-6}$
02_cosmic-ray-origins/0001_bhattacharjee-sigl-2000/literature_analysis/13_constraints_on_td.md	50	form2	$\omega$_cas	$\omega_{\rm cas}$
02_cosmic-ray-origins/0001_bhattacharjee-sigl-2000/literature_analysis/13_constraints_on_td.md	79	form1	~4×$10^{19}$	$~4\times10^{19}$
02_cosmic-ray-origins/0001_bhattacharjee-sigl-2000/literature_analysis/13_constraints_on_td.md	100	form2	$Q_{0}$^EHECR	$Q_{0}^{\rm EHECR}$
02_cosmic-ray-origins/0001_bhattacharjee-sigl-2000/literature_analysis/13_constraints_on_td.md	101	form1	2.2×$10^{-23}$	$2.2\times10^{-23}$
02_cosmic-ray-origins/0001_bhattacharjee-sigl-2000/literature_analysis/13_constraints_on_td.md	101	form2	$\omega$_cas	$\omega_{\rm cas}$
02_cosmic-ray-origins/0001_bhattacharjee-sigl-2000/literature_analysis/13_constraints_on_td.md	101	form2	$Q_{0}$^EM	$Q_{0}^{\rm EM}$
02_cosmic-ray-origins/0001_bhattacharjee-sigl-2000/literature_analysis/13_constraints_on_td.md	134	form1	~3×$10^{6}$	$~3\times10^{6}$
02_cosmic-ray-origins/0001_bhattacharjee-sigl-2000/literature_analysis/13_constraints_on_td.md	139	form2	$\gamma$^cas	$\gamma^{\rm cas}$
02_cosmic-ray-origins/0001_bhattacharjee-sigl-2000/literature_analysis/13_constraints_on_td.md	139	form2	$\sigma$_eff^D	$\sigma_{\rm eff}^{\rm D}$
02_cosmic-ray-origins/0001_bhattacharjee-sigl-2000/literature_analysis/13_constraints_on_td.md	151	form1	5×$10^{-5}$	$5\times10^{-5}$
02_cosmic-ray-origins/0001_bhattacharjee-sigl-2000/literature_analysis/13_constraints_on_td.md	156	form1	3×$10^{6}$	$3\times10^{6}$
02_cosmic-ray-origins/0001_bhattacharjee-sigl-2000/literature_analysis/13_constraints_on_td.md	157	form2	$\omega$_cas	$\omega_{\rm cas}$
02_cosmic-ray-origins/0001_bhattacharjee-sigl-2000/literature_analysis/13_constraints_on_td.md	164	form1	3×$10^{6}$	$3\times10^{6}$
02_cosmic-ray-origins/0001_bhattacharjee-sigl-2000/literature_analysis/13_constraints_on_td.md	205	form1	4×$10^{19}$	$4\times10^{19}$
02_cosmic-ray-origins/0001_bhattacharjee-sigl-2000/literature_analysis/13_constraints_on_td.md	226	form2	$\nu$_$\mu$	$\nu_\mu$
02_cosmic-ray-origins/0001_bhattacharjee-sigl-2000/literature_analysis/13_constraints_on_td.md	227	form2	$\nu$_e	$\nu_{\rm e}$
02_cosmic-ray-origins/0001_bhattacharjee-sigl-2000/literature_analysis/13_constraints_on_td.md	228	form2	$\nu$_$\mu$	$\nu_\mu$
02_cosmic-ray-origins/0001_bhattacharjee-sigl-2000/literature_analysis/13_constraints_on_td.md	238	form1	~6×$10^{4}$	$~6\times10^{4}$
02_cosmic-ray-origins/0001_bhattacharjee-sigl-2000/literature_analysis/13_constraints_on_td.md	248	form2	$\nu$_$\mu$	$\nu_\mu$
02_cosmic-ray-origins/0001_bhattacharjee-sigl-2000/literature_analysis/13_constraints_on_td.md	264	form1	4×$10^{19}$	$4\times10^{19}$
02_cosmic-ray-origins/0001_bhattacharjee-sigl-2000/literature_analysis/13_constraints_on_td.md	277	form1	4.9×$10^{4}$	$4.9\times10^{4}$
02_cosmic-ray-origins/0001_bhattacharjee-sigl-2000/literature_analysis/13_constraints_on_td.md	278	form1	2×$10^{3}$	$2\times10^{3}$
02_cosmic-ray-origins/0001_bhattacharjee-sigl-2000/literature_analysis/13_constraints_on_td.md	279	form1	4.5×$10^{-6}$	$4.5\times10^{-6}$
02_cosmic-ray-origins/0001_bhattacharjee-sigl-2000/literature_analysis/13_constraints_on_td.md	279	form2	$\omega$_cas	$\omega_{\rm cas}$
02_cosmic-ray-origins/0001_bhattacharjee-sigl-2000/literature_analysis/13_constraints_on_td.md	281	form1	2.2×$10^{-23}$	$2.2\times10^{-23}$
02_cosmic-ray-origins/0001_bhattacharjee-sigl-2000/literature_analysis/13_constraints_on_td.md	281	form2	$Q_{0}$^EM	$Q_{0}^{\rm EM}$
02_cosmic-ray-origins/0001_bhattacharjee-sigl-2000/literature_analysis/13_constraints_on_td.md	284	form1	3×$10^{6}$	$3\times10^{6}$
02_cosmic-ray-origins/0001_bhattacharjee-sigl-2000/literature_analysis/13_constraints_on_td.md	285	form1	5×$10^{-5}$	$5\times10^{-5}$
02_cosmic-ray-origins/0001_bhattacharjee-sigl-2000/literature_analysis/13_constraints_on_td.md	290	form2	$\nu$_$\mu$	$\nu_\mu$
02_cosmic-ray-origins/0001_bhattacharjee-sigl-2000/literature_analysis/13_constraints_on_td.md	297	form1	9×$10^{-5}$	$9\times10^{-5}$
02_cosmic-ray-origins/0001_bhattacharjee-sigl-2000/literature_analysis/98_vocabulary.md	15	form1	1.7×$10^{15}$	$1.7\times10^{15}$
02_cosmic-ray-origins/0001_bhattacharjee-sigl-2000/literature_analysis/98_vocabulary.md	15	form2	$\nu$_e	$\nu_{\rm e}$
02_cosmic-ray-origins/0001_bhattacharjee-sigl-2000/literature_analysis/98_vocabulary.md	15	form2	$\nu$_e	$\nu_{\rm e}$
02_cosmic-ray-origins/0001_bhattacharjee-sigl-2000/literature_analysis/98_vocabulary.md	16	form2	$\gamma$_b	$\gamma_{\rm b}$
02_cosmic-ray-origins/0001_bhattacharjee-sigl-2000/literature_analysis/98_vocabulary.md	16	form2	$\sigma$_TPP	$\sigma_{\rm TPP}$
02_cosmic-ray-origins/0001_bhattacharjee-sigl-2000/literature_analysis/98_vocabulary.md	16	form2	$\sigma$_T	$\sigma_{\rm T}$
02_cosmic-ray-origins/0001_bhattacharjee-sigl-2000/literature_analysis/98_vocabulary.md	16	form2	$\sigma$_TPP	$\sigma_{\rm TPP}$
02_cosmic-ray-origins/0001_bhattacharjee-sigl-2000/literature_analysis/98_vocabulary.md	16	form2	$\sigma$_ICS	$\sigma_{\rm ICS}$
02_cosmic-ray-origins/0001_bhattacharjee-sigl-2000/literature_analysis/98_vocabulary.md	21	form1	~5×$10^{19}$	$~5\times10^{19}$
02_cosmic-ray-origins/0001_bhattacharjee-sigl-2000/literature_analysis/98_vocabulary.md	21	form1	5.7×$10^{19}$	$5.7\times10^{19}$
02_cosmic-ray-origins/0001_bhattacharjee-sigl-2000/literature_analysis/98_vocabulary.md	25	form1	1.5×$10^{41}$	$1.5\times10^{41}$
02_cosmic-ray-origins/0001_bhattacharjee-sigl-2000/literature_analysis/98_vocabulary.md	156	form2	$\pi$⁰	$\pi^{0}$
02_cosmic-ray-origins/0001_bhattacharjee-sigl-2000/literature_analysis/98_vocabulary.md	170	form1	~4×$10^{15}$	$~4\times10^{15}$
02_cosmic-ray-origins/0001_bhattacharjee-sigl-2000/literature_analysis/98_vocabulary.md	170	form1	~5×$10^{18}$	$~5\times10^{18}$
02_cosmic-ray-origins/0001_bhattacharjee-sigl-2000/literature_analysis/98_vocabulary.md	170	form1	~3×$10^{18}$	$~3\times10^{18}$
02_cosmic-ray-origins/0001_bhattacharjee-sigl-2000/literature_analysis/98_vocabulary.md	171	form1	3.2×$10^{20}$	$3.2\times10^{20}$
02_cosmic-ray-origins/0001_bhattacharjee-sigl-2000/literature_analysis/99_final_summary.md	40	form1	~3×$10^{15}$	$~3\times10^{15}$
02_cosmic-ray-origins/0001_bhattacharjee-sigl-2000/literature_analysis/99_final_summary.md	40	form1	~3×$10^{18}$	$~3\times10^{18}$
02_cosmic-ray-origins/0001_bhattacharjee-sigl-2000/literature_analysis/99_final_summary.md	43	form1	~6×$10^{19}$	$~6\times10^{19}$
02_cosmic-ray-origins/0001_bhattacharjee-sigl-2000/literature_analysis/99_final_summary.md	47	form1	5×$10^{19}$	$5\times10^{19}$
02_cosmic-ray-origins/0001_bhattacharjee-sigl-2000/literature_analysis/99_final_summary.md	47	form2	$\gamma$_CMB	$\gamma_{\rm CMB}$
02_cosmic-ray-origins/0001_bhattacharjee-sigl-2000/literature_analysis/99_final_summary.md	47	form2	$\pi$⁰	$\pi^{0}$
02_cosmic-ray-origins/0001_bhattacharjee-sigl-2000/literature_analysis/99_final_summary.md	48	form1	5×$10^{19}$	$5\times10^{19}$
02_cosmic-ray-origins/0001_bhattacharjee-sigl-2000/literature_analysis/99_final_summary.md	50	form2	$\tau$_E	$\tau_{\rm E}$
02_cosmic-ray-origins/0001_bhattacharjee-sigl-2000/literature_analysis/99_final_summary.md	51	form1	2×$10^{-11}$	$2\times10^{-11}$
02_cosmic-ray-origins/0001_bhattacharjee-sigl-2000/literature_analysis/99_final_summary.md	83	form2	$\eta$_s	$\eta_{\rm s}$
02_cosmic-ray-origins/0001_bhattacharjee-sigl-2000/literature_analysis/99_final_summary.md	92	form1	5×$10^{-5}$	$5\times10^{-5}$
02_cosmic-ray-origins/0001_bhattacharjee-sigl-2000/literature_analysis/99_final_summary.md	113	form2	$\omega$_cas	$\omega_{\rm cas}$
02_cosmic-ray-origins/0001_bhattacharjee-sigl-2000/literature_analysis/99_final_summary.md	117	form1	~6×$10^{19}$	$~6\times10^{19}$
02_cosmic-ray-origins/0001_bhattacharjee-sigl-2000/literature_analysis/99_final_summary.md	119	form2	$\Omega$_X	$\Omega_{\rm X}$
02_cosmic-ray-origins/0002_al-dargazelli-1996/literature_analysis/01_analysis.md	64	form1	2 × $10^{19}$	$2\times10^{19}$
02_cosmic-ray-origins/0002_al-dargazelli-1996/literature_analysis/01_analysis.md	75	form1	2 × $10^{19}$	$2\times10^{19}$
02_cosmic-ray-origins/0002_al-dargazelli-1996/literature_analysis/01_analysis.md	82	form1	2 × $10^{19}$	$2\times10^{19}$
02_cosmic-ray-origins/0002_al-dargazelli-1996/literature_analysis/01_analysis.md	82	form1	4 × $10^{19}$	$4\times10^{19}$
02_cosmic-ray-origins/0002_al-dargazelli-1996/literature_analysis/01_analysis.md	103	form1	1 × $10^{19}$	$1\times10^{19}$
02_cosmic-ray-origins/0002_al-dargazelli-1996/literature_analysis/01_analysis.md	103	form1	3 × $10^{19}$	$3\times10^{19}$
02_cosmic-ray-origins/0002_al-dargazelli-1996/literature_analysis/01_analysis.md	105	form1	2 × $10^{19}$	$2\times10^{19}$
02_cosmic-ray-origins/0002_al-dargazelli-1996/literature_analysis/01_analysis.md	127	form1	2 × $10^{20}$	$2\times10^{20}$
02_cosmic-ray-origins/0002_al-dargazelli-1996/literature_analysis/01_analysis.md	131	form1	4 × $10^{19}$	$4\times10^{19}$
02_cosmic-ray-origins/0002_al-dargazelli-1996/literature_analysis/01_analysis.md	131	form1	9 × $10^{19}$	$9\times10^{19}$
02_cosmic-ray-origins/0002_al-dargazelli-1996/literature_analysis/01_analysis.md	161	form2	$\lambda$_L	$\lambda_{\rm L}$
02_cosmic-ray-origins/0002_al-dargazelli-1996/literature_analysis/01_analysis.md	161	form2	$\lambda$_L	$\lambda_{\rm L}$
02_cosmic-ray-origins/0002_al-dargazelli-1996/literature_analysis/01_analysis.md	171	form1	2 × $10^{6}$	$2\times10^{6}$
02_cosmic-ray-origins/0002_al-dargazelli-1996/literature_analysis/01_analysis.md	172	form1	5 × $10^{-5}$	$5\times10^{-5}$
02_cosmic-ray-origins/0002_al-dargazelli-1996/literature_analysis/01_analysis.md	218	form1	4 × $10^{19}$	$4\times10^{19}$
02_cosmic-ray-origins/0002_al-dargazelli-1996/literature_analysis/01_analysis.md	225	form1	2 × $10^{19}$	$2\times10^{19}$
02_cosmic-ray-origins/0002_al-dargazelli-1996/literature_analysis/01_analysis.md	225	form1	~4 × $10^{19}$	$~4\times10^{19}$
02_cosmic-ray-origins/0002_al-dargazelli-1996/literature_analysis/01_analysis.md	234	form1	3 × $10^{20}$	$3\times10^{20}$
02_cosmic-ray-origins/0002_al-dargazelli-1996/literature_analysis/01_analysis.md	235	form1	2 × $10^{20}$	$2\times10^{20}$
02_cosmic-ray-origins/0002_al-dargazelli-1996/literature_analysis/01_analysis.md	237	form1	2 × $10^{20}$	$2\times10^{20}$
02_cosmic-ray-origins/0002_al-dargazelli-1996/literature_analysis/01_analysis.md	322	form1	2 × $10^{20}$	$2\times10^{20}$
02_cosmic-ray-origins/0002_al-dargazelli-1996/literature_analysis/01_analysis.md	345	form1	6 × $10^{19}$	$6\times10^{19}$
02_cosmic-ray-origins/0002_al-dargazelli-1996/literature_analysis/01_analysis.md	357	form2	$\mu$_s	$\mu_{\rm s}$
02_cosmic-ray-origins/0002_al-dargazelli-1996/literature_analysis/01_analysis.md	364	form1	2 × $10^{20}$	$2\times10^{20}$
02_cosmic-ray-origins/0002_al-dargazelli-1996/literature_analysis/01_analysis.md	366	form1	6 × $10^{19}$	$6\times10^{19}$
02_cosmic-ray-origins/0002_al-dargazelli-1996/literature_analysis/01_analysis.md	366	form1	2 × $10^{20}$	$2\times10^{20}$
02_cosmic-ray-origins/0002_al-dargazelli-1996/literature_analysis/01_analysis.md	379	form1	5 × $10^{19}$	$5\times10^{19}$
02_cosmic-ray-origins/0002_al-dargazelli-1996/literature_analysis/01_analysis.md	380	form1	3 × $10^{19}$	$3\times10^{19}$
02_cosmic-ray-origins/0002_al-dargazelli-1996/literature_analysis/01_analysis.md	397	form1	4 × $10^{19}$	$4\times10^{19}$
02_cosmic-ray-origins/0002_al-dargazelli-1996/literature_analysis/01_analysis.md	397	form1	9 × $10^{19}$	$9\times10^{19}$
02_cosmic-ray-origins/0002_al-dargazelli-1996/literature_analysis/01_analysis.md	397	form1	2 × $10^{20}$	$2\times10^{20}$
02_cosmic-ray-origins/0002_al-dargazelli-1996/literature_analysis/01_analysis.md	410	form1	2 × $10^{20}$	$2\times10^{20}$
02_cosmic-ray-origins/0002_al-dargazelli-1996/literature_analysis/01_analysis.md	474	form1	4 × $10^{19}$	$4\times10^{19}$
02_cosmic-ray-origins/0002_al-dargazelli-1996/literature_analysis/01_analysis.md	488	form1	2 × $10^{19}$	$2\times10^{19}$
02_cosmic-ray-origins/0002_al-dargazelli-1996/literature_analysis/01_analysis.md	488	form1	4 × $10^{19}$	$4\times10^{19}$
02_cosmic-ray-origins/0002_al-dargazelli-1996/literature_analysis/01_analysis.md	488	form1	2 × $10^{20}$	$2\times10^{20}$
02_cosmic-ray-origins/0002_al-dargazelli-1996/literature_analysis/01_analysis.md	490	form1	3 × $10^{19}$	$3\times10^{19}$
02_cosmic-ray-origins/0002_al-dargazelli-1996/literature_analysis/01_analysis.md	505	form1	2 × $10^{20}$	$2\times10^{20}$
02_cosmic-ray-origins/0002_al-dargazelli-1996/literature_analysis/01_analysis.md	544	form1	6 × $10^{19}$	$6\times10^{19}$
02_cosmic-ray-origins/0002_al-dargazelli-1996/literature_analysis/98_vocabulary.md	14	form1	2 × $10^{20}$	$2\times10^{20}$
02_cosmic-ray-origins/0002_al-dargazelli-1996/literature_analysis/98_vocabulary.md	16	form1	4 × $10^{19}$	$4\times10^{19}$
02_cosmic-ray-origins/0002_al-dargazelli-1996/literature_analysis/98_vocabulary.md	19	form1	2 × $10^{20}$	$2\times10^{20}$
02_cosmic-ray-origins/0002_al-dargazelli-1996/literature_analysis/98_vocabulary.md	76	form1	2 × $10^{20}$	$2\times10^{20}$
02_cosmic-ray-origins/0002_al-dargazelli-1996/literature_analysis/98_vocabulary.md	94	form1	2 × $10^{20}$	$2\times10^{20}$
02_cosmic-ray-origins/0002_al-dargazelli-1996/literature_analysis/98_vocabulary.md	96	form1	~6×$10^{19}$	$~6\times10^{19}$
02_cosmic-ray-origins/0002_al-dargazelli-1996/literature_analysis/99_final_summary.md	15	form1	2 × $10^{19}$	$2\times10^{19}$
02_cosmic-ray-origins/0002_al-dargazelli-1996/literature_analysis/99_final_summary.md	28	form1	4 × $10^{19}$	$4\times10^{19}$
02_cosmic-ray-origins/0002_al-dargazelli-1996/literature_analysis/99_final_summary.md	57	form1	2 × $10^{20}$	$2\times10^{20}$
02_cosmic-ray-origins/0002_al-dargazelli-1996/literature_analysis/99_final_summary.md	59	form1	~6×$10^{19}$	$~6\times10^{19}$
02_cosmic-ray-origins/0003_gaisser-1990/literature_analysis/00_overview.md	50	form1	~3×$10^{42}$	$~3\times10^{42}$
02_cosmic-ray-origins/0003_gaisser-1990/literature_analysis/01_analysis.md	62	form1	3 × $10^{42}$	$3\times10^{42}$
02_cosmic-ray-origins/0003_gaisser-1990/literature_analysis/01_analysis.md	62	form1	2 × $10^{51}$	$2\times10^{51}$
02_cosmic-ray-origins/0003_gaisser-1990/literature_analysis/01_analysis.md	68	form1	5×$10^{40}$	$5\times10^{40}$
02_cosmic-ray-origins/0003_gaisser-1990/literature_analysis/01_analysis.md	68	form1	3×$10^{42}$	$3\times10^{42}$
02_cosmic-ray-origins/0003_gaisser-1990/literature_analysis/01_analysis.md	68	form1	5×$10^{66}$	$5\times10^{66}$
02_cosmic-ray-origins/0003_gaisser-1990/literature_analysis/01_analysis.md	68	form1	5×$10^{6}$	$5\times10^{6}$
02_cosmic-ray-origins/0003_gaisser-1990/literature_analysis/01_analysis.md	68	form1	~3×$10^{41}$	$~3\times10^{41}$
02_cosmic-ray-origins/0003_gaisser-1990/literature_analysis/01_analysis.md	68	form1	3×$10^{42}$	$3\times10^{42}$
02_cosmic-ray-origins/0003_gaisser-1990/literature_analysis/01_analysis.md	68	form2	$\rho$_E	$\rho_{\rm E}$
02_cosmic-ray-origins/0003_gaisser-1990/literature_analysis/01_analysis.md	68	form2	$\tau$_R	$\tau_{\rm R}$
02_cosmic-ray-origins/0003_gaisser-1990/literature_analysis/01_analysis.md	77	form2	$\rho$_E	$\rho_{\rm E}$
02_cosmic-ray-origins/0003_gaisser-1990/literature_analysis/01_analysis.md	78	form1	5 × $10^{66}$	$5\times10^{66}$
02_cosmic-ray-origins/0003_gaisser-1990/literature_analysis/01_analysis.md	79	form1	5 × $10^{6}$	$5\times10^{6}$
02_cosmic-ray-origins/0003_gaisser-1990/literature_analysis/01_analysis.md	79	form2	$\tau$_R	$\tau_{\rm R}$
02_cosmic-ray-origins/0003_gaisser-1990/literature_analysis/01_analysis.md	81	form2	$\tau$_R	$\tau_{\rm R}$
02_cosmic-ray-origins/0003_gaisser-1990/literature_analysis/01_analysis.md	94	form2	$\rho$_E	$\rho_{\rm E}$
02_cosmic-ray-origins/0003_gaisser-1990/literature_analysis/01_analysis.md	98	form2	$\rho$_e	$\rho_{\rm e}$
02_cosmic-ray-origins/0003_gaisser-1990/literature_analysis/01_analysis.md	108	form2	$\rho$_E	$\rho_{\rm E}$
02_cosmic-ray-origins/0003_gaisser-1990/literature_analysis/01_analysis.md	136	form2	$\lambda$_esc	$\lambda_{\rm esc}$
02_cosmic-ray-origins/0003_gaisser-1990/literature_analysis/01_analysis.md	163	form2	$\lambda$_esc	$\lambda_{\rm esc}$
02_cosmic-ray-origins/0003_gaisser-1990/literature_analysis/01_analysis.md	184	form2	$\tau$_A	$\tau_{\rm A}$
02_cosmic-ray-origins/0003_gaisser-1990/literature_analysis/01_analysis.md	227	form1	~5 × $10^{15}$	$~5\times10^{15}$
02_cosmic-ray-origins/0003_gaisser-1990/literature_analysis/01_analysis.md	264	form2	$\pi$⁰	$\pi^{0}$
02_cosmic-ray-origins/0003_gaisser-1990/literature_analysis/01_analysis.md	314	form2	$\tau$_R	$\tau_{\rm R}$
02_cosmic-ray-origins/0003_gaisser-1990/literature_analysis/01_analysis.md	315	form2	$\tau$_I	$\tau_{\rm I}$
02_cosmic-ray-origins/0003_gaisser-1990/literature_analysis/01_analysis.md	339	form2	$\tau$_R	$\tau_{\rm R}$
02_cosmic-ray-origins/0003_gaisser-1990/literature_analysis/01_analysis.md	339	form2	$\tau$_R	$\tau_{\rm R}$
02_cosmic-ray-origins/0003_gaisser-1990/literature_analysis/01_analysis.md	346	form2	$\tau$_R	$\tau_{\rm R}$
02_cosmic-ray-origins/0003_gaisser-1990/literature_analysis/01_analysis.md	347	form2	$\tau$_R	$\tau_{\rm R}$
02_cosmic-ray-origins/0003_gaisser-1990/literature_analysis/01_analysis.md	347	form2	$\tau$_I	$\tau_{\rm I}$
02_cosmic-ray-origins/0003_gaisser-1990/literature_analysis/01_analysis.md	348	form2	$\tau$_I	$\tau_{\rm I}$
02_cosmic-ray-origins/0003_gaisser-1990/literature_analysis/01_analysis.md	349	form2	$\tau$_R	$\tau_{\rm R}$
02_cosmic-ray-origins/0003_gaisser-1990/literature_analysis/01_analysis.md	365	form2	$\tau$_R	$\tau_{\rm R}$
02_cosmic-ray-origins/0003_gaisser-1990/literature_analysis/01_analysis.md	369	form2	$\tau$_R	$\tau_{\rm R}$
02_cosmic-ray-origins/0003_gaisser-1990/literature_analysis/01_analysis.md	369	form2	$\tau$_R	$\tau_{\rm R}$
02_cosmic-ray-origins/0003_gaisser-1990/literature_analysis/01_analysis.md	405	form1	5×$10^{40}$	$5\times10^{40}$
02_cosmic-ray-origins/0003_gaisser-1990/literature_analysis/01_analysis.md	405	form2	$\rho$_E	$\rho_{\rm E}$
02_cosmic-ray-origins/0003_gaisser-1990/literature_analysis/01_analysis.md	405	form2	$\tau$_R	$\tau_{\rm R}$
02_cosmic-ray-origins/0003_gaisser-1990/literature_analysis/01_analysis.md	406	form2	$\rho$_E	$\rho_{\rm E}$
02_cosmic-ray-origins/0003_gaisser-1990/literature_analysis/01_analysis.md	406	form2	$\rho$_$\epsilon$	$\rho_\epsilon$
02_cosmic-ray-origins/0003_gaisser-1990/literature_analysis/01_analysis.md	407	form2	$\lambda$_esc	$\lambda_{\rm esc}$
02_cosmic-ray-origins/0003_gaisser-1990/literature_analysis/01_analysis.md	407	form2	$\lambda$_esc	$\lambda_{\rm esc}$
02_cosmic-ray-origins/0003_gaisser-1990/literature_analysis/01_analysis.md	410	form2	$\tau$_u	$\tau_{\rm u}$
02_cosmic-ray-origins/0003_gaisser-1990/literature_analysis/01_analysis.md	410	form2	$\tau$_A	$\tau_{\rm A}$
02_cosmic-ray-origins/0003_gaisser-1990/literature_analysis/01_analysis.md	411	form2	$\tau$_A	$\tau_{\rm A}$
02_cosmic-ray-origins/0003_gaisser-1990/literature_analysis/01_analysis.md	417	form2	$\tau$_R	$\tau_{\rm R}$
02_cosmic-ray-origins/0003_gaisser-1990/literature_analysis/01_analysis.md	427	form1	2 × $10^{51}$	$2\times10^{51}$
02_cosmic-ray-origins/0003_gaisser-1990/literature_analysis/01_analysis.md	428	form1	~3 × $10^{42}$	$~3\times10^{42}$
02_cosmic-ray-origins/0003_gaisser-1990/literature_analysis/01_analysis.md	429	form1	~5 × $10^{40}$	$~5\times10^{40}$
02_cosmic-ray-origins/0003_gaisser-1990/literature_analysis/01_analysis.md	429	form1	~3 × $10^{41}$	$~3\times10^{41}$
02_cosmic-ray-origins/0003_gaisser-1990/literature_analysis/01_analysis.md	430	form2	$\rho$_E	$\rho_{\rm E}$
02_cosmic-ray-origins/0003_gaisser-1990/literature_analysis/01_analysis.md	431	form1	5 × $10^{66}$	$5\times10^{66}$
02_cosmic-ray-origins/0003_gaisser-1990/literature_analysis/01_analysis.md	432	form1	5 × $10^{6}$	$5\times10^{6}$
02_cosmic-ray-origins/0003_gaisser-1990/literature_analysis/01_analysis.md	432	form2	$\tau$_R	$\tau_{\rm R}$
02_cosmic-ray-origins/0003_gaisser-1990/literature_analysis/01_analysis.md	442	form2	$\tau$_A	$\tau_{\rm A}$
02_cosmic-ray-origins/0003_gaisser-1990/literature_analysis/01_analysis.md	450	form2	$\tau$_R	$\tau_{\rm R}$
02_cosmic-ray-origins/0003_gaisser-1990/literature_analysis/01_analysis.md	520	form1	3×$10^{42}$	$3\times10^{42}$
02_cosmic-ray-origins/0003_gaisser-1990/literature_analysis/01_analysis.md	520	form1	5×$10^{40}$	$5\times10^{40}$
02_cosmic-ray-origins/0003_gaisser-1990/literature_analysis/98_vocabulary.md	20	form2	$\tau$_R	$\tau_{\rm R}$
02_cosmic-ray-origins/0003_gaisser-1990/literature_analysis/98_vocabulary.md	20	form2	$\tau$_I	$\tau_{\rm I}$
02_cosmic-ray-origins/0003_gaisser-1990/literature_analysis/98_vocabulary.md	69	form1	~3×$10^{42}$	$~3\times10^{42}$
02_cosmic-ray-origins/0003_gaisser-1990/literature_analysis/98_vocabulary.md	71	form1	~5×$10^{15}$	$~5\times10^{15}$
02_cosmic-ray-origins/0003_gaisser-1990/literature_analysis/98_vocabulary.md	147	form2	$\tau$_R	$\tau_{\rm R}$
02_cosmic-ray-origins/0003_gaisser-1990/literature_analysis/98_vocabulary.md	151	form2	$\tau$_R	$\tau_{\rm R}$
02_cosmic-ray-origins/0003_gaisser-1990/literature_analysis/98_vocabulary.md	151	form2	$\tau$_R	$\tau_{\rm R}$
02_cosmic-ray-origins/0003_gaisser-1990/literature_analysis/99_final_summary.md	22	form1	~3×$10^{42}$	$~3\times10^{42}$
02_cosmic-ray-origins/0003_gaisser-1990/literature_analysis/99_final_summary.md	31	form1	~5×$10^{15}$	$~5\times10^{15}$
02_cosmic-ray-origins/0003_gaisser-1990/literature_analysis/99_final_summary.md	55	form1	~3×$10^{42}$	$~3\times10^{42}$
02_cosmic-ray-origins/0003_gaisser-1990/literature_analysis/99_final_summary.md	57	form1	~5×$10^{15}$	$~5\times10^{15}$
02_cosmic-ray-origins/0004_blasi-2013/literature_analysis/00_overview.md	71	form2	$\pi$⁰	$\pi^{0}$
02_cosmic-ray-origins/0004_blasi-2013/literature_analysis/00_overview.md	105	form2	$\tau$_esc	$\tau_{\rm esc}$
02_cosmic-ray-origins/0004_blasi-2013/literature_analysis/00_overview.md	106	form2	$\xi$_CR	$\xi_{\rm CR}$
02_cosmic-ray-origins/0004_blasi-2013/literature_analysis/01_introduction.md	13	form1	3 × $10^{15}$	$3\times10^{15}$
02_cosmic-ray-origins/0004_blasi-2013/literature_analysis/01_introduction.md	14	form2	$\gamma$₁	$\gamma_{1}$
02_cosmic-ray-origins/0004_blasi-2013/literature_analysis/01_introduction.md	14	form2	$\gamma$₂	$\gamma_{2}$
02_cosmic-ray-origins/0004_blasi-2013/literature_analysis/01_introduction.md	15	form3	\Phi(e^{+})/(\Phi(e^{+})+\Phi(e^{-}))	$\Phi(e^{+})/(\Phi(e^{+})+\Phi(e^{-}))$
02_cosmic-ray-origins/0004_blasi-2013/literature_analysis/01_introduction.md	16	form1	5 × $10^{15}$	$5\times10^{15}$
02_cosmic-ray-origins/0004_blasi-2013/literature_analysis/01_introduction.md	16	form1	5 × $10^{15}$	$5\times10^{15}$
02_cosmic-ray-origins/0004_blasi-2013/literature_analysis/01_introduction.md	17	form2	$\pi$⁰	$\pi^{0}$
02_cosmic-ray-origins/0004_blasi-2013/literature_analysis/01_introduction.md	23	form1	3 × $10^{15}$	$3\times10^{15}$
02_cosmic-ray-origins/0004_blasi-2013/literature_analysis/01_introduction.md	27	form2	$\gamma$₁	$\gamma_{1}$
02_cosmic-ray-origins/0004_blasi-2013/literature_analysis/01_introduction.md	27	form2	$\gamma$₂	$\gamma_{2}$
02_cosmic-ray-origins/0004_blasi-2013/literature_analysis/01_introduction.md	39	form1	5 × $10^{15}$	$5\times10^{15}$
02_cosmic-ray-origins/0004_blasi-2013/literature_analysis/01_introduction.md	48	form1	3 × $10^{15}$	$3\times10^{15}$
02_cosmic-ray-origins/0004_blasi-2013/literature_analysis/01_introduction.md	50	form1	5 × $10^{15}$	$5\times10^{15}$
02_cosmic-ray-origins/0004_blasi-2013/literature_analysis/01_introduction.md	52	form2	$\gamma$₁	$\gamma_{1}$
02_cosmic-ray-origins/0004_blasi-2013/literature_analysis/01_introduction.md	53	form2	$\gamma$₂	$\gamma_{2}$
02_cosmic-ray-origins/0004_blasi-2013/literature_analysis/02_sn_r_premises.md	11	form2	$\tau$_esc	$\tau_{\rm esc}$
02_cosmic-ray-origins/0004_blasi-2013/literature_analysis/02_sn_r_premises.md	12	form2	$\xi$_CR	$\xi_{\rm CR}$
02_cosmic-ray-origins/0004_blasi-2013/literature_analysis/02_sn_r_premises.md	13	form1	2.5 × $10^{-3}$	$2.5\times10^{-3}$
02_cosmic-ray-origins/0004_blasi-2013/literature_analysis/02_sn_r_premises.md	13	form2	$\xi$_CR	$\xi_{\rm CR}$
02_cosmic-ray-origins/0004_blasi-2013/literature_analysis/02_sn_r_premises.md	13	form2	$\xi$_CR	$\xi_{\rm CR}$
02_cosmic-ray-origins/0004_blasi-2013/literature_analysis/02_sn_r_premises.md	17	form2	$\tau$_esc	$\tau_{\rm esc}$
02_cosmic-ray-origins/0004_blasi-2013/literature_analysis/02_sn_r_premises.md	20	form1	3 × $10^{28}$	$3\times10^{28}$
02_cosmic-ray-origins/0004_blasi-2013/literature_analysis/02_sn_r_premises.md	23	form2	$\xi$_CR	$\xi_{\rm CR}$
02_cosmic-ray-origins/0004_blasi-2013/literature_analysis/02_sn_r_premises.md	24	form1	8×$10^{5}$	$8\times10^{5}$
02_cosmic-ray-origins/0004_blasi-2013/literature_analysis/02_sn_r_premises.md	24	form2	$\tau$_esc	$\tau_{\rm esc}$
02_cosmic-ray-origins/0004_blasi-2013/literature_analysis/02_sn_r_premises.md	24	form2	$\xi$_CR	$\xi_{\rm CR}$
02_cosmic-ray-origins/0004_blasi-2013/literature_analysis/02_sn_r_premises.md	25	form1	2.5 × $10^{-3}$	$2.5\times10^{-3}$
02_cosmic-ray-origins/0004_blasi-2013/literature_analysis/02_sn_r_premises.md	25	form2	$\xi$_CR	$\xi_{\rm CR}$
02_cosmic-ray-origins/0004_blasi-2013/literature_analysis/02_sn_r_premises.md	26	form2	$\xi$_CR	$\xi_{\rm CR}$
02_cosmic-ray-origins/0004_blasi-2013/literature_analysis/02_sn_r_premises.md	33	form1	5×$10^{-2}$	$5\times10^{-2}$
02_cosmic-ray-origins/0004_blasi-2013/literature_analysis/02_sn_r_premises.md	54	form2	$\tau$_esc	$\tau_{\rm esc}$
02_cosmic-ray-origins/0004_blasi-2013/literature_analysis/02_sn_r_premises.md	55	form1	~3 × $10^{28}$	$~3\times10^{28}$
02_cosmic-ray-origins/0004_blasi-2013/literature_analysis/02_sn_r_premises.md	59	form2	$\xi$_CR	$\xi_{\rm CR}$
02_cosmic-ray-origins/0004_blasi-2013/literature_analysis/02_sn_r_premises.md	60	form2	$\xi$_CR	$\xi_{\rm CR}$
02_cosmic-ray-origins/0004_blasi-2013/literature_analysis/02_sn_r_premises.md	68	form2	$\tau$_esc	$\tau_{\rm esc}$
02_cosmic-ray-origins/0004_blasi-2013/literature_analysis/02_sn_r_premises.md	68	form2	$\xi$_CR	$\xi_{\rm CR}$
02_cosmic-ray-origins/0004_blasi-2013/literature_analysis/02_sn_r_premises.md	70	form2	$\xi$_CR	$\xi_{\rm CR}$
02_cosmic-ray-origins/0004_blasi-2013/literature_analysis/02_sn_r_premises.md	75	form2	$\xi$_CR	$\xi_{\rm CR}$
02_cosmic-ray-origins/0004_blasi-2013/literature_analysis/02_sn_r_premises.md	80	form2	$\xi$_CR	$\xi_{\rm CR}$
02_cosmic-ray-origins/0004_blasi-2013/literature_analysis/02_sn_r_premises.md	81	form2	$\xi$_CR	$\xi_{\rm CR}$
02_cosmic-ray-origins/0004_blasi-2013/literature_analysis/03_test_particle_dsa.md	20	form1	1.3 × $10^{5}$	$1.3\times10^{5}$
02_cosmic-ray-origins/0004_blasi-2013/literature_analysis/03_test_particle_dsa.md	21	form1	2.3×$10^{6}$	$2.3\times10^{6}$
02_cosmic-ray-origins/0004_blasi-2013/literature_analysis/03_test_particle_dsa.md	21	form2	$\tau$_eq	$\tau_{\rm eq}$
02_cosmic-ray-origins/0004_blasi-2013/literature_analysis/03_test_particle_dsa.md	21	form2	$\tau$_eq	$\tau_{\rm eq}$
02_cosmic-ray-origins/0004_blasi-2013/literature_analysis/03_test_particle_dsa.md	21	form2	$\tau$_eq	$\tau_{\rm eq}$
02_cosmic-ray-origins/0004_blasi-2013/literature_analysis/03_test_particle_dsa.md	21	form2	$\tau$_eq	$\tau_{\rm eq}$
02_cosmic-ray-origins/0004_blasi-2013/literature_analysis/03_test_particle_dsa.md	32	form2	$B_{0}$²	$B_{0}^{2}$
02_cosmic-ray-origins/0004_blasi-2013/literature_analysis/03_test_particle_dsa.md	33	form2	$B_{0}$²	$B_{0}^{2}$
02_cosmic-ray-origins/0004_blasi-2013/literature_analysis/03_test_particle_dsa.md	34	form1	6 × $10^{-4}$	$6\times10^{-4}$
02_cosmic-ray-origins/0004_blasi-2013/literature_analysis/03_test_particle_dsa.md	52	form2	$\beta$¹	$\beta^{1}$
02_cosmic-ray-origins/0004_blasi-2013/literature_analysis/03_test_particle_dsa.md	55	form2	$\tau$_acc	$\tau_{\rm acc}$
02_cosmic-ray-origins/0004_blasi-2013/literature_analysis/03_test_particle_dsa.md	55	form2	$\tau$_SNR	$\tau_{\rm SNR}$
02_cosmic-ray-origins/0004_blasi-2013/literature_analysis/03_test_particle_dsa.md	60	form2	$\tau$_acc	$\tau_{\rm acc}$
02_cosmic-ray-origins/0004_blasi-2013/literature_analysis/03_test_particle_dsa.md	60	form2	$\tau$_SNR	$\tau_{\rm SNR}$
02_cosmic-ray-origins/0004_blasi-2013/literature_analysis/03_test_particle_dsa.md	68	form2	$E_{51}$^½	$E_{51}^{\rm ½}$
02_cosmic-ray-origins/0004_blasi-2013/literature_analysis/03_test_particle_dsa.md	70	form2	$E_{51}$^½	$E_{51}^{\rm ½}$
02_cosmic-ray-origins/0004_blasi-2013/literature_analysis/03_test_particle_dsa.md	72	form2	$E_{51}$⁻¹	$E_{51}^{\rm -1}$
02_cosmic-ray-origins/0004_blasi-2013/literature_analysis/03_test_particle_dsa.md	73	form1	1.3×$10^{5}$	$1.3\times10^{5}$
02_cosmic-ray-origins/0004_blasi-2013/literature_analysis/03_test_particle_dsa.md	74	form2	$\tau$_eq	$\tau_{\rm eq}$
02_cosmic-ray-origins/0004_blasi-2013/literature_analysis/03_test_particle_dsa.md	76	form2	$u_{1}$²	$u_{1}^{2}$
02_cosmic-ray-origins/0004_blasi-2013/literature_analysis/03_test_particle_dsa.md	82	form2	$\tau$_acc	$\tau_{\rm acc}$
02_cosmic-ray-origins/0004_blasi-2013/literature_analysis/03_test_particle_dsa.md	95	form2	$\tau$_eq	$\tau_{\rm eq}$
02_cosmic-ray-origins/0004_blasi-2013/literature_analysis/03_test_particle_dsa.md	96	form2	$\tau$_eq	$\tau_{\rm eq}$
02_cosmic-ray-origins/0004_blasi-2013/literature_analysis/03_test_particle_dsa.md	97	form1	5.6×$10^{8}$	$5.6\times10^{8}$
02_cosmic-ray-origins/0004_blasi-2013/literature_analysis/03_test_particle_dsa.md	99	form1	~6×$10^{-4}$	$~6\times10^{-4}$
02_cosmic-ray-origins/0004_blasi-2013/literature_analysis/03_test_particle_dsa.md	120	form2	$\xi$_CR	$\xi_{\rm CR}$
02_cosmic-ray-origins/0004_blasi-2013/literature_analysis/03_test_particle_dsa.md	120	form2	$\xi$_CR	$\xi_{\rm CR}$
02_cosmic-ray-origins/0004_blasi-2013/literature_analysis/04_nl_dsa.md	15	form2	$\Lambda$_B	$\Lambda_{\rm B}$
02_cosmic-ray-origins/0004_blasi-2013/literature_analysis/04_nl_dsa.md	21	form2	$\xi$_CR	$\xi_{\rm CR}$
02_cosmic-ray-origins/0004_blasi-2013/literature_analysis/04_nl_dsa.md	29	form2	$\gamma$_c	$\gamma_{\rm c}$
02_cosmic-ray-origins/0004_blasi-2013/literature_analysis/04_nl_dsa.md	29	form2	$\gamma$_c	$\gamma_{\rm c}$
02_cosmic-ray-origins/0004_blasi-2013/literature_analysis/04_nl_dsa.md	31	form2	$\xi$_CR	$\xi_{\rm CR}$
02_cosmic-ray-origins/0004_blasi-2013/literature_analysis/04_nl_dsa.md	31	form2	$\rho$₀	$\rho_{0}$
02_cosmic-ray-origins/0004_blasi-2013/literature_analysis/04_nl_dsa.md	31	form2	$u_{0}$²	$u_{0}^{2}$
02_cosmic-ray-origins/0004_blasi-2013/literature_analysis/04_nl_dsa.md	38	form1	3.3×$10^{7}$	$3.3\times10^{7}$
02_cosmic-ray-origins/0004_blasi-2013/literature_analysis/04_nl_dsa.md	38	form2	$\tau$_acc	$\tau_{\rm acc}$
02_cosmic-ray-origins/0004_blasi-2013/literature_analysis/04_nl_dsa.md	39	form1	4×$10^{10}$	$4\times10^{10}$
02_cosmic-ray-origins/0004_blasi-2013/literature_analysis/04_nl_dsa.md	39	form2	$\tau$_syn	$\tau_{\rm syn}$
02_cosmic-ray-origins/0004_blasi-2013/literature_analysis/04_nl_dsa.md	42	form1	3.7×$10^{-2}$	$3.7\times10^{-2}$
02_cosmic-ray-origins/0004_blasi-2013/literature_analysis/04_nl_dsa.md	42	form2	$\tau$_syn	$\tau_{\rm syn}$
02_cosmic-ray-origins/0004_blasi-2013/literature_analysis/04_nl_dsa.md	44	form1	3×$10^{28}$	$3\times10^{28}$
02_cosmic-ray-origins/0004_blasi-2013/literature_analysis/04_nl_dsa.md	44	form2	$\tau$_acc	$\tau_{\rm acc}$
02_cosmic-ray-origins/0004_blasi-2013/literature_analysis/04_nl_dsa.md	45	form1	3×$10^{5}$	$3\times10^{5}$
02_cosmic-ray-origins/0004_blasi-2013/literature_analysis/04_nl_dsa.md	47	form2	$\omega$_I	$\omega_{\rm I}$
02_cosmic-ray-origins/0004_blasi-2013/literature_analysis/04_nl_dsa.md	48	form1	8×$10^{-4}$	$8\times10^{-4}$
02_cosmic-ray-origins/0004_blasi-2013/literature_analysis/04_nl_dsa.md	48	form1	5×$10^{8}$	$5\times10^{8}$
02_cosmic-ray-origins/0004_blasi-2013/literature_analysis/04_nl_dsa.md	48	form2	$\xi$_CR	$\xi_{\rm CR}$
02_cosmic-ray-origins/0004_blasi-2013/literature_analysis/04_nl_dsa.md	48	form2	$\xi$_CR	$\xi_{\rm CR}$
02_cosmic-ray-origins/0004_blasi-2013/literature_analysis/04_nl_dsa.md	49	form2	$\xi$_CR	$\xi_{\rm CR}$
02_cosmic-ray-origins/0004_blasi-2013/literature_analysis/04_nl_dsa.md	49	form2	$\omega$_I	$\omega_{\rm I}$
02_cosmic-ray-origins/0004_blasi-2013/literature_analysis/04_nl_dsa.md	49	form2	$\omega$_R	$\omega_{\rm R}$
02_cosmic-ray-origins/0004_blasi-2013/literature_analysis/04_nl_dsa.md	50	form2	$\xi$_CR	$\xi_{\rm CR}$
02_cosmic-ray-origins/0004_blasi-2013/literature_analysis/04_nl_dsa.md	51	form2	$\xi$_CR	$\xi_{\rm CR}$
02_cosmic-ray-origins/0004_blasi-2013/literature_analysis/04_nl_dsa.md	51	form2	$\xi$_CR	$\xi_{\rm CR}$
02_cosmic-ray-origins/0004_blasi-2013/literature_analysis/04_nl_dsa.md	51	form2	$\gamma$_min	$\gamma_{\rm min}$
02_cosmic-ray-origins/0004_blasi-2013/literature_analysis/04_nl_dsa.md	56	form2	$\Gamma$_FH	$\Gamma_{\rm FH}$
02_cosmic-ray-origins/0004_blasi-2013/literature_analysis/04_nl_dsa.md	56	form2	$\xi$_CR^½	$\xi_{\rm CR}^{\rm ½}$
02_cosmic-ray-origins/0004_blasi-2013/literature_analysis/04_nl_dsa.md	56	form2	$\Gamma$_FH	$\Gamma_{\rm FH}$
02_cosmic-ray-origins/0004_blasi-2013/literature_analysis/04_nl_dsa.md	56	form2	$\tau$_adv	$\tau_{\rm adv}$
02_cosmic-ray-origins/0004_blasi-2013/literature_analysis/04_nl_dsa.md	56	form2	$\xi$_CR^½	$\xi_{\rm CR}^{\rm ½}$
02_cosmic-ray-origins/0004_blasi-2013/literature_analysis/04_nl_dsa.md	62	form2	$\gamma$_g	$\gamma_{\rm g}$
02_cosmic-ray-origins/0004_blasi-2013/literature_analysis/04_nl_dsa.md	62	form2	$M_{0}$²	$M_{0}^{2}$
02_cosmic-ray-origins/0004_blasi-2013/literature_analysis/04_nl_dsa.md	62	form2	$\gamma$_g	$\gamma_{\rm g}$
02_cosmic-ray-origins/0004_blasi-2013/literature_analysis/04_nl_dsa.md	62	form2	$\gamma$_g	$\gamma_{\rm g}$
02_cosmic-ray-origins/0004_blasi-2013/literature_analysis/04_nl_dsa.md	62	form2	$\gamma$_g	$\gamma_{\rm g}$
02_cosmic-ray-origins/0004_blasi-2013/literature_analysis/04_nl_dsa.md	62	form2	$\Lambda$_B	$\Lambda_{\rm B}$
02_cosmic-ray-origins/0004_blasi-2013/literature_analysis/04_nl_dsa.md	62	form2	$\Lambda$_B	$\Lambda_{\rm B}$
02_cosmic-ray-origins/0004_blasi-2013/literature_analysis/04_nl_dsa.md	62	form2	$\gamma$_g	$\gamma_{\rm g}$
02_cosmic-ray-origins/0004_blasi-2013/literature_analysis/04_nl_dsa.md	78	form2	$\gamma$_g	$\gamma_{\rm g}$
02_cosmic-ray-origins/0004_blasi-2013/literature_analysis/04_nl_dsa.md	78	form2	$\gamma$_g	$\gamma_{\rm g}$
02_cosmic-ray-origins/0004_blasi-2013/literature_analysis/04_nl_dsa.md	83	form2	$\xi$_CR	$\xi_{\rm CR}$
02_cosmic-ray-origins/0004_blasi-2013/literature_analysis/04_nl_dsa.md	84	form2	$\tau$_acc	$\tau_{\rm acc}$
02_cosmic-ray-origins/0004_blasi-2013/literature_analysis/04_nl_dsa.md	87	form1	3×$10^{5}$	$3\times10^{5}$
02_cosmic-ray-origins/0004_blasi-2013/literature_analysis/04_nl_dsa.md	88	form2	$\xi$_CR	$\xi_{\rm CR}$
02_cosmic-ray-origins/0004_blasi-2013/literature_analysis/04_nl_dsa.md	89	form1	8×$10^{-4}$	$8\times10^{-4}$
02_cosmic-ray-origins/0004_blasi-2013/literature_analysis/04_nl_dsa.md	89	form1	5×$10^{8}$	$5\times10^{8}$
02_cosmic-ray-origins/0004_blasi-2013/literature_analysis/04_nl_dsa.md	89	form2	$\xi$_CR	$\xi_{\rm CR}$
02_cosmic-ray-origins/0004_blasi-2013/literature_analysis/04_nl_dsa.md	90	form2	$\omega$_I	$\omega_{\rm I}$
02_cosmic-ray-origins/0004_blasi-2013/literature_analysis/04_nl_dsa.md	90	form2	$\xi$_CR	$\xi_{\rm CR}$
02_cosmic-ray-origins/0004_blasi-2013/literature_analysis/04_nl_dsa.md	91	form2	$\omega$_I	$\omega_{\rm I}$
02_cosmic-ray-origins/0004_blasi-2013/literature_analysis/04_nl_dsa.md	91	form2	$\omega$_R	$\omega_{\rm R}$
02_cosmic-ray-origins/0004_blasi-2013/literature_analysis/04_nl_dsa.md	91	form2	$\xi$_CR	$\xi_{\rm CR}$
02_cosmic-ray-origins/0004_blasi-2013/literature_analysis/04_nl_dsa.md	92	form2	$\xi$_CR	$\xi_{\rm CR}$
02_cosmic-ray-origins/0004_blasi-2013/literature_analysis/04_nl_dsa.md	92	form2	$\xi$_CR	$\xi_{\rm CR}$
02_cosmic-ray-origins/0004_blasi-2013/literature_analysis/04_nl_dsa.md	93	form2	$\xi$_CR	$\xi_{\rm CR}$
02_cosmic-ray-origins/0004_blasi-2013/literature_analysis/04_nl_dsa.md	93	form2	$\gamma$_min	$\gamma_{\rm min}$
02_cosmic-ray-origins/0004_blasi-2013/literature_analysis/04_nl_dsa.md	94	form2	$\Gamma$_FH	$\Gamma_{\rm FH}$
02_cosmic-ray-origins/0004_blasi-2013/literature_analysis/04_nl_dsa.md	94	form2	$\xi$_CR^½	$\xi_{\rm CR}^{\rm ½}$
02_cosmic-ray-origins/0004_blasi-2013/literature_analysis/04_nl_dsa.md	97	form2	$\Lambda$_B	$\Lambda_{\rm B}$
02_cosmic-ray-origins/0004_blasi-2013/literature_analysis/04_nl_dsa.md	105	form1	~3 × $10^{5}$	$~3\times10^{5}$
02_cosmic-ray-origins/0004_blasi-2013/literature_analysis/04_nl_dsa.md	125	form2	$\xi$_CR	$\xi_{\rm CR}$
02_cosmic-ray-origins/0004_blasi-2013/literature_analysis/06_indirect_evidence.md	12	form2	$\pi$⁰	$\pi^{0}$
02_cosmic-ray-origins/0004_blasi-2013/literature_analysis/06_indirect_evidence.md	33	form2	$\xi$_esc	$\xi_{\rm esc}$
02_cosmic-ray-origins/0004_blasi-2013/literature_analysis/06_indirect_evidence.md	34	form2	$\xi$_esc	$\xi_{\rm esc}$
02_cosmic-ray-origins/0004_blasi-2013/literature_analysis/06_indirect_evidence.md	71	form2	$\pi$⁰	$\pi^{0}$
02_cosmic-ray-origins/0004_blasi-2013/literature_analysis/06_indirect_evidence.md	75	form2	$\tau$_SNR	$\tau_{\rm SNR}$
02_cosmic-ray-origins/0004_blasi-2013/literature_analysis/06_indirect_evidence.md	76	form2	$\gamma$⁻¹	$\gamma^{\rm -1}$
02_cosmic-ray-origins/0004_blasi-2013/literature_analysis/06_indirect_evidence.md	89	form2	$\xi$_esc	$\xi_{\rm esc}$
02_cosmic-ray-origins/0004_blasi-2013/literature_analysis/06_indirect_evidence.md	90	form2	$\xi$_esc	$\xi_{\rm esc}$
02_cosmic-ray-origins/0004_blasi-2013/literature_analysis/06_indirect_evidence.md	97	form2	$\nu$_sync	$\nu_{\rm sync}$
02_cosmic-ray-origins/0004_blasi-2013/literature_analysis/06_indirect_evidence.md	123	form2	$\xi$_esc	$\xi_{\rm esc}$
02_cosmic-ray-origins/0004_blasi-2013/literature_analysis/07_h_alpha.md	46	form2	$\xi$_inj	$\xi_{\rm inj}$
02_cosmic-ray-origins/0004_blasi-2013/literature_analysis/07_h_alpha.md	47	form2	$\eta$_TH	$\eta_{\rm TH}$
02_cosmic-ray-origins/0004_blasi-2013/literature_analysis/07_h_alpha.md	55	form2	$\xi$_CR	$\xi_{\rm CR}$
02_cosmic-ray-origins/0004_blasi-2013/literature_analysis/07_h_alpha.md	57	form2	$\beta$_down	$\beta_{\rm down}$
02_cosmic-ray-origins/0004_blasi-2013/literature_analysis/07_h_alpha.md	57	form2	$\xi$_CR	$\xi_{\rm CR}$
02_cosmic-ray-origins/0004_blasi-2013/literature_analysis/07_h_alpha.md	58	form2	$\beta$_down	$\beta_{\rm down}$
02_cosmic-ray-origins/0004_blasi-2013/literature_analysis/07_h_alpha.md	58	form2	$\beta$_down	$\beta_{\rm down}$
02_cosmic-ray-origins/0004_blasi-2013/literature_analysis/07_h_alpha.md	58	form2	$\beta$_down	$\beta_{\rm down}$
02_cosmic-ray-origins/0004_blasi-2013/literature_analysis/07_h_alpha.md	62	form2	$\xi$_CR	$\xi_{\rm CR}$
02_cosmic-ray-origins/0004_blasi-2013/literature_analysis/07_h_alpha.md	64	form2	$\xi$_CR	$\xi_{\rm CR}$
02_cosmic-ray-origins/0004_blasi-2013/literature_analysis/07_h_alpha.md	84	form2	$\lambda$_cx	$\lambda_{\rm cx}$
02_cosmic-ray-origins/0004_blasi-2013/literature_analysis/07_h_alpha.md	84	form2	$\lambda$_ion	$\lambda_{\rm ion}$
02_cosmic-ray-origins/0004_blasi-2013/literature_analysis/07_h_alpha.md	99	form2	$\xi$_CR	$\xi_{\rm CR}$
02_cosmic-ray-origins/0004_blasi-2013/literature_analysis/07_h_alpha.md	99	form2	$\beta$_down	$\beta_{\rm down}$
02_cosmic-ray-origins/0004_blasi-2013/literature_analysis/07_h_alpha.md	102	form2	$\xi$_CR	$\xi_{\rm CR}$
02_cosmic-ray-origins/0004_blasi-2013/literature_analysis/07_h_alpha.md	107	form2	$\xi$_CR	$\xi_{\rm CR}$
02_cosmic-ray-origins/0004_blasi-2013/literature_analysis/07_h_alpha.md	117	form2	$\beta$_down	$\beta_{\rm down}$
02_cosmic-ray-origins/0004_blasi-2013/literature_analysis/07_h_alpha.md	117	form2	$\beta$_down	$\beta_{\rm down}$
02_cosmic-ray-origins/0004_blasi-2013/literature_analysis/07_h_alpha.md	117	form2	$\beta$_down	$\beta_{\rm down}$
02_cosmic-ray-origins/0004_blasi-2013/literature_analysis/07_h_alpha.md	123	form2	$\xi$_CR	$\xi_{\rm CR}$
02_cosmic-ray-origins/0004_blasi-2013/literature_analysis/08_conclusions.md	22	form2	$\pi$⁰	$\pi^{0}$
02_cosmic-ray-origins/0004_blasi-2013/literature_analysis/08_conclusions.md	49	form1	~3 × $10^{15}$	$~3\times10^{15}$
02_cosmic-ray-origins/0004_blasi-2013/literature_analysis/09_figures_tables.md	28	form1	3×$10^{15}$	$3\times10^{15}$
02_cosmic-ray-origins/0004_blasi-2013/literature_analysis/09_figures_tables.md	33	form1	3×$10^{15}$	$3\times10^{15}$
02_cosmic-ray-origins/0004_blasi-2013/literature_analysis/09_figures_tables.md	76	form2	$\tau$_esc	$\tau_{\rm esc}$
02_cosmic-ray-origins/0004_blasi-2013/literature_analysis/09_figures_tables.md	103	form1	2×$10^{3}$	$2\times10^{3}$
02_cosmic-ray-origins/0004_blasi-2013/literature_analysis/09_figures_tables.md	106	form2	$\xi$_CR	$\xi_{\rm CR}$
02_cosmic-ray-origins/0004_blasi-2013/literature_analysis/09_figures_tables.md	112	form2	$\xi$_CR	$\xi_{\rm CR}$
02_cosmic-ray-origins/0004_blasi-2013/literature_analysis/09_figures_tables.md	243	form1	5×$10^{8}$	$5\times10^{8}$
02_cosmic-ray-origins/0004_blasi-2013/literature_analysis/09_figures_tables.md	275	form2	$\omega$_I	$\omega_{\rm I}$
02_cosmic-ray-origins/0004_blasi-2013/literature_analysis/09_figures_tables.md	281	form2	$\xi$_CR	$\xi_{\rm CR}$
02_cosmic-ray-origins/0004_blasi-2013/literature_analysis/09_figures_tables.md	318	form2	$\xi$_inj	$\xi_{\rm inj}$
02_cosmic-ray-origins/0004_blasi-2013/literature_analysis/09_figures_tables.md	345	form2	$\pi$⁰	$\pi^{0}$
02_cosmic-ray-origins/0004_blasi-2013/literature_analysis/09_figures_tables.md	391	form2	$\pi$⁰	$\pi^{0}$
02_cosmic-ray-origins/0004_blasi-2013/literature_analysis/09_figures_tables.md	438	form2	$\xi$_inj	$\xi_{\rm inj}$
02_cosmic-ray-origins/0004_blasi-2013/literature_analysis/09_figures_tables.md	438	form2	$\eta$_TH	$\eta_{\rm TH}$
02_cosmic-ray-origins/0004_blasi-2013/literature_analysis/09_figures_tables.md	445	form2	$\eta$_TH	$\eta_{\rm TH}$
02_cosmic-ray-origins/0004_blasi-2013/literature_analysis/09_figures_tables.md	454	form2	$\xi$_CR	$\xi_{\rm CR}$
02_cosmic-ray-origins/0004_blasi-2013/literature_analysis/09_figures_tables.md	461	form2	$\xi$_CR	$\xi_{\rm CR}$
02_cosmic-ray-origins/0004_blasi-2013/literature_analysis/09_figures_tables.md	464	form2	$\xi$_CR	$\xi_{\rm CR}$
02_cosmic-ray-origins/0004_blasi-2013/literature_analysis/09_figures_tables.md	467	form2	$\xi$_CR	$\xi_{\rm CR}$
02_cosmic-ray-origins/0004_blasi-2013/literature_analysis/09_figures_tables.md	474	form2	$\beta$_down	$\beta_{\rm down}$
02_cosmic-ray-origins/0004_blasi-2013/literature_analysis/09_figures_tables.md	478	form2	$\beta$_down	$\beta_{\rm down}$
02_cosmic-ray-origins/0004_blasi-2013/literature_analysis/09_figures_tables.md	478	form2	$\xi$_CR	$\xi_{\rm CR}$
02_cosmic-ray-origins/0004_blasi-2013/literature_analysis/09_figures_tables.md	479	form2	$\beta$_down	$\beta_{\rm down}$
02_cosmic-ray-origins/0004_blasi-2013/literature_analysis/09_figures_tables.md	479	form2	$\xi$_CR	$\xi_{\rm CR}$
02_cosmic-ray-origins/0004_blasi-2013/literature_analysis/09_figures_tables.md	491	form2	$\xi$_CR	$\xi_{\rm CR}$
02_cosmic-ray-origins/0004_blasi-2013/literature_analysis/09_figures_tables.md	494	form2	$\beta$_down	$\beta_{\rm down}$
02_cosmic-ray-origins/0004_blasi-2013/literature_analysis/09_figures_tables.md	495	form2	$\xi$_CR	$\xi_{\rm CR}$
02_cosmic-ray-origins/0004_blasi-2013/literature_analysis/98_vocabulary.md	13	form2	$\xi$_CR	$\xi_{\rm CR}$
02_cosmic-ray-origins/0004_blasi-2013/literature_analysis/98_vocabulary.md	23	form1	3 × $10^{15}$	$3\times10^{15}$
02_cosmic-ray-origins/0004_blasi-2013/literature_analysis/98_vocabulary.md	95	form2	$\pi$⁰	$\pi^{0}$
02_cosmic-ray-origins/0004_blasi-2013/literature_analysis/98_vocabulary.md	104	form1	3.3×$10^{7}$	$3.3\times10^{7}$
02_cosmic-ray-origins/0004_blasi-2013/literature_analysis/98_vocabulary.md	104	form2	$\tau$_acc	$\tau_{\rm acc}$
02_cosmic-ray-origins/0004_blasi-2013/literature_analysis/98_vocabulary.md	105	form1	4×$10^{10}$	$4\times10^{10}$
02_cosmic-ray-origins/0004_blasi-2013/literature_analysis/98_vocabulary.md	105	form2	$\tau$_syn	$\tau_{\rm syn}$
02_cosmic-ray-origins/0004_blasi-2013/literature_analysis/98_vocabulary.md	108	form1	3.7×$10^{-2}$	$3.7\times10^{-2}$
02_cosmic-ray-origins/0004_blasi-2013/literature_analysis/98_vocabulary.md	108	form2	$\tau$_syn	$\tau_{\rm syn}$
02_cosmic-ray-origins/0004_blasi-2013/literature_analysis/98_vocabulary.md	118	form1	3 × $10^{15}$	$3\times10^{15}$
02_cosmic-ray-origins/0004_blasi-2013/literature_analysis/98_vocabulary.md	124	form2	$\pi$⁰	$\pi^{0}$
02_cosmic-ray-origins/0004_blasi-2013/literature_analysis/98_vocabulary.md	128	form2	$\tau$_SNR	$\tau_{\rm SNR}$
02_cosmic-ray-origins/0004_blasi-2013/literature_analysis/98_vocabulary.md	129	form2	$\gamma$⁻¹	$\gamma^{\rm -1}$
02_cosmic-ray-origins/0004_blasi-2013/literature_analysis/99_final_summary.md	11	form2	$\xi$_CR	$\xi_{\rm CR}$
02_cosmic-ray-origins/0004_blasi-2013/literature_analysis/99_final_summary.md	17	form1	~3×$10^{15}$	$~3\times10^{15}$
02_cosmic-ray-origins/0004_blasi-2013/literature_analysis/99_final_summary.md	30	form2	$\xi$_CR	$\xi_{\rm CR}$
02_cosmic-ray-origins/0004_blasi-2013/literature_analysis/99_final_summary.md	31	form2	$\xi$_CR	$\xi_{\rm CR}$
02_cosmic-ray-origins/0004_blasi-2013/literature_analysis/99_final_summary.md	40	form2	$\xi$_CR	$\xi_{\rm CR}$
02_cosmic-ray-origins/0004_blasi-2013/literature_analysis/99_final_summary.md	50	form2	$\pi$⁰	$\pi^{0}$
02_cosmic-ray-origins/0004_blasi-2013/literature_analysis/99_final_summary.md	51	form2	$\xi$_CR	$\xi_{\rm CR}$
02_cosmic-ray-origins/0004_blasi-2013/literature_analysis/99_final_summary.md	60	form2	$\xi$_CR	$\xi_{\rm CR}$
02_cosmic-ray-origins/0004_blasi-2013/literature_analysis/99_final_summary.md	69	form2	$\xi$_CR	$\xi_{\rm CR}$
02_cosmic-ray-origins/0004_blasi-2013/literature_analysis/99_final_summary.md	71	form2	$\beta$_down	$\beta_{\rm down}$
02_cosmic-ray-origins/0004_blasi-2013/literature_analysis/99_final_summary.md	85	form2	$\xi$_CR	$\xi_{\rm CR}$
02_cosmic-ray-origins/0004_blasi-2013/literature_analysis/99_final_summary.md	92	form2	$\pi$⁰	$\pi^{0}$
02_cosmic-ray-origins/0004_blasi-2013/literature_analysis/99_final_summary.md	93	form2	$\xi$_CR	$\xi_{\rm CR}$
02_cosmic-ray-origins/0004_blasi-2013/literature_analysis/99_final_summary.md	93	form2	$\beta$_down	$\beta_{\rm down}$
02_cosmic-ray-origins/0004_blasi-2013/literature_analysis/99_final_summary.md	93	form2	$\xi$_CR	$\xi_{\rm CR}$
02_cosmic-ray-origins/0004_blasi-2013/literature_analysis/99_final_summary.md	116	form2	$\xi$_CR	$\xi_{\rm CR}$
02_cosmic-ray-origins/0004_blasi-2013/literature_analysis/99_final_summary.md	117	form2	$\xi$_CR	$\xi_{\rm CR}$
02_cosmic-ray-origins/0004_blasi-2013/literature_analysis/99_final_summary.md	119	form2	$\tau$_acc	$\tau_{\rm acc}$
02_cosmic-ray-origins/0004_blasi-2013/literature_analysis/99_final_summary.md	126	form2	$\xi$_CR	$\xi_{\rm CR}$
02_cosmic-ray-origins/0004_blasi-2013/literature_analysis/99_final_summary.md	134	form2	$\pi$⁰	$\pi^{0}$
02_cosmic-ray-origins/0004_blasi-2013/literature_analysis/99_final_summary.md	138	form2	$\beta$_down	$\beta_{\rm down}$
02_cosmic-ray-origins/0004_blasi-2013/literature_analysis/99_final_summary.md	138	form2	$\xi$_CR	$\xi_{\rm CR}$
02_cosmic-ray-origins/0005_amato-2014/literature_analysis/00_overview.md	131	form2	$\pi$⁰	$\pi^{0}$
02_cosmic-ray-origins/0005_amato-2014/literature_analysis/00_overview.md	145	form2	$\xi$_CR	$\xi_{\rm CR}$
02_cosmic-ray-origins/0005_amato-2014/literature_analysis/00_overview.md	146	form2	$\gamma$_p	$\gamma_{\rm p}$
02_cosmic-ray-origins/0005_amato-2014/literature_analysis/00_overview.md	153	form2	$\pi$⁰	$\pi^{0}$
02_cosmic-ray-origins/0005_amato-2014/literature_analysis/01_introduction.md	30	form1	~3×$10^{40}$	$~3\times10^{40}$
02_cosmic-ray-origins/0005_amato-2014/literature_analysis/01_introduction.md	33	form2	$\xi$_CR	$\xi_{\rm CR}$
02_cosmic-ray-origins/0005_amato-2014/literature_analysis/01_introduction.md	54	form2	$\pi$⁰	$\pi^{0}$
02_cosmic-ray-origins/0005_amato-2014/literature_analysis/01_introduction.md	57	form1	3×$10^{15}$	$3\times10^{15}$
02_cosmic-ray-origins/0005_amato-2014/literature_analysis/01_introduction.md	66	form1	3×$10^{15}$	$3\times10^{15}$
02_cosmic-ray-origins/0005_amato-2014/literature_analysis/01_introduction.md	67	form1	3×$10^{15}$	$3\times10^{15}$
02_cosmic-ray-origins/0005_amato-2014/literature_analysis/01_introduction.md	71	form2	$\gamma$₁	$\gamma_{1}$
02_cosmic-ray-origins/0005_amato-2014/literature_analysis/01_introduction.md	72	form2	$\gamma$₂	$\gamma_{2}$
02_cosmic-ray-origins/0005_amato-2014/literature_analysis/01_introduction.md	84	form1	5×$10^{15}$	$5\times10^{15}$
02_cosmic-ray-origins/0005_amato-2014/literature_analysis/02_snr_paradigm.md	14	form2	$\xi$_CR	$\xi_{\rm CR}$
02_cosmic-ray-origins/0005_amato-2014/literature_analysis/02_snr_paradigm.md	55	form2	$\xi$_CR	$\xi_{\rm CR}$
02_cosmic-ray-origins/0005_amato-2014/literature_analysis/02_snr_paradigm.md	62	form2	$\xi$_CR	$\xi_{\rm CR}$
02_cosmic-ray-origins/0005_amato-2014/literature_analysis/02_snr_paradigm.md	70	form2	$\xi$_CR	$\xi_{\rm CR}$
02_cosmic-ray-origins/0005_amato-2014/literature_analysis/02_snr_paradigm.md	76	form2	$\gamma$_inj	$\gamma_{\rm inj}$
02_cosmic-ray-origins/0005_amato-2014/literature_analysis/03_test_particle_dsa.md	23	form2	$\gamma$_g	$\gamma_{\rm g}$
02_cosmic-ray-origins/0005_amato-2014/literature_analysis/03_test_particle_dsa.md	84	form1	6×$10^{-4}$	$6\times10^{-4}$
02_cosmic-ray-origins/0005_amato-2014/literature_analysis/03_test_particle_dsa.md	110	form2	$\epsilon$⁻³	$\epsilon^{\rm -3}$
02_cosmic-ray-origins/0005_amato-2014/literature_analysis/03_test_particle_dsa.md	123	form2	$\beta$¹	$\beta^{1}$
02_cosmic-ray-origins/0005_amato-2014/literature_analysis/03_test_particle_dsa.md	123	form2	$\beta$²	$\beta^{2}$
02_cosmic-ray-origins/0005_amato-2014/literature_analysis/03_test_particle_dsa.md	133	form2	$\tau$_acc	$\tau_{\rm acc}$
02_cosmic-ray-origins/0005_amato-2014/literature_analysis/03_test_particle_dsa.md	133	form2	$\tau$_SNR	$\tau_{\rm SNR}$
02_cosmic-ray-origins/0005_amato-2014/literature_analysis/04_nl_dsa.md	13	form2	$\xi$_CR	$\xi_{\rm CR}$
02_cosmic-ray-origins/0005_amato-2014/literature_analysis/04_nl_dsa.md	44	form2	$\gamma$_c	$\gamma_{\rm c}$
02_cosmic-ray-origins/0005_amato-2014/literature_analysis/04_nl_dsa.md	85	form2	$\xi$_inj	$\xi_{\rm inj}$
02_cosmic-ray-origins/0005_amato-2014/literature_analysis/05_magnetic_field_amplification.md	49	form2	$\xi$_CR	$\xi_{\rm CR}$
02_cosmic-ray-origins/0005_amato-2014/literature_analysis/05_magnetic_field_amplification.md	57	form2	$\xi$_CR	$\xi_{\rm CR}$
02_cosmic-ray-origins/0005_amato-2014/literature_analysis/05_magnetic_field_amplification.md	61	form2	$\xi$_CR	$\xi_{\rm CR}$
02_cosmic-ray-origins/0005_amato-2014/literature_analysis/05_magnetic_field_amplification.md	73	form2	$\xi$_CR	$\xi_{\rm CR}$
02_cosmic-ray-origins/0005_amato-2014/literature_analysis/05_magnetic_field_amplification.md	79	form2	$\xi$_CR	$\xi_{\rm CR}$
02_cosmic-ray-origins/0005_amato-2014/literature_analysis/06_escape_spectra.md	34	form2	$\xi$_esc	$\xi_{\rm esc}$
02_cosmic-ray-origins/0005_amato-2014/literature_analysis/06_escape_spectra.md	51	form2	$\xi$_inj	$\xi_{\rm inj}$
02_cosmic-ray-origins/0005_amato-2014/literature_analysis/06_escape_spectra.md	62	form2	$\gamma$_inj	$\gamma_{\rm inj}$
02_cosmic-ray-origins/0005_amato-2014/literature_analysis/06_escape_spectra.md	65	form2	$\gamma$_inj	$\gamma_{\rm inj}$
02_cosmic-ray-origins/0005_amato-2014/literature_analysis/06_escape_spectra.md	66	form2	$\gamma$_inj	$\gamma_{\rm inj}$
02_cosmic-ray-origins/0005_amato-2014/literature_analysis/06_escape_spectra.md	67	form2	$\gamma$_inj	$\gamma_{\rm inj}$
02_cosmic-ray-origins/0005_amato-2014/literature_analysis/07_gammaray_snr.md	16	form2	$\pi$⁰	$\pi^{0}$
02_cosmic-ray-origins/0005_amato-2014/literature_analysis/07_gammaray_snr.md	23	form2	$\pi$⁰	$\pi^{0}$
02_cosmic-ray-origins/0005_amato-2014/literature_analysis/07_gammaray_snr.md	24	form2	$\pi$⁰	$\pi^{0}$
02_cosmic-ray-origins/0005_amato-2014/literature_analysis/07_gammaray_snr.md	47	form2	$\pi$⁰	$\pi^{0}$
02_cosmic-ray-origins/0005_amato-2014/literature_analysis/07_gammaray_snr.md	49	form2	$\pi$⁰	$\pi^{0}$
02_cosmic-ray-origins/0005_amato-2014/literature_analysis/07_gammaray_snr.md	51	form2	$\pi$⁰	$\pi^{0}$
02_cosmic-ray-origins/0005_amato-2014/literature_analysis/07_gammaray_snr.md	58	form2	$\gamma$_e	$\gamma_{\rm e}$
02_cosmic-ray-origins/0005_amato-2014/literature_analysis/07_gammaray_snr.md	64	form2	$\tau$_SNR	$\tau_{\rm SNR}$
02_cosmic-ray-origins/0005_amato-2014/literature_analysis/07_gammaray_snr.md	90	form2	$\pi$⁰	$\pi^{0}$
02_cosmic-ray-origins/0005_amato-2014/literature_analysis/08_superbubble_ha.md	57	form2	$\gamma$_e	$\gamma_{\rm e}$
02_cosmic-ray-origins/0005_amato-2014/literature_analysis/08_superbubble_ha.md	65	form2	$\xi$_inj	$\xi_{\rm inj}$
02_cosmic-ray-origins/0005_amato-2014/literature_analysis/08_superbubble_ha.md	67	form2	$\eta$_TH	$\eta_{\rm TH}$
02_cosmic-ray-origins/0005_amato-2014/literature_analysis/08_superbubble_ha.md	77	form2	$\xi$_CR	$\xi_{\rm CR}$
02_cosmic-ray-origins/0005_amato-2014/literature_analysis/08_superbubble_ha.md	77	form2	$\beta$_down	$\beta_{\rm down}$
02_cosmic-ray-origins/0005_amato-2014/literature_analysis/08_superbubble_ha.md	78	form2	$\beta$_down	$\beta_{\rm down}$
02_cosmic-ray-origins/0005_amato-2014/literature_analysis/08_superbubble_ha.md	79	form2	$\beta$_down	$\beta_{\rm down}$
02_cosmic-ray-origins/0005_amato-2014/literature_analysis/08_superbubble_ha.md	79	form2	$\xi$_CR	$\xi_{\rm CR}$
02_cosmic-ray-origins/0005_amato-2014/literature_analysis/08_superbubble_ha.md	82	form2	$\xi$_CR	$\xi_{\rm CR}$
02_cosmic-ray-origins/0005_amato-2014/literature_analysis/08_superbubble_ha.md	83	form2	$\xi$_CR	$\xi_{\rm CR}$
02_cosmic-ray-origins/0005_amato-2014/literature_analysis/08_superbubble_ha.md	87	form2	$\xi$_CR	$\xi_{\rm CR}$
02_cosmic-ray-origins/0005_amato-2014/literature_analysis/08_superbubble_ha.md	91	form2	$\beta$_down	$\beta_{\rm down}$
02_cosmic-ray-origins/0005_amato-2014/literature_analysis/08_superbubble_ha.md	91	form2	$\xi$_CR	$\xi_{\rm CR}$
02_cosmic-ray-origins/0005_amato-2014/literature_analysis/08_superbubble_ha.md	102	form2	$\xi$_CR	$\xi_{\rm CR}$
02_cosmic-ray-origins/0005_amato-2014/literature_analysis/08_superbubble_ha.md	106	form2	$\beta$_down	$\beta_{\rm down}$
02_cosmic-ray-origins/0005_amato-2014/literature_analysis/09_figures_tables.md	15	form1	3×$10^{15}$	$3\times10^{15}$
02_cosmic-ray-origins/0005_amato-2014/literature_analysis/09_figures_tables.md	28	form1	2×$10^{3}$	$2\times10^{3}$
02_cosmic-ray-origins/0005_amato-2014/literature_analysis/09_figures_tables.md	28	form2	$\xi$_CR	$\xi_{\rm CR}$
02_cosmic-ray-origins/0005_amato-2014/literature_analysis/09_figures_tables.md	47	form1	5×$10^{8}$	$5\times10^{8}$
02_cosmic-ray-origins/0005_amato-2014/literature_analysis/09_figures_tables.md	55	form2	$\xi$_CR	$\xi_{\rm CR}$
02_cosmic-ray-origins/0005_amato-2014/literature_analysis/09_figures_tables.md	60	form2	$\xi$_inj	$\xi_{\rm inj}$
02_cosmic-ray-origins/0005_amato-2014/literature_analysis/09_figures_tables.md	66	form2	$\pi$⁰	$\pi^{0}$
02_cosmic-ray-origins/0005_amato-2014/literature_analysis/09_figures_tables.md	70	form2	$\pi$⁰	$\pi^{0}$
02_cosmic-ray-origins/0005_amato-2014/literature_analysis/09_figures_tables.md	71	form2	$\pi$⁰	$\pi^{0}$
02_cosmic-ray-origins/0005_amato-2014/literature_analysis/09_figures_tables.md	80	form2	$\xi$_inj	$\xi_{\rm inj}$
02_cosmic-ray-origins/0005_amato-2014/literature_analysis/09_figures_tables.md	83	form2	$\xi$_CR	$\xi_{\rm CR}$
02_cosmic-ray-origins/0005_amato-2014/literature_analysis/09_figures_tables.md	84	form2	$\beta$_down	$\beta_{\rm down}$
02_cosmic-ray-origins/0005_amato-2014/literature_analysis/09_figures_tables.md	85	form2	$\beta$_down	$\beta_{\rm down}$
02_cosmic-ray-origins/0005_amato-2014/literature_analysis/09_figures_tables.md	85	form2	$\xi$_CR	$\xi_{\rm CR}$
02_cosmic-ray-origins/0005_amato-2014/literature_analysis/09_figures_tables.md	97	form1	5×$10^{8}$	$5\times10^{8}$
02_cosmic-ray-origins/0005_amato-2014/literature_analysis/09_figures_tables.md	111	form2	$\gamma$_inj	$\gamma_{\rm inj}$
02_cosmic-ray-origins/0005_amato-2014/literature_analysis/09_figures_tables.md	112	form2	$\gamma$_inj	$\gamma_{\rm inj}$
02_cosmic-ray-origins/0005_amato-2014/literature_analysis/09_figures_tables.md	116	form2	$\gamma$_inj	$\gamma_{\rm inj}$
02_cosmic-ray-origins/0005_amato-2014/literature_analysis/09_figures_tables.md	117	form2	$\gamma$_inj	$\gamma_{\rm inj}$
02_cosmic-ray-origins/0005_amato-2014/literature_analysis/09_figures_tables.md	118	form2	$\gamma$_inj	$\gamma_{\rm inj}$
02_cosmic-ray-origins/0005_amato-2014/literature_analysis/09_figures_tables.md	121	form2	$\xi$_CR	$\xi_{\rm CR}$
02_cosmic-ray-origins/0005_amato-2014/literature_analysis/10_references_conclusions.md	56	form2	$\pi$⁰	$\pi^{0}$
02_cosmic-ray-origins/0005_amato-2014/literature_analysis/10_references_conclusions.md	96	form2	$\xi$_CR	$\xi_{\rm CR}$
02_cosmic-ray-origins/0005_amato-2014/literature_analysis/10_references_conclusions.md	103	form2	$\xi$_CR	$\xi_{\rm CR}$
02_cosmic-ray-origins/0005_amato-2014/literature_analysis/98_vocabulary.md	13	form2	$\xi$_CR	$\xi_{\rm CR}$
02_cosmic-ray-origins/0005_amato-2014/literature_analysis/98_vocabulary.md	14	form2	$\xi$_CR	$\xi_{\rm CR}$
02_cosmic-ray-origins/0005_amato-2014/literature_analysis/98_vocabulary.md	14	form2	$\tau$_acc	$\tau_{\rm acc}$
02_cosmic-ray-origins/0005_amato-2014/literature_analysis/98_vocabulary.md	15	form2	$\gamma$_e	$\gamma_{\rm e}$
02_cosmic-ray-origins/0005_amato-2014/literature_analysis/98_vocabulary.md	16	form2	$\xi$_C	$\xi_{\rm C}$
02_cosmic-ray-origins/0005_amato-2014/literature_analysis/98_vocabulary.md	20	form2	$\xi$_CR	$\xi_{\rm CR}$
02_cosmic-ray-origins/0005_amato-2014/literature_analysis/98_vocabulary.md	20	form2	$\tau$_acc	$\tau_{\rm acc}$
02_cosmic-ray-origins/0005_amato-2014/literature_analysis/98_vocabulary.md	21	form2	$\xi$_CR	$\xi_{\rm CR}$
02_cosmic-ray-origins/0005_amato-2014/literature_analysis/98_vocabulary.md	21	form2	$\pi$⁰	$\pi^{0}$
02_cosmic-ray-origins/0005_amato-2014/literature_analysis/98_vocabulary.md	85	form2	$\xi$_CR	$\xi_{\rm CR}$
02_cosmic-ray-origins/0005_amato-2014/literature_analysis/98_vocabulary.md	87	form2	$\tau$_acc	$\tau_{\rm acc}$
02_cosmic-ray-origins/0005_amato-2014/literature_analysis/98_vocabulary.md	96	form2	$\pi$⁰	$\pi^{0}$
02_cosmic-ray-origins/0005_amato-2014/literature_analysis/98_vocabulary.md	126	form2	$\xi$_CR	$\xi_{\rm CR}$
02_cosmic-ray-origins/0005_amato-2014/literature_analysis/98_vocabulary.md	139	form2	$\xi$_CR	$\xi_{\rm CR}$
02_cosmic-ray-origins/0005_amato-2014/literature_analysis/98_vocabulary.md	139	form2	$\beta$_down	$\beta_{\rm down}$
02_cosmic-ray-origins/0005_amato-2014/literature_analysis/98_vocabulary.md	148	form2	$\pi$⁰	$\pi^{0}$
02_cosmic-ray-origins/0005_amato-2014/literature_analysis/98_vocabulary.md	149	form2	$\pi$⁰	$\pi^{0}$
02_cosmic-ray-origins/0005_amato-2014/literature_analysis/99_final_summary.md	9	form2	$\pi$⁰	$\pi^{0}$
02_cosmic-ray-origins/0005_amato-2014/literature_analysis/99_final_summary.md	27	form2	$\xi$_CR	$\xi_{\rm CR}$
02_cosmic-ray-origins/0005_amato-2014/literature_analysis/99_final_summary.md	32	form2	$\pi$⁰	$\pi^{0}$
02_cosmic-ray-origins/0005_amato-2014/literature_analysis/99_final_summary.md	34	form2	$\beta$_down	$\beta_{\rm down}$
02_cosmic-ray-origins/0005_amato-2014/literature_analysis/99_final_summary.md	34	form2	$\xi$_CR	$\xi_{\rm CR}$
02_cosmic-ray-origins/0005_amato-2014/literature_analysis/99_final_summary.md	35	form2	$\gamma$_inj	$\gamma_{\rm inj}$
02_cosmic-ray-origins/0005_amato-2014/literature_analysis/99_final_summary.md	50	form2	$\xi$_CR	$\xi_{\rm CR}$
02_cosmic-ray-origins/0005_amato-2014/literature_analysis/99_final_summary.md	50	form2	$\beta$_down	$\beta_{\rm down}$
02_cosmic-ray-origins/0005_amato-2014/literature_analysis/99_final_summary.md	56	form2	$\xi$_CR	$\xi_{\rm CR}$
02_cosmic-ray-origins/0005_amato-2014/literature_analysis/99_final_summary.md	58	form2	$\tau$_acc	$\tau_{\rm acc}$
02_cosmic-ray-origins/0005_amato-2014/literature_analysis/99_final_summary.md	67	form2	$\pi$⁰	$\pi^{0}$
02_cosmic-ray-origins/0005_amato-2014/literature_analysis/99_final_summary.md	69	form2	$\beta$_down	$\beta_{\rm down}$
02_cosmic-ray-origins/0005_amato-2014/literature_analysis/99_final_summary.md	70	form2	$\gamma$_inj	$\gamma_{\rm inj}$
02_cosmic-ray-origins/0005_amato-2014/literature_analysis/99_final_summary.md	84	form2	$\xi$_CR	$\xi_{\rm CR}$
02_cosmic-ray-origins/0005_amato-2014/literature_analysis/99_final_summary.md	88	form2	$\tau$_acc	$\tau_{\rm acc}$
02_cosmic-ray-origins/0006_grenier-2015/literature_analysis/00_overview.md	106	form2	$\gamma$_H	$\gamma_{\rm H}$
02_cosmic-ray-origins/0006_grenier-2015/literature_analysis/01_scope_and_nine_lives.md	13	form1	3×$10^{15}$	$3\times10^{15}$
02_cosmic-ray-origins/0006_grenier-2015/literature_analysis/01_scope_and_nine_lives.md	48	form1	2×$10^{30}$	$2\times10^{30}$
02_cosmic-ray-origins/0006_grenier-2015/literature_analysis/01_scope_and_nine_lives.md	59	form2	$\zeta$_$H_{2}$^CR	$\zeta_{H_{2}}^{\rm CR}$
02_cosmic-ray-origins/0006_grenier-2015/literature_analysis/01_scope_and_nine_lives.md	89	form1	~3×$10^{15}$	$~3\times10^{15}$
02_cosmic-ray-origins/0006_grenier-2015/literature_analysis/01_scope_and_nine_lives.md	95	form1	2×$10^{30}$	$2\times10^{30}$
02_cosmic-ray-origins/0006_grenier-2015/literature_analysis/02_direct_measurements.md	117	form2	$\pi$⁺	$\pi^{\rm +}$
02_cosmic-ray-origins/0006_grenier-2015/literature_analysis/03_propagation_physics.md	87	form2	$\gamma$_H	$\gamma_{\rm H}$
02_cosmic-ray-origins/0006_grenier-2015/literature_analysis/04_crwanderers.md	13	form2	$\gamma$_H	$\gamma_{\rm H}$
02_cosmic-ray-origins/0006_grenier-2015/literature_analysis/04_crwanderers.md	15	form1	3×$10^{24}$	$3\times10^{24}$
02_cosmic-ray-origins/0006_grenier-2015/literature_analysis/04_crwanderers.md	27	form2	$\gamma$_H	$\gamma_{\rm H}$
02_cosmic-ray-origins/0006_grenier-2015/literature_analysis/04_crwanderers.md	31	form1	8×$10^{6}$	$8\times10^{6}$
02_cosmic-ray-origins/0006_grenier-2015/literature_analysis/04_crwanderers.md	35	form2	$\gamma$_H	$\gamma_{\rm H}$
02_cosmic-ray-origins/0006_grenier-2015/literature_analysis/04_crwanderers.md	41	form2	$\zeta$_H^CR	$\zeta_{\rm H}^{\rm CR}$
02_cosmic-ray-origins/0006_grenier-2015/literature_analysis/04_crwanderers.md	43	form2	$\zeta$_H^CR	$\zeta_{\rm H}^{\rm CR}$
02_cosmic-ray-origins/0006_grenier-2015/literature_analysis/04_crwanderers.md	50	form1	1.4 × $10^{-17}$	$1.4\times10^{-17}$
02_cosmic-ray-origins/0006_grenier-2015/literature_analysis/04_crwanderers.md	50	form2	$\zeta$_H^CR	$\zeta_{\rm H}^{\rm CR}$
02_cosmic-ray-origins/0006_grenier-2015/literature_analysis/04_crwanderers.md	54	form1	2.8 × $10^{-14}$	$2.8\times10^{-14}$
02_cosmic-ray-origins/0006_grenier-2015/literature_analysis/04_crwanderers.md	54	form2	$\zeta$_H^CR	$\zeta_{\rm H}^{\rm CR}$
02_cosmic-ray-origins/0006_grenier-2015/literature_analysis/04_crwanderers.md	60	form2	$\zeta$_H^CR	$\zeta_{\rm H}^{\rm CR}$
02_cosmic-ray-origins/0006_grenier-2015/literature_analysis/04_crwanderers.md	68	form2	$\gamma$_H	$\gamma_{\rm H}$
02_cosmic-ray-origins/0006_grenier-2015/literature_analysis/04_crwanderers.md	70	form2	$\gamma$_H	$\gamma_{\rm H}$
02_cosmic-ray-origins/0006_grenier-2015/literature_analysis/04_crwanderers.md	72	form2	$\gamma$_H	$\gamma_{\rm H}$
02_cosmic-ray-origins/0006_grenier-2015/literature_analysis/04_crwanderers.md	74	form2	$\gamma$_H	$\gamma_{\rm H}$
02_cosmic-ray-origins/0006_grenier-2015/literature_analysis/04_crwanderers.md	79	form2	$\gamma$_H	$\gamma_{\rm H}$
02_cosmic-ray-origins/0006_grenier-2015/literature_analysis/04_crwanderers.md	105	form2	$\gamma$_H	$\gamma_{\rm H}$
02_cosmic-ray-origins/0006_grenier-2015/literature_analysis/04_crwanderers.md	115	form1	2×$10^{30}$	$2\times10^{30}$
02_cosmic-ray-origins/0006_grenier-2015/literature_analysis/04_crwanderers.md	142	form2	$\gamma$_H	$\gamma_{\rm H}$
02_cosmic-ray-origins/0006_grenier-2015/literature_analysis/04_crwanderers.md	143	form2	$\gamma$_H	$\gamma_{\rm H}$
02_cosmic-ray-origins/0006_grenier-2015/literature_analysis/04_crwanderers.md	144	form2	$\gamma$_H	$\gamma_{\rm H}$
02_cosmic-ray-origins/0006_grenier-2015/literature_analysis/04_crwanderers.md	145	form2	$\gamma$_H	$\gamma_{\rm H}$
02_cosmic-ray-origins/0006_grenier-2015/literature_analysis/04_crwanderers.md	161	form1	~3×$10^{24}$	$~3\times10^{24}$
02_cosmic-ray-origins/0006_grenier-2015/literature_analysis/04_crwanderers.md	163	form1	8×$10^{6}$	$8\times10^{6}$
02_cosmic-ray-origins/0006_grenier-2015/literature_analysis/04_crwanderers.md	164	form1	1.4×$10^{-17}$	$1.4\times10^{-17}$
02_cosmic-ray-origins/0006_grenier-2015/literature_analysis/04_crwanderers.md	164	form2	$\zeta$_H^CR	$\zeta_{\rm H}^{\rm CR}$
02_cosmic-ray-origins/0006_grenier-2015/literature_analysis/04_crwanderers.md	166	form1	2.8×$10^{-14}$	$2.8\times10^{-14}$
02_cosmic-ray-origins/0006_grenier-2015/literature_analysis/04_crwanderers.md	166	form2	$\zeta$_H^CR	$\zeta_{\rm H}^{\rm CR}$
02_cosmic-ray-origins/0006_grenier-2015/literature_analysis/04_crwanderers.md	167	form2	$\gamma$_H	$\gamma_{\rm H}$
02_cosmic-ray-origins/0006_grenier-2015/literature_analysis/04_crwanderers.md	171	form1	2×$10^{30}$	$2\times10^{30}$
02_cosmic-ray-origins/0006_grenier-2015/literature_analysis/05_crism_interactions.md	38	form2	$H_{2}$⁺	$H_{2}^{\rm +}$
02_cosmic-ray-origins/0006_grenier-2015/literature_analysis/05_crism_interactions.md	50	form2	$\zeta$_H^CR	$\zeta_{\rm H}^{\rm CR}$
02_cosmic-ray-origins/0006_grenier-2015/literature_analysis/05_crism_interactions.md	66	form2	$\zeta$_$H_{2}$^CR	$\zeta_{H_{2}}^{\rm CR}$
02_cosmic-ray-origins/0006_grenier-2015/literature_analysis/05_crism_interactions.md	70	form2	$\zeta$_$H_{2}$^CR	$\zeta_{H_{2}}^{\rm CR}$
02_cosmic-ray-origins/0006_grenier-2015/literature_analysis/05_crism_interactions.md	78	form1	2.8×$10^{-3}$	$2.8\times10^{-3}$
02_cosmic-ray-origins/0006_grenier-2015/literature_analysis/05_crism_interactions.md	118	form2	$H_{3}$⁺	$H_{3}^{\rm +}$
02_cosmic-ray-origins/0006_grenier-2015/literature_analysis/05_crism_interactions.md	122	form2	$H_{2}$⁺	$H_{2}^{\rm +}$
02_cosmic-ray-origins/0006_grenier-2015/literature_analysis/05_crism_interactions.md	122	form2	$H_{3}$⁺	$H_{3}^{\rm +}$
02_cosmic-ray-origins/0006_grenier-2015/literature_analysis/05_crism_interactions.md	128	form2	$H_{3}$⁺	$H_{3}^{\rm +}$
02_cosmic-ray-origins/0006_grenier-2015/literature_analysis/05_crism_interactions.md	133	form2	$H_{3}$⁺	$H_{3}^{\rm +}$
02_cosmic-ray-origins/0006_grenier-2015/literature_analysis/05_crism_interactions.md	141	form2	$CH_{2}$⁺	$CH_{2}^{\rm +}$
02_cosmic-ray-origins/0006_grenier-2015/literature_analysis/05_crism_interactions.md	141	form2	$CH_{3}$⁺	$CH_{3}^{\rm +}$
02_cosmic-ray-origins/0006_grenier-2015/literature_analysis/05_crism_interactions.md	142	form2	$H_{3}$⁺	$H_{3}^{\rm +}$
02_cosmic-ray-origins/0006_grenier-2015/literature_analysis/05_crism_interactions.md	142	form2	$H_{3}$⁺	$H_{3}^{\rm +}$
02_cosmic-ray-origins/0006_grenier-2015/literature_analysis/05_crism_interactions.md	156	form2	$\zeta$_H^CR	$\zeta_{\rm H}^{\rm CR}$
02_cosmic-ray-origins/0006_grenier-2015/literature_analysis/05_crism_interactions.md	158	form1	2.8×$10^{-3}$	$2.8\times10^{-3}$
02_cosmic-ray-origins/0006_grenier-2015/literature_analysis/06_cr_stimuli.md	46	form2	$^{16}{\rm O}$⁺	$^{16}{\rm O}^{\rm +}$
02_cosmic-ray-origins/0006_grenier-2015/literature_analysis/06_cr_stimuli.md	49	form1	2×$10^{-15}$	$2\times10^{-15}$
02_cosmic-ray-origins/0006_grenier-2015/literature_analysis/06_cr_stimuli.md	49	form2	$H_{3}$⁺	$H_{3}^{\rm +}$
02_cosmic-ray-origins/0006_grenier-2015/literature_analysis/06_cr_stimuli.md	49	form2	$\zeta$_$H_{2}$^CR	$\zeta_{H_{2}}^{\rm CR}$
02_cosmic-ray-origins/0006_grenier-2015/literature_analysis/06_cr_stimuli.md	51	form2	$H_{2}$⁺	$H_{2}^{\rm +}$
02_cosmic-ray-origins/0006_grenier-2015/literature_analysis/06_cr_stimuli.md	51	form2	$\zeta$_$H_{2}$^CR	$\zeta_{H_{2}}^{\rm CR}$
02_cosmic-ray-origins/0006_grenier-2015/literature_analysis/06_cr_stimuli.md	51	form2	$H_{3}$⁺	$H_{3}^{\rm +}$
02_cosmic-ray-origins/0006_grenier-2015/literature_analysis/06_cr_stimuli.md	57	form2	$H_{2}$⁺	$H_{2}^{\rm +}$
02_cosmic-ray-origins/0006_grenier-2015/literature_analysis/06_cr_stimuli.md	57	form2	$H_{2}$⁺	$H_{2}^{\rm +}$
02_cosmic-ray-origins/0006_grenier-2015/literature_analysis/06_cr_stimuli.md	57	form2	$H_{3}$⁺	$H_{3}^{\rm +}$
02_cosmic-ray-origins/0006_grenier-2015/literature_analysis/06_cr_stimuli.md	57	form2	$H_{3}$⁺	$H_{3}^{\rm +}$
02_cosmic-ray-origins/0006_grenier-2015/literature_analysis/06_cr_stimuli.md	57	form2	$H_{2}$⁺	$H_{2}^{\rm +}$
02_cosmic-ray-origins/0006_grenier-2015/literature_analysis/06_cr_stimuli.md	60	form2	$^{+}{\rm O}$⁺	$^{+}{\rm O}^{\rm +}$
02_cosmic-ray-origins/0006_grenier-2015/literature_analysis/06_cr_stimuli.md	64	form2	$H_{3}$⁺	$H_{3}^{\rm +}$
02_cosmic-ray-origins/0006_grenier-2015/literature_analysis/06_cr_stimuli.md	68	form2	$CH_{2}$⁺	$CH_{2}^{\rm +}$
02_cosmic-ray-origins/0006_grenier-2015/literature_analysis/06_cr_stimuli.md	68	form2	$CH_{3}$⁺	$CH_{3}^{\rm +}$
02_cosmic-ray-origins/0006_grenier-2015/literature_analysis/06_cr_stimuli.md	70	form2	$H_{3}$⁺	$H_{3}^{\rm +}$
02_cosmic-ray-origins/0006_grenier-2015/literature_analysis/06_cr_stimuli.md	70	form2	$H_{3}$⁺	$H_{3}^{\rm +}$
02_cosmic-ray-origins/0006_grenier-2015/literature_analysis/06_cr_stimuli.md	90	form2	$H_{3}$⁺	$H_{3}^{\rm +}$
02_cosmic-ray-origins/0006_grenier-2015/literature_analysis/06_cr_stimuli.md	92	form2	$H_{3}$⁺	$H_{3}^{\rm +}$
02_cosmic-ray-origins/0006_grenier-2015/literature_analysis/06_cr_stimuli.md	94	form2	$H_{3}$⁺	$H_{3}^{\rm +}$
02_cosmic-ray-origins/0006_grenier-2015/literature_analysis/06_cr_stimuli.md	97	form2	$H_{3}$⁺	$H_{3}^{\rm +}$
02_cosmic-ray-origins/0006_grenier-2015/literature_analysis/06_cr_stimuli.md	98	form2	$H_{3}$⁺	$H_{3}^{\rm +}$
02_cosmic-ray-origins/0006_grenier-2015/literature_analysis/06_cr_stimuli.md	100	form2	$H_{3}$⁺	$H_{3}^{\rm +}$
02_cosmic-ray-origins/0006_grenier-2015/literature_analysis/06_cr_stimuli.md	101	form2	$\zeta$_$H_{2}$^CR	$\zeta_{H_{2}}^{\rm CR}$
02_cosmic-ray-origins/0006_grenier-2015/literature_analysis/06_cr_stimuli.md	101	form2	$\zeta$_$H_{2}$^CR	$\zeta_{H_{2}}^{\rm CR}$
02_cosmic-ray-origins/0006_grenier-2015/literature_analysis/06_cr_stimuli.md	102	form1	0.4×$10^{-16}$	$0.4\times10^{-16}$
02_cosmic-ray-origins/0006_grenier-2015/literature_analysis/06_cr_stimuli.md	102	form2	$\zeta$_$H_{2}$^CR	$\zeta_{H_{2}}^{\rm CR}$
02_cosmic-ray-origins/0006_grenier-2015/literature_analysis/06_cr_stimuli.md	103	form2	$\zeta$_$H_{2}$^CR	$\zeta_{H_{2}}^{\rm CR}$
02_cosmic-ray-origins/0006_grenier-2015/literature_analysis/06_cr_stimuli.md	106	form2	$H_{3}$⁺	$H_{3}^{\rm +}$
02_cosmic-ray-origins/0006_grenier-2015/literature_analysis/06_cr_stimuli.md	106	form2	$\zeta$_$H_{2}$^CR	$\zeta_{H_{2}}^{\rm CR}$
02_cosmic-ray-origins/0006_grenier-2015/literature_analysis/06_cr_stimuli.md	108	form2	$H_{3}$⁺	$H_{3}^{\rm +}$
02_cosmic-ray-origins/0006_grenier-2015/literature_analysis/06_cr_stimuli.md	108	form2	$H_{3}$⁺	$H_{3}^{\rm +}$
02_cosmic-ray-origins/0006_grenier-2015/literature_analysis/06_cr_stimuli.md	112	form2	$H_{3}$⁺	$H_{3}^{\rm +}$
02_cosmic-ray-origins/0006_grenier-2015/literature_analysis/06_cr_stimuli.md	112	form2	$H_{3}$⁺	$H_{3}^{\rm +}$
02_cosmic-ray-origins/0006_grenier-2015/literature_analysis/06_cr_stimuli.md	117	form2	$\zeta$_$H_{2}$^CR	$\zeta_{H_{2}}^{\rm CR}$
02_cosmic-ray-origins/0006_grenier-2015/literature_analysis/06_cr_stimuli.md	119	form2	$H_{3}$⁺	$H_{3}^{\rm +}$
02_cosmic-ray-origins/0006_grenier-2015/literature_analysis/06_cr_stimuli.md	121	form1	1.6×$10^{-15}$	$1.6\times10^{-15}$
02_cosmic-ray-origins/0006_grenier-2015/literature_analysis/06_cr_stimuli.md	121	form2	$\zeta$_$H_{2}$^CR	$\zeta_{H_{2}}^{\rm CR}$
02_cosmic-ray-origins/0006_grenier-2015/literature_analysis/06_cr_stimuli.md	135	form1	1.8×$10^{-16}$	$1.8\times10^{-16}$
02_cosmic-ray-origins/0006_grenier-2015/literature_analysis/06_cr_stimuli.md	135	form2	$\zeta$_H^CR	$\zeta_{\rm H}^{\rm CR}$
02_cosmic-ray-origins/0006_grenier-2015/literature_analysis/06_cr_stimuli.md	135	form2	$\zeta$_H^CR	$\zeta_{\rm H}^{\rm CR}$
02_cosmic-ray-origins/0006_grenier-2015/literature_analysis/06_cr_stimuli.md	137	form2	$\zeta$_H^CR	$\zeta_{\rm H}^{\rm CR}$
02_cosmic-ray-origins/0006_grenier-2015/literature_analysis/06_cr_stimuli.md	137	form2	$\zeta$_$H_{2}$^CR	$\zeta_{H_{2}}^{\rm CR}$
02_cosmic-ray-origins/0006_grenier-2015/literature_analysis/06_cr_stimuli.md	137	form2	$H_{3}$⁺	$H_{3}^{\rm +}$
02_cosmic-ray-origins/0006_grenier-2015/literature_analysis/06_cr_stimuli.md	149	form2	$H_{3}$⁺	$H_{3}^{\rm +}$
02_cosmic-ray-origins/0006_grenier-2015/literature_analysis/06_cr_stimuli.md	158	form1	~2×$10^{-15}$	$~2\times10^{-15}$
02_cosmic-ray-origins/0006_grenier-2015/literature_analysis/06_cr_stimuli.md	158	form2	$\zeta$_$H_{2}$^CR	$\zeta_{H_{2}}^{\rm CR}$
02_cosmic-ray-origins/0006_grenier-2015/literature_analysis/06_cr_stimuli.md	158	form2	$H_{3}$⁺	$H_{3}^{\rm +}$
02_cosmic-ray-origins/0006_grenier-2015/literature_analysis/06_cr_stimuli.md	159	form2	$H_{2}$⁺	$H_{2}^{\rm +}$
02_cosmic-ray-origins/0006_grenier-2015/literature_analysis/06_cr_stimuli.md	160	form2	$\zeta$_$H_{2}$^CR	$\zeta_{H_{2}}^{\rm CR}$
02_cosmic-ray-origins/0006_grenier-2015/literature_analysis/06_cr_stimuli.md	160	form2	$H_{3}$⁺	$H_{3}^{\rm +}$
02_cosmic-ray-origins/0006_grenier-2015/literature_analysis/06_cr_stimuli.md	161	form2	$\zeta$_$H_{2}$^CR	$\zeta_{H_{2}}^{\rm CR}$
02_cosmic-ray-origins/0006_grenier-2015/literature_analysis/06_cr_stimuli.md	162	form1	1.6×$10^{-15}$	$1.6\times10^{-15}$
02_cosmic-ray-origins/0006_grenier-2015/literature_analysis/06_cr_stimuli.md	162	form2	$\zeta$_$H_{2}$^CR	$\zeta_{H_{2}}^{\rm CR}$
02_cosmic-ray-origins/0006_grenier-2015/literature_analysis/06_cr_stimuli.md	164	form1	1.8×$10^{-16}$	$1.8\times10^{-16}$
02_cosmic-ray-origins/0006_grenier-2015/literature_analysis/06_cr_stimuli.md	164	form2	$\zeta$_H^CR	$\zeta_{\rm H}^{\rm CR}$
02_cosmic-ray-origins/0006_grenier-2015/literature_analysis/06_cr_stimuli.md	165	form2	$\zeta$_H^CR	$\zeta_{\rm H}^{\rm CR}$
02_cosmic-ray-origins/0006_grenier-2015/literature_analysis/06_cr_stimuli.md	165	form2	$\zeta$_$H_{2}$^CR	$\zeta_{H_{2}}^{\rm CR}$
02_cosmic-ray-origins/0006_grenier-2015/literature_analysis/06_cr_stimuli.md	165	form2	$\zeta$_H	$\zeta_{\rm H}$
02_cosmic-ray-origins/0006_grenier-2015/literature_analysis/06_cr_stimuli.md	165	form2	$\zeta$_$H_{2}$	$\zeta_{H_{2}}$
02_cosmic-ray-origins/0006_grenier-2015/literature_analysis/07_tracers.md	63	form1	0.9 × $10^{20}$	$0.9\times10^{20}$
02_cosmic-ray-origins/0006_grenier-2015/literature_analysis/07_tracers.md	64	form1	1.9 × $10^{20}$	$1.9\times10^{20}$
02_cosmic-ray-origins/0006_grenier-2015/literature_analysis/07_tracers.md	133	form2	$\tau$_353	$\tau_{353}$
02_cosmic-ray-origins/0006_grenier-2015/literature_analysis/07_tracers.md	134	form2	$\tau$_353	$\tau_{353}$
02_cosmic-ray-origins/0006_grenier-2015/literature_analysis/07_tracers.md	136	form2	$\tau$_353	$\tau_{353}$
02_cosmic-ray-origins/0006_grenier-2015/literature_analysis/07_tracers.md	152	form1	0.9 × $10^{20}$	$0.9\times10^{20}$
02_cosmic-ray-origins/0006_grenier-2015/literature_analysis/07_tracers.md	153	form1	1.9 × $10^{20}$	$1.9\times10^{20}$
02_cosmic-ray-origins/0006_grenier-2015/literature_analysis/08_starbursts.md	108	form2	$\zeta$_$H_{2}$^CR	$\zeta_{H_{2}}^{\rm CR}$
02_cosmic-ray-origins/0006_grenier-2015/literature_analysis/08_starbursts.md	156	form2	$\zeta$_$H_{2}$^CR	$\zeta_{H_{2}}^{\rm CR}$
02_cosmic-ray-origins/0006_grenier-2015/literature_analysis/09_conclusion.md	37	form2	$H_{3}$⁺	$H_{3}^{\rm +}$
02_cosmic-ray-origins/0006_grenier-2015/literature_analysis/09_conclusion.md	39	form2	$H_{3}$⁺	$H_{3}^{\rm +}$
02_cosmic-ray-origins/0006_grenier-2015/literature_analysis/09_conclusion.md	87	form2	$\pi$⁰	$\pi^{0}$
02_cosmic-ray-origins/0006_grenier-2015/literature_analysis/09_conclusion.md	90	form2	$\zeta$_$H_{2}$^CR	$\zeta_{H_{2}}^{\rm CR}$
02_cosmic-ray-origins/0006_grenier-2015/literature_analysis/09_conclusion.md	91	form2	$H_{3}$⁺	$H_{3}^{\rm +}$
02_cosmic-ray-origins/0006_grenier-2015/literature_analysis/09_conclusion.md	103	form2	$\pi$⁰	$\pi^{0}$
02_cosmic-ray-origins/0006_grenier-2015/literature_analysis/09_conclusion.md	106	form2	$H_{3}$⁺	$H_{3}^{\rm +}$
02_cosmic-ray-origins/0006_grenier-2015/literature_analysis/09_conclusion.md	107	form2	$\gamma$_H	$\gamma_{\rm H}$
02_cosmic-ray-origins/0006_grenier-2015/literature_analysis/98_vocabulary.md	17	form2	$\gamma$_H	$\gamma_{\rm H}$
02_cosmic-ray-origins/0006_grenier-2015/literature_analysis/98_vocabulary.md	21	form2	$\gamma$_H	$\gamma_{\rm H}$
02_cosmic-ray-origins/0006_grenier-2015/literature_analysis/98_vocabulary.md	98	form1	~3×$10^{15}$	$~3\times10^{15}$
02_cosmic-ray-origins/0006_grenier-2015/literature_analysis/98_vocabulary.md	103	form1	~1.4×$10^{-17}$	$~1.4\times10^{-17}$
02_cosmic-ray-origins/0006_grenier-2015/literature_analysis/98_vocabulary.md	103	form1	7×$10^{-15}$	$7\times10^{-15}$
02_cosmic-ray-origins/0006_grenier-2015/literature_analysis/98_vocabulary.md	103	form2	$\zeta$_H^CR	$\zeta_{\rm H}^{\rm CR}$
02_cosmic-ray-origins/0006_grenier-2015/literature_analysis/98_vocabulary.md	104	form2	$H_{3}$⁺	$H_{3}^{\rm +}$
02_cosmic-ray-origins/0006_grenier-2015/literature_analysis/98_vocabulary.md	106	form2	$\gamma$_H	$\gamma_{\rm H}$
02_cosmic-ray-origins/0006_grenier-2015/literature_analysis/98_vocabulary.md	107	form1	2×$10^{30}$	$2\times10^{30}$
02_cosmic-ray-origins/0006_grenier-2015/literature_analysis/98_vocabulary.md	137	form2	$\gamma$_H	$\gamma_{\rm H}$
02_cosmic-ray-origins/0006_grenier-2015/literature_analysis/98_vocabulary.md	149	form1	2×$10^{30}$	$2\times10^{30}$
02_cosmic-ray-origins/0006_grenier-2015/literature_analysis/98_vocabulary.md	150	form1	1.4×$10^{-17}$	$1.4\times10^{-17}$
02_cosmic-ray-origins/0006_grenier-2015/literature_analysis/98_vocabulary.md	150	form2	$\gamma$_H	$\gamma_{\rm H}$
02_cosmic-ray-origins/0006_grenier-2015/literature_analysis/98_vocabulary.md	150	form2	$\zeta$_H^CR	$\zeta_{\rm H}^{\rm CR}$
02_cosmic-ray-origins/0006_grenier-2015/literature_analysis/98_vocabulary.md	151	form2	$\gamma$_H	$\gamma_{\rm H}$
02_cosmic-ray-origins/0006_grenier-2015/literature_analysis/98_vocabulary.md	154	form2	$\zeta$_$H_{2}$^CR	$\zeta_{H_{2}}^{\rm CR}$
02_cosmic-ray-origins/0006_grenier-2015/literature_analysis/98_vocabulary.md	161	form2	$\gamma$_H	$\gamma_{\rm H}$
02_cosmic-ray-origins/0006_grenier-2015/literature_analysis/98_vocabulary.md	163	form2	$H_{3}$⁺	$H_{3}^{\rm +}$
02_cosmic-ray-origins/0006_grenier-2015/literature_analysis/99_final_summary.md	23	form2	$\gamma$_H	$\gamma_{\rm H}$
02_cosmic-ray-origins/0006_grenier-2015/literature_analysis/99_final_summary.md	25	form2	$H_{3}$⁺	$H_{3}^{\rm +}$
02_cosmic-ray-origins/0006_grenier-2015/literature_analysis/99_final_summary.md	33	form1	2×$10^{30}$	$2\times10^{30}$
02_cosmic-ray-origins/0006_grenier-2015/literature_analysis/99_final_summary.md	34	form1	1.4×$10^{-17}$	$1.4\times10^{-17}$
02_cosmic-ray-origins/0006_grenier-2015/literature_analysis/99_final_summary.md	34	form2	$\gamma$_H	$\gamma_{\rm H}$
02_cosmic-ray-origins/0006_grenier-2015/literature_analysis/99_final_summary.md	34	form2	$\zeta$_H^CR	$\zeta_{\rm H}^{\rm CR}$
02_cosmic-ray-origins/0006_grenier-2015/literature_analysis/99_final_summary.md	35	form2	$\gamma$_H	$\gamma_{\rm H}$
02_cosmic-ray-origins/0006_grenier-2015/literature_analysis/99_final_summary.md	38	form2	$\zeta$_$H_{2}$^CR	$\zeta_{H_{2}}^{\rm CR}$
02_cosmic-ray-origins/0006_grenier-2015/literature_analysis/99_final_summary.md	43	form2	$H_{3}$⁺	$H_{3}^{\rm +}$
02_cosmic-ray-origins/0006_grenier-2015/literature_analysis/99_final_summary.md	58	form1	~3×$10^{15}$	$~3\times10^{15}$
02_cosmic-ray-origins/0006_grenier-2015/literature_analysis/99_final_summary.md	63	form1	~1.4×$10^{-17}$	$~1.4\times10^{-17}$
02_cosmic-ray-origins/0006_grenier-2015/literature_analysis/99_final_summary.md	63	form1	7×$10^{-15}$	$7\times10^{-15}$
02_cosmic-ray-origins/0006_grenier-2015/literature_analysis/99_final_summary.md	63	form2	$\zeta$_H^CR	$\zeta_{\rm H}^{\rm CR}$
02_cosmic-ray-origins/0006_grenier-2015/literature_analysis/99_final_summary.md	64	form2	$H_{3}$⁺	$H_{3}^{\rm +}$
02_cosmic-ray-origins/0006_grenier-2015/literature_analysis/99_final_summary.md	66	form2	$\gamma$_H	$\gamma_{\rm H}$
02_cosmic-ray-origins/0006_grenier-2015/literature_analysis/99_final_summary.md	67	form1	2×$10^{30}$	$2\times10^{30}$
02_cosmic-ray-origins/0006_grenier-2015/literature_analysis/99_final_summary.md	85	form2	$\gamma$_H	$\gamma_{\rm H}$
02_cosmic-ray-origins/0006_grenier-2015/literature_analysis/99_final_summary.md	86	form2	$H_{3}$⁺	$H_{3}^{\rm +}$
02_cosmic-ray-origins/0006_grenier-2015/literature_analysis/99_final_summary.md	94	form2	$H_{2}$⁺	$H_{2}^{\rm +}$
02_cosmic-ray-origins/0006_grenier-2015/literature_analysis/99_final_summary.md	95	form2	$\zeta$_H^CR	$\zeta_{\rm H}^{\rm CR}$
02_cosmic-ray-origins/0006_grenier-2015/literature_analysis/99_final_summary.md	97	form2	$\zeta$_H	$\zeta_{\rm H}$
02_cosmic-ray-origins/0006_grenier-2015/literature_analysis/99_final_summary.md	97	form2	$\zeta$_$H_{2}$	$\zeta_{H_{2}}$
02_cosmic-ray-origins/0006_grenier-2015/literature_analysis/99_final_summary.md	97	form2	$\zeta$_H	$\zeta_{\rm H}$
02_cosmic-ray-origins/0006_grenier-2015/literature_analysis/99_final_summary.md	97	form2	$\zeta$_$H_{2}$	$\zeta_{H_{2}}$
02_cosmic-ray-origins/0006_grenier-2015/literature_analysis/99_final_summary.md	108	form2	$H_{3}$⁺	$H_{3}^{\rm +}$
02_cosmic-ray-origins/0007_biermann-1996/literature_analysis/01_main_text.md	32	form1	3 × $10^{20}$	$3\times10^{20}$
02_cosmic-ray-origins/0007_biermann-1996/literature_analysis/01_main_text.md	33	form1	5 × $10^{15}$	$5\times10^{15}$
02_cosmic-ray-origins/0007_biermann-1996/literature_analysis/01_main_text.md	33	form1	3 × $10^{18}$	$3\times10^{18}$
02_cosmic-ray-origins/0007_biermann-1996/literature_analysis/01_main_text.md	39	form1	3 × $10^{18}$	$3\times10^{18}$
02_cosmic-ray-origins/0007_biermann-1996/literature_analysis/01_main_text.md	81	form1	~5 × $10^{15}$	$~5\times10^{15}$
02_cosmic-ray-origins/0007_biermann-1996/literature_analysis/01_main_text.md	86	form1	4 × $10^{21}$	$4\times10^{21}$
02_cosmic-ray-origins/0007_biermann-1996/literature_analysis/01_main_text.md	108	form1	3 × $10^{9}$	$3\times10^{9}$
02_cosmic-ray-origins/0007_biermann-1996/literature_analysis/01_main_text.md	166	form1	5×$10^{15}$	$5\times10^{15}$
02_cosmic-ray-origins/0007_biermann-1996/literature_analysis/01_main_text.md	175	form1	0.4×$10^{18}$	$0.4\times10^{18}$
02_cosmic-ray-origins/0007_biermann-1996/literature_analysis/01_main_text.md	176	form1	4×$10^{18}$	$4\times10^{18}$
02_cosmic-ray-origins/0007_biermann-1996/literature_analysis/01_main_text.md	177	form1	4×$10^{17}$	$4\times10^{17}$
02_cosmic-ray-origins/0007_biermann-1996/literature_analysis/01_main_text.md	179	form1	5×$10^{15}$	$5\times10^{15}$
02_cosmic-ray-origins/0007_biermann-1996/literature_analysis/01_main_text.md	179	form1	6×$10^{17}$	$6\times10^{17}$
02_cosmic-ray-origins/0007_biermann-1996/literature_analysis/01_main_text.md	181	form1	2×$10^{17}$	$2\times10^{17}$
02_cosmic-ray-origins/0007_biermann-1996/literature_analysis/01_main_text.md	181	form1	4×$10^{19}$	$4\times10^{19}$
02_cosmic-ray-origins/0007_biermann-1996/literature_analysis/01_main_text.md	182	form1	6×$10^{17}$	$6\times10^{17}$
02_cosmic-ray-origins/0007_biermann-1996/literature_analysis/01_main_text.md	182	form1	7×$10^{18}$	$7\times10^{18}$
02_cosmic-ray-origins/0007_biermann-1996/literature_analysis/01_main_text.md	210	form2	$\beta$²	$\beta^{2}$
02_cosmic-ray-origins/0007_biermann-1996/literature_analysis/01_main_text.md	212	form2	$\beta$_crit	$\beta_{\rm crit}$
02_cosmic-ray-origins/0007_biermann-1996/literature_analysis/01_main_text.md	242	form2	$\tau$_s	$\tau_{\rm s}$
02_cosmic-ray-origins/0007_biermann-1996/literature_analysis/98_vocabulary.md	16	form2	$\beta$²	$\beta^{2}$
02_cosmic-ray-origins/0007_biermann-1996/literature_analysis/98_vocabulary.md	16	form2	$\beta$_crit	$\beta_{\rm crit}$
02_cosmic-ray-origins/0007_biermann-1996/literature_analysis/98_vocabulary.md	20	form1	3 × $10^{18}$	$3\times10^{18}$
02_cosmic-ray-origins/0007_biermann-1996/literature_analysis/98_vocabulary.md	110	form1	3 × $10^{20}$	$3\times10^{20}$
02_cosmic-ray-origins/0007_biermann-1996/literature_analysis/98_vocabulary.md	111	form1	5 × $10^{15}$	$5\times10^{15}$
02_cosmic-ray-origins/0007_biermann-1996/literature_analysis/98_vocabulary.md	111	form1	3 × $10^{18}$	$3\times10^{18}$
02_cosmic-ray-origins/0007_biermann-1996/literature_analysis/99_final_summary.md	16	form1	~5 × $10^{15}$	$~5\times10^{15}$
02_cosmic-ray-origins/0007_biermann-1996/literature_analysis/99_final_summary.md	16	form1	~3 × $10^{18}$	$~3\times10^{18}$
02_cosmic-ray-origins/0007_biermann-1996/literature_analysis/99_final_summary.md	23	form2	$\beta$_crit	$\beta_{\rm crit}$
02_cosmic-ray-origins/0007_biermann-1996/literature_analysis/99_final_summary.md	61	form2	$\beta$²	$\beta^{2}$
02_cosmic-ray-origins/0007_biermann-1996/literature_analysis/99_final_summary.md	61	form2	$\beta$_crit	$\beta_{\rm crit}$
02_cosmic-ray-origins/0007_biermann-1996/literature_analysis/99_final_summary.md	90	form2	$\beta$²	$\beta^{2}$
02_cosmic-ray-origins/0007_biermann-1996/literature_analysis/99_final_summary.md	91	form2	$\beta$_crit	$\beta_{\rm crit}$
02_cosmic-ray-origins/0009_blandford-ostriker-1978/literature_analysis/05_critical_assessment.md	73	form2	$\pi$⁰	$\pi^{0}$
03_stellar-nucleosynthesis/0001_b2fh-1957/literature_analysis/00_overview.md	151	form1	2×$10^{6}$	$2\times10^{6}$
03_stellar-nucleosynthesis/0001_b2fh-1957/literature_analysis/01_introduction.md	143	form1	3.08×$10^{4}$	$3.08\times10^{4}$
03_stellar-nucleosynthesis/0001_b2fh-1957/literature_analysis/01_introduction.md	143	form1	4.03×$10^{0}$	$4.03\times10^{0}$
03_stellar-nucleosynthesis/0001_b2fh-1957/literature_analysis/01_introduction.md	144	form1	1.44×$10^{4}$	$1.44\times10^{4}$
03_stellar-nucleosynthesis/0001_b2fh-1957/literature_analysis/01_introduction.md	144	form1	1.23×$10^{10}$	$1.23\times10^{10}$
03_stellar-nucleosynthesis/0001_b2fh-1957/literature_analysis/01_introduction.md	145	form1	4.01×$10^{-5}$	$4.01\times10^{-5}$
03_stellar-nucleosynthesis/0001_b2fh-1957/literature_analysis/01_introduction.md	145	form1	3.3×$10^{-11}$	$3.3\times10^{-11}$
03_stellar-nucleosynthesis/0001_b2fh-1957/literature_analysis/01_introduction.md	145	form1	1.30×$10^{7}$	$1.30\times10^{7}$
03_stellar-nucleosynthesis/0001_b2fh-1957/literature_analysis/01_introduction.md	145	form1	2.4×$10^{-11}$	$2.4\times10^{-11}$
03_stellar-nucleosynthesis/0001_b2fh-1957/literature_analysis/01_introduction.md	146	form1	2.65×$10^{-2}$	$2.65\times10^{-2}$
03_stellar-nucleosynthesis/0001_b2fh-1957/literature_analysis/01_introduction.md	146	form1	9.3×$10^{-5}$	$9.3\times10^{-5}$
03_stellar-nucleosynthesis/0001_b2fh-1957/literature_analysis/01_introduction.md	146	form1	6.5×$10^{8}$	$6.5\times10^{8}$
03_stellar-nucleosynthesis/0001_b2fh-1957/literature_analysis/01_introduction.md	146	form1	1.2×$10^{-5}$	$1.2\times10^{-5}$
03_stellar-nucleosynthesis/0001_b2fh-1957/literature_analysis/01_introduction.md	147	form1	6.4×$10^{-5}$	$6.4\times10^{-5}$
03_stellar-nucleosynthesis/0001_b2fh-1957/literature_analysis/01_introduction.md	147	form1	6.1×$10^{-5}$	$6.1\times10^{-5}$
03_stellar-nucleosynthesis/0001_b2fh-1957/literature_analysis/01_introduction.md	147	form1	7.3×$10^{7}$	$7.3\times10^{7}$
03_stellar-nucleosynthesis/0001_b2fh-1957/literature_analysis/01_introduction.md	147	form1	1.3×$10^{-5}$	$1.3\times10^{-5}$
03_stellar-nucleosynthesis/0001_b2fh-1957/literature_analysis/01_introduction.md	148	form1	1.1×$10^{-3}$	$1.1\times10^{-3}$
03_stellar-nucleosynthesis/0001_b2fh-1957/literature_analysis/01_introduction.md	148	form1	1.5×$10^{-5}$	$1.5\times10^{-5}$
03_stellar-nucleosynthesis/0001_b2fh-1957/literature_analysis/01_introduction.md	148	form1	3.6×$10^{-1}$	$3.6\times10^{-1}$
03_stellar-nucleosynthesis/0001_b2fh-1957/literature_analysis/01_introduction.md	148	form1	6.7×$10^{-5}$	$6.7\times10^{-5}$
03_stellar-nucleosynthesis/0001_b2fh-1957/literature_analysis/01_introduction.md	149	form1	2.6×$10^{-7}$	$2.6\times10^{-7}$
03_stellar-nucleosynthesis/0001_b2fh-1957/literature_analysis/01_introduction.md	149	form1	7.7×$10^{-4}$	$7.7\times10^{-4}$
03_stellar-nucleosynthesis/0001_b2fh-1957/literature_analysis/01_introduction.md	149	form1	1.4×$10^{-5}$	$1.4\times10^{-5}$
03_stellar-nucleosynthesis/0001_b2fh-1957/literature_analysis/01_introduction.md	150	form1	6.5×$10^{-9}$	$6.5\times10^{-9}$
03_stellar-nucleosynthesis/0001_b2fh-1957/literature_analysis/01_introduction.md	150	form1	8.6×$10^{-6}$	$8.6\times10^{-6}$
03_stellar-nucleosynthesis/0001_b2fh-1957/literature_analysis/01_introduction.md	156	form1	4.01×$10^{4}$	$4.01\times10^{4}$
03_stellar-nucleosynthesis/0001_b2fh-1957/literature_analysis/01_introduction.md	156	form1	9.3×$10^{-4}$	$9.3\times10^{-4}$
03_stellar-nucleosynthesis/0001_b2fh-1957/literature_analysis/01_introduction.md	157	form1	2.2×$10^{6}$	$2.2\times10^{6}$
03_stellar-nucleosynthesis/0001_b2fh-1957/literature_analysis/01_introduction.md	157	form1	5.1×$10^{-7}$	$5.1\times10^{-7}$
03_stellar-nucleosynthesis/0001_b2fh-1957/literature_analysis/01_introduction.md	158	form1	4.7×$10^{5}$	$4.7\times10^{5}$
03_stellar-nucleosynthesis/0001_b2fh-1957/literature_analysis/01_introduction.md	158	form1	1.1×$10^{-6}$	$1.1\times10^{-6}$
03_stellar-nucleosynthesis/0001_b2fh-1957/literature_analysis/01_introduction.md	159	form1	6.4×$10^{5}$	$6.4\times10^{5}$
03_stellar-nucleosynthesis/0001_b2fh-1957/literature_analysis/01_introduction.md	159	form1	1.5×$10^{-6}$	$1.5\times10^{-6}$
03_stellar-nucleosynthesis/0001_b2fh-1957/literature_analysis/01_introduction.md	160	form1	2.0×$10^{-8}$	$2.0\times10^{-8}$
03_stellar-nucleosynthesis/0001_b2fh-1957/literature_analysis/01_introduction.md	161	form1	1.1×$10^{-2}$	$1.1\times10^{-2}$
03_stellar-nucleosynthesis/0001_b2fh-1957/literature_analysis/01_introduction.md	161	form1	2.6×$10^{-9}$	$2.6\times10^{-9}$
03_stellar-nucleosynthesis/0001_b2fh-1957/literature_analysis/01_introduction.md	162	form1	~1.5×$10^{3}$	$~1.5\times10^{3}$
03_stellar-nucleosynthesis/0001_b2fh-1957/literature_analysis/01_introduction.md	162	form1	3.5×$10^{-8}$	$3.5\times10^{-8}$
03_stellar-nucleosynthesis/0001_b2fh-1957/literature_analysis/01_introduction.md	163	form1	1.5×$10^{2}$	$1.5\times10^{2}$
03_stellar-nucleosynthesis/0001_b2fh-1957/literature_analysis/01_introduction.md	163	form1	6.5×$10^{-9}$	$6.5\times10^{-9}$
03_stellar-nucleosynthesis/0001_b2fh-1957/literature_analysis/01_introduction.md	164	form1	7.2×$10^{-11}$	$7.2\times10^{-11}$
03_stellar-nucleosynthesis/0001_b2fh-1957/literature_analysis/02_physical_processes.md	124	form1	7×$10^{5}$	$7\times10^{5}$
03_stellar-nucleosynthesis/0001_b2fh-1957/literature_analysis/02_physical_processes.md	125	form1	~5×$10^{6}$	$~5\times10^{6}$
03_stellar-nucleosynthesis/0001_b2fh-1957/literature_analysis/02_physical_processes.md	143	form1	5×$10^{9}$	$5\times10^{9}$
03_stellar-nucleosynthesis/0001_b2fh-1957/literature_analysis/02_physical_processes.md	153	form2	$\lambda$_$\gamma$	$\lambda_\gamma$
03_stellar-nucleosynthesis/0001_b2fh-1957/literature_analysis/02_physical_processes.md	153	form2	$\lambda$_$\gamma$	$\lambda_\gamma$
03_stellar-nucleosynthesis/0001_b2fh-1957/literature_analysis/02_physical_processes.md	154	form2	$\lambda$_$\gamma$	$\lambda_\gamma$
03_stellar-nucleosynthesis/0001_b2fh-1957/literature_analysis/02_physical_processes.md	154	form2	$\lambda$_$\gamma$	$\lambda_\gamma$
03_stellar-nucleosynthesis/0001_b2fh-1957/literature_analysis/02_physical_processes.md	154	form2	$\lambda$_$\beta$	$\lambda_\beta$
03_stellar-nucleosynthesis/0001_b2fh-1957/literature_analysis/02_physical_processes.md	160	form2	$\lambda$_$\gamma$	$\lambda_\gamma$
03_stellar-nucleosynthesis/0001_b2fh-1957/literature_analysis/02_physical_processes.md	160	form2	$\lambda$_$\gamma$	$\lambda_\gamma$
03_stellar-nucleosynthesis/0001_b2fh-1957/literature_analysis/02_physical_processes.md	164	form1	5×$10^{6}$	$5\times10^{6}$
03_stellar-nucleosynthesis/0001_b2fh-1957/literature_analysis/02_physical_processes.md	165	form1	6×$10^{6}$	$6\times10^{6}$
03_stellar-nucleosynthesis/0001_b2fh-1957/literature_analysis/02_physical_processes.md	172	form1	2×$10^{6}$	$2\times10^{6}$
03_stellar-nucleosynthesis/0001_b2fh-1957/literature_analysis/03_figures.md	35	form1	3×$10^{9}$	$3\times10^{9}$
03_stellar-nucleosynthesis/0001_b2fh-1957/literature_analysis/03_figures.md	44	form1	≈2×$10^{7}$	$≈2\times10^{7}$
03_stellar-nucleosynthesis/0001_b2fh-1957/literature_analysis/03_figures.md	45	form1	1.5×$10^{7}$	$1.5\times10^{7}$
03_stellar-nucleosynthesis/0001_b2fh-1957/literature_analysis/03_figures.md	45	form1	2×$10^{7}$	$2\times10^{7}$
03_stellar-nucleosynthesis/0001_b2fh-1957/literature_analysis/03_figures.md	53	form1	1.3×$10^{8}$	$1.3\times10^{8}$
03_stellar-nucleosynthesis/0001_b2fh-1957/literature_analysis/03_figures.md	62	form1	7.0×$10^{-10}$	$7.0\times10^{-10}$
03_stellar-nucleosynthesis/0001_b2fh-1957/literature_analysis/03_figures.md	72	form1	3×$10^{9}$	$3\times10^{9}$
03_stellar-nucleosynthesis/0001_b2fh-1957/literature_analysis/03_hydrogen_helium_alpha_burning.md	36	form2	$Z_{1}$²	$Z_{1}^{2}$
03_stellar-nucleosynthesis/0001_b2fh-1957/literature_analysis/03_hydrogen_helium_alpha_burning.md	36	form2	$Z_{0}$²	$Z_{0}^{2}$
03_stellar-nucleosynthesis/0001_b2fh-1957/literature_analysis/03_hydrogen_helium_alpha_burning.md	36	form2	$T_{9}$²	$T_{9}^{2}$
03_stellar-nucleosynthesis/0001_b2fh-1957/literature_analysis/03_hydrogen_helium_alpha_burning.md	37	form2	$Z_{1}$²	$Z_{1}^{2}$
03_stellar-nucleosynthesis/0001_b2fh-1957/literature_analysis/03_hydrogen_helium_alpha_burning.md	37	form2	$Z_{0}$²	$Z_{0}^{2}$
03_stellar-nucleosynthesis/0001_b2fh-1957/literature_analysis/03_hydrogen_helium_alpha_burning.md	37	form2	$T_{9}$²	$T_{9}^{2}$
03_stellar-nucleosynthesis/0001_b2fh-1957/literature_analysis/03_hydrogen_helium_alpha_burning.md	44	form1	3.63×$10^{-12}$	$3.63\times10^{-12}$
03_stellar-nucleosynthesis/0001_b2fh-1957/literature_analysis/03_hydrogen_helium_alpha_burning.md	49	form1	7.20×$10^{-11}$	$7.20\times10^{-11}$
03_stellar-nucleosynthesis/0001_b2fh-1957/literature_analysis/03_hydrogen_helium_alpha_burning.md	49	form2	$T_{9}$⁻²	$T_{9}^{\rm -2}$
03_stellar-nucleosynthesis/0001_b2fh-1957/literature_analysis/03_hydrogen_helium_alpha_burning.md	49	form2	$Z_{1}$²	$Z_{1}^{2}$
03_stellar-nucleosynthesis/0001_b2fh-1957/literature_analysis/03_hydrogen_helium_alpha_burning.md	49	form2	$Z_{0}$²	$Z_{0}^{2}$
03_stellar-nucleosynthesis/0001_b2fh-1957/literature_analysis/03_hydrogen_helium_alpha_burning.md	56	form1	4.34×$10^{-11}$	$4.34\times10^{-11}$
03_stellar-nucleosynthesis/0001_b2fh-1957/literature_analysis/03_hydrogen_helium_alpha_burning.md	56	form2	$\tau$_$\gamma$	$\tau_\gamma$
03_stellar-nucleosynthesis/0001_b2fh-1957/literature_analysis/03_hydrogen_helium_alpha_burning.md	56	form2	$Z_{1}$²	$Z_{1}^{2}$
03_stellar-nucleosynthesis/0001_b2fh-1957/literature_analysis/03_hydrogen_helium_alpha_burning.md	56	form2	$Z_{0}$²	$Z_{0}^{2}$
03_stellar-nucleosynthesis/0001_b2fh-1957/literature_analysis/03_hydrogen_helium_alpha_burning.md	56	form2	$T_{9}$⁻²	$T_{9}^{\rm -2}$
03_stellar-nucleosynthesis/0001_b2fh-1957/literature_analysis/03_hydrogen_helium_alpha_burning.md	63	form2	$\Gamma$₀	$\Gamma_{0}$
03_stellar-nucleosynthesis/0001_b2fh-1957/literature_analysis/03_hydrogen_helium_alpha_burning.md	63	form2	$\Gamma$₂	$\Gamma_{2}$
03_stellar-nucleosynthesis/0001_b2fh-1957/literature_analysis/03_hydrogen_helium_alpha_burning.md	63	form2	$\Gamma$²	$\Gamma^{2}$
03_stellar-nucleosynthesis/0001_b2fh-1957/literature_analysis/03_hydrogen_helium_alpha_burning.md	64	form1	3.10×$10^{13}$	$3.10\times10^{13}$
03_stellar-nucleosynthesis/0001_b2fh-1957/literature_analysis/03_hydrogen_helium_alpha_burning.md	64	form2	$\Gamma$₀	$\Gamma_{0}$
03_stellar-nucleosynthesis/0001_b2fh-1957/literature_analysis/03_hydrogen_helium_alpha_burning.md	64	form2	$\Gamma$₂	$\Gamma_{2}$
03_stellar-nucleosynthesis/0001_b2fh-1957/literature_analysis/03_hydrogen_helium_alpha_burning.md	64	form2	$\Gamma$²	$\Gamma^{2}$
03_stellar-nucleosynthesis/0001_b2fh-1957/literature_analysis/03_hydrogen_helium_alpha_burning.md	79	form2	$\Gamma$_R	$\Gamma_{\rm R}$
03_stellar-nucleosynthesis/0001_b2fh-1957/literature_analysis/03_hydrogen_helium_alpha_burning.md	83	form1	1.8×$10^{-20}$	$1.8\times10^{-20}$
03_stellar-nucleosynthesis/0001_b2fh-1957/literature_analysis/03_hydrogen_helium_alpha_burning.md	83	form2	$\Gamma$₂	$\Gamma_{2}$
03_stellar-nucleosynthesis/0001_b2fh-1957/literature_analysis/03_hydrogen_helium_alpha_burning.md	90	form2	$\sigma$_res	$\sigma_{\rm res}$
03_stellar-nucleosynthesis/0001_b2fh-1957/literature_analysis/03_hydrogen_helium_alpha_burning.md	90	form2	$\Gamma$₁	$\Gamma_{1}$
03_stellar-nucleosynthesis/0001_b2fh-1957/literature_analysis/03_hydrogen_helium_alpha_burning.md	90	form2	$\Gamma$₂	$\Gamma_{2}$
03_stellar-nucleosynthesis/0001_b2fh-1957/literature_analysis/03_hydrogen_helium_alpha_burning.md	90	form2	$\Gamma$²	$\Gamma^{2}$
03_stellar-nucleosynthesis/0001_b2fh-1957/literature_analysis/03_hydrogen_helium_alpha_burning.md	92	form2	$\Gamma$₁	$\Gamma_{1}$
03_stellar-nucleosynthesis/0001_b2fh-1957/literature_analysis/03_hydrogen_helium_alpha_burning.md	92	form2	$\Gamma$₂	$\Gamma_{2}$
03_stellar-nucleosynthesis/0001_b2fh-1957/literature_analysis/03_hydrogen_helium_alpha_burning.md	92	form2	$\Gamma$₀	$\Gamma_{0}$
03_stellar-nucleosynthesis/0001_b2fh-1957/literature_analysis/03_hydrogen_helium_alpha_burning.md	92	form2	$\Gamma$₀	$\Gamma_{0}$
03_stellar-nucleosynthesis/0001_b2fh-1957/literature_analysis/03_hydrogen_helium_alpha_burning.md	92	form2	$\Gamma$₁	$\Gamma_{1}$
03_stellar-nucleosynthesis/0001_b2fh-1957/literature_analysis/03_hydrogen_helium_alpha_burning.md	100	form2	$\nu$_e	$\nu_{\rm e}$
03_stellar-nucleosynthesis/0001_b2fh-1957/literature_analysis/03_hydrogen_helium_alpha_burning.md	133	form1	4.011×$10^{-5}$	$4.011\times10^{-5}$
03_stellar-nucleosynthesis/0001_b2fh-1957/literature_analysis/03_hydrogen_helium_alpha_burning.md	138	form2	$\epsilon$_CN	$\epsilon_{\rm CN}$
03_stellar-nucleosynthesis/0001_b2fh-1957/literature_analysis/03_hydrogen_helium_alpha_burning.md	143	form2	$\tau$_$\gamma$	$\tau_\gamma$
03_stellar-nucleosynthesis/0001_b2fh-1957/literature_analysis/03_hydrogen_helium_alpha_burning.md	149	form2	$\tau$_$\gamma$	$\tau_\gamma$
03_stellar-nucleosynthesis/0001_b2fh-1957/literature_analysis/03_hydrogen_helium_alpha_burning.md	222	form1	2×$10^{6}$	$2\times10^{6}$
03_stellar-nucleosynthesis/0001_b2fh-1957/literature_analysis/03_hydrogen_helium_alpha_burning.md	240	form1	~5×$10^{9}$	$~5\times10^{9}$
03_stellar-nucleosynthesis/0001_b2fh-1957/literature_analysis/04_epsilon_process.md	16	form1	5×$10^{9}$	$5\times10^{9}$
03_stellar-nucleosynthesis/0001_b2fh-1957/literature_analysis/04_epsilon_process.md	60	form1	5×$10^{9}$	$5\times10^{9}$
03_stellar-nucleosynthesis/0001_b2fh-1957/literature_analysis/04_epsilon_process.md	63	form1	5×$10^{9}$	$5\times10^{9}$
03_stellar-nucleosynthesis/0001_b2fh-1957/literature_analysis/04_epsilon_process.md	68	form1	3.78×$10^{9}$	$3.78\times10^{9}$
03_stellar-nucleosynthesis/0001_b2fh-1957/literature_analysis/04_epsilon_process.md	80	form1	3.78×$10^{9}$	$3.78\times10^{9}$
03_stellar-nucleosynthesis/0001_b2fh-1957/literature_analysis/04_epsilon_process.md	86	form1	5×$10^{9}$	$5\times10^{9}$
03_stellar-nucleosynthesis/0001_b2fh-1957/literature_analysis/04_epsilon_process.md	116	form1	3.78×$10^{9}$	$3.78\times10^{9}$
03_stellar-nucleosynthesis/0001_b2fh-1957/literature_analysis/05_s_r_general.md	93	form1	6×$10^{6}$	$6\times10^{6}$
03_stellar-nucleosynthesis/0001_b2fh-1957/literature_analysis/05_s_r_general.md	98	form1	7×$10^{5}$	$7\times10^{5}$
03_stellar-nucleosynthesis/0001_b2fh-1957/literature_analysis/05_s_r_general.md	104	form2	$\lambda$_$\gamma$	$\lambda_\gamma$
03_stellar-nucleosynthesis/0001_b2fh-1957/literature_analysis/05_s_r_general.md	104	form2	$\lambda$_$\gamma$	$\lambda_\gamma$
03_stellar-nucleosynthesis/0001_b2fh-1957/literature_analysis/05_s_r_general.md	105	form2	$\lambda$_$\gamma$	$\lambda_\gamma$
03_stellar-nucleosynthesis/0001_b2fh-1957/literature_analysis/05_s_r_general.md	105	form2	$\lambda$_$\gamma$	$\lambda_\gamma$
03_stellar-nucleosynthesis/0001_b2fh-1957/literature_analysis/05_s_r_general.md	105	form2	$\lambda$_$\beta$	$\lambda_\beta$
03_stellar-nucleosynthesis/0001_b2fh-1957/literature_analysis/05_s_r_general.md	108	form1	5×$10^{6}$	$5\times10^{6}$
03_stellar-nucleosynthesis/0001_b2fh-1957/literature_analysis/05_s_r_general.md	108	form1	6×$10^{6}$	$6\times10^{6}$
03_stellar-nucleosynthesis/0001_b2fh-1957/literature_analysis/06_r_process_details.md	71	form2	$\sigma$_$\gamma$	$\sigma_\gamma$
03_stellar-nucleosynthesis/0001_b2fh-1957/literature_analysis/06_r_process_details.md	71	form2	$\lambda$_$\gamma$	$\lambda_\gamma$
03_stellar-nucleosynthesis/0001_b2fh-1957/literature_analysis/06_r_process_details.md	72	form2	$\sigma$_$\gamma$	$\sigma_\gamma$
03_stellar-nucleosynthesis/0001_b2fh-1957/literature_analysis/06_r_process_details.md	79	form2	$\sigma$_$\gamma$	$\sigma_\gamma$
03_stellar-nucleosynthesis/0001_b2fh-1957/literature_analysis/06_r_process_details.md	86	form2	$\lambda$_$\beta$	$\lambda_\beta$
03_stellar-nucleosynthesis/0001_b2fh-1957/literature_analysis/06_r_process_details.md	93	form2	$\beta$⁵	$\beta^{5}$
03_stellar-nucleosynthesis/0001_b2fh-1957/literature_analysis/06_r_process_details.md	118	form2	$\lambda$_$\gamma$	$\lambda_\gamma$
03_stellar-nucleosynthesis/0001_b2fh-1957/literature_analysis/06_r_process_details.md	118	form2	$\lambda$_$\gamma$	$\lambda_\gamma$
03_stellar-nucleosynthesis/0001_b2fh-1957/literature_analysis/06_r_process_details.md	118	form2	$\lambda$_$\beta$	$\lambda_\beta$
03_stellar-nucleosynthesis/0001_b2fh-1957/literature_analysis/06_r_process_details.md	158	form1	~8×$10^{7}$	$~8\times10^{7}$
03_stellar-nucleosynthesis/0001_b2fh-1957/literature_analysis/07_r_process_termination.md	19	form1	1.39×$10^{10}$	$1.39\times10^{10}$
03_stellar-nucleosynthesis/0001_b2fh-1957/literature_analysis/07_r_process_termination.md	20	form1	4.51×$10^{9}$	$4.51\times10^{9}$
03_stellar-nucleosynthesis/0001_b2fh-1957/literature_analysis/07_r_process_termination.md	21	form1	7.04×$10^{8}$	$7.04\times10^{8}$
03_stellar-nucleosynthesis/0001_b2fh-1957/literature_analysis/07_r_process_termination.md	23	form1	~2×$10^{6}$	$~2\times10^{6}$
03_stellar-nucleosynthesis/0001_b2fh-1957/literature_analysis/07_r_process_termination.md	29	form1	~8×$10^{7}$	$~8\times10^{7}$
03_stellar-nucleosynthesis/0001_b2fh-1957/literature_analysis/07_r_process_termination.md	41	form1	~2×$10^{2}$	$~2\times10^{2}$
03_stellar-nucleosynthesis/0001_b2fh-1957/literature_analysis/07_r_process_termination.md	42	form1	~2×$10^{2}$	$~2\times10^{2}$
03_stellar-nucleosynthesis/0001_b2fh-1957/literature_analysis/07_r_process_termination.md	65	form1	1.6×$10^{45}$	$1.6\times10^{45}$
03_stellar-nucleosynthesis/0001_b2fh-1957/literature_analysis/07_r_process_termination.md	76	form1	7.04×$10^{8}$	$7.04\times10^{8}$
03_stellar-nucleosynthesis/0001_b2fh-1957/literature_analysis/07_r_process_termination.md	77	form1	4.51×$10^{9}$	$4.51\times10^{9}$
03_stellar-nucleosynthesis/0001_b2fh-1957/literature_analysis/07_r_process_termination.md	84	form2	$\lambda$₂₃₅	$\lambda_{235}$
03_stellar-nucleosynthesis/0001_b2fh-1957/literature_analysis/07_r_process_termination.md	85	form2	$\lambda$₂₃₈	$\lambda_{238}$
03_stellar-nucleosynthesis/0001_b2fh-1957/literature_analysis/07_r_process_termination.md	104	form2	$\lambda$₂₃₅	$\lambda_{235}$
03_stellar-nucleosynthesis/0001_b2fh-1957/literature_analysis/07_r_process_termination.md	104	form2	$\lambda$₂₃₈	$\lambda_{238}$
03_stellar-nucleosynthesis/0001_b2fh-1957/literature_analysis/07_r_process_termination.md	116	form1	1.5×$10^{10}$	$1.5\times10^{10}$
03_stellar-nucleosynthesis/0001_b2fh-1957/literature_analysis/07_r_process_termination.md	117	form1	6×$10^{9}$	$6\times10^{9}$
03_stellar-nucleosynthesis/0001_b2fh-1957/literature_analysis/07_r_process_termination.md	121	form1	~13.8×$10^{9}$	$~13.8\times10^{9}$
03_stellar-nucleosynthesis/0001_b2fh-1957/literature_analysis/07_r_process_termination.md	146	form1	~1.9×$10^{19}$	$~1.9\times10^{19}$
03_stellar-nucleosynthesis/0001_b2fh-1957/literature_analysis/07_r_process_termination.md	175	form1	4.51×$10^{9}$	$4.51\times10^{9}$
03_stellar-nucleosynthesis/0001_b2fh-1957/literature_analysis/07_r_process_termination.md	175	form1	4.468×$10^{9}$	$4.468\times10^{9}$
03_stellar-nucleosynthesis/0001_b2fh-1957/literature_analysis/08_p_process.md	39	form1	3.16×$10^{4}$	$3.16\times10^{4}$
03_stellar-nucleosynthesis/0001_b2fh-1957/literature_analysis/08_p_process.md	63	form1	3.1×$10^{5}$	$3.1\times10^{5}$
03_stellar-nucleosynthesis/0001_b2fh-1957/literature_analysis/08_p_process.md	63	form2	$\tau$_$\gamma$	$\tau_\gamma$
03_stellar-nucleosynthesis/0001_b2fh-1957/literature_analysis/08_p_process.md	71	form2	$\tau$_$\gamma$	$\tau_\gamma$
03_stellar-nucleosynthesis/0001_b2fh-1957/literature_analysis/08_p_process.md	77	form1	3×$10^{9}$	$3\times10^{9}$
03_stellar-nucleosynthesis/0001_b2fh-1957/literature_analysis/08_p_process.md	83	form1	2×$10^{9}$	$2\times10^{9}$
03_stellar-nucleosynthesis/0001_b2fh-1957/literature_analysis/08_p_process.md	90	form1	~3×$10^{9}$	$~3\times10^{9}$
03_stellar-nucleosynthesis/0001_b2fh-1957/literature_analysis/08_p_process.md	101	form1	3×$10^{9}$	$3\times10^{9}$
03_stellar-nucleosynthesis/0001_b2fh-1957/literature_analysis/09_x_variations_general_astrophysics_conclusion.md	23	form1	2.5×$10^{6}$	$2.5\times10^{6}$
03_stellar-nucleosynthesis/0001_b2fh-1957/literature_analysis/09_x_variations_general_astrophysics_conclusion.md	24	form1	2.5×$10^{6}$	$2.5\times10^{6}$
03_stellar-nucleosynthesis/0001_b2fh-1957/literature_analysis/09_x_variations_general_astrophysics_conclusion.md	25	form1	2×$10^{7}$	$2\times10^{7}$
03_stellar-nucleosynthesis/0001_b2fh-1957/literature_analysis/09_x_variations_general_astrophysics_conclusion.md	26	form1	2.5×$10^{6}$	$2.5\times10^{6}$
03_stellar-nucleosynthesis/0001_b2fh-1957/literature_analysis/09_x_variations_general_astrophysics_conclusion.md	27	form1	5×$10^{6}$	$5\times10^{6}$
03_stellar-nucleosynthesis/0001_b2fh-1957/literature_analysis/09_x_variations_general_astrophysics_conclusion.md	38	form1	7×$10^{9}$	$7\times10^{9}$
03_stellar-nucleosynthesis/0001_b2fh-1957/literature_analysis/09_x_variations_general_astrophysics_conclusion.md	42	form1	~1.6×$10^{-10}$	$~1.6\times10^{-10}$
03_stellar-nucleosynthesis/0001_b2fh-1957/literature_analysis/09_x_variations_general_astrophysics_conclusion.md	67	form1	2×$10^{6}$	$2\times10^{6}$
03_stellar-nucleosynthesis/0001_b2fh-1957/literature_analysis/09_x_variations_general_astrophysics_conclusion.md	69	form1	2×$10^{6}$	$2\times10^{6}$
03_stellar-nucleosynthesis/0001_b2fh-1957/literature_analysis/09_x_variations_general_astrophysics_conclusion.md	111	form1	1.6×$10^{45}$	$1.6\times10^{45}$
03_stellar-nucleosynthesis/0001_b2fh-1957/literature_analysis/09_x_variations_general_astrophysics_conclusion.md	204	form1	~13.8×$10^{9}$	$~13.8\times10^{9}$
03_stellar-nucleosynthesis/0001_b2fh-1957/literature_analysis/98_vocabulary.md	13	form2	$\beta$⁵	$\beta^{5}$
03_stellar-nucleosynthesis/0001_b2fh-1957/literature_analysis/98_vocabulary.md	15	form1	2×$10^{6}$	$2\times10^{6}$
03_stellar-nucleosynthesis/0001_b2fh-1957/literature_analysis/98_vocabulary.md	80	form2	$\beta$⁵	$\beta^{5}$
03_stellar-nucleosynthesis/0001_b2fh-1957/literature_analysis/98_vocabulary.md	82	form2	$\beta$⁵	$\beta^{5}$
03_stellar-nucleosynthesis/0001_b2fh-1957/literature_analysis/99_final_summary.md	22	form2	$\beta$⁵	$\beta^{5}$
03_stellar-nucleosynthesis/0001_b2fh-1957/literature_analysis/99_final_summary.md	103	form2	$Z_{1}$²	$Z_{1}^{2}$
03_stellar-nucleosynthesis/0001_b2fh-1957/literature_analysis/99_final_summary.md	103	form2	$Z_{0}$²	$Z_{0}^{2}$
03_stellar-nucleosynthesis/0001_b2fh-1957/literature_analysis/99_final_summary.md	103	form2	$T_{9}$²	$T_{9}^{2}$
03_stellar-nucleosynthesis/0002_trimble-1975/literature_analysis/04_cosmological_nucleosynthesis.md	36	form2	$\tau$_n	$\tau_{\rm n}$
03_stellar-nucleosynthesis/0002_trimble-1975/literature_analysis/04_cosmological_nucleosynthesis.md	86	form1	1.5 × $10^{6}$	$1.5\times10^{6}$
03_stellar-nucleosynthesis/0002_trimble-1975/literature_analysis/04_cosmological_nucleosynthesis.md	93	form2	$\tau$_n	$\tau_{\rm n}$
03_stellar-nucleosynthesis/0002_trimble-1975/literature_analysis/04_cosmological_nucleosynthesis.md	94	form1	1.5 × $10^{6}$	$1.5\times10^{6}$
03_stellar-nucleosynthesis/0002_trimble-1975/literature_analysis/05_hydrostatic_burning.md	21	form1	3 × $10^{8}$	$3\times10^{8}$
03_stellar-nucleosynthesis/0002_trimble-1975/literature_analysis/05_hydrostatic_burning.md	36	form1	8 × $10^{8}$	$8\times10^{8}$
03_stellar-nucleosynthesis/0002_trimble-1975/literature_analysis/05_hydrostatic_burning.md	37	form1	1.5 × $10^{9}$	$1.5\times10^{9}$
03_stellar-nucleosynthesis/0002_trimble-1975/literature_analysis/05_hydrostatic_burning.md	38	form1	2.5 × $10^{9}$	$2.5\times10^{9}$
03_stellar-nucleosynthesis/0002_trimble-1975/literature_analysis/05_hydrostatic_burning.md	39	form1	5 × $10^{9}$	$5\times10^{9}$
03_stellar-nucleosynthesis/0002_trimble-1975/literature_analysis/05_hydrostatic_burning.md	53	form2	$\eta$_n	$\eta_{\rm n}$
03_stellar-nucleosynthesis/0002_trimble-1975/literature_analysis/05_hydrostatic_burning.md	77	form1	~1.5 × $10^{7}$	$~1.5\times10^{7}$
03_stellar-nucleosynthesis/0002_trimble-1975/literature_analysis/05_hydrostatic_burning.md	78	form1	~2 × $10^{7}$	$~2\times10^{7}$
03_stellar-nucleosynthesis/0002_trimble-1975/literature_analysis/05_hydrostatic_burning.md	80	form1	~7 × $10^{8}$	$~7\times10^{8}$
03_stellar-nucleosynthesis/0002_trimble-1975/literature_analysis/05_hydrostatic_burning.md	81	form1	~1.3 × $10^{9}$	$~1.3\times10^{9}$
03_stellar-nucleosynthesis/0002_trimble-1975/literature_analysis/05_hydrostatic_burning.md	82	form1	~2 × $10^{9}$	$~2\times10^{9}$
03_stellar-nucleosynthesis/0002_trimble-1975/literature_analysis/05_hydrostatic_burning.md	83	form1	5 × $10^{9}$	$5\times10^{9}$
03_stellar-nucleosynthesis/0002_trimble-1975/literature_analysis/05_hydrostatic_burning.md	84	form1	~5 × $10^{9}$	$~5\times10^{9}$
03_stellar-nucleosynthesis/0002_trimble-1975/literature_analysis/06_heavy_element_processes.md	32	form2	$\tau$_n	$\tau_{\rm n}$
03_stellar-nucleosynthesis/0002_trimble-1975/literature_analysis/06_heavy_element_processes.md	40	form2	$\rho$_e	$\rho_{\rm e}$
03_stellar-nucleosynthesis/0002_trimble-1975/literature_analysis/06_heavy_element_processes.md	75	form1	1.4 × $10^{10}$	$1.4\times10^{10}$
03_stellar-nucleosynthesis/0002_trimble-1975/literature_analysis/06_heavy_element_processes.md	75	form1	4.5 × $10^{9}$	$4.5\times10^{9}$
03_stellar-nucleosynthesis/0002_trimble-1975/literature_analysis/06_heavy_element_processes.md	75	form1	7.0 × $10^{8}$	$7.0\times10^{8}$
03_stellar-nucleosynthesis/0002_trimble-1975/literature_analysis/06_heavy_element_processes.md	75	form1	8 × $10^{7}$	$8\times10^{7}$
03_stellar-nucleosynthesis/0002_trimble-1975/literature_analysis/06_heavy_element_processes.md	82	form1	3 × $10^{9}$	$3\times10^{9}$
03_stellar-nucleosynthesis/0002_trimble-1975/literature_analysis/06_heavy_element_processes.md	128	form2	$\lambda$_$\beta$	$\lambda_\beta$
03_stellar-nucleosynthesis/0002_trimble-1975/literature_analysis/06_heavy_element_processes.md	148	form2	$\rho$_e	$\rho_{\rm e}$
03_stellar-nucleosynthesis/0002_trimble-1975/literature_analysis/07_galaxy_evolution_models.md	46	form2	$\mu$ⁿ	$\mu^{\rm n}$
03_stellar-nucleosynthesis/0002_trimble-1975/literature_analysis/07_galaxy_evolution_models.md	110	form1	5 × $10^{9}$	$5\times10^{9}$
03_stellar-nucleosynthesis/0002_trimble-1975/literature_analysis/08_conclusions.md	32	form1	2 × $10^{9}$	$2\times10^{9}$
03_stellar-nucleosynthesis/0002_trimble-1975/literature_analysis/08_conclusions.md	89	form1	~2 × $10^{9}$	$~2\times10^{9}$
03_stellar-nucleosynthesis/0002_trimble-1975/literature_analysis/09_figures_and_tables.md	21	form2	$\rho$_e	$\rho_{\rm e}$
03_stellar-nucleosynthesis/0002_trimble-1975/literature_analysis/10_references.md	69	form2	$\mu$ⁿ	$\mu^{\rm n}$
03_stellar-nucleosynthesis/0002_trimble-1975/literature_analysis/98_vocabulary.md	51	form1	2.1×$10^{6}$	$2.1\times10^{6}$
03_stellar-nucleosynthesis/0002_trimble-1975/literature_analysis/99_final_summary.md	88	form2	$\xi$₀	$\xi_{0}$
03_stellar-nucleosynthesis/0002_trimble-1975/literature_analysis/99_final_summary.md	92	form2	$\tau$_n	$\tau_{\rm n}$
03_stellar-nucleosynthesis/0002_trimble-1975/literature_analysis/99_final_summary.md	92	form2	$\tau$_n	$\tau_{\rm n}$
03_stellar-nucleosynthesis/0002_trimble-1975/literature_analysis/99_final_summary.md	109	form2	$\tau$_n	$\tau_{\rm n}$
03_stellar-nucleosynthesis/0003_fowler-1984/literature_analysis/00_overview.md	111	form2	$\lambda$²	$\lambda^{2}$
03_stellar-nucleosynthesis/0003_fowler-1984/literature_analysis/02_early_research.md	67	form1	2×$10^{8}$	$2\times10^{8}$
03_stellar-nucleosynthesis/0003_fowler-1984/literature_analysis/03_reaction_rates.md	20	form1	6.022×$10^{23}$	$6.022\times10^{23}$
03_stellar-nucleosynthesis/0003_fowler-1984/literature_analysis/03_reaction_rates.md	46	form2	$\lambda$²	$\lambda^{2}$
03_stellar-nucleosynthesis/0003_fowler-1984/literature_analysis/03_reaction_rates.md	57	form1	1.602×$10^{-6}$	$1.602\times10^{-6}$
03_stellar-nucleosynthesis/0003_fowler-1984/literature_analysis/03_reaction_rates.md	116	form2	$\lambda$²	$\lambda^{2}$
03_stellar-nucleosynthesis/0003_fowler-1984/literature_analysis/05_helium_burning.md	50	form1	1.8×$10^{8}$	$1.8\times10^{8}$
03_stellar-nucleosynthesis/0003_fowler-1984/literature_analysis/05_helium_burning.md	55	form1	1.8×$10^{8}$	$1.8\times10^{8}$
03_stellar-nucleosynthesis/0003_fowler-1984/literature_analysis/06_advanced_burning.md	59	form1	6×$10^{8}$	$6\times10^{8}$
03_stellar-nucleosynthesis/0003_fowler-1984/literature_analysis/06_advanced_burning.md	122	form1	6×$10^{8}$	$6\times10^{8}$
03_stellar-nucleosynthesis/0003_fowler-1984/literature_analysis/08_abundances_explosive.md	99	form1	1.04×$10^{6}$	$1.04\times10^{6}$
03_stellar-nucleosynthesis/0003_fowler-1984/literature_analysis/08_abundances_explosive.md	115	form1	3×$10^{-7}$	$3\times10^{-7}$
03_stellar-nucleosynthesis/0003_fowler-1984/literature_analysis/09_anomalies_neutron.md	90	form1	1.6×$10^{8}$	$1.6\times10^{8}$
03_stellar-nucleosynthesis/0003_fowler-1984/literature_analysis/09_anomalies_neutron.md	91	form1	3.6×$10^{8}$	$3.6\times10^{8}$
03_stellar-nucleosynthesis/0003_fowler-1984/literature_analysis/10_cosmochronology.md	21	form1	20.0 × $10^{9}$	$20.0\times10^{9}$
03_stellar-nucleosynthesis/0003_fowler-1984/literature_analysis/10_cosmochronology.md	22	form1	6.51 × $10^{9}$	$6.51\times10^{9}$
03_stellar-nucleosynthesis/0003_fowler-1984/literature_analysis/10_cosmochronology.md	23	form1	10.3 × $10^{9}$	$10.3\times10^{9}$
03_stellar-nucleosynthesis/0003_fowler-1984/literature_analysis/10_cosmochronology.md	51	form1	0.023 × $10^{9}$	$0.023\times10^{9}$
03_stellar-nucleosynthesis/0003_fowler-1984/literature_analysis/10_cosmochronology.md	52	form1	0.117 × $10^{9}$	$0.117\times10^{9}$
03_stellar-nucleosynthesis/0003_fowler-1984/literature_analysis/10_cosmochronology.md	81	form1	5×$10^{-29}$	$5\times10^{-29}$
03_stellar-nucleosynthesis/0003_fowler-1984/literature_analysis/10_cosmochronology.md	89	form1	65×$10^{9}$	$65\times10^{9}$
03_stellar-nucleosynthesis/0003_fowler-1984/literature_analysis/10_cosmochronology.md	95	form1	3.5×$10^{8}$	$3.5\times10^{8}$
03_stellar-nucleosynthesis/0003_fowler-1984/literature_analysis/99_final_summary.md	37	form2	$\lambda$²	$\lambda^{2}$
03_stellar-nucleosynthesis/0004_wallerstein-1997/literature_analysis/02_stellar_evolution.md	41	form2	$\tau$_MS	$\tau_{\rm MS}$
03_stellar-nucleosynthesis/0004_wallerstein-1997/literature_analysis/02_stellar_evolution.md	241	form2	$\alpha$_CE	$\alpha_{\rm CE}$
03_stellar-nucleosynthesis/0004_wallerstein-1997/literature_analysis/02_stellar_evolution.md	244	form2	$\alpha$_CE	$\alpha_{\rm CE}$
03_stellar-nucleosynthesis/0004_wallerstein-1997/literature_analysis/02_stellar_evolution.md	303	form2	$\alpha$_CE	$\alpha_{\rm CE}$
03_stellar-nucleosynthesis/0004_wallerstein-1997/literature_analysis/02_stellar_evolution.md	303	form2	$\alpha$_CE	$\alpha_{\rm CE}$
03_stellar-nucleosynthesis/0004_wallerstein-1997/literature_analysis/03_hydrogen_burning.md	11	form2	$\nu$ₑ	$\nu_{\rm e}$
03_stellar-nucleosynthesis/0004_wallerstein-1997/literature_analysis/03_hydrogen_burning.md	54	form2	$\chi$²	$\chi^{2}$
03_stellar-nucleosynthesis/0004_wallerstein-1997/literature_analysis/03_hydrogen_burning.md	54	form2	$\chi$²	$\chi^{2}$
03_stellar-nucleosynthesis/0004_wallerstein-1997/literature_analysis/03_hydrogen_burning.md	96	form2	$\Gamma$_p	$\Gamma_{\rm p}$
03_stellar-nucleosynthesis/0004_wallerstein-1997/literature_analysis/03_hydrogen_burning.md	102	form2	$\Gamma$_p	$\Gamma_{\rm p}$
03_stellar-nucleosynthesis/0004_wallerstein-1997/literature_analysis/03_hydrogen_burning.md	125	form1	3.78×$10^{-25}$	$3.78\times10^{-25}$
03_stellar-nucleosynthesis/0004_wallerstein-1997/literature_analysis/03_hydrogen_burning.md	130	form2	$\Gamma$_p	$\Gamma_{\rm p}$
03_stellar-nucleosynthesis/0004_wallerstein-1997/literature_analysis/04_x_process_light_elements.md	111	form2	$\nu$ₑ	$\nu_{\rm e}$
03_stellar-nucleosynthesis/0004_wallerstein-1997/literature_analysis/04_x_process_light_elements.md	127	form2	$\nu$ₑ	$\nu_{\rm e}$
03_stellar-nucleosynthesis/0004_wallerstein-1997/literature_analysis/04_x_process_light_elements.md	162	form1	1.6×$10^{-10}$	$1.6\times10^{-10}$
03_stellar-nucleosynthesis/0004_wallerstein-1997/literature_analysis/05_helium_burning.md	36	form2	$\Gamma$_$\gamma$	$\Gamma_\gamma$
03_stellar-nucleosynthesis/0004_wallerstein-1997/literature_analysis/05_helium_burning.md	37	form2	$\Gamma$_pair	$\Gamma_{\rm pair}$
03_stellar-nucleosynthesis/0004_wallerstein-1997/literature_analysis/05_helium_burning.md	38	form2	$\Gamma$_rad	$\Gamma_{\rm rad}$
03_stellar-nucleosynthesis/0004_wallerstein-1997/literature_analysis/05_helium_burning.md	38	form2	$\Gamma$_$\gamma$	$\Gamma_\gamma$
03_stellar-nucleosynthesis/0004_wallerstein-1997/literature_analysis/05_helium_burning.md	38	form2	$\Gamma$_pair	$\Gamma_{\rm pair}$
03_stellar-nucleosynthesis/0004_wallerstein-1997/literature_analysis/05_helium_burning.md	38	form2	$\Gamma$_$\alpha$	$\Gamma_\alpha$
03_stellar-nucleosynthesis/0004_wallerstein-1997/literature_analysis/05_helium_burning.md	38	form2	$\Gamma$_rad	$\Gamma_{\rm rad}$
03_stellar-nucleosynthesis/0004_wallerstein-1997/literature_analysis/05_helium_burning.md	40	form2	$\Gamma$_$\gamma$	$\Gamma_\gamma$
03_stellar-nucleosynthesis/0004_wallerstein-1997/literature_analysis/05_helium_burning.md	136	form1	0.97×$10^{-16}$	$0.97\times10^{-16}$
03_stellar-nucleosynthesis/0004_wallerstein-1997/literature_analysis/05_helium_burning.md	139	form2	$\Gamma$_$\gamma$	$\Gamma_\gamma$
03_stellar-nucleosynthesis/0004_wallerstein-1997/literature_analysis/05_helium_burning.md	140	form2	$\Gamma$_pair	$\Gamma_{\rm pair}$
03_stellar-nucleosynthesis/0004_wallerstein-1997/literature_analysis/07_s_process.md	83	form2	$\tau$₀	$\tau_{0}$
03_stellar-nucleosynthesis/0004_wallerstein-1997/literature_analysis/07_s_process.md	93	form1	~3×$10^{4}$	$~3\times10^{4}$
03_stellar-nucleosynthesis/0004_wallerstein-1997/literature_analysis/07_s_process.md	164	form1	~5×$10^{4}$	$~5\times10^{4}$
03_stellar-nucleosynthesis/0004_wallerstein-1997/literature_analysis/08_r_process.md	114	form2	$\nu$_$\mu$	$\nu_\mu$
03_stellar-nucleosynthesis/0004_wallerstein-1997/literature_analysis/08_r_process.md	114	form2	$\nu$_e	$\nu_{\rm e}$
03_stellar-nucleosynthesis/0004_wallerstein-1997/literature_analysis/09_p_and_e_process.md	14	form1	3×$10^{9}$	$3\times10^{9}$
03_stellar-nucleosynthesis/0004_wallerstein-1997/literature_analysis/98_vocabulary.md	22	form2	$\tau$₀	$\tau_{0}$
03_stellar-nucleosynthesis/0004_wallerstein-1997/literature_analysis/98_vocabulary.md	42	form2	$\tau$₀	$\tau_{0}$
03_stellar-nucleosynthesis/0004_wallerstein-1997/literature_analysis/98_vocabulary.md	99	form2	$\tau$₀	$\tau_{0}$
03_stellar-nucleosynthesis/0004_wallerstein-1997/literature_analysis/99_final_summary.md	22	form2	$\tau$₀	$\tau_{0}$
03_stellar-nucleosynthesis/0004_wallerstein-1997/literature_analysis/99_final_summary.md	95	form2	$\tau$₀	$\tau_{0}$
03_stellar-nucleosynthesis/0004_wallerstein-1997/literature_analysis/99_final_summary.md	125	form2	$\chi$²	$\chi^{2}$
03_stellar-nucleosynthesis/0004_wallerstein-1997/literature_analysis/99_final_summary.md	129	form2	$\chi$²	$\chi^{2}$
03_stellar-nucleosynthesis/0005_champagne-wiescher-1992/literature_analysis/00_overview.md	111	form1	2×$10^{8}$	$2\times10^{8}$
03_stellar-nucleosynthesis/0005_champagne-wiescher-1992/literature_analysis/00_overview.md	134	form1	7.2×$10^{5}$	$7.2\times10^{5}$
03_stellar-nucleosynthesis/0005_champagne-wiescher-1992/literature_analysis/02_reaction_rates.md	121	form2	$\lambda$²	$\lambda^{2}$
03_stellar-nucleosynthesis/0005_champagne-wiescher-1992/literature_analysis/02_reaction_rates.md	132	form2	$\Gamma$_a	$\Gamma_{\rm a}$
03_stellar-nucleosynthesis/0005_champagne-wiescher-1992/literature_analysis/02_reaction_rates.md	132	form2	$\Gamma$_b	$\Gamma_{\rm b}$
03_stellar-nucleosynthesis/0005_champagne-wiescher-1992/literature_analysis/02_reaction_rates.md	138	form2	$\Gamma$_a	$\Gamma_{\rm a}$
03_stellar-nucleosynthesis/0005_champagne-wiescher-1992/literature_analysis/02_reaction_rates.md	138	form2	$\Gamma$_b	$\Gamma_{\rm b}$
03_stellar-nucleosynthesis/0005_champagne-wiescher-1992/literature_analysis/03_hot_cno_cycles.md	54	form2	$\Gamma$_$\gamma$	$\Gamma_\gamma$
03_stellar-nucleosynthesis/0005_champagne-wiescher-1992/literature_analysis/03_hot_cno_cycles.md	54	form2	$\Gamma$_p	$\Gamma_{\rm p}$
03_stellar-nucleosynthesis/0005_champagne-wiescher-1992/literature_analysis/03_hot_cno_cycles.md	54	form2	$\Gamma$_$\gamma$	$\Gamma_\gamma$
03_stellar-nucleosynthesis/0005_champagne-wiescher-1992/literature_analysis/03_hot_cno_cycles.md	56	form2	$\Gamma$_$\gamma$	$\Gamma_\gamma$
03_stellar-nucleosynthesis/0005_champagne-wiescher-1992/literature_analysis/03_hot_cno_cycles.md	58	form2	$\Gamma$_$\gamma$	$\Gamma_\gamma$
03_stellar-nucleosynthesis/0005_champagne-wiescher-1992/literature_analysis/03_hot_cno_cycles.md	60	form2	$\Gamma$_p	$\Gamma_{\rm p}$
03_stellar-nucleosynthesis/0005_champagne-wiescher-1992/literature_analysis/03_hot_cno_cycles.md	60	form2	$\Gamma$_$\gamma$	$\Gamma_\gamma$
03_stellar-nucleosynthesis/0005_champagne-wiescher-1992/literature_analysis/03_hot_cno_cycles.md	68	form2	$\Gamma$_$\gamma$	$\Gamma_\gamma$
03_stellar-nucleosynthesis/0005_champagne-wiescher-1992/literature_analysis/03_hot_cno_cycles.md	74	form2	$\Gamma$_$\gamma$	$\Gamma_\gamma$
03_stellar-nucleosynthesis/0005_champagne-wiescher-1992/literature_analysis/03_hot_cno_cycles.md	76	form1	3.1 × $10^{-5}$	$3.1\times10^{-5}$
03_stellar-nucleosynthesis/0005_champagne-wiescher-1992/literature_analysis/03_hot_cno_cycles.md	76	form1	1.1 × $10^{-4}$	$1.1\times10^{-4}$
03_stellar-nucleosynthesis/0005_champagne-wiescher-1992/literature_analysis/03_hot_cno_cycles.md	76	form2	$\Gamma$_$\gamma$	$\Gamma_\gamma$
03_stellar-nucleosynthesis/0005_champagne-wiescher-1992/literature_analysis/03_hot_cno_cycles.md	82	form1	4.5 × $10^{-4}$	$4.5\times10^{-4}$
03_stellar-nucleosynthesis/0005_champagne-wiescher-1992/literature_analysis/03_hot_cno_cycles.md	82	form2	$\alpha$₀	$\alpha_{0}$
03_stellar-nucleosynthesis/0005_champagne-wiescher-1992/literature_analysis/03_hot_cno_cycles.md	82	form2	$\Gamma$_$\gamma$	$\Gamma_\gamma$
03_stellar-nucleosynthesis/0005_champagne-wiescher-1992/literature_analysis/03_hot_cno_cycles.md	82	form2	$\Gamma$_$\gamma$	$\Gamma_\gamma$
03_stellar-nucleosynthesis/0005_champagne-wiescher-1992/literature_analysis/03_hot_cno_cycles.md	83	form2	$\Gamma$_$\gamma$	$\Gamma_\gamma$
03_stellar-nucleosynthesis/0005_champagne-wiescher-1992/literature_analysis/03_hot_cno_cycles.md	84	form2	$\Gamma$_$\gamma$	$\Gamma_\gamma$
03_stellar-nucleosynthesis/0005_champagne-wiescher-1992/literature_analysis/03_hot_cno_cycles.md	85	form2	$\Gamma$_$\gamma$	$\Gamma_\gamma$
03_stellar-nucleosynthesis/0005_champagne-wiescher-1992/literature_analysis/03_hot_cno_cycles.md	91	form2	$\Gamma$_$\gamma$	$\Gamma_\gamma$
03_stellar-nucleosynthesis/0005_champagne-wiescher-1992/literature_analysis/03_hot_cno_cycles.md	96	form2	$\Gamma$_$\gamma$	$\Gamma_\gamma$
03_stellar-nucleosynthesis/0005_champagne-wiescher-1992/literature_analysis/03_hot_cno_cycles.md	98	form2	$\Gamma$_$\gamma$	$\Gamma_\gamma$
03_stellar-nucleosynthesis/0005_champagne-wiescher-1992/literature_analysis/03_hot_cno_cycles.md	102	form2	$\Gamma$_$\gamma$	$\Gamma_\gamma$
03_stellar-nucleosynthesis/0005_champagne-wiescher-1992/literature_analysis/03_hot_cno_cycles.md	108	form2	$\Gamma$_$\gamma$	$\Gamma_\gamma$
03_stellar-nucleosynthesis/0005_champagne-wiescher-1992/literature_analysis/03_hot_cno_cycles.md	120	form2	$\Gamma$_$\gamma$	$\Gamma_\gamma$
03_stellar-nucleosynthesis/0005_champagne-wiescher-1992/literature_analysis/03_hot_cno_cycles.md	121	form2	$\Gamma$_p	$\Gamma_{\rm p}$
03_stellar-nucleosynthesis/0005_champagne-wiescher-1992/literature_analysis/03_hot_cno_cycles.md	121	form2	$\Gamma$_$\gamma$	$\Gamma_\gamma$
03_stellar-nucleosynthesis/0005_champagne-wiescher-1992/literature_analysis/03_hot_cno_cycles.md	130	form2	$\Gamma$_$\gamma$	$\Gamma_\gamma$
03_stellar-nucleosynthesis/0005_champagne-wiescher-1992/literature_analysis/03_hot_cno_cycles.md	133	form2	$\Gamma$_$\gamma$	$\Gamma_\gamma$
03_stellar-nucleosynthesis/0005_champagne-wiescher-1992/literature_analysis/03_hot_cno_cycles.md	138	form2	$\Gamma$_$\gamma$	$\Gamma_\gamma$
03_stellar-nucleosynthesis/0005_champagne-wiescher-1992/literature_analysis/03_hot_cno_cycles.md	139	form2	$\Gamma$_$\gamma$	$\Gamma_\gamma$
03_stellar-nucleosynthesis/0005_champagne-wiescher-1992/literature_analysis/03_hot_cno_cycles.md	140	form2	$\Gamma$_$\gamma$	$\Gamma_\gamma$
03_stellar-nucleosynthesis/0005_champagne-wiescher-1992/literature_analysis/03_hot_cno_cycles.md	140	form2	$\Gamma$_$\gamma$	$\Gamma_\gamma$
03_stellar-nucleosynthesis/0005_champagne-wiescher-1992/literature_analysis/03_hot_cno_cycles.md	151	form2	$\Gamma$_$\gamma$	$\Gamma_\gamma$
03_stellar-nucleosynthesis/0005_champagne-wiescher-1992/literature_analysis/04_hot_cno_cycles_continued.md	111	form2	$\Gamma$_p	$\Gamma_{\rm p}$
03_stellar-nucleosynthesis/0005_champagne-wiescher-1992/literature_analysis/04_hot_cno_cycles_continued.md	111	form2	$\Gamma$_$\gamma$	$\Gamma_\gamma$
03_stellar-nucleosynthesis/0005_champagne-wiescher-1992/literature_analysis/05_lab_vs_stellar_rates.md	21	form2	$\delta$²_ℓ	$\delta^{2}_{\rm ℓ}$
03_stellar-nucleosynthesis/0005_champagne-wiescher-1992/literature_analysis/05_lab_vs_stellar_rates.md	25	form2	$\delta$_ℓ	$\delta_{\rm ℓ}$
03_stellar-nucleosynthesis/0005_champagne-wiescher-1992/literature_analysis/05_lab_vs_stellar_rates.md	35	form2	$\delta$_ℓ	$\delta_{\rm ℓ}$
03_stellar-nucleosynthesis/0005_champagne-wiescher-1992/literature_analysis/05_lab_vs_stellar_rates.md	37	form2	$\delta$_ℓ	$\delta_{\rm ℓ}$
03_stellar-nucleosynthesis/0005_champagne-wiescher-1992/literature_analysis/05_lab_vs_stellar_rates.md	45	form2	$\delta$_ℓ	$\delta_{\rm ℓ}$
03_stellar-nucleosynthesis/0005_champagne-wiescher-1992/literature_analysis/05_lab_vs_stellar_rates.md	45	form2	$\Gamma$_$\gamma$	$\Gamma_\gamma$
03_stellar-nucleosynthesis/0005_champagne-wiescher-1992/literature_analysis/05_lab_vs_stellar_rates.md	45	form2	$\delta$_ℓ	$\delta_{\rm ℓ}$
03_stellar-nucleosynthesis/0005_champagne-wiescher-1992/literature_analysis/05_lab_vs_stellar_rates.md	67	form2	$\delta$_ℓ	$\delta_{\rm ℓ}$
03_stellar-nucleosynthesis/0005_champagne-wiescher-1992/literature_analysis/05_lab_vs_stellar_rates.md	130	form2	$\delta$_ℓ	$\delta_{\rm ℓ}$
03_stellar-nucleosynthesis/0005_champagne-wiescher-1992/literature_analysis/05_lab_vs_stellar_rates.md	146	form2	$\delta$_ℓ	$\delta_{\rm ℓ}$
03_stellar-nucleosynthesis/0005_champagne-wiescher-1992/literature_analysis/06_rp_process.md	120	form1	7.2 × $10^{5}$	$7.2\times10^{5}$
03_stellar-nucleosynthesis/0005_champagne-wiescher-1992/literature_analysis/06_rp_process.md	165	form1	7.2 × $10^{5}$	$7.2\times10^{5}$
03_stellar-nucleosynthesis/0005_champagne-wiescher-1992/literature_analysis/08_network_calculations.md	27	form2	$\lambda$_i	$\lambda_{\rm i}$
03_stellar-nucleosynthesis/0005_champagne-wiescher-1992/literature_analysis/08_network_calculations.md	101	form2	$\tau$_SiP	$\tau_{\rm SiP}$
03_stellar-nucleosynthesis/0005_champagne-wiescher-1992/literature_analysis/08_network_calculations.md	101	form2	$\tau$_$^{31}{\rm S}$	$\tau_{^{31}{\rm S}}$
03_stellar-nucleosynthesis/0005_champagne-wiescher-1992/literature_analysis/98_vocabulary.md	34	form2	$\Gamma$_$\gamma$	$\Gamma_\gamma$
03_stellar-nucleosynthesis/0005_champagne-wiescher-1992/literature_analysis/98_vocabulary.md	34	form2	$\Gamma$_p	$\Gamma_{\rm p}$
03_stellar-nucleosynthesis/0005_champagne-wiescher-1992/literature_analysis/98_vocabulary.md	34	form2	$\Gamma$_$\gamma$	$\Gamma_\gamma$
03_stellar-nucleosynthesis/0005_champagne-wiescher-1992/literature_analysis/98_vocabulary.md	47	form2	$\pi$²	$\pi^{2}$
03_stellar-nucleosynthesis/0005_champagne-wiescher-1992/literature_analysis/98_vocabulary.md	50	form2	$\Gamma$_a	$\Gamma_{\rm a}$
03_stellar-nucleosynthesis/0005_champagne-wiescher-1992/literature_analysis/98_vocabulary.md	50	form2	$\Gamma$_b	$\Gamma_{\rm b}$
03_stellar-nucleosynthesis/0005_champagne-wiescher-1992/literature_analysis/98_vocabulary.md	57	form2	$\Gamma$_$\gamma$	$\Gamma_\gamma$
03_stellar-nucleosynthesis/0005_champagne-wiescher-1992/literature_analysis/99_final_summary.md	36	form2	$\Gamma$_$\gamma$	$\Gamma_\gamma$
03_stellar-nucleosynthesis/0005_champagne-wiescher-1992/literature_analysis/99_final_summary.md	77	form2	$\Gamma$_$\gamma$	$\Gamma_\gamma$
03_stellar-nucleosynthesis/0005_champagne-wiescher-1992/literature_analysis/99_final_summary.md	160	form2	$\Gamma$_$\gamma$	$\Gamma_\gamma$
03_stellar-nucleosynthesis/0006_anders-grevesse/literature_analysis/01_analysis.md	117	form1	1.2505 × $10^{9}$	$1.2505\times10^{9}$
03_stellar-nucleosynthesis/0006_anders-grevesse/literature_analysis/01_analysis.md	129	form1	1.42 × $10^{-4}$	$1.42\times10^{-4}$
03_stellar-nucleosynthesis/0006_anders-grevesse/literature_analysis/01_analysis.md	133	form1	2 × $10^{-5}$	$2\times10^{-5}$
03_stellar-nucleosynthesis/0006_anders-grevesse/literature_analysis/01_analysis.md	133	form1	2 × $10^{-5}$	$2\times10^{-5}$
03_stellar-nucleosynthesis/0006_anders-grevesse/literature_analysis/01_analysis.md	137	form1	5 × $10^{-5}$	$5\times10^{-5}$
03_stellar-nucleosynthesis/0006_anders-grevesse/literature_analysis/99_final_summary.md	98	form1	3.4 × $10^{-5}$	$3.4\times10^{-5}$
03_stellar-nucleosynthesis/0008_lodders-2003/literature_analysis/02_abundance_selection.md	268	form1	0.39 × $10^{-5}$	$0.39\times10^{-5}$
03_stellar-nucleosynthesis/0008_lodders-2003/literature_analysis/02_abundance_selection.md	269	form1	0.05 × $10^{-4}$	$0.05\times10^{-4}$
03_stellar-nucleosynthesis/0008_lodders-2003/literature_analysis/03_condensation_methods.md	87	form1	5.0 × $10^{-4}$	$5.0\times10^{-4}$
03_stellar-nucleosynthesis/0008_lodders-2003/literature_analysis/03_condensation_methods.md	87	form1	9.2 × $10^{-4}$	$9.2\times10^{-4}$
03_stellar-nucleosynthesis/0008_lodders-2003/literature_analysis/09_figures_and_tables.md	193	form2	$fO_{2}$^0.5	$fO_{2}^{0.5}$
03_stellar-nucleosynthesis/0008_lodders-2003/literature_analysis/09_figures_and_tables.md	195	form2	$fO_{2}$^1.5	$fO_{2}^{1.5}$
03_stellar-nucleosynthesis/0008_lodders-2003/literature_analysis/09_figures_and_tables.md	196	form2	$fO_{2}$^0.5	$fO_{2}^{0.5}$
03_stellar-nucleosynthesis/0008_lodders-2003/literature_analysis/98_vocabulary.md	25	form1	~5×$10^{-4}$	$~5\times10^{-4}$
03_stellar-nucleosynthesis/0008_lodders-2003/literature_analysis/98_vocabulary.md	93	form1	5.0 × $10^{-4}$	$5.0\times10^{-4}$
03_stellar-nucleosynthesis/0008_lodders-2003/literature_analysis/98_vocabulary.md	93	form1	9.2 × $10^{-4}$	$9.2\times10^{-4}$
03_stellar-nucleosynthesis/0008_lodders-2003/literature_analysis/98_vocabulary.md	97	form1	5.0 × $10^{-4}$	$5.0\times10^{-4}$
03_stellar-nucleosynthesis/0008_lodders-2003/literature_analysis/98_vocabulary.md	97	form1	9.2 × $10^{-4}$	$9.2\times10^{-4}$
03_stellar-nucleosynthesis/0009_asplund-2009-solar-composition/literature_analysis/00_overview.md	126	form2	$\epsilon$_H	$\epsilon_{\rm H}$
03_stellar-nucleosynthesis/0009_asplund-2009-solar-composition/literature_analysis/00_overview.md	127	form2	$\epsilon$_X	$\epsilon_{\rm X}$
03_stellar-nucleosynthesis/0009_asplund-2009-solar-composition/literature_analysis/00_overview.md	129	form2	$\epsilon$_X	$\epsilon_{\rm X}$
03_stellar-nucleosynthesis/0009_asplund-2009-solar-composition/literature_analysis/00_overview.md	164	form2	$\sigma$_stat²	$\sigma_{\rm stat2}$
03_stellar-nucleosynthesis/0009_asplund-2009-solar-composition/literature_analysis/00_overview.md	164	form2	$\sigma$_syst²	$\sigma_{\rm syst2}$
03_stellar-nucleosynthesis/0009_asplund-2009-solar-composition/literature_analysis/00_overview.md	164	form2	$\sigma$_stat	$\sigma_{\rm stat}$
03_stellar-nucleosynthesis/0009_asplund-2009-solar-composition/literature_analysis/02_ingredients.md	102	form2	$\sigma$_stat²	$\sigma_{\rm stat2}$
03_stellar-nucleosynthesis/0009_asplund-2009-solar-composition/literature_analysis/02_ingredients.md	102	form2	$\sigma$_syst²	$\sigma_{\rm syst2}$
03_stellar-nucleosynthesis/0009_asplund-2009-solar-composition/literature_analysis/02_ingredients.md	102	form2	$\sigma$_stat	$\sigma_{\rm stat}$
03_stellar-nucleosynthesis/0009_asplund-2009-solar-composition/literature_analysis/03_light_elements.md	10	form2	$\epsilon$_X	$\epsilon_{\rm X}$
03_stellar-nucleosynthesis/0009_asplund-2009-solar-composition/literature_analysis/03_light_elements.md	10	form2	$\epsilon$_H	$\epsilon_{\rm H}$
03_stellar-nucleosynthesis/0009_asplund-2009-solar-composition/literature_analysis/03_light_elements.md	21	form2	$\epsilon$_Li	$\epsilon_{\rm Li}$
03_stellar-nucleosynthesis/0009_asplund-2009-solar-composition/literature_analysis/03_light_elements.md	28	form2	$\epsilon$_Be	$\epsilon_{\rm Be}$
03_stellar-nucleosynthesis/0009_asplund-2009-solar-composition/literature_analysis/03_light_elements.md	34	form2	$\epsilon$_B	$\epsilon_{\rm B}$
03_stellar-nucleosynthesis/0009_asplund-2009-solar-composition/literature_analysis/03_light_elements.md	43	form2	$\epsilon$_C	$\epsilon_{\rm C}$
03_stellar-nucleosynthesis/0009_asplund-2009-solar-composition/literature_analysis/03_light_elements.md	48	form2	$\epsilon$_C	$\epsilon_{\rm C}$
03_stellar-nucleosynthesis/0009_asplund-2009-solar-composition/literature_analysis/03_light_elements.md	73	form2	$\epsilon$_N	$\epsilon_{\rm N}$
03_stellar-nucleosynthesis/0009_asplund-2009-solar-composition/literature_analysis/03_light_elements.md	77	form2	$\epsilon$_N	$\epsilon_{\rm N}$
03_stellar-nucleosynthesis/0009_asplund-2009-solar-composition/literature_analysis/03_light_elements.md	97	form2	$\epsilon$_O	$\epsilon_{\rm O}$
03_stellar-nucleosynthesis/0009_asplund-2009-solar-composition/literature_analysis/03_light_elements.md	116	form2	$\epsilon$_O	$\epsilon_{\rm O}$
03_stellar-nucleosynthesis/0009_asplund-2009-solar-composition/literature_analysis/03_light_elements.md	120	form2	$\epsilon$_O	$\epsilon_{\rm O}$
03_stellar-nucleosynthesis/0009_asplund-2009-solar-composition/literature_analysis/03_light_elements.md	128	form2	$\epsilon$_O	$\epsilon_{\rm O}$
03_stellar-nucleosynthesis/0009_asplund-2009-solar-composition/literature_analysis/03_light_elements.md	133	form2	$\epsilon$_O	$\epsilon_{\rm O}$
03_stellar-nucleosynthesis/0009_asplund-2009-solar-composition/literature_analysis/04_intermediate_ironpeak.md	21	form2	$\epsilon$_Na	$\epsilon_{\rm Na}$
03_stellar-nucleosynthesis/0009_asplund-2009-solar-composition/literature_analysis/04_intermediate_ironpeak.md	27	form2	$\epsilon$_Mg	$\epsilon_{\rm Mg}$
03_stellar-nucleosynthesis/0009_asplund-2009-solar-composition/literature_analysis/04_intermediate_ironpeak.md	33	form2	$\epsilon$_Al	$\epsilon_{\rm Al}$
03_stellar-nucleosynthesis/0009_asplund-2009-solar-composition/literature_analysis/04_intermediate_ironpeak.md	39	form2	$\epsilon$_Si	$\epsilon_{\rm Si}$
03_stellar-nucleosynthesis/0009_asplund-2009-solar-composition/literature_analysis/04_intermediate_ironpeak.md	59	form2	$\epsilon$_K	$\epsilon_{\rm K}$
03_stellar-nucleosynthesis/0009_asplund-2009-solar-composition/literature_analysis/04_intermediate_ironpeak.md	64	form2	$\epsilon$_Ca	$\epsilon_{\rm Ca}$
03_stellar-nucleosynthesis/0009_asplund-2009-solar-composition/literature_analysis/04_intermediate_ironpeak.md	73	form2	$\epsilon$_Sc	$\epsilon_{\rm Sc}$
03_stellar-nucleosynthesis/0009_asplund-2009-solar-composition/literature_analysis/04_intermediate_ironpeak.md	82	form2	$\epsilon$_Ti	$\epsilon_{\rm Ti}$
03_stellar-nucleosynthesis/0009_asplund-2009-solar-composition/literature_analysis/04_intermediate_ironpeak.md	88	form2	$\epsilon$_V	$\epsilon_{\rm V}$
03_stellar-nucleosynthesis/0009_asplund-2009-solar-composition/literature_analysis/04_intermediate_ironpeak.md	89	form2	$\epsilon$_V	$\epsilon_{\rm V}$
03_stellar-nucleosynthesis/0009_asplund-2009-solar-composition/literature_analysis/04_intermediate_ironpeak.md	96	form2	$\epsilon$_Cr	$\epsilon_{\rm Cr}$
03_stellar-nucleosynthesis/0009_asplund-2009-solar-composition/literature_analysis/04_intermediate_ironpeak.md	101	form2	$\epsilon$_Mn	$\epsilon_{\rm Mn}$
03_stellar-nucleosynthesis/0009_asplund-2009-solar-composition/literature_analysis/04_intermediate_ironpeak.md	112	form2	$\epsilon$_Fe	$\epsilon_{\rm Fe}$
03_stellar-nucleosynthesis/0009_asplund-2009-solar-composition/literature_analysis/04_intermediate_ironpeak.md	119	form2	$\epsilon$_Co	$\epsilon_{\rm Co}$
03_stellar-nucleosynthesis/0009_asplund-2009-solar-composition/literature_analysis/04_intermediate_ironpeak.md	124	form2	$\epsilon$_Ni	$\epsilon_{\rm Ni}$
03_stellar-nucleosynthesis/0009_asplund-2009-solar-composition/literature_analysis/05_heavy_and_indirect.md	16	form2	$\chi$_exc	$\chi_{\rm exc}$
03_stellar-nucleosynthesis/0009_asplund-2009-solar-composition/literature_analysis/05_heavy_and_indirect.md	52	form2	$\epsilon$_F	$\epsilon_{\rm F}$
03_stellar-nucleosynthesis/0009_asplund-2009-solar-composition/literature_analysis/05_heavy_and_indirect.md	55	form2	$\epsilon$_In	$\epsilon_{\rm In}$
03_stellar-nucleosynthesis/0009_asplund-2009-solar-composition/literature_analysis/05_heavy_and_indirect.md	64	form2	$\Gamma$₁	$\Gamma_{1}$
03_stellar-nucleosynthesis/0009_asplund-2009-solar-composition/literature_analysis/05_heavy_and_indirect.md	64	form2	$\Gamma$₁	$\Gamma_{1}$
03_stellar-nucleosynthesis/0009_asplund-2009-solar-composition/literature_analysis/05_heavy_and_indirect.md	66	form2	$\epsilon$_He	$\epsilon_{\rm He}$
03_stellar-nucleosynthesis/0009_asplund-2009-solar-composition/literature_analysis/05_heavy_and_indirect.md	73	form2	$\chi$_ion	$\chi_{\rm ion}$
03_stellar-nucleosynthesis/0009_asplund-2009-solar-composition/literature_analysis/05_heavy_and_indirect.md	74	form2	$\chi$_ion	$\chi_{\rm ion}$
03_stellar-nucleosynthesis/0009_asplund-2009-solar-composition/literature_analysis/05_heavy_and_indirect.md	78	form2	$\epsilon$_Ne	$\epsilon_{\rm Ne}$
03_stellar-nucleosynthesis/0009_asplund-2009-solar-composition/literature_analysis/05_heavy_and_indirect.md	87	form2	$\epsilon$_Ar	$\epsilon_{\rm Ar}$
03_stellar-nucleosynthesis/0009_asplund-2009-solar-composition/literature_analysis/05_heavy_and_indirect.md	93	form2	$\epsilon$_Kr	$\epsilon_{\rm Kr}$
03_stellar-nucleosynthesis/0009_asplund-2009-solar-composition/literature_analysis/05_heavy_and_indirect.md	98	form2	$\chi$_ion	$\chi_{\rm ion}$
03_stellar-nucleosynthesis/0009_asplund-2009-solar-composition/literature_analysis/05_heavy_and_indirect.md	99	form2	$\epsilon$_Xe	$\epsilon_{\rm Xe}$
03_stellar-nucleosynthesis/0009_asplund-2009-solar-composition/literature_analysis/06_cross_checks.md	19	form2	$\epsilon$_X	$\epsilon_{\rm X}$
03_stellar-nucleosynthesis/0009_asplund-2009-solar-composition/literature_analysis/06_cross_checks.md	19	form2	$\epsilon$_Si	$\epsilon_{\rm Si}$
03_stellar-nucleosynthesis/0009_asplund-2009-solar-composition/literature_analysis/06_cross_checks.md	104	form1	5×$10^{6}$	$5\times10^{6}$
03_stellar-nucleosynthesis/0009_asplund-2009-solar-composition/literature_analysis/07_figures_tables.md	12	form2	$\epsilon$_X	$\epsilon_{\rm X}$
03_stellar-nucleosynthesis/0009_asplund-2009-solar-composition/literature_analysis/07_figures_tables.md	17	form2	$\epsilon$_AGSS09	$\epsilon_{\rm AGSS09}$
03_stellar-nucleosynthesis/0009_asplund-2009-solar-composition/literature_analysis/07_figures_tables.md	53	form2	$\epsilon$_C	$\epsilon_{\rm C}$
03_stellar-nucleosynthesis/0009_asplund-2009-solar-composition/literature_analysis/07_figures_tables.md	136	form2	$\tau$_500nm	$\tau_{\rm 500nm}$
03_stellar-nucleosynthesis/0009_asplund-2009-solar-composition/literature_analysis/07_figures_tables.md	223	form2	$\epsilon$_ph	$\epsilon_{\rm ph}$
03_stellar-nucleosynthesis/0009_asplund-2009-solar-composition/literature_analysis/07_figures_tables.md	223	form2	$\epsilon$_met	$\epsilon_{\rm met}$
03_stellar-nucleosynthesis/0009_asplund-2009-solar-composition/literature_analysis/08_systematics_and_uncertainties.md	17	form2	$\sigma$_stat²	$\sigma_{\rm stat2}$
03_stellar-nucleosynthesis/0009_asplund-2009-solar-composition/literature_analysis/08_systematics_and_uncertainties.md	17	form2	$\sigma$_syst²	$\sigma_{\rm syst2}$
03_stellar-nucleosynthesis/0009_asplund-2009-solar-composition/literature_analysis/08_systematics_and_uncertainties.md	17	form2	$\sigma$_stat	$\sigma_{\rm stat}$
03_stellar-nucleosynthesis/0009_asplund-2009-solar-composition/literature_analysis/08_systematics_and_uncertainties.md	73	form2	$\epsilon$_Si	$\epsilon_{\rm Si}$
03_stellar-nucleosynthesis/0009_asplund-2009-solar-composition/literature_analysis/98_vocabulary.md	26	form2	$\epsilon$_H	$\epsilon_{\rm H}$
03_stellar-nucleosynthesis/0009_asplund-2009-solar-composition/literature_analysis/98_vocabulary.md	26	form2	$\epsilon$_X	$\epsilon_{\rm X}$
03_stellar-nucleosynthesis/0009_asplund-2009-solar-composition/literature_analysis/98_vocabulary.md	41	form2	$\epsilon$_X	$\epsilon_{\rm X}$
03_stellar-nucleosynthesis/0009_asplund-2009-solar-composition/literature_analysis/98_vocabulary.md	72	form2	$\Gamma$₁	$\Gamma_{1}$
03_stellar-nucleosynthesis/0009_asplund-2009-solar-composition/literature_analysis/99_final_summary.md	22	form2	$\Gamma$₁	$\Gamma_{1}$
03_stellar-nucleosynthesis/0009_asplund-2009-solar-composition/literature_analysis/99_final_summary.md	28	form2	$\epsilon$_C	$\epsilon_{\rm C}$
03_stellar-nucleosynthesis/0009_asplund-2009-solar-composition/literature_analysis/99_final_summary.md	29	form2	$\epsilon$_N	$\epsilon_{\rm N}$
03_stellar-nucleosynthesis/0009_asplund-2009-solar-composition/literature_analysis/99_final_summary.md	30	form2	$\epsilon$_O	$\epsilon_{\rm O}$
03_stellar-nucleosynthesis/0009_asplund-2009-solar-composition/literature_analysis/99_final_summary.md	31	form2	$\epsilon$_Ne	$\epsilon_{\rm Ne}$
03_stellar-nucleosynthesis/0009_asplund-2009-solar-composition/literature_analysis/99_final_summary.md	32	form2	$\epsilon$_Fe	$\epsilon_{\rm Fe}$
03_stellar-nucleosynthesis/0009_asplund-2009-solar-composition/literature_analysis/99_final_summary.md	33	form2	$\epsilon$_Si	$\epsilon_{\rm Si}$
03_stellar-nucleosynthesis/0009_asplund-2009-solar-composition/literature_analysis/99_final_summary.md	45	form2	$\Gamma$₁	$\Gamma_{1}$
03_stellar-nucleosynthesis/0009_asplund-2009-solar-composition/literature_analysis/99_final_summary.md	59	form2	$\epsilon$_C	$\epsilon_{\rm C}$
03_stellar-nucleosynthesis/0009_asplund-2009-solar-composition/literature_analysis/99_final_summary.md	67	form2	$\epsilon$_Fe	$\epsilon_{\rm Fe}$
03_stellar-nucleosynthesis/0009_asplund-2009-solar-composition/literature_analysis/99_final_summary.md	71	form2	$\epsilon$_Si	$\epsilon_{\rm Si}$
03_stellar-nucleosynthesis/0009_asplund-2009-solar-composition/literature_analysis/99_final_summary.md	71	form2	$\epsilon$_X	$\epsilon_{\rm X}$
03_stellar-nucleosynthesis/0009_asplund-2009-solar-composition/literature_analysis/99_final_summary.md	141	form2	$\epsilon$_X	$\epsilon_{\rm X}$
03_stellar-nucleosynthesis/0010_gies-lambert-1992/literature_analysis/00_overview.md	99	form2	$\epsilon$^$\beta$	$\epsilon^\beta$
03_stellar-nucleosynthesis/0011_kewley-2001-starburst/literature_analysis/01_analysis.md	212	form1	5 × $10^{6}$	$5\times10^{6}$
03_stellar-nucleosynthesis/0011_kewley-2001-starburst/literature_analysis/01_analysis.md	212	form1	3 × $10^{8}$	$3\times10^{8}$
03_stellar-nucleosynthesis/0011_kewley-2001-starburst/literature_analysis/01_analysis.md	309	form1	6 × $10^{6}$	$6\times10^{6}$
03_stellar-nucleosynthesis/0011_kewley-2001-starburst/literature_analysis/01_analysis.md	309	form1	6 × $10^{7}$	$6\times10^{7}$
03_stellar-nucleosynthesis/0011_kewley-2001-starburst/literature_analysis/01_analysis.md	334	form1	5×$10^{6}$	$5\times10^{6}$
03_stellar-nucleosynthesis/0011_kewley-2001-starburst/literature_analysis/01_analysis.md	334	form1	1×$10^{7}$	$1\times10^{7}$
03_stellar-nucleosynthesis/0011_kewley-2001-starburst/literature_analysis/01_analysis.md	334	form1	2×$10^{7}$	$2\times10^{7}$
03_stellar-nucleosynthesis/0011_kewley-2001-starburst/literature_analysis/01_analysis.md	334	form1	4×$10^{7}$	$4\times10^{7}$
03_stellar-nucleosynthesis/0011_kewley-2001-starburst/literature_analysis/01_analysis.md	334	form1	8×$10^{7}$	$8\times10^{7}$
03_stellar-nucleosynthesis/0011_kewley-2001-starburst/literature_analysis/01_analysis.md	334	form1	1.5×$10^{8}$	$1.5\times10^{8}$
03_stellar-nucleosynthesis/0011_kewley-2001-starburst/literature_analysis/01_analysis.md	334	form1	3×$10^{8}$	$3\times10^{8}$
03_stellar-nucleosynthesis/0011_kewley-2001-starburst/literature_analysis/01_analysis.md	391	form1	2.5 × $10^{39}$	$2.5\times10^{39}$
03_stellar-nucleosynthesis/0011_kewley-2001-starburst/literature_analysis/01_analysis.md	392	form1	3.3 × $10^{38}$	$3.3\times10^{38}$
03_stellar-nucleosynthesis/0011_kewley-2001-starburst/literature_analysis/01_analysis.md	393	form1	9.8 × $10^{40}$	$9.8\times10^{40}$
03_stellar-nucleosynthesis/0011_kewley-2001-starburst/literature_analysis/01_analysis.md	499	form1	5 × $10^{6}$	$5\times10^{6}$
03_stellar-nucleosynthesis/0011_kewley-2001-starburst/literature_analysis/01_analysis.md	499	form1	3 × $10^{8}$	$3\times10^{8}$
03_stellar-nucleosynthesis/0011_kewley-2001-starburst/literature_analysis/01_analysis.md	568	form1	1 × $10^{-15}$	$1\times10^{-15}$
03_stellar-nucleosynthesis/0011_kewley-2001-starburst/literature_analysis/98_vocabulary.md	118	form1	6 × $10^{6}$	$6\times10^{6}$
03_stellar-nucleosynthesis/0011_kewley-2001-starburst/literature_analysis/98_vocabulary.md	118	form1	6 × $10^{7}$	$6\times10^{7}$
03_stellar-nucleosynthesis/0011_kewley-2001-starburst/literature_analysis/98_vocabulary.md	124	form1	6×$10^{6}$	$6\times10^{6}$
03_stellar-nucleosynthesis/0011_kewley-2001-starburst/literature_analysis/98_vocabulary.md	124	form1	6×$10^{7}$	$6\times10^{7}$
03_stellar-nucleosynthesis/0012_dieterich-2014-h-burning-limit/literature_analysis/01_analysis.md	276	form2	$\sigma$_SB	$\sigma_{\rm SB}$
03_stellar-nucleosynthesis/0012_dieterich-2014-h-burning-limit/literature_analysis/01_analysis.md	277	form1	5.6704 × $10^{-5}$	$5.6704\times10^{-5}$
03_stellar-nucleosynthesis/0012_dieterich-2014-h-burning-limit/literature_analysis/01_analysis.md	277	form2	$\sigma$_SB	$\sigma_{\rm SB}$
03_stellar-nucleosynthesis/0012_dieterich-2014-h-burning-limit/literature_analysis/01_analysis.md	507	form1	5.6704 × $10^{-5}$	$5.6704\times10^{-5}$
03_stellar-nucleosynthesis/0012_dieterich-2014-h-burning-limit/literature_analysis/01_analysis.md	507	form2	$\sigma$_SB	$\sigma_{\rm SB}$
03_stellar-nucleosynthesis/0012_dieterich-2014-h-burning-limit/literature_analysis/01_analysis.md	507	form2	$\sigma$_SB	$\sigma_{\rm SB}$
03_stellar-nucleosynthesis/0012_dieterich-2014-h-burning-limit/literature_analysis/01_analysis.md	508	form2	$\sigma$_SB	$\sigma_{\rm SB}$
03_stellar-nucleosynthesis/0013_bertone-hooper-2018/literature_analysis/00_overview.md	143	form1	4.5×$10^{13}$	$4.5\times10^{13}$
03_stellar-nucleosynthesis/0013_bertone-hooper-2018/literature_analysis/00_overview.md	143	form1	4.5×$10^{10}$	$4.5\times10^{10}$
03_stellar-nucleosynthesis/0013_bertone-hooper-2018/literature_analysis/00_overview.md	144	form1	2×$10^{11}$	$2\times10^{11}$
03_stellar-nucleosynthesis/0013_bertone-hooper-2018/literature_analysis/00_overview.md	146	form1	6.3×$10^{-24}$	$6.3\times10^{-24}$
03_stellar-nucleosynthesis/0013_bertone-hooper-2018/literature_analysis/00_overview.md	148	form1	3×$10^{-24}$	$3\times10^{-24}$
03_stellar-nucleosynthesis/0013_bertone-hooper-2018/literature_analysis/00_overview.md	149	form1	≈1.2×$10^{-10}$	$≈1.2\times10^{-10}$
03_stellar-nucleosynthesis/0013_bertone-hooper-2018/literature_analysis/00_overview.md	151	form1	2×$10^{6}$	$2\times10^{6}$
03_stellar-nucleosynthesis/0013_bertone-hooper-2018/literature_analysis/00_overview.md	152	form2	$\Omega$_b	$\Omega_{\rm b}$
03_stellar-nucleosynthesis/0013_bertone-hooper-2018/literature_analysis/00_overview.md	153	form2	$\Omega$_b	$\Omega_{\rm b}$
03_stellar-nucleosynthesis/0013_bertone-hooper-2018/literature_analysis/00_overview.md	154	form2	$\Omega$_b	$\Omega_{\rm b}$
03_stellar-nucleosynthesis/0013_bertone-hooper-2018/literature_analysis/02_prehistory.md	55	form1	3.09×$10^{16}$	$3.09\times10^{16}$
03_stellar-nucleosynthesis/0013_bertone-hooper-2018/literature_analysis/02_prehistory.md	79	form1	6.3×$10^{-24}$	$6.3\times10^{-24}$
03_stellar-nucleosynthesis/0013_bertone-hooper-2018/literature_analysis/02_prehistory.md	82	form1	3×$10^{-24}$	$3\times10^{-24}$
03_stellar-nucleosynthesis/0013_bertone-hooper-2018/literature_analysis/02_prehistory.md	97	form2	$\sigma$_v	$\sigma_{\rm v}$
03_stellar-nucleosynthesis/0013_bertone-hooper-2018/literature_analysis/03_galaxy_clusters.md	27	form2	$\rho$_g	$\rho_{\rm g}$
03_stellar-nucleosynthesis/0013_bertone-hooper-2018/literature_analysis/03_galaxy_clusters.md	27	form2	$\rho$_u	$\rho_{\rm u}$
03_stellar-nucleosynthesis/0013_bertone-hooper-2018/literature_analysis/03_galaxy_clusters.md	27	form2	$\rho$_g	$\rho_{\rm g}$
03_stellar-nucleosynthesis/0013_bertone-hooper-2018/literature_analysis/03_galaxy_clusters.md	27	form2	$\rho$_u	$\rho_{\rm u}$
03_stellar-nucleosynthesis/0013_bertone-hooper-2018/literature_analysis/03_galaxy_clusters.md	33	form1	2×$10^{6}$	$2\times10^{6}$
03_stellar-nucleosynthesis/0013_bertone-hooper-2018/literature_analysis/03_galaxy_clusters.md	36	form1	4.5×$10^{13}$	$4.5\times10^{13}$
03_stellar-nucleosynthesis/0013_bertone-hooper-2018/literature_analysis/03_galaxy_clusters.md	37	form1	4.5×$10^{10}$	$4.5\times10^{10}$
03_stellar-nucleosynthesis/0013_bertone-hooper-2018/literature_analysis/03_galaxy_clusters.md	38	form1	8.5×$10^{7}$	$8.5\times10^{7}$
03_stellar-nucleosynthesis/0013_bertone-hooper-2018/literature_analysis/03_galaxy_clusters.md	57	form1	2×$10^{11}$	$2\times10^{11}$
03_stellar-nucleosynthesis/0013_bertone-hooper-2018/literature_analysis/03_galaxy_clusters.md	72	form1	5×$10^{8}$	$5\times10^{8}$
03_stellar-nucleosynthesis/0013_bertone-hooper-2018/literature_analysis/03_galaxy_clusters.md	100	form1	2×$10^{6}$	$2\times10^{6}$
03_stellar-nucleosynthesis/0013_bertone-hooper-2018/literature_analysis/03_galaxy_clusters.md	102	form1	4.5×$10^{10}$	$4.5\times10^{10}$
03_stellar-nucleosynthesis/0013_bertone-hooper-2018/literature_analysis/03_galaxy_clusters.md	102	form1	2×$10^{11}$	$2\times10^{11}$
03_stellar-nucleosynthesis/0013_bertone-hooper-2018/literature_analysis/03_galaxy_clusters.md	104	form1	4.5×$10^{13}$	$4.5\times10^{13}$
03_stellar-nucleosynthesis/0013_bertone-hooper-2018/literature_analysis/03_galaxy_clusters.md	114	form2	$\sigma$_v	$\sigma_{\rm v}$
03_stellar-nucleosynthesis/0013_bertone-hooper-2018/literature_analysis/05_baryonic_dark_matter.md	37	form1	2×$10^{6}$	$2\times10^{6}$
03_stellar-nucleosynthesis/0013_bertone-hooper-2018/literature_analysis/05_baryonic_dark_matter.md	55	form1	40×$10^{6}$	$40\times10^{6}$
03_stellar-nucleosynthesis/0013_bertone-hooper-2018/literature_analysis/05_baryonic_dark_matter.md	75	form2	$\Omega$_b	$\Omega_{\rm b}$
03_stellar-nucleosynthesis/0013_bertone-hooper-2018/literature_analysis/05_baryonic_dark_matter.md	75	form2	$\Omega$_crit	$\Omega_{\rm crit}$
03_stellar-nucleosynthesis/0013_bertone-hooper-2018/literature_analysis/05_baryonic_dark_matter.md	77	form2	$\Omega$_b	$\Omega_{\rm b}$
03_stellar-nucleosynthesis/0013_bertone-hooper-2018/literature_analysis/05_baryonic_dark_matter.md	78	form2	$\Omega$_b	$\Omega_{\rm b}$
03_stellar-nucleosynthesis/0013_bertone-hooper-2018/literature_analysis/05_baryonic_dark_matter.md	79	form2	$\Omega$_b	$\Omega_{\rm b}$
03_stellar-nucleosynthesis/0013_bertone-hooper-2018/literature_analysis/06_modified_gravity.md	20	form1	1.2 × $10^{-10}$	$1.2\times10^{-10}$
03_stellar-nucleosynthesis/0013_bertone-hooper-2018/literature_analysis/06_modified_gravity.md	92	form1	1.2 × $10^{-10}$	$1.2\times10^{-10}$
03_stellar-nucleosynthesis/0013_bertone-hooper-2018/literature_analysis/07_dark_matter_particles.md	28	form2	$\nu$_e	$\nu_{\rm e}$
03_stellar-nucleosynthesis/0013_bertone-hooper-2018/literature_analysis/07_dark_matter_particles.md	28	form2	$\nu$_$\mu$	$\nu_\mu$
03_stellar-nucleosynthesis/0013_bertone-hooper-2018/literature_analysis/07_dark_matter_particles.md	95	form1	2×$10^{-30}$	$2\times10^{-30}$
03_stellar-nucleosynthesis/0013_bertone-hooper-2018/literature_analysis/07_dark_matter_particles.md	95	form2	$\rho$_$\chi$	$\rho_\chi$
03_stellar-nucleosynthesis/0013_bertone-hooper-2018/literature_analysis/07_dark_matter_particles.md	121	form2	$\pi$⁺	$\pi^{\rm +}$
03_stellar-nucleosynthesis/0013_bertone-hooper-2018/literature_analysis/07_dark_matter_particles.md	129	form2	$\lambda$_QCD	$\lambda_{\rm QCD}$
03_stellar-nucleosynthesis/0013_bertone-hooper-2018/literature_analysis/07_dark_matter_particles.md	159	form2	$\Omega$_DM	$\Omega_{\rm DM}$
03_stellar-nucleosynthesis/0013_bertone-hooper-2018/literature_analysis/08_piecing_the_puzzle.md	45	form2	$\Omega$_m	$\Omega_{\rm m}$
03_stellar-nucleosynthesis/0013_bertone-hooper-2018/literature_analysis/08_piecing_the_puzzle.md	102	form2	$\Omega$_c	$\Omega_{\rm c}$
03_stellar-nucleosynthesis/0013_bertone-hooper-2018/literature_analysis/08_piecing_the_puzzle.md	102	form2	$\Omega$_b	$\Omega_{\rm b}$
03_stellar-nucleosynthesis/0013_bertone-hooper-2018/literature_analysis/09_hunt_for_dm.md	80	form1	~6×$10^{-5}$	$~6\times10^{-5}$
03_stellar-nucleosynthesis/0013_bertone-hooper-2018/literature_analysis/98_vocabulary.md	22	form2	$\Omega$_b	$\Omega_{\rm b}$
03_stellar-nucleosynthesis/0013_bertone-hooper-2018/literature_analysis/98_vocabulary.md	66	form2	$\Omega$_b	$\Omega_{\rm b}$
03_stellar-nucleosynthesis/0013_bertone-hooper-2018/literature_analysis/98_vocabulary.md	66	form2	$\Omega$_c	$\Omega_{\rm c}$
03_stellar-nucleosynthesis/0013_bertone-hooper-2018/literature_analysis/99_final_summary.md	37	form2	$\Omega$_b	$\Omega_{\rm b}$
03_stellar-nucleosynthesis/0013_bertone-hooper-2018/literature_analysis/99_final_summary.md	50	form2	$\sigma$₈	$\sigma_{8}$
03_stellar-nucleosynthesis/0013_bertone-hooper-2018/literature_analysis/99_final_summary.md	62	form1	1.2×$10^{-10}$	$1.2\times10^{-10}$
03_stellar-nucleosynthesis/0013_bertone-hooper-2018/literature_analysis/99_final_summary.md	66	form2	$\Omega$_b	$\Omega_{\rm b}$
03_stellar-nucleosynthesis/0013_bertone-hooper-2018/literature_analysis/99_final_summary.md	113	form2	$\Omega$_b	$\Omega_{\rm b}$
03_stellar-nucleosynthesis/0014_cameron-1968/literature_analysis/00_overview.md	104	form2	$\epsilon$_H	$\epsilon_{\rm H}$
03_stellar-nucleosynthesis/0014_cameron-1968/literature_analysis/00_overview.md	141	form1	3×$10^{-4}$	$3\times10^{-4}$
03_stellar-nucleosynthesis/0014_cameron-1968/literature_analysis/00_overview.md	141	form1	4.5×$10^{9}$	$4.5\times10^{9}$
03_stellar-nucleosynthesis/0014_cameron-1968/literature_analysis/00_overview.md	148	form2	$\sigma$_N	$\sigma_{\rm N}$
03_stellar-nucleosynthesis/0014_cameron-1968/literature_analysis/00_overview.md	148	form2	$\sigma$_$\nu$	$\sigma_\nu$
03_stellar-nucleosynthesis/0014_cameron-1968/literature_analysis/01_abundance_table.md	113	form1	4.00 × $10^{10}$	$4.00\times10^{10}$
03_stellar-nucleosynthesis/0014_cameron-1968/literature_analysis/01_abundance_table.md	113	form1	3.2 × $10^{10}$	$3.2\times10^{10}$
03_stellar-nucleosynthesis/0014_cameron-1968/literature_analysis/01_abundance_table.md	113	form1	2.6 × $10^{10}$	$2.6\times10^{10}$
03_stellar-nucleosynthesis/0014_cameron-1968/literature_analysis/01_abundance_table.md	114	form1	3.08 × $10^{9}$	$3.08\times10^{9}$
03_stellar-nucleosynthesis/0014_cameron-1968/literature_analysis/01_abundance_table.md	114	form1	5.0 × $10^{9}$	$5.0\times10^{9}$
03_stellar-nucleosynthesis/0014_cameron-1968/literature_analysis/01_abundance_table.md	114	form1	2.1 × $10^{9}$	$2.1\times10^{9}$
03_stellar-nucleosynthesis/0014_cameron-1968/literature_analysis/01_abundance_table.md	118	form1	3.5 × $10^{6}$	$3.5\times10^{6}$
03_stellar-nucleosynthesis/0014_cameron-1968/literature_analysis/01_abundance_table.md	118	form1	1.66 × $10^{7}$	$1.66\times10^{7}$
03_stellar-nucleosynthesis/0014_cameron-1968/literature_analysis/01_abundance_table.md	118	form1	1.35 × $10^{7}$	$1.35\times10^{7}$
03_stellar-nucleosynthesis/0014_cameron-1968/literature_analysis/01_abundance_table.md	119	form1	6.6 × $10^{6}$	$6.6\times10^{6}$
03_stellar-nucleosynthesis/0014_cameron-1968/literature_analysis/01_abundance_table.md	119	form1	3.0 × $10^{6}$	$3.0\times10^{6}$
03_stellar-nucleosynthesis/0014_cameron-1968/literature_analysis/01_abundance_table.md	119	form1	2.44 × $10^{6}$	$2.44\times10^{6}$
03_stellar-nucleosynthesis/0014_cameron-1968/literature_analysis/01_abundance_table.md	120	form1	2.15 × $10^{7}$	$2.15\times10^{7}$
03_stellar-nucleosynthesis/0014_cameron-1968/literature_analysis/01_abundance_table.md	120	form1	2.9 × $10^{7}$	$2.9\times10^{7}$
03_stellar-nucleosynthesis/0014_cameron-1968/literature_analysis/01_abundance_table.md	120	form1	2.36 × $10^{7}$	$2.36\times10^{7}$
03_stellar-nucleosynthesis/0014_cameron-1968/literature_analysis/01_abundance_table.md	122	form1	8.6 × $10^{6}$	$8.6\times10^{6}$
03_stellar-nucleosynthesis/0014_cameron-1968/literature_analysis/01_abundance_table.md	122	form1	1.7 × $10^{7}$	$1.7\times10^{7}$
03_stellar-nucleosynthesis/0014_cameron-1968/literature_analysis/01_abundance_table.md	122	form1	2.36 × $10^{6}$	$2.36\times10^{6}$
03_stellar-nucleosynthesis/0014_cameron-1968/literature_analysis/01_abundance_table.md	123	form1	4.38 × $10^{4}$	$4.38\times10^{4}$
03_stellar-nucleosynthesis/0014_cameron-1968/literature_analysis/01_abundance_table.md	123	form1	4.18 × $10^{4}$	$4.18\times10^{4}$
03_stellar-nucleosynthesis/0014_cameron-1968/literature_analysis/01_abundance_table.md	123	form1	6.32 × $10^{4}$	$6.32\times10^{4}$
03_stellar-nucleosynthesis/0014_cameron-1968/literature_analysis/01_abundance_table.md	124	form1	9.12 × $10^{5}$	$9.12\times10^{5}$
03_stellar-nucleosynthesis/0014_cameron-1968/literature_analysis/01_abundance_table.md	124	form1	1.046 × $10^{6}$	$1.046\times10^{6}$
03_stellar-nucleosynthesis/0014_cameron-1968/literature_analysis/01_abundance_table.md	124	form1	1.050 × $10^{6}$	$1.050\times10^{6}$
03_stellar-nucleosynthesis/0014_cameron-1968/literature_analysis/01_abundance_table.md	125	form1	9.48 × $10^{4}$	$9.48\times10^{4}$
03_stellar-nucleosynthesis/0014_cameron-1968/literature_analysis/01_abundance_table.md	125	form1	8.93 × $10^{4}$	$8.93\times10^{4}$
03_stellar-nucleosynthesis/0014_cameron-1968/literature_analysis/01_abundance_table.md	125	form1	8.51 × $10^{4}$	$8.51\times10^{4}$
03_stellar-nucleosynthesis/0014_cameron-1968/literature_analysis/01_abundance_table.md	126	form1	1.00 × $10^{6}$	$1.00\times10^{6}$
03_stellar-nucleosynthesis/0014_cameron-1968/literature_analysis/01_abundance_table.md	126	form1	1.00 × $10^{6}$	$1.00\times10^{6}$
03_stellar-nucleosynthesis/0014_cameron-1968/literature_analysis/01_abundance_table.md	126	form1	1.00 × $10^{6}$	$1.00\times10^{6}$
03_stellar-nucleosynthesis/0014_cameron-1968/literature_analysis/01_abundance_table.md	127	form1	1.00 × $10^{4}$	$1.00\times10^{4}$
03_stellar-nucleosynthesis/0014_cameron-1968/literature_analysis/01_abundance_table.md	127	form1	1.27 × $10^{4}$	$1.27\times10^{4}$
03_stellar-nucleosynthesis/0014_cameron-1968/literature_analysis/01_abundance_table.md	128	form1	3.75 × $10^{5}$	$3.75\times10^{5}$
03_stellar-nucleosynthesis/0014_cameron-1968/literature_analysis/01_abundance_table.md	128	form1	6.0 × $10^{5}$	$6.0\times10^{5}$
03_stellar-nucleosynthesis/0014_cameron-1968/literature_analysis/01_abundance_table.md	128	form1	5.06 × $10^{5}$	$5.06\times10^{5}$
03_stellar-nucleosynthesis/0014_cameron-1968/literature_analysis/01_abundance_table.md	130	form1	1.4 × $10^{5}$	$1.4\times10^{5}$
03_stellar-nucleosynthesis/0014_cameron-1968/literature_analysis/01_abundance_table.md	130	form1	2.4 × $10^{5}$	$2.4\times10^{5}$
03_stellar-nucleosynthesis/0014_cameron-1968/literature_analysis/01_abundance_table.md	130	form1	2.28 × $10^{5}$	$2.28\times10^{5}$
03_stellar-nucleosynthesis/0014_cameron-1968/literature_analysis/01_abundance_table.md	132	form1	4.90 × $10^{4}$	$4.90\times10^{4}$
03_stellar-nucleosynthesis/0014_cameron-1968/literature_analysis/01_abundance_table.md	132	form1	7.28 × $10^{4}$	$7.28\times10^{4}$
03_stellar-nucleosynthesis/0014_cameron-1968/literature_analysis/01_abundance_table.md	132	form1	7.36 × $10^{4}$	$7.36\times10^{4}$
03_stellar-nucleosynthesis/0014_cameron-1968/literature_analysis/01_abundance_table.md	136	form1	1.20 × $10^{4}$	$1.20\times10^{4}$
03_stellar-nucleosynthesis/0014_cameron-1968/literature_analysis/01_abundance_table.md	136	form1	1.24 × $10^{4}$	$1.24\times10^{4}$
03_stellar-nucleosynthesis/0014_cameron-1968/literature_analysis/01_abundance_table.md	138	form1	6.00 × $10^{5}$	$6.00\times10^{5}$
03_stellar-nucleosynthesis/0014_cameron-1968/literature_analysis/01_abundance_table.md	138	form1	8.42 × $10^{5}$	$8.42\times10^{5}$
03_stellar-nucleosynthesis/0014_cameron-1968/literature_analysis/01_abundance_table.md	138	form1	8.90 × $10^{5}$	$8.90\times10^{5}$
03_stellar-nucleosynthesis/0014_cameron-1968/literature_analysis/01_abundance_table.md	140	form1	2.74 × $10^{4}$	$2.74\times10^{4}$
03_stellar-nucleosynthesis/0014_cameron-1968/literature_analysis/01_abundance_table.md	140	form1	4.44 × $10^{4}$	$4.44\times10^{4}$
03_stellar-nucleosynthesis/0014_cameron-1968/literature_analysis/01_abundance_table.md	140	form1	4.57 × $10^{4}$	$4.57\times10^{4}$
03_stellar-nucleosynthesis/0014_cameron-1968/literature_analysis/01_abundance_table.md	209	form1	4×$10^{10}$	$4\times10^{10}$
03_stellar-nucleosynthesis/0014_cameron-1968/literature_analysis/01_abundance_table.md	209	form1	2.6×$10^{10}$	$2.6\times10^{10}$
03_stellar-nucleosynthesis/0014_cameron-1968/literature_analysis/01_abundance_table.md	209	form1	8.6×$10^{6}$	$8.6\times10^{6}$
03_stellar-nucleosynthesis/0014_cameron-1968/literature_analysis/01_abundance_table.md	209	form1	2.36×$10^{6}$	$2.36\times10^{6}$
03_stellar-nucleosynthesis/0014_cameron-1968/literature_analysis/01_abundance_table.md	210	form1	5.0×$10^{9}$	$5.0\times10^{9}$
03_stellar-nucleosynthesis/0014_cameron-1968/literature_analysis/01_abundance_table.md	210	form1	2.1×$10^{9}$	$2.1\times10^{9}$
03_stellar-nucleosynthesis/0014_cameron-1968/literature_analysis/01_abundance_table.md	231	form1	2.6 × $10^{10}$	$2.6\times10^{10}$
03_stellar-nucleosynthesis/0014_cameron-1968/literature_analysis/01_abundance_table.md	232	form1	2.6 × $10^{10}$	$2.6\times10^{10}$
03_stellar-nucleosynthesis/0014_cameron-1968/literature_analysis/01_abundance_table.md	233	form1	3.9 × $10^{6}$	$3.9\times10^{6}$
03_stellar-nucleosynthesis/0014_cameron-1968/literature_analysis/01_abundance_table.md	234	form1	2.1 × $10^{9}$	$2.1\times10^{9}$
03_stellar-nucleosynthesis/0014_cameron-1968/literature_analysis/01_abundance_table.md	240	form1	1.33 × $10^{7}$	$1.33\times10^{7}$
03_stellar-nucleosynthesis/0014_cameron-1968/literature_analysis/01_abundance_table.md	241	form1	1.50 × $10^{5}$	$1.50\times10^{5}$
03_stellar-nucleosynthesis/0014_cameron-1968/literature_analysis/01_abundance_table.md	242	form1	2.43 × $10^{6}$	$2.43\times10^{6}$
03_stellar-nucleosynthesis/0014_cameron-1968/literature_analysis/01_abundance_table.md	244	form1	2.354 × $10^{7}$	$2.354\times10^{7}$
03_stellar-nucleosynthesis/0014_cameron-1968/literature_analysis/01_abundance_table.md	248	form1	2.14 × $10^{6}$	$2.14\times10^{6}$
03_stellar-nucleosynthesis/0014_cameron-1968/literature_analysis/01_abundance_table.md	250	form1	2.08 × $10^{5}$	$2.08\times10^{5}$
03_stellar-nucleosynthesis/0014_cameron-1968/literature_analysis/01_abundance_table.md	251	form1	6.32 × $10^{4}$	$6.32\times10^{4}$
03_stellar-nucleosynthesis/0014_cameron-1968/literature_analysis/01_abundance_table.md	252	form1	8.26 × $10^{5}$	$8.26\times10^{5}$
03_stellar-nucleosynthesis/0014_cameron-1968/literature_analysis/01_abundance_table.md	253	form1	1.06 × $10^{5}$	$1.06\times10^{5}$
03_stellar-nucleosynthesis/0014_cameron-1968/literature_analysis/01_abundance_table.md	254	form1	1.17 × $10^{5}$	$1.17\times10^{5}$
03_stellar-nucleosynthesis/0014_cameron-1968/literature_analysis/01_abundance_table.md	255	form1	8.51 × $10^{4}$	$8.51\times10^{4}$
03_stellar-nucleosynthesis/0014_cameron-1968/literature_analysis/01_abundance_table.md	256	form1	9.22 × $10^{5}$	$9.22\times10^{5}$
03_stellar-nucleosynthesis/0014_cameron-1968/literature_analysis/01_abundance_table.md	257	form1	4.70 × $10^{4}$	$4.70\times10^{4}$
03_stellar-nucleosynthesis/0014_cameron-1968/literature_analysis/01_abundance_table.md	258	form1	3.09 × $10^{4}$	$3.09\times10^{4}$
03_stellar-nucleosynthesis/0014_cameron-1968/literature_analysis/01_abundance_table.md	260	form1	8.15 × $10^{5}$	$8.15\times10^{5}$
03_stellar-nucleosynthesis/0014_cameron-1968/literature_analysis/01_abundance_table.md	261	form1	1.95 × $10^{4}$	$1.95\times10^{4}$
03_stellar-nucleosynthesis/0014_cameron-1968/literature_analysis/01_abundance_table.md	263	form1	3.10 × $10^{4}$	$3.10\times10^{4}$
03_stellar-nucleosynthesis/0014_cameron-1968/literature_analysis/01_abundance_table.md	264	form1	1.20 × $10^{4}$	$1.20\times10^{4}$
03_stellar-nucleosynthesis/0014_cameron-1968/literature_analysis/01_abundance_table.md	287	form1	4.5×$10^{9}$	$4.5\times10^{9}$
03_stellar-nucleosynthesis/0014_cameron-1968/literature_analysis/01_abundance_table.md	291	form1	4.5 × $10^{9}$	$4.5\times10^{9}$
03_stellar-nucleosynthesis/0014_cameron-1968/literature_analysis/01_abundance_table.md	315	form2	$\sigma$_N	$\sigma_{\rm N}$
03_stellar-nucleosynthesis/0014_cameron-1968/literature_analysis/01_abundance_table.md	315	form2	$\sigma$_$\nu$	$\sigma_\nu$
03_stellar-nucleosynthesis/0014_cameron-1968/literature_analysis/02_suess_urey_legacy.md	150	form1	4.00 × $10^{10}$	$4.00\times10^{10}$
03_stellar-nucleosynthesis/0014_cameron-1968/literature_analysis/02_suess_urey_legacy.md	150	form1	3.2 × $10^{10}$	$3.2\times10^{10}$
03_stellar-nucleosynthesis/0014_cameron-1968/literature_analysis/02_suess_urey_legacy.md	150	form1	2.6 × $10^{10}$	$2.6\times10^{10}$
03_stellar-nucleosynthesis/0014_cameron-1968/literature_analysis/02_suess_urey_legacy.md	151	form1	3.08 × $10^{9}$	$3.08\times10^{9}$
03_stellar-nucleosynthesis/0014_cameron-1968/literature_analysis/02_suess_urey_legacy.md	151	form1	5.0 × $10^{9}$	$5.0\times10^{9}$
03_stellar-nucleosynthesis/0014_cameron-1968/literature_analysis/02_suess_urey_legacy.md	151	form1	2.1 × $10^{9}$	$2.1\times10^{9}$
03_stellar-nucleosynthesis/0014_cameron-1968/literature_analysis/02_suess_urey_legacy.md	152	form1	8.6 × $10^{6}$	$8.6\times10^{6}$
03_stellar-nucleosynthesis/0014_cameron-1968/literature_analysis/02_suess_urey_legacy.md	152	form1	1.7 × $10^{7}$	$1.7\times10^{7}$
03_stellar-nucleosynthesis/0014_cameron-1968/literature_analysis/02_suess_urey_legacy.md	152	form1	2.36 × $10^{6}$	$2.36\times10^{6}$
03_stellar-nucleosynthesis/0014_cameron-1968/literature_analysis/02_suess_urey_legacy.md	153	form1	3.5 × $10^{6}$	$3.5\times10^{6}$
03_stellar-nucleosynthesis/0014_cameron-1968/literature_analysis/02_suess_urey_legacy.md	153	form1	1.66 × $10^{7}$	$1.66\times10^{7}$
03_stellar-nucleosynthesis/0014_cameron-1968/literature_analysis/02_suess_urey_legacy.md	153	form1	1.35 × $10^{7}$	$1.35\times10^{7}$
03_stellar-nucleosynthesis/0014_cameron-1968/literature_analysis/02_suess_urey_legacy.md	154	form1	2.15 × $10^{7}$	$2.15\times10^{7}$
03_stellar-nucleosynthesis/0014_cameron-1968/literature_analysis/02_suess_urey_legacy.md	154	form1	2.9 × $10^{7}$	$2.9\times10^{7}$
03_stellar-nucleosynthesis/0014_cameron-1968/literature_analysis/02_suess_urey_legacy.md	154	form1	2.36 × $10^{7}$	$2.36\times10^{7}$
03_stellar-nucleosynthesis/0014_cameron-1968/literature_analysis/02_suess_urey_legacy.md	155	form1	6.00 × $10^{5}$	$6.00\times10^{5}$
03_stellar-nucleosynthesis/0014_cameron-1968/literature_analysis/02_suess_urey_legacy.md	155	form1	8.42 × $10^{5}$	$8.42\times10^{5}$
03_stellar-nucleosynthesis/0014_cameron-1968/literature_analysis/02_suess_urey_legacy.md	155	form1	8.90 × $10^{5}$	$8.90\times10^{5}$
03_stellar-nucleosynthesis/0014_cameron-1968/literature_analysis/03_nucleosynthesis_implications.md	35	form2	$\sigma$_N	$\sigma_{\rm N}$
03_stellar-nucleosynthesis/0014_cameron-1968/literature_analysis/03_nucleosynthesis_implications.md	44	form2	$\sigma$_N	$\sigma_{\rm N}$
03_stellar-nucleosynthesis/0014_cameron-1968/literature_analysis/03_nucleosynthesis_implications.md	48	form2	$\sigma$_N	$\sigma_{\rm N}$
03_stellar-nucleosynthesis/0014_cameron-1968/literature_analysis/03_nucleosynthesis_implications.md	60	form2	$\sigma$_$\nu$	$\sigma_\nu$
03_stellar-nucleosynthesis/0014_cameron-1968/literature_analysis/03_nucleosynthesis_implications.md	61	form2	$\sigma$_$\nu$	$\sigma_\nu$
03_stellar-nucleosynthesis/0014_cameron-1968/literature_analysis/03_nucleosynthesis_implications.md	66	form2	$\sigma$_N	$\sigma_{\rm N}$
03_stellar-nucleosynthesis/0014_cameron-1968/literature_analysis/03_nucleosynthesis_implications.md	185	form2	$\sigma$_N	$\sigma_{\rm N}$
03_stellar-nucleosynthesis/0014_cameron-1968/literature_analysis/98_vocabulary.md	53	form2	$\sigma$_N	$\sigma_{\rm N}$
03_stellar-nucleosynthesis/0014_cameron-1968/literature_analysis/98_vocabulary.md	58	form2	$\sigma$_N	$\sigma_{\rm N}$
03_stellar-nucleosynthesis/0014_cameron-1968/literature_analysis/98_vocabulary.md	58	form2	$\sigma$_N	$\sigma_{\rm N}$
03_stellar-nucleosynthesis/0014_cameron-1968/literature_analysis/98_vocabulary.md	58	form2	$\sigma$_$\nu$	$\sigma_\nu$
03_stellar-nucleosynthesis/0014_cameron-1968/literature_analysis/98_vocabulary.md	67	form1	4.5×$10^{9}$	$4.5\times10^{9}$
03_stellar-nucleosynthesis/0014_cameron-1968/literature_analysis/98_vocabulary.md	68	form1	4.5 × $10^{9}$	$4.5\times10^{9}$
03_stellar-nucleosynthesis/0014_cameron-1968/literature_analysis/99_final_summary.md	46	form2	$\sigma$_N	$\sigma_{\rm N}$
03_stellar-nucleosynthesis/0014_cameron-1968/literature_analysis/99_final_summary.md	46	form2	$\sigma$_$\nu$	$\sigma_\nu$
03_stellar-nucleosynthesis/0014_cameron-1968/literature_analysis/99_final_summary.md	61	form2	$\sigma$_N	$\sigma_{\rm N}$
03_stellar-nucleosynthesis/0014_cameron-1968/literature_analysis/99_final_summary.md	61	form2	$\sigma$_N	$\sigma_{\rm N}$
03_stellar-nucleosynthesis/0014_cameron-1968/literature_analysis/99_final_summary.md	72	form2	$\epsilon$_H	$\epsilon_{\rm H}$
03_stellar-nucleosynthesis/0014_cameron-1968/literature_analysis/99_final_summary.md	84	form2	$\sigma$_N	$\sigma_{\rm N}$
03_stellar-nucleosynthesis/0014_cameron-1968/literature_analysis/99_final_summary.md	95	form2	$\sigma$_N	$\sigma_{\rm N}$
03_stellar-nucleosynthesis/0015_kraft-1994/literature_analysis/00_overview.md	90	form1	~6×$10^{-5}$	$~6\times10^{-5}$
03_stellar-nucleosynthesis/0015_kraft-1994/literature_analysis/03_standard_predictions.md	65	form1	3×$10^{8}$	$3\times10^{8}$
03_stellar-nucleosynthesis/0015_kraft-1994/literature_analysis/05_mixing_mechanisms.md	65	form1	6 × $10^{-5}$	$6\times10^{-5}$
03_stellar-nucleosynthesis/0015_kraft-1994/literature_analysis/05_mixing_mechanisms.md	85	form1	6 × $10^{-5}$	$6\times10^{-5}$
03_stellar-nucleosynthesis/0015_kraft-1994/literature_analysis/06_primordial_variations.md	99	form1	3×$10^{8}$	$3\times10^{8}$
03_stellar-nucleosynthesis/0015_kraft-1994/literature_analysis/06_primordial_variations.md	100	form1	3×$10^{8}$	$3\times10^{8}$
03_stellar-nucleosynthesis/0015_kraft-1994/literature_analysis/06_primordial_variations.md	137	form1	3×$10^{8}$	$3\times10^{8}$
03_stellar-nucleosynthesis/0015_kraft-1994/literature_analysis/06_primordial_variations.md	138	form1	~3×$10^{7}$	$~3\times10^{7}$
03_stellar-nucleosynthesis/0015_kraft-1994/literature_analysis/07_conclusions.md	72	form1	4×$10^{8}$	$4\times10^{8}$
03_stellar-nucleosynthesis/0015_kraft-1994/literature_analysis/98_vocabulary.md	82	form1	6×$10^{-5}$	$6\times10^{-5}$
03_stellar-nucleosynthesis/0015_kraft-1994/literature_analysis/99_final_summary.md	44	form1	6 × $10^{-5}$	$6\times10^{-5}$
03_stellar-nucleosynthesis/0015_kraft-1994/literature_analysis/99_final_summary.md	46	form1	~3 × $10^{8}$	$~3\times10^{8}$
03_stellar-nucleosynthesis/0015_kraft-1994/literature_analysis/99_final_summary.md	82	form1	6×$10^{-5}$	$6\times10^{-5}$
