136	| (i) | Hydrogen Burning | pp 链 & CN 循环 | He⁴、C/N/O/F/Ne/Na 部分同位素 | 10⁷–10¹⁰ yr | 主序星内部 |	| (i) | Hydrogen Burning | pp 链 & CN 循环 | He⁴、C/N/O/F/Ne/Na 部分同位素 | $10^{7}$–$10^{10}$ yr | 主序星内部 |	R1 参数下标/科学记数法
137	| (ii) | Helium Burning | 3α 与 α 逐次俘获 | ¹²C、¹⁶O、²⁰Ne、²⁴Mg | 10⁷–10⁸ yr | 红巨星核心（T~10⁸ K，ρ~10⁵ g/cm³） |	| (ii) | Helium Burning | 3α 与 α 逐次俘获 | ¹²C、¹⁶O、²⁰Ne、²⁴Mg | $10^{7}$–$10^{8}$ yr | 红巨星核心（T~$10^{8}$ K，ρ~$10^{5}$ g/cm³） |	R1 参数下标/科学记数法
138	| (iii) | α (alpha) Process | Ne²⁰ 起逐次 α 俘获 | ²⁴Mg、²⁸Si、³²S、³⁶Ar、⁴⁰Ca、⁴⁴Ca、⁴⁸Ti | 10⁶–10⁷ yr | 演化后期收缩相 |	| (iii) | α (alpha) Process | Ne²⁰ 起逐次 α 俘获 | ²⁴Mg、²⁸Si、³²S、³⁶Ar、⁴⁰Ca、⁴⁴Ca、⁴⁸Ti | $10^{6}$–$10^{7}$ yr | 演化后期收缩相 |	R1 参数下标/科学记数法
140	| (v) | s Process（slow） | (n,γ)，每步间 β 衰变慢于中子俘获 | 23≲A≲46（大部分）；63≲A≲209（相当比例） | 10³–10⁸ yr | 红巨星内部（伴随 Tc⁹⁹） |	| (v) | s Process（slow） | (n,γ)，每步间 β 衰变慢于中子俘获 | 23≲A≲46（大部分）；63≲A≲209（相当比例） | $10^{3}$–$10^{8}$ yr | 红巨星内部（伴随 Tc⁹⁹） |	R1 参数下标/科学记数法
143	| (viii) | x Process | 多种可能 | D、Li、Be、B | 秒–10⁹ yr | 低 T、低密度区（恒星大气、宇宙线） |	| (viii) | x Process | 多种可能 | D、Li、Be、B | 秒–$10^{9}$ yr | 低 T、低密度区（恒星大气、宇宙线） |	R1 参数下标/科学记数法
151	3. **S 型星（Merrill, 1952）中的技术锝 Tc⁹⁹**——半衰期 2×10⁶ yr 的短寿命核素在恒星大气中被观测到，直接证明恒星内部正在进行的慢中子俘获过程。	3. **S 型星（Merrill, 1952）中的技术锝 Tc⁹⁹**——半衰期 2×$10^{6}$ yr 的短寿命核素在恒星大气中被观测到，直接证明恒星内部正在进行的慢中子俘获过程。	R1 参数下标/科学记数法
168	| Fig. IV.1 | 铁族观测/计算平衡丰度（log₁₀ N/N(Fe⁵⁶)） |	| Fig. IV.1 | 铁族观测/计算平衡丰度（$\log_{10}$ N/N(Fe⁵⁶)） |	R1 参数下标/科学记数法
143	| H | 3.08×10⁴ | 0.928 | 4.03×10⁰ | 0.755 |	| H | 3.08×$10^{4}$ | 0.928 | 4.03×$10^{0}$ | 0.755 |	R1 参数下标/科学记数法
144	| He | 1.44×10⁴ | 0.071 | 1.23×10¹⁰ | 0.231 |	| He | 1.44×$10^{4}$ | 0.071 | 1.23×$10^{10}$ | 0.231 |	R1 参数下标/科学记数法
145	| Li,Be,B | 4.01×10⁻⁵ | 3.3×10⁻¹¹ | 1.30×10⁷ | 2.4×10⁻¹¹ |	| Li,Be,B | 4.01×$10^{-5}$ | 3.3×$10^{-11}$ | 1.30×$10^{7}$ | 2.4×$10^{-11}$ |	R1 参数下标/科学记数法
146	| C,N,O,Ne 组 | 2.65×10⁻² | 9.3×10⁻⁵ | 6.5×10⁸ | 1.2×10⁻⁵ |	| C,N,O,Ne 组 | 2.65×$10^{-2}$ | 9.3×$10^{-5}$ | 6.5×$10^{8}$ | 1.2×$10^{-5}$ |	R1 参数下标/科学记数法
147	| Si 组 | 6.4×10⁻⁵ | 6.1×10⁻⁵ | 7.3×10⁷ | 1.3×10⁻⁵ |	| Si 组 | 6.4×$10^{-5}$ | 6.1×$10^{-5}$ | 7.3×$10^{7}$ | 1.3×$10^{-5}$ |	R1 参数下标/科学记数法
148	| Na–Sc | 1.1×10⁻³ | 1.5×10⁻⁵ | 3.6×10⁻¹ | 6.7×10⁻⁵ |	| Na–Sc | 1.1×$10^{-3}$ | 1.5×$10^{-5}$ | 3.6×$10^{-1}$ | 6.7×$10^{-5}$ |	R1 参数下标/科学记数法
149	| Fe 族（50≤A≤62） | 28 | 2.6×10⁻⁷ | 7.7×10⁻⁴ | 1.4×10⁻⁵ |	| Fe 族（50≤A≤62） | 28 | 2.6×$10^{-7}$ | 7.7×$10^{-4}$ | 1.4×$10^{-5}$ |	R1 参数下标/科学记数法
150	| 中等（63≤A≤100） | — | 6.5×10⁻⁹ | — | 8.6×10⁻⁶ |	| 中等（63≤A≤100） | — | 6.5×$10^{-9}$ | — | 8.6×$10^{-6}$ |	R1 参数下标/科学记数法
156	| H+He 燃烧（12≤A≤22） | 4.01×10⁴ | 9.3×10⁻⁴ |	| H+He 燃烧（12≤A≤22） | 4.01×$10^{4}$ | 9.3×$10^{-4}$ |	R1 参数下标/科学记数法
157	| α 过程（24,28,…,48） | 2.2×10⁶ | 5.1×10⁻⁷ |	| α 过程（24,28,…,48） | 2.2×$10^{6}$ | 5.1×$10^{-7}$ |	R1 参数下标/科学记数法
158	| s 过程（23≤A≤46） | 4.7×10⁵ | 1.1×10⁻⁶ |	| s 过程（23≤A≤46） | 4.7×$10^{5}$ | 1.1×$10^{-6}$ |	R1 参数下标/科学记数法
159	| ε 过程（50≤A≤62） | 6.4×10⁵ | 1.5×10⁻⁶ |	| ε 过程（50≤A≤62） | 6.4×$10^{5}$ | 1.5×$10^{-6}$ |	R1 参数下标/科学记数法
160	| s 过程（63≤A≤75） | 8.8×10 | 2.0×10⁻⁸ |	| s 过程（63≤A≤75） | 8.8×10 | 2.0×$10^{-8}$ |	R1 参数下标/科学记数法
161	| s 过程（A>75） | 1.1×10⁻² | 2.6×10⁻⁹ |	| s 过程（A>75） | 1.1×$10^{-2}$ | 2.6×$10^{-9}$ |	R1 参数下标/科学记数法
162	| r 过程（中等 A，计算） | ~1.5×10³ | 3.5×10⁻⁸ |	| r 过程（中等 A，计算） | ~1.5×$10^{3}$ | 3.5×$10^{-8}$ |	R1 参数下标/科学记数法
163	| r 过程（A>75） | 1.5×10² | 6.5×10⁻⁹ |	| r 过程（A>75） | 1.5×$10^{2}$ | 6.5×$10^{-9}$ |	R1 参数下标/科学记数法
164	| p 过程 | 3.1 | 7.2×10⁻¹¹ |	| p 过程 | 3.1 | 7.2×$10^{-11}$ |	R1 参数下标/科学记数法
33	- 通过 (n,γ) 中子俘获合成，**每次中子俘获时间标度从 10³ yr 到 ~10⁷ yr**（比夹在中间的 β 衰变慢）。	- 通过 (n,γ) 中子俘获合成，**每次中子俘获时间标度从 $10^{3}$ yr 到 ~$10^{7}$ yr**（比夹在中间的 β 衰变慢）。	R1 参数下标/科学记数法
95	- 时间标度：从 **10⁷ yr**（大质量 O/B 星）到 **~10¹⁰ yr**（银河系年龄量级）。	- 时间标度：从 **$10^{7}$ yr**（大质量 O/B 星）到 **~$10^{10}$ yr**（银河系年龄量级）。	R1 参数下标/科学记数法
99	- 核心温度 **~10⁸ K**，密度 **~10⁵ g/cm³**。	- 核心温度 **~$10^{8}$ K**，密度 **~$10^{5}$ g/cm³**。	R1 参数下标/科学记数法
101	- 时间标度：**10⁷–10⁸ yr**。	- 时间标度：**$10^{7}$–$10^{8}$ yr**。	R1 参数下标/科学记数法
105	- 温度 ~10⁹ K 量级。	- 温度 ~$10^{9}$ K 量级。	R1 参数下标/科学记数法
106	- 总时间标度估计：**10⁶–10⁷ yr**。	- 总时间标度估计：**$10^{6}$–$10^{7}$ yr**。	R1 参数下标/科学记数法
124	- 在 Se⁷⁸（β 半衰期 7×10⁵ yr）处的 s 过程回路。	- 在 Se⁷⁸（β 半衰期 7×$10^{5}$ yr）处的 s 过程回路。	R1 参数下标/科学记数法
125	- 在 Fe 附近（σ=30 mb）的中子俘获半衰期：**~5×10⁶ yr**。	- 在 Fe 附近（σ=30 mb）的中子俘获半衰期：**~5×$10^{6}$ yr**。	R1 参数下标/科学记数法
126	- 从 Fe 起总时间 ~10⁶–10⁷ yr（长时标），对应**中子匮乏**（每个 Fe 核 ~5 个中子）。	- 从 Fe 起总时间 ~$10^{6}$–$10^{7}$ yr（长时标），对应**中子匮乏**（每个 Fe 核 ~5 个中子）。	R1 参数下标/科学记数法
131	- 折算到 Fe 附近：**10⁴ yr**。	- 折算到 Fe 附近：**$10^{4}$ yr**。	R1 参数下标/科学记数法
135	- 时间标度：从秒（超新星起源）到 ~10⁹ yr（活跃星表面）。	- 时间标度：从秒（超新星起源）到 ~$10^{9}$ yr（活跃星表面）。	R1 参数下标/科学记数法
140	- H 燃烧：10⁷ K（10¹⁰ yr）	- H 燃烧：$10^{7}$ K（$10^{10}$ yr）	R1 参数下标/科学记数法
141	- He 燃烧：10⁸ K（10⁸ yr）	- He 燃烧：$10^{8}$ K（$10^{8}$ yr）	R1 参数下标/科学记数法
142	- α 过程：10⁹ K（10⁷ yr）	- α 过程：$10^{9}$ K（$10^{7}$ yr）	R1 参数下标/科学记数法
143	- ε 过程：5×10⁹ K（秒）	- ε 过程：5×$10^{9}$ K（秒）	R1 参数下标/科学记数法
144	- r 过程：~10¹⁰ K（10–100 s）	- r 过程：~$10^{10}$ K（10–100 s）	R1 参数下标/科学记数法
145	- p 过程：~10⁹–10¹⁰ K（秒-分钟）	- p 过程：~$10^{9}$–$10^{10}$ K（秒-分钟）	R1 参数下标/科学记数法
146	- s 过程：10⁷–10⁸ K（10⁶–10⁸ yr，伴随 H/He 燃烧）	- s 过程：$10^{7}$–$10^{8}$ K（$10^{6}$–$10^{8}$ yr，伴随 H/He 燃烧）	R1 参数下标/科学记数法
164	t_γ(Se⁷⁸) ≈ 5×10⁶ yr (在 A≈40 区)	t_γ(Se⁷⁸) ≈ 5×$10^{6}$ yr (在 A≈40 区)	R1 参数下标/科学记数法
165	t_γ(Fe⁵⁶) ≈ 6×10⁶ yr (按 σ 折算，σ=30 mb)	t_γ(Fe⁵⁶) ≈ 6×$10^{6}$ yr (按 σ 折算，σ=30 mb)	R1 参数下标/科学记数法
172	- Tc⁹⁹ 半衰期：2×10⁶ yr —— 直接证明红巨星内的 s 过程。	- Tc⁹⁹ 半衰期：2×$10^{6}$ yr —— 直接证明红巨星内的 s 过程。	R1 参数下标/科学记数法
196	3. s 过程的"10³–10⁷ yr"时间标度被**现代 AGB 星模型**验证（~10⁴–10⁵ yr），但中子源 ¹²C(α,n) 在现代 AGB 模型中是主要中子源，而非论文强调的 ²⁰Ne(α,n)。	3. s 过程的"$10^{3}$–$10^{7}$ yr"时间标度被**现代 AGB 星模型**验证（~$10^{4}$–$10^{5}$ yr），但中子源 ¹²C(α,n) 在现代 AGB 模型中是主要中子源，而非论文强调的 ²⁰Ne(α,n)。	R1 参数下标/科学记数法
16	- **图中元素**：横轴为原子量 A（1–240），纵轴为对数丰度（log abundance）。曲线从 H（A=1，丰度设为 10¹²）指数下降至 A≈100，之后斜率变缓，呈缓变平台。标注了关键特征：铁峰（A≈56）、r 过程双峰（A=80, 130, 194）、s 过程峰（A=90, 138, 208）、以及 D-Li-Be-B 的异常低丰度。	- **图中元素**：横轴为原子量 A（1–240），纵轴为对数丰度（log abundance）。曲线从 H（A=1，丰度设为 $10^{12}$）指数下降至 A≈100，之后斜率变缓，呈缓变平台。标注了关键特征：铁峰（A≈56）、r 过程双峰（A=80, 130, 194）、s 过程峰（A=90, 138, 208）、以及 D-Li-Be-B 的异常低丰度。	R1 参数下标/科学记数法
34	- **图中元素**：横轴为温度 T（对数标度，10⁷–10¹⁰ K），纵轴为密度 ρ（对数标度，10¹–10¹² g/cm³）。图中画出了 H 燃烧、He 燃烧、α 过程、ε 过程各自对应的 T-ρ 区域，以及从主序星到红巨星再到超新星爆发的演化路径（箭头线）。标注了爆炸点（explosion point）和冷却阶段（cooling）。	- **图中元素**：横轴为温度 T（对数标度，$10^{7}$–$10^{10}$ K），纵轴为密度 ρ（对数标度，$10^{1}$–$10^{12}$ g/cm³）。图中画出了 H 燃烧、He 燃烧、α 过程、ε 过程各自对应的 T-ρ 区域，以及从主序星到红巨星再到超新星爆发的演化路径（箭头线）。标注了爆炸点（explosion point）和冷却阶段（cooling）。	R1 参数下标/科学记数法
35	- **关键观察**：[FACT] ε 过程发生在极高温度（T>3×10⁹ K）但较低密度区域；r 过程发生在超新星爆炸的快速冷却阶段；s 过程发生在红巨星阶段（T≈10⁸ K, ρ 中等）。时间标度从 s 过程的 10⁶–10⁸ yr 到 r 过程的 10–100 s 跨越 13 个数量级。	- **关键观察**：[FACT] ε 过程发生在极高温度（T>3×$10^{9}$ K）但较低密度区域；r 过程发生在超新星爆炸的快速冷却阶段；s 过程发生在红巨星阶段（T≈$10^{8}$ K, ρ 中等）。时间标度从 s 过程的 $10^{6}$–$10^{8}$ yr 到 r 过程的 10–100 s 跨越 13 个数量级。	R1 参数下标/科学记数法
43	- **图中元素**：横轴为温度 T（单位 10⁶ K），纵轴为平均寿命 τ（对数标度，年）。画出了 pp 反应、C¹²(p,γ)N¹³、N¹⁴(p,γ)O¹⁵ 等关键反应的 τ-T 曲线。还标注了 NeNa 循环中 Ne²⁰ 和 Na²³ 的寿命。	- **图中元素**：横轴为温度 T（单位 $10^{6}$ K），纵轴为平均寿命 τ（对数标度，年）。画出了 pp 反应、C¹²(p,γ)N¹³、N¹⁴(p,γ)O¹⁵ 等关键反应的 τ-T 曲线。还标注了 NeNa 循环中 Ne²⁰ 和 Na²³ 的寿命。	R1 参数下标/科学记数法
44	- **关键观察**：[FACT] CN 循环中 N¹⁴(p,γ)O¹⁵ 是最慢的反应，控制整个循环的速率。在 T≈2×10⁷ K 下，CN 循环平均寿命约 10⁷ yr。pp 链条在较低温度下的寿命远长于 CN 循环。	- **关键观察**：[FACT] CN 循环中 N¹⁴(p,γ)O¹⁵ 是最慢的反应，控制整个循环的速率。在 T≈2×$10^{7}$ K 下，CN 循环平均寿命约 $10^{7}$ yr。pp 链条在较低温度下的寿命远长于 CN 循环。	R1 参数下标/科学记数法
45	- **物理意义**：此图为 H 燃烧的时间标度提供了定量依据，并解释了为什么在 T<1.5×10⁷ K 时 pp 链主导，而 T>2×10⁷ K 时 CN 循环主导。这直接关系到太阳和其他主序星的产能机制。	- **物理意义**：此图为 H 燃烧的时间标度提供了定量依据，并解释了为什么在 T<1.5×$10^{7}$ K 时 pp 链主导，而 T>2×$10^{7}$ K 时 CN 循环主导。这直接关系到太阳和其他主序星的产能机制。	R1 参数下标/科学记数法
52	- **图中元素**：横轴 T（10⁸ K），纵轴 τ（年，对数）。展示了四个关键反应的 τ-T 曲线。特别标注了 Hoyle 预测的 3α 共振（7.68 MeV 态）比非共振情况快～10⁶ 倍。	- **图中元素**：横轴 T（$10^{8}$ K），纵轴 τ（年，对数）。展示了四个关键反应的 τ-T 曲线。特别标注了 Hoyle 预测的 3α 共振（7.68 MeV 态）比非共振情况快～$10^{6}$ 倍。	R1 参数下标/科学记数法
53	- **关键观察**：[FACT] 在 T=1.0–1.3×10⁸ K 范围内，3α、C¹²(α,γ)O¹⁶、O¹⁶(α,γ)Ne²⁰ 的速率都在同一数量级内，但 Ne²⁰(α,γ)Mg²⁴ 慢得多。这解释了观测到的 C¹²:O¹⁶:Ne²⁰:Mg²⁴ 丰度比（约 1:6:2:0.2）。	- **关键观察**：[FACT] 在 T=1.0–1.3×$10^{8}$ K 范围内，3α、C¹²(α,γ)O¹⁶、O¹⁶(α,γ)Ne²⁰ 的速率都在同一数量级内，但 Ne²⁰(α,γ)Mg²⁴ 慢得多。这解释了观测到的 C¹²:O¹⁶:Ne²⁰:Mg²⁴ 丰度比（约 1:6:2:0.2）。	R1 参数下标/科学记数法
62	- **关键观察**：[FACT] C¹²(p,γ) 在 125 keV 处有清晰的共振结构；N¹⁴(p,γ) 截面较小且未发现明显共振。Lamb & Hester 给出 N¹⁴(p,γ) 在 125 keV 的代表值为 σ=7.0×10⁻¹⁰ barn。	- **关键观察**：[FACT] C¹²(p,γ) 在 125 keV 处有清晰的共振结构；N¹⁴(p,γ) 截面较小且未发现明显共振。Lamb & Hester 给出 N¹⁴(p,γ) 在 125 keV 的代表值为 σ=7.0×$10^{-10}$ barn。	R1 参数下标/科学记数法
72	- **物理意义**：此图是 ε 过程的核心验证——铁峰元素确实可以通过在极高温度（T>3×10⁹ K）和密度下的统计平衡合成。Fe⁵⁶ 的丰度峰值直接对应于核结合能曲线在 A≈56 的最大值（最稳定核）。这一结果排除了此前 Gamow 等人提出的"原始大爆炸全部元素合成"理论的可行性。	- **物理意义**：此图是 ε 过程的核心验证——铁峰元素确实可以通过在极高温度（T>3×$10^{9}$ K）和密度下的统计平衡合成。Fe⁵⁶ 的丰度峰值直接对应于核结合能曲线在 A≈56 的最大值（最稳定核）。这一结果排除了此前 Gamow 等人提出的"原始大爆炸全部元素合成"理论的可行性。	R1 参数下标/科学记数法
97	- **图中元素**：横轴 A（63–209），纵轴 σN（对数标度，10¹–10⁶）。用不同符号区分"仅 s 过程"、"s 主导"、"s=r 各半"、"r 主导"等不同分配类别的核素。画出了平滑趋势线。	- **图中元素**：横轴 A（63–209），纵轴 σN（对数标度，$10^{1}$–$10^{6}$）。用不同符号区分"仅 s 过程"、"s 主导"、"s=r 各半"、"r 主导"等不同分配类别的核素。画出了平滑趋势线。	R1 参数下标/科学记数法
98	- **关键观察**：[FACT] σN 在局部区域保持常数，但整体范围（A=63–209）内变化很大（从 ~10⁴ 降至 ~10²）。在 A≈90, 138, 208 处出现 σN 的局部极小（对应 s 过程峰，因 σ 在幻数处极小，N 极大）。在 A≈100 处曲线急剧下降，表明可能有两种不同的 s 过程源（C¹²(α,n) 和 Ne²⁰(α,n) 中子源）。	- **关键观察**：[FACT] σN 在局部区域保持常数，但整体范围（A=63–209）内变化很大（从 ~$10^{4}$ 降至 ~$10^{2}$）。在 A≈90, 138, 208 处出现 σN 的局部极小（对应 s 过程峰，因 σ 在幻数处极小，N 极大）。在 A≈100 处曲线急剧下降，表明可能有两种不同的 s 过程源（C¹²(α,n) 和 Ne²⁰(α,n) 中子源）。	R1 参数下标/科学记数法
18	S = σ(E) · E · exp(31.28 · Z₁ · Z₀ · √(A/E))   keV·barn	S = σ(E) · E · exp(31.28 · $Z_{1}$ · $Z_{0}$ · √(A/E))   keV·barn	R1 参数下标/科学记数法
22	- σ(E)：质心系能量 E (keV) 下的截面 (barn, 10⁻²⁴ cm²)	- σ(E)：质心系能量 E (keV) 下的截面 (barn, $10^{-24}$ cm²)	R1 参数下标/科学记数法
23	- Z₁, Z₀：反应粒子的电荷（质子电荷单位）	- $Z_{1}$, $Z_{0}$：反应粒子的电荷（质子电荷单位）	R1 参数下标/科学记数法
24	- A = A₁·A₀/(A₁+A₀)：折合质量（原子质量单位）	- A = $A_{1}$·$A_{0}$/($A_{1}$+$A_{0}$)：折合质量（原子质量单位）	R1 参数下标/科学记数法
29	S = σ(E_l) · E_l · exp(31.28 · Z₁ · Z₀ · √(A_l/E_l))   keV·barn	S = σ(E_l) · E_l · exp(31.28 · $Z_{1}$ · $Z_{0}$ · √(A_l/E_l))   keV·barn	R1 参数下标/科学记数法
30	· A₁/(A₁+A₀) · (A_l+A₀)/A_l  （实验室到质心换算）	· $A_{1}$/($A_{1}$+$A_{0}$) · (A_l+$A_{0}$)/A_l  （实验室到质心换算）	R1 参数下标/科学记数法
36	E_0 = 1.220 · (Z₁²·Z₀²·A·T₉²)^(1/3)   keV·barn	E_0 = 1.220 · ($Z_{1}$²·$Z_{0}$²·A·$T_{9}$²)^(1/3)   keV·barn	R1 参数下标/科学记数法
37	ΔE_0 = 0.75 · (Z₁²·Z₀²·A·T₉²)^(1/6)   keV	ΔE_0 = 0.75 · ($Z_{1}$²·$Z_{0}$²·A·$T_{9}$²)^(1/6)   keV	R1 参数下标/科学记数法
39	T₉ 是以 10⁹ K 为单位的温度。	$T_{9}$ 是以 $10^{9}$ K 为单位的温度。	R1 参数下标/科学记数法
44	R = n_0 · n_1 · <σv> = 3.63×10⁻¹² · (X₀·X₁/√(A₀·A₁)) · (σv)   反应数·cm⁻³·s⁻¹	R = n_0 · n_1 · <σv> = 3.63×$10^{-12}$ · ($X_{0}$·$X_{1}$/√($A_{0}$·$A_{1}$)) · (σv)   反应数·cm⁻³·s⁻¹	R1 参数下标/科学记数法
47	以 S₀=S(E₀) 表达的恒星温度下的反应率：	以 $S_{0}$=S($E_{0}$) 表达的恒星温度下的反应率：	R1 参数下标/科学记数法
49	R = 7.20×10⁻¹¹ · T₉⁻²/³ · exp(-3τ) · (A·Z₁²·Z₀²)^(-1/3) · f_c · S₀   反应数·cm⁻³·s⁻¹	R = 7.20×$10^{-11}$ · $T_{9}$⁻²/³ · exp(-3τ) · (A·$Z_{1}$²·$Z_{0}$²)^(-1/3) · f_c · $S_{0}$   反应数·cm⁻³·s⁻¹	R1 参数下标/科学记数法
51	其中 τ = 42.48·(Z₁·Z₀·√(A/T₉))^(1/3)，f_c 是电子屏蔽（Salpeter, 1954）因子。	其中 τ = 42.48·($Z_{1}$·$Z_{0}$·√(A/$T_{9}$))^(1/3)，f_c 是电子屏蔽（Salpeter, 1954）因子。	R1 参数下标/科学记数法
56	1/τ_γ(0) = 4.34×10⁻¹¹ · X₁ · ρ · S₀ · f_c · (A·Z₁²·Z₀²)^(-1/3) · T₉⁻²/³ · exp(-τ)   s⁻¹	1/τ_γ(0) = 4.34×$10^{-11}$ · $X_{1}$ · ρ · $S_{0}$ · f_c · (A·$Z_{1}$²·$Z_{0}$²)^(-1/3) · $T_{9}$⁻²/³ · exp(-τ)   s⁻¹	R1 参数下标/科学记数法
61	对落在 Gamow 窗外 (E₀±2ΔE₀) 的孤立共振：	对落在 Gamow 窗外 ($E_{0}$±2Δ$E_{0}$) 的孤立共振：	R1 参数下标/科学记数法
63	σ = πλ̄² · g · (Γ₀·Γ₂)/((E-E₀)² + Γ²/4)	σ = πλ̄² · g · (Γ₀·Γ₂)/((E-$E_{0}$)² + Γ²/4)	R1 参数下标/科学记数法
64	S_0 = 3.10×10¹³ · g · (E₀/R) · (Γ₀·Γ₂) / (A · K_{l₀+l₁}(x) · (E₀+Γ²/4))   keV·barn	S_0 = 3.10×$10^{13}$ · g · ($E_{0}$/R) · (Γ₀·Γ₂) / (A · K_{$l_{0}$+$l_{1}$}(x) · ($E_{0}$+Γ²/4))   keV·barn	R1 参数下标/科学记数法
69	- E_R = 1.44·(A₁^(1/3) + A₀^(1/3)) fermi —— 相互作用半径	- E_R = 1.44·($A_{1}$^(1/3) + $A_{0}$^(1/3)) fermi —— 相互作用半径	R1 参数下标/科学记数法
70	- E_c = 1.44·Z₁·Z₀/R × 10⁶ keV —— 库仑势垒高度	- E_c = 1.44·$Z_{1}$·$Z_{0}$/R × $10^{6}$ keV —— 库仑势垒高度	R1 参数下标/科学记数法
71	- E_l = 20.9/(A·l²) × 10⁶ keV —— 离心势垒	- E_l = 20.9/(A·l²) × $10^{6}$ keV —— 离心势垒	R1 参数下标/科学记数法
72	- x = 2·(E_c/E_l)^(1/2) = 0.525·(A·Z₁·Z₀·R)^(1/2)	- x = 2·(E_c/E_l)^(1/2) = 0.525·(A·$Z_{1}$·$Z_{0}$·R)^(1/2)	R1 参数下标/科学记数法
73	- K_{l₀+l₁}(x)：修正 Bessel 函数	- K_{$l_{0}$+$l_{1}$}(x)：修正 Bessel 函数	R1 参数下标/科学记数法
79	D/(Γ_R·P_l) = ρ(E₀)	D/(Γ_R·P_l) = ρ($E_{0}$)	R1 参数下标/科学记数法
83	S₀(l=0) = 1.8×10⁻²⁰ · (E₀/R) · (1/A) · (Γ₂) · (1/(ΔE)) · exp(+4τ)	$S_{0}$(l=0) = 1.8×$10^{-20}$ · ($E_{0}$/R) · (1/A) · (Γ₂) · (1/(ΔE)) · exp(+4τ)	R1 参数下标/科学记数法
85	典型值：(p,γ) 在轻核上，S₀ ≈ 1–100 keV·barn；(p,n)，S₀ ≈ 10⁻³–10⁻⁴ keV·barn。	典型值：(p,γ) 在轻核上，$S_{0}$ ≈ 1–100 keV·barn；(p,n)，$S_{0}$ ≈ $10^{-3}$–$10^{-4}$ keV·barn。	R1 参数下标/科学记数法
102	[FACT] 截面在 1 MeV 实验室能量下 ≈ **10⁻⁴⁷ cm² = 10⁻²³ barn**——极小，无法在实验室观测。	[FACT] 截面在 1 MeV 实验室能量下 ≈ **$10^{-47}$ cm² = $10^{-23}$ barn**——极小，无法在实验室观测。	R1 参数下标/科学记数法
114	| T (10⁶ K) | E₀ (keV) pp | CN (¹⁴N(p,γ)) | ¹²C(p,γ) |	| T ($10^{6}$ K) | $E_{0}$ (keV) pp | CN (¹⁴N(p,γ)) | ¹²C(p,γ) |	R1 参数下标/科学记数法
133	[FACT] 能量释放每循环（不含 6% 中微子损失）= **25.04 MeV = 4.011×10⁻⁵ erg**（用 Wapstra 1955 质量）。	[FACT] 能量释放每循环（不含 6% 中微子损失）= **25.04 MeV = 4.011×$10^{-5}$ erg**（用 Wapstra 1955 质量）。	R1 参数下标/科学记数法
138	ε_CN = (0.786 ± 0.16) · (X_C · X_H) · 10²⁸ erg·s⁻¹·g⁻¹	ε_CN = (0.786 ± 0.16) · (X_C · X_H) · $10^{28}$ erg·s⁻¹·g⁻¹	R1 参数下标/科学记数法
143	τ_γ(H) = 1.90 · (X_H/X_CN) · 10¹⁰ yr	τ_γ(H) = 1.90 · (X_H/X_CN) · $10^{10}$ yr	R1 参数下标/科学记数法
144	= (2.42 ± 0.48) · (X_C·X_CN)⁻¹ · 10¹⁰ yr	= (2.42 ± 0.48) · (X_C·X_CN)⁻¹ · $10^{10}$ yr	R1 参数下标/科学记数法
149	τ_γ(N¹⁴) = 0.55 · (X_CN/X_CN) · 10¹⁰ yr	τ_γ(N¹⁴) = 0.55 · (X_CN/X_CN) · $10^{10}$ yr	R1 参数下标/科学记数法
150	= (0.70 ± 0.14) · (X_CN·X_CN)⁻¹ · 10¹⁰ yr	= (0.70 ± 0.14) · (X_CN·X_CN)⁻¹ · $10^{10}$ yr	R1 参数下标/科学记数法
181	对 T>10⁸ K，因 E₀=246·T₉^(1/3) keV，共振有效。	对 T>$10^{8}$ K，因 $E_{0}$=246·$T_{9}$^(1/3) keV，共振有效。	R1 参数下标/科学记数法
222	- Tc⁹⁹ 的存在（Merrill 1952）证明 S 型星正在合成并混合到表面：时间 < Tc⁹⁹ 半衰期（2×10⁶ yr）。	- Tc⁹⁹ 的存在（Merrill 1952）证明 S 型星正在合成并混合到表面：时间 < Tc⁹⁹ 半衰期（2×$10^{6}$ yr）。	R1 参数下标/科学记数法
235	在极高 T（>10⁹ K）下，中子-质子数比由**麦克斯韦-玻尔兹曼分布**决定：	在极高 T（>$10^{9}$ K）下，中子-质子数比由**麦克斯韦-玻尔兹曼分布**决定：	R1 参数下标/科学记数法
240	在 T~5×10⁹ K，n_n/n_p ≈ 0.5。	在 T~5×$10^{9}$ K，n_n/n_p ≈ 0.5。	R1 参数下标/科学记数法
11	论述在极高温度（T ≈ 10⁹ K）和高密度下，通过核统计平衡（nuclear statistical equilibrium, NSE）合成的铁峰元素（V, Cr, Mn, Fe, Co, Ni）。	论述在极高温度（T ≈ $10^{9}$ K）和高密度下，通过核统计平衡（nuclear statistical equilibrium, NSE）合成的铁峰元素（V, Cr, Mn, Fe, Co, Ni）。	R1 参数下标/科学记数法
16	- **温度**：T ~ 5×10⁹ K 量级（T₉ ≈ 5）	- **温度**：T ~ 5×$10^{9}$ K 量级（$T_{9}$ ≈ 5）	R1 参数下标/科学记数法
17	- **密度**：极高（ρ ~ 10⁷ g/cm³）	- **密度**：极高（ρ ~ $10^{7}$ g/cm³）	R1 参数下标/科学记数法
45	log₁₀(N(A,Z)/N(Fe⁵⁶)) = log₁₀(g_AZ / g_Fe56) - 27·log₁₀(ρ·N_A/56) · (1 - 56/A)	$\log_{10}$(N(A,Z)/N(Fe⁵⁶)) = $\log_{10}$(g_AZ / g_Fe56) - 27·$\log_{10}$(ρ·N_A/56) · (1 - 56/A)	R1 参数下标/科学记数法
46	+ 1.5·(A-56)·log₁₀(kT / (2π·m_u·c²))	+ 1.5·(A-56)·$\log_{10}$(kT / (2π·m_u·c²))	R1 参数下标/科学记数法
60	**T = 5×10⁹ K**：n_n/n_p ≈ **0.5**（约等于），允许富中子的铁峰核素合成。	**T = 5×$10^{9}$ K**：n_n/n_p ≈ **0.5**（约等于），允许富中子的铁峰核素合成。	R1 参数下标/科学记数法
63	- 在 T < 5×10⁹ K 下，质子相对丰度更高，产生富质子的铁峰核。	- 在 T < 5×$10^{9}$ K 下，质子相对丰度更高，产生富质子的铁峰核。	R1 参数下标/科学记数法
68	**计算条件**：T = 3.78×10⁹ K，log₁₀(ρN_A/56) = 5	**计算条件**：T = 3.78×$10^{9}$ K，$\log_{10}$(ρN_A/56) = 5	R1 参数下标/科学记数法
70	| A | Z | 核素 | log₁₀(N/N(Fe⁵⁶)) 计算 | log₁₀ 观测 | 差异 |	| A | Z | 核素 | $\log_{10}$(N/N(Fe⁵⁶)) 计算 | $\log_{10}$ 观测 | 差异 |	R1 参数下标/科学记数法
80	**核心结论 [FACT]**：T = 3.78×10⁹ K 与 log₁₀(ρN_A/56) = 5 条件下，计算得到的铁峰元素丰度**"符合观测相当好"**（fair agreement）。	**核心结论 [FACT]**：T = 3.78×$10^{9}$ K 与 $\log_{10}$(ρN_A/56) = 5 条件下，计算得到的铁峰元素丰度**"符合观测相当好"**（fair agreement）。	R1 参数下标/科学记数法
86	2. **Co⁵⁹/Ni⁵⁸/Ni⁵⁹/Ni⁶⁰** 等富中子核素的丰度——需要 T > 5×10⁹ K。	2. **Co⁵⁹/Ni⁵⁸/Ni⁵⁹/Ni⁶⁰** 等富中子核素的丰度——需要 T > 5×$10^{9}$ K。	R1 参数下标/科学记数法
101	[FACT] 论文讨论：对某些（A,Z）点，可能存在三个稳定核素（对应 b₂ > B₂ 的条件），允许**双 β 衰变**，其半衰期 > 10¹⁸ yr。	[FACT] 论文讨论：对某些（A,Z）点，可能存在三个稳定核素（对应 $b_{2}$ > $B_{2}$ 的条件），允许**双 β 衰变**，其半衰期 > $10^{18}$ yr。	R1 参数下标/科学记数法
106	恒星演化到极高 T（~10⁹ K）	恒星演化到极高 T（~$10^{9}$ K）	R1 参数下标/科学记数法
116	2. 论文提出的 T=3.78×10⁹ K 作为铁峰合成的典型温度，与今日硅燃烧阶段的标准温度一致。	2. 论文提出的 T=3.78×$10^{9}$ K 作为铁峰合成的典型温度，与今日硅燃烧阶段的标准温度一致。	R1 参数下标/科学记数法
93	| 低（红巨星内 ¹²C(α,n) 为主） | ~10⁷ cm⁻³ | ~5 | 6×10⁶ yr | 10⁷–10⁸ yr | σN 下降 |	| 低（红巨星内 ¹²C(α,n) 为主） | ~$10^{7}$ cm⁻³ | ~5 | 6×$10^{6}$ yr | $10^{7}$–$10^{8}$ yr | σN 下降 |	R1 参数下标/科学记数法
94	| 高（²⁰Ne(α,n) 或强混合） | ~10¹¹ cm⁻³ | ~100 | 10⁴ yr | 10 yr | σN 常数 |	| 高（²⁰Ne(α,n) 或强混合） | ~$10^{11}$ cm⁻³ | ~100 | $10^{4}$ yr | 10 yr | σN 常数 |	R1 参数下标/科学记数法
98	Se⁷⁸ 的 β 衰变半衰期 = 7×10⁵ yr（**关键的分支点**）：	Se⁷⁸ 的 β 衰变半衰期 = 7×$10^{5}$ yr（**关键的分支点**）：	R1 参数下标/科学记数法
108	推导出 t_γ(Se⁷⁸) ≈ 5×10⁶ yr，折算到 Fe 附近（σ=30 mb）：t_γ ≈ **6×10⁶ yr**。	推导出 t_γ(Se⁷⁸) ≈ 5×$10^{6}$ yr，折算到 Fe 附近（σ=30 mb）：t_γ ≈ **6×$10^{6}$ yr**。	R1 参数下标/科学记数法
155	3. 双时间标度（10⁶ yr vs 10⁴ yr）对应**不同的中子源环境**——今日对应 AGB 星的一、二脉冲中子源。	3. 双时间标度（$10^{6}$ yr vs $10^{4}$ yr）对应**不同的中子源环境**——今日对应 AGB 星的一、二脉冲中子源。	R1 参数下标/科学记数法
158	- **钚 (Pu²⁴⁴)**（半衰期 ~8×10⁷ yr，今日确认为 r 过程产物）	- **钚 (Pu²⁴⁴)**（半衰期 ~8×$10^{7}$ yr，今日确认为 r 过程产物）	R1 参数下标/科学记数法
19	| 4n（Th 系） | Th²³² | 1.39×10¹⁰ yr | α |	| 4n（Th 系） | Th²³² | 1.39×$10^{10}$ yr | α |	R1 参数下标/科学记数法
20	| 4n+2（U 系） | U²³⁸ | 4.51×10⁹ yr | α |	| 4n+2（U 系） | U²³⁸ | 4.51×$10^{9}$ yr | α |	R1 参数下标/科学记数法
21	| 4n+3（Actinium 系） | U²³⁵ | 7.04×10⁸ yr | α |	| 4n+3（Actinium 系） | U²³⁵ | 7.04×$10^{8}$ yr | α |	R1 参数下标/科学记数法
23	[FACT] 4n+1 系列（Np²³⁷）在自然界已**消失**（半衰期太短，~2×10⁶ yr）。	[FACT] 4n+1 系列（Np²³⁷）在自然界已**消失**（半衰期太短，~2×$10^{6}$ yr）。	R1 参数下标/科学记数法
29	- **Pu²⁴⁴**（半衰期 ~8×10⁷ yr）——r 过程合成，但在太阳系形成时已大部分衰变。	- **Pu²⁴⁴**（半衰期 ~8×$10^{7}$ yr）——r 过程合成，但在太阳系形成时已大部分衰变。	R1 参数下标/科学记数法
41	- A<78 的 β 衰变：~2×10² 质量单位释放，~5 天	- A<78 的 β 衰变：~2×$10^{2}$ 质量单位释放，~5 天	R1 参数下标/科学记数法
42	- A=78–150：α+β 衰变：~2×10² 质量单位	- A=78–150：α+β 衰变：~2×$10^{2}$ 质量单位	R1 参数下标/科学记数法
65	总能量 = g · f · m · 1.6×10⁴⁵ erg	总能量 = g · f · m · 1.6×$10^{45}$ erg	R1 参数下标/科学记数法
76	- U²³⁵ 半衰期 = 7.04×10⁸ yr	- U²³⁵ 半衰期 = 7.04×$10^{8}$ yr	R1 参数下标/科学记数法
77	- U²³⁸ 半衰期 = 4.51×10⁹ yr	- U²³⁸ 半衰期 = 4.51×$10^{9}$ yr	R1 参数下标/科学记数法
84	dU²³⁵(t)/dt = -λ₂₃₅·U²³⁵(t) + P₂₃₅（连续合成项）	dU²³⁵(t)/dt = -λ₂₃₅·U²³⁵(t) + $P_{235}$（连续合成项）	R1 参数下标/科学记数法
85	dU²³⁸(t)/dt = -λ₂₃₈·U²³⁸(t) + P₂₃₈	dU²³⁸(t)/dt = -λ₂₃₈·U²³⁸(t) + $P_{238}$	R1 参数下标/科学记数法
88	其中 P₂₃₅/P₂₃₈ = r 过程合成时的初始比值。	其中 $P_{235}$/$P_{238}$ = r 过程合成时的初始比值。	R1 参数下标/科学记数法
95	U²³⁵/U²³⁸ = P₂₃₅ / P₂₃₈	U²³⁵/U²³⁸ = $P_{235}$ / $P_{238}$	R1 参数下标/科学记数法
100	如果元素在某时刻 t₀ 突然合成：	如果元素在某时刻 $t_{0}$ 突然合成：	R1 参数下标/科学记数法
102	U²³⁵(t)/U²³⁸(t) = 0.713 · 2^(12.3·(t₀ - t)/10⁹)	U²³⁵(t)/U²³⁸(t) = 0.713 · 2^(12.3·($t_{0}$ - t)/$10^{9}$)	R1 参数下标/科学记数法
116	- 由此推出**银河系年龄 ~ 1.5×10¹⁰ 年**（在"突然合成"极限下）	- 由此推出**银河系年龄 ~ 1.5×$10^{10}$ 年**（在"突然合成"极限下）	R1 参数下标/科学记数法
117	- 或者 ~ **6×10⁹ 年**（在"连续合成"极限下）	- 或者 ~ **6×$10^{9}$ 年**（在"连续合成"极限下）	R1 参数下标/科学记数法
119	[FACT] 论文明确结论："The age of the elements and of the Galaxy is probably of the order of 10¹⁰ years."	[FACT] 论文明确结论："The age of the elements and of the Galaxy is probably of the order of $10^{10}$ years."	R1 参数下标/科学记数法
121	**[CRITIQUE]** 1957 年的估计 ~10¹⁰ yr 与今日已接受的 **~13.8×10⁹ yr** 宇宙年龄相当接近——考虑到论文发表时宇宙年龄争议巨大（从 10⁸ 到 10¹⁰ yr），这是令人印象深刻的估计。	**[CRITIQUE]** 1957 年的估计 ~$10^{10}$ yr 与今日已接受的 **~13.8×$10^{9}$ yr** 宇宙年龄相当接近——考虑到论文发表时宇宙年龄争议巨大（从 $10^{8}$ 到 $10^{10}$ yr），这是令人印象深刻的估计。	R1 参数下标/科学记数法
146	- Bi²⁰⁹：半衰期 ~1.9×10¹⁹ yr，实际上是 s 过程的**最终稳定终点**（因 α 衰变极慢）。	- Bi²⁰⁹：半衰期 ~1.9×$10^{19}$ yr，实际上是 s 过程的**最终稳定终点**（因 α 衰变极慢）。	R1 参数下标/科学记数法
155	→ 推出银河系年龄 ~10¹⁰ yr	→ 推出银河系年龄 ~$10^{10}$ yr	R1 参数下标/科学记数法
162	- 总能量释放 ~10⁴⁹–10⁵⁰ erg/s。	- 总能量释放 ~$10^{49}$–$10^{50}$ erg/s。	R1 参数下标/科学记数法
169	2. 论文对银河系年龄的估计（~10¹⁰ yr）在**当时是革命性的**——首次将核衰变时钟系统引入天体物理学。	2. 论文对银河系年龄的估计（~$10^{10}$ yr）在**当时是革命性的**——首次将核衰变时钟系统引入天体物理学。	R1 参数下标/科学记数法
174	2. U²³⁵/U²³⁸ 定年的**初始比值**（P₂₃₅/P₂₃₈）在不同 r 过程模型中有争议——论文的"突然合成"与"连续合成"两种极限是合理的但简化。	2. U²³⁵/U²³⁸ 定年的**初始比值**（$P_{235}$/$P_{238}$）在不同 r 过程模型中有争议——论文的"突然合成"与"连续合成"两种极限是合理的但简化。	R1 参数下标/科学记数法
175	3. 论文使用 4.51×10⁹ yr 作为 U²³⁸ 半衰期——今日已精确为 4.468×10⁹ yr。	3. 论文使用 4.51×$10^{9}$ yr 作为 U²³⁸ 半衰期——今日已精确为 4.468×$10^{9}$ yr。	R1 参数下标/科学记数法
39	- 大多数 p 核的丰度 ~10⁻⁶–10⁻⁴（相对于 Si=3.16×10⁴）	- 大多数 p 核的丰度 ~$10^{-6}$–$10^{-4}$（相对于 Si=3.16×$10^{4}$）	R1 参数下标/科学记数法
40	- 部分"仅 p 过程"核素丰度低于 10⁻⁷	- 部分"仅 p 过程"核素丰度低于 $10^{-7}$	R1 参数下标/科学记数法
61	[FACT] 论文引用 §III.A 的一般公式，代入 Z₁=1 后：	[FACT] 论文引用 §III.A 的一般公式，代入 $Z_{1}$=1 后：	R1 参数下标/科学记数法
63	1/τ_γ(p) ≈ 3.1×10⁵ · (ρ·X_p / √(A_p·A₀)) · S_p · T₉^(-2/3)	1/τ_γ(p) ≈ 3.1×$10^{5}$ · (ρ·X_p / √(A_p·$A_{0}$)) · S_p · $T_{9}$^(-2/3)	R1 参数下标/科学记数法
64	· exp(-11.61·Z_p·√(A_p/T₉)·A^(-1/6))	· exp(-11.61·Z_p·√(A_p/$T_{9}$)·A^(-1/6))	R1 参数下标/科学记数法
77	- 这需要**极高温度**：T ~ 2–3×10⁹ K。	- 这需要**极高温度**：T ~ 2–3×$10^{9}$ K。	R1 参数下标/科学记数法
83	T > 2×10⁹ K（产生 7–8 MeV 光子）	T > 2×$10^{9}$ K（产生 7–8 MeV 光子）	R1 参数下标/科学记数法
90	1. **超新星 I 型外抛壳层**——爆炸时的高温（~3×10⁹ K）和**中等密度**允许光致蜕变发生。	1. **超新星 I 型外抛壳层**——爆炸时的高温（~3×$10^{9}$ K）和**中等密度**允许光致蜕变发生。	R1 参数下标/科学记数法
101	1. **今日已知** p 过程的主要场所是**核心坍缩超新星（CC-SNe）的 O/Ne 壳层**——在爆炸激波通过后，温度升至 ~2–3×10⁹ K，光致蜕变占主导。	1. **今日已知** p 过程的主要场所是**核心坍缩超新星（CC-SNe）的 O/Ne 壳层**——在爆炸激波通过后，温度升至 ~2–3×$10^{9}$ K，光致蜕变占主导。	R1 参数下标/科学记数法
22	D(p,γ)³He        T_d ≈ 10⁶ K	D(p,γ)³He        T_d ≈ $10^{6}$ K	R1 参数下标/科学记数法
23	³Li(p,t)²⁴He     T_d ≈ 2.5×10⁶ K	³Li(p,t)²⁴He     T_d ≈ 2.5×$10^{6}$ K	R1 参数下标/科学记数法
24	⁷Li(p,α)⁴He      T_d ≈ 2.5×10⁶ K	⁷Li(p,α)⁴He      T_d ≈ 2.5×$10^{6}$ K	R1 参数下标/科学记数法
25	⁷Li(α,p)¹⁰B      T_d ≈ 2×10⁷ K	⁷Li(α,p)¹⁰B      T_d ≈ 2×$10^{7}$ K	R1 参数下标/科学记数法
26	⁹Be(p,d)²⁴He     T_d ≈ 2.5×10⁶ K	⁹Be(p,d)²⁴He     T_d ≈ 2.5×$10^{6}$ K	R1 参数下标/科学记数法
27	¹¹B(p,α)²⁴He     T_d ≈ 5×10⁶ K	¹¹B(p,α)²⁴He     T_d ≈ 5×$10^{6}$ K	R1 参数下标/科学记数法
38	**[FACT]** 论文明确指出：D 的合成"在足够高温度下（T ≳ 7×10⁹ K）几乎不可能"——因为 D 的绑定能极低（2.224 MeV）。	**[FACT]** 论文明确指出：D 的合成"在足够高温度下（T ≳ 7×$10^{9}$ K）几乎不可能"——因为 D 的绑定能极低（2.224 MeV）。	R1 参数下标/科学记数法
42	**Spite Li 平台**（今日已知，论文当时未讨论）——Population II 恒星表面的 Li 丰度 ~1.6×10⁻¹⁰（相对 H）。	**Spite Li 平台**（今日已知，论文当时未讨论）——Population II 恒星表面的 Li 丰度 ~1.6×$10^{-10}$（相对 H）。	R1 参数下标/科学记数法
61	| **Population II 星** | Fe/H 低 ~10⁻² | 早期恒星（银河系增丰前） |	| **Population II 星** | Fe/H 低 ~$10^{-2}$ | 早期恒星（银河系增丰前） |	R1 参数下标/科学记数法
67	- Tc⁹⁹ 半衰期 **2×10⁶ yr**	- Tc⁹⁹ 半衰期 **2×$10^{6}$ yr**	R1 参数下标/科学记数法
69	- 时间标度 < 2×10⁶ yr	- 时间标度 < 2×$10^{6}$ yr	R1 参数下标/科学记数法
94	2. **新星**（较温和，~10⁻⁵–10⁻⁴ M☉）	2. **新星**（较温和，~$10^{-5}$–$10^{-4}$ M☉）	R1 参数下标/科学记数法
95	3. **巨星/行星状星云**（最缓慢，~10⁻³ M☉/恒星）	3. **巨星/行星状星云**（最缓慢，~$10^{-3}$ M☉/恒星）	R1 参数下标/科学记数法
111	总能量 E = g · f · m · 1.6×10⁴⁵ erg	总能量 E = g · f · m · 1.6×$10^{45}$ erg	R1 参数下标/科学记数法
118	[FACT] 论文计算蟹状星云的能量 ~10⁴⁹ erg，与超新星爆炸能量量级一致。	[FACT] 论文计算蟹状星云的能量 ~$10^{49}$ erg，与超新星爆炸能量量级一致。	R1 参数下标/科学记数法
195	→ 元素年龄 ≈ 银河系年龄 ~10¹⁰ yr	→ 元素年龄 ≈ 银河系年龄 ~$10^{10}$ yr	R1 参数下标/科学记数法
204	- 银河系年龄 ~10¹⁰ yr → 今日 **~13.8×10⁹ yr**	- 银河系年龄 ~$10^{10}$ yr → 今日 **~13.8×$10^{9}$ yr**	R1 参数下标/科学记数法
15	| 尤其 | in particular / notably | adv. | 强调举例 | "[FACT] 技术锝 Tc⁹⁹ 在 S 型星大气中被观测到——半衰期仅 2×10⁶ yr 的短寿命核素，**尤其**证明 s 过程此刻正在发生" | 举例 |	| 尤其 | in particular / notably | adv. | 强调举例 | "[FACT] 技术锝 Tc⁹⁹ 在 S 型星大气中被观测到——半衰期仅 2×$10^{6}$ yr 的短寿命核素，**尤其**证明 s 过程此刻正在发生" | 举例 |	R1 参数下标/科学记数法
43	| 截面 (cross section, σ) | 核反应发生概率的量度 (1 barn = 10⁻²⁴ cm²) | 高频 | §05 |	| 截面 (cross section, σ) | 核反应发生概率的量度 (1 barn = $10^{-24}$ cm²) | 高频 | §05 |	R1 参数下标/科学记数法
36	| 银河系年龄 | ~10¹⁰ yr（由 U²³⁵/U²³⁸ 定年） |	| 银河系年龄 | ~$10^{10}$ yr（由 U²³⁵/U²³⁸ 定年） |	R1 参数下标/科学记数法
69	9. **U²³⁵/U²³⁸ 双衰变定年法**估计银河系年龄 ~10¹⁰ yr。	9. **U²³⁵/U²³⁸ 双衰变定年法**估计银河系年龄 ~$10^{10}$ yr。	R1 参数下标/科学记数法
102	- S 因子：S = σ(E)·E·exp(31.28·Z₁·Z₀·√(A/E))	- S 因子：S = σ(E)·E·exp(31.28·$Z_{1}$·$Z_{0}$·√(A/E))	R1 参数下标/科学记数法
103	- Gamow 峰：E₀ = 1.220·(Z₁²·Z₀²·A·T₉²)^(1/3)	- Gamow 峰：$E_{0}$ = 1.220·($Z_{1}$²·$Z_{0}$²·A·$T_{9}$²)^(1/3)	R1 参数下标/科学记数法
104	- 反应率：R ∝ S₀·T₉^(-2/3)·exp(-τ)	- 反应率：R ∝ $S_{0}$·$T_{9}$^(-2/3)·exp(-τ)	R1 参数下标/科学记数法
21	[FACT] BBN 的基本机制：早期宇宙的强相互作用在 t ~ 10⁻⁵ s 后冻结，中子/质子比由弱相互作用冻结时的温度决定（约 1/6）。此后中子经 β 衰变（τ ≈ 878 s）缓慢减少，直到 t ~ 200–300 s 时温度降到 ~10⁹ K，质子与中子结合成 D，进而快速生成 ³He、⁴He 和微量的 ⁷Li。	[FACT] BBN 的基本机制：早期宇宙的强相互作用在 t ~ $10^{-5}$ s 后冻结，中子/质子比由弱相互作用冻结时的温度决定（约 1/6）。此后中子经 β 衰变（τ ≈ 878 s）缓慢减少，直到 t ~ 200–300 s 时温度降到 ~$10^{9}$ K，质子与中子结合成 D，进而快速生成 ³He、⁴He 和微量的 ⁷Li。	R1 参数下标/科学记数法
24	- **氘瓶颈**：由于 ²He 与 ⁵He 不稳定，核合成必须先经过 D 这一 "瓶颈"；这要求温度降到 T ≲ 10⁹ K 后才能大规模合成 ⁴He。	- **氘瓶颈**：由于 ²He 与 ⁵He 不稳定，核合成必须先经过 D 这一 "瓶颈"；这要求温度降到 T ≲ $10^{9}$ K 后才能大规模合成 ⁴He。	R1 参数下标/科学记数法
86	- ¹⁰Be 是放射性核（T_{1/2} ≈ 1.5 × 10⁶ yr），其宇宙线丰度直接给出传播时标约束；	- ¹⁰Be 是放射性核（T_{1/2} ≈ 1.5 × $10^{6}$ yr），其宇宙线丰度直接给出传播时标约束；	R1 参数下标/科学记数法
94	- ¹⁰Be 半衰期 T_{1/2} ≈ 1.5 × 10⁶ yr；	- ¹⁰Be 半衰期 T_{1/2} ≈ 1.5 × $10^{6}$ yr；	R1 参数下标/科学记数法
95	- 核合成启动温度 T ≲ 10⁹ K，时间 t ~ 200–300 s。	- 核合成启动温度 T ≲ $10^{9}$ K，时间 t ~ 200–300 s。	R1 参数下标/科学记数法
103	[CRITIQUE] 1975 年的 BBN 计算对 η 的约束仍较宽（10⁻¹⁰ < η < 10⁻⁷），主要因为 D 的观测值争议大。1990 年代 COBE/WMAP 之后 η 被精确到 ~10⁻⁹ 量级，BBN 变成精确检验工具。这是本文写作时未能预见的重要后续进展。	[CRITIQUE] 1975 年的 BBN 计算对 η 的约束仍较宽（$10^{-10}$ < η < $10^{-7}$），主要因为 D 的观测值争议大。1990 年代 COBE/WMAP 之后 η 被精确到 ~$10^{-9}$ 量级，BBN 变成精确检验工具。这是本文写作时未能预见的重要后续进展。	R1 参数下标/科学记数法
21	[FACT] "hot CNO cycle"（即 CNO bi-cycle）发生在极高温度下（T ≳ 3 × 10⁸ K），涉及 ¹⁴O、¹⁵O 等不稳定核的 β 衰变环节，是 X 射线双星、新星、Ia 型超新星前身星的重要过程。	[FACT] "hot CNO cycle"（即 CNO bi-cycle）发生在极高温度下（T ≳ 3 × $10^{8}$ K），涉及 ¹⁴O、¹⁵O 等不稳定核的 β 衰变环节，是 X 射线双星、新星、Ia 型超新星前身星的重要过程。	R1 参数下标/科学记数法
25	[FACT] 3α 反应在 T ≈ 10⁸ K 启动：	[FACT] 3α 反应在 T ≈ $10^{8}$ K 启动：	R1 参数下标/科学记数法
36	- **C 燃烧**：T ~ 6–8 × 10⁸ K，主要反应 ¹²C+¹²C；	- **C 燃烧**：T ~ 6–8 × $10^{8}$ K，主要反应 ¹²C+¹²C；	R1 参数下标/科学记数法
37	- **Ne 燃烧**：T ~ 1.2–1.5 × 10⁹ K，通过光解 ²⁰Ne 后再生 α；	- **Ne 燃烧**：T ~ 1.2–1.5 × $10^{9}$ K，通过光解 ²⁰Ne 后再生 α；	R1 参数下标/科学记数法
38	- **O 燃烧**：T ~ 1.5–2.5 × 10⁹ K，生成 Si、S、Ar、Ca；	- **O 燃烧**：T ~ 1.5–2.5 × $10^{9}$ K，生成 Si、S、Ar、Ca；	R1 参数下标/科学记数法
39	- **Si 燃烧**：T ~ 3–5 × 10⁹ K，通过光解-重组准平衡（nuclear statistical equilibrium, NSE）向 Fe-peak 元素演化。	- **Si 燃烧**：T ~ 3–5 × $10^{9}$ K，通过光解-重组准平衡（nuclear statistical equilibrium, NSE）向 Fe-peak 元素演化。	R1 参数下标/科学记数法
42	- H 燃烧：~10⁷–10⁹ yr（取决于质量）；	- H 燃烧：~$10^{7}$–$10^{9}$ yr（取决于质量）；	R1 参数下标/科学记数法
43	- He 燃烧：~10⁶ yr；	- He 燃烧：~$10^{6}$ yr；	R1 参数下标/科学记数法
44	- C 燃烧：~10³ yr；	- C 燃烧：~$10^{3}$ yr；	R1 参数下标/科学记数法
77	| H (pp) | ~1.5 × 10⁷ | 10⁹ yr (1 M_☉) | ⁴He |	| H (pp) | ~1.5 × $10^{7}$ | $10^{9}$ yr (1 M_☉) | ⁴He |	R1 参数下标/科学记数法
78	| H (CNO) | ~2 × 10⁷ | 10⁷ yr (10 M_☉) | ⁴He + ¹⁴N |	| H (CNO) | ~2 × $10^{7}$ | $10^{7}$ yr (10 M_☉) | ⁴He + ¹⁴N |	R1 参数下标/科学记数法
79	| He | ~10⁸ | ~10⁶ yr | ¹²C, ¹⁶O |	| He | ~$10^{8}$ | ~$10^{6}$ yr | ¹²C, ¹⁶O |	R1 参数下标/科学记数法
80	| C | ~7 × 10⁸ | ~10³ yr | Ne, Na, Mg |	| C | ~7 × $10^{8}$ | ~$10^{3}$ yr | Ne, Na, Mg |	R1 参数下标/科学记数法
81	| Ne | ~1.3 × 10⁹ | ~1 yr | O, Mg |	| Ne | ~1.3 × $10^{9}$ | ~1 yr | O, Mg |	R1 参数下标/科学记数法
82	| O | ~2 × 10⁹ | ~0.5 yr | Si, S, Ar, Ca |	| O | ~2 × $10^{9}$ | ~0.5 yr | Si, S, Ar, Ca |	R1 参数下标/科学记数法
83	| Si | ~3–5 × 10⁹ | ~1 d | Fe-peak (⁵⁶Ni) |	| Si | ~3–5 × $10^{9}$ | ~1 d | Fe-peak (⁵⁶Ni) |	R1 参数下标/科学记数法
84	| Si (explosive) | ~5 × 10⁹ | ~10 s | Fe-peak + ε-process |	| Si (explosive) | ~5 × $10^{9}$ | ~10 s | Fe-peak + ε-process |	R1 参数下标/科学记数法
32	[FACT] 中子通量 n_n v_n ≈ 10⁷–10¹¹ cm⁻³ s⁻¹，对应中子俘获时标 τ_n ≈ 10¹–10⁵ yr，远长于大多数 β 衰变时标，因此核素路径紧贴 β 稳定线。	[FACT] 中子通量 n_n v_n ≈ $10^{7}$–$10^{11}$ cm⁻³ s⁻¹，对应中子俘获时标 τ_n ≈ $10^{1}$–$10^{5}$ yr，远长于大多数 β 衰变时标，因此核素路径紧贴 β 稳定线。	R1 参数下标/科学记数法
57	[FACT] r 过程需要极高的中子通量（n_n v_n ≳ 10²⁰ cm⁻³ s⁻¹），使得核素在被 β 衰变之前就连续俘获多个中子，路径深入到丰中子侧，直到中子分离能降至 ~2 MeV 以下的"r 过程等待点"（waiting points，通常在 N = 50, 82, 126 幻数处），此时中子俘获变得缓慢，核素 β 衰变前进，形成 r 峰。	[FACT] r 过程需要极高的中子通量（n_n v_n ≳ $10^{20}$ cm⁻³ s⁻¹），使得核素在被 β 衰变之前就连续俘获多个中子，路径深入到丰中子侧，直到中子分离能降至 ~2 MeV 以下的"r 过程等待点"（waiting points，通常在 N = 50, 82, 126 幻数处），此时中子俘获变得缓慢，核素 β 衰变前进，形成 r 峰。	R1 参数下标/科学记数法
75	[FACT] 放射性长寿命核素 ²³²Th (T_{1/2} ≈ 1.4 × 10¹⁰ yr)、²³⁸U (T_{1/2} ≈ 4.5 × 10⁹ yr)、²³⁵U (T_{1/2} ≈ 7.0 × 10⁸ yr)、²⁴⁴Pu (T_{1/2} ≈ 8 × 10⁷ yr) 都是纯 r 过程产物。它们在陨石中的残余丰度（通过子核的异常 Xe、Pb 同位素比显示）是 r 过程定量约束的基石。	[FACT] 放射性长寿命核素 ²³²Th (T_{1/2} ≈ 1.4 × $10^{10}$ yr)、²³⁸U (T_{1/2} ≈ 4.5 × $10^{9}$ yr)、²³⁵U (T_{1/2} ≈ 7.0 × $10^{8}$ yr)、²⁴⁴Pu (T_{1/2} ≈ 8 × $10^{7}$ yr) 都是纯 r 过程产物。它们在陨石中的残余丰度（通过子核的异常 Xe、Pb 同位素比显示）是 r 过程定量约束的基石。	R1 参数下标/科学记数法
82	- **(γ,n) 光破坏**：在高温（T ~ 2–3 × 10⁹ K）下，已有的 s/r 核被高能光子轰击，逐出中子，"回退"到质子侧的稳定核。这需要一个既高温又富含 s/r 种子的环境——典型场所是超新星 O/Ne 层的激波加热区域。	- **(γ,n) 光破坏**：在高温（T ~ 2–3 × $10^{9}$ K）下，已有的 s/r 核被高能光子轰击，逐出中子，"回退"到质子侧的稳定核。这需要一个既高温又富含 s/r 种子的环境——典型场所是超新星 O/Ne 层的激波加热区域。	R1 参数下标/科学记数法
110	- **inflow 时间尺度**：~t₀ = 5 × 10⁹ yr（量级）可复现银河系金属丰度梯度。	- **inflow 时间尺度**：~$t_{0}$ = 5 × $10^{9}$ yr（量级）可复现银河系金属丰度梯度。	R1 参数下标/科学记数法
142	[CRITIQUE] "即时回收"近似在 α 元素 vs Fe 的相对丰度问题上失败，因为这两种元素的产生时标相差 ~10⁶ 倍。这一困难直到 1980s 才通过 "delayed SN Ia channel" 模型被解决（Thomson 1981, Tinsley 1979）。	[CRITIQUE] "即时回收"近似在 α 元素 vs Fe 的相对丰度问题上失败，因为这两种元素的产生时标相差 ~$10^{6}$ 倍。这一困难直到 1980s 才通过 "delayed SN Ia channel" 模型被解决（Thomson 1981, Tinsley 1979）。	R1 参数下标/科学记数法
19	[FACT] 一个 H₀ 与观测一致、q₀ 由星系质量（含大质量晕）决定、最简单的宇宙学模型，在早期高温高相阶段合成了 ¹H、²H、³He、⁴He 和 Li，比例与观测大致符合。	[FACT] 一个 $H_{0}$ 与观测一致、$q_{0}$ 由星系质量（含大质量晕）决定、最简单的宇宙学模型，在早期高温高相阶段合成了 ¹H、²H、³He、⁴He 和 Li，比例与观测大致符合。	R1 参数下标/科学记数法
32	[FACT] 银河系在这个阶段留下了第一代低金属丰度的晕星，以及一个在 2 × 10⁹ yr 后残余的盘，其金属丰度当时已经达到太阳系统的一半左右。	[FACT] 银河系在这个阶段留下了第一代低金属丰度的晕星，以及一个在 2 × $10^{9}$ yr 后残余的盘，其金属丰度当时已经达到太阳系统的一半左右。	R1 参数下标/科学记数法
89	- 银河系盘形成时间：~2 × 10⁹ yr 后，金属丰度已达太阳系统的一半；	- 银河系盘形成时间：~2 × $10^{9}$ yr 后，金属丰度已达太阳系统的一半；	R1 参数下标/科学记数法
51	| Tc⁹⁹ (technetium-99) | 半衰期 2.1×10⁶ yr 的短寿命核素；s 过程直接证据 | 中频 | §06 |	| Tc⁹⁹ (technetium-99) | 半衰期 2.1×$10^{6}$ yr 的短寿命核素；s 过程直接证据 | 中频 | §06 |	R1 参数下标/科学记数法
111	- Table I  S 因子定义（Bethe 1967；σ(E) = πg λ² P(E) × 内在核因子；S(E) = E₀(E) exp(+E/E')）	- Table I  S 因子定义（Bethe 1967；σ(E) = πg λ² P(E) × 内在核因子；S(E) = $E_{0}$(E) exp(+E/E')）	R1 参数下标/科学记数法
112	- Table II  恒星反应速率函数（非共振与共振两种形式；有效恒星反应能量 E₀ = 0.122 (Z₀Z₁A)^(1/3) T₉^(2/3) MeV）	- Table II  恒星反应速率函数（非共振与共振两种形式；有效恒星反应能量 $E_{0}$ = 0.122 ($Z_{0}$$Z_{1}$A)^(1/3) $T_{9}$^(2/3) MeV）	R1 参数下标/科学记数法
59	- X：原子量 A（约 10¹⁰–10³）	- X：原子量 A（约 $10^{10}$–$10^{3}$）	R1 参数下标/科学记数法
67	[FACT] Hoyle 的难题：**红巨星中 3α → ¹²C 反应率太慢**——按 Salpeter (1952a) 的速率计算，He 燃烧应在 T ~ 2×10⁸ K 起，但 Hoyle 与 Schwarzschild 的演化计算要求 T ~ 10⁸ K 起。	[FACT] Hoyle 的难题：**红巨星中 3α → ¹²C 反应率太慢**——按 Salpeter (1952a) 的速率计算，He 燃烧应在 T ~ 2×$10^{8}$ K 起，但 Hoyle 与 Schwarzschild 的演化计算要求 T ~ $10^{8}$ K 起。	R1 参数下标/科学记数法
69	[FACT] **Hoyle 的预言（1953 年在 Kellogg Lab 提出）**：如果 ¹²C 存在一个 **激发态**，能量比 ⁸Be + α 高 0.3 MeV，且自旋宇称符合选择规则（0⁺, 2⁺, 3⁻, ...），则 ⁸Be(α,γ)¹²C 速率将加快若干数量级，从而降低点火温度。	[FACT] **Hoyle 的预言（1953 年在 Kellogg Lab 提出）**：如果 ¹²C 存在一个 **激发态**，能量比 ⁸Be + α 高 0.3 MeV，且自旋宇称符合选择规则（$0^{+}$, $2^{+}$, $3^{-}$, ...），则 ⁸Be(α,γ)¹²C 速率将加快若干数量级，从而降低点火温度。	R1 参数下标/科学记数法
75	[FACT] Cook, Fowler, Lauritsen, Lauritsen (1957) 通过放射性 ¹¹B 的衰变产生该态，证明其可分裂为 3α，**由互逆性 (reciprocity)** 可知可由 3α 形成。该态自旋宇称现为 **0⁺**。	[FACT] Cook, Fowler, Lauritsen, Lauritsen (1957) 通过放射性 ¹¹B 的衰变产生该态，证明其可分裂为 3α，**由互逆性 (reciprocity)** 可知可由 3α 形成。该态自旋宇称现为 **$0^{+}$**。	R1 参数下标/科学记数法
107	[FACT] BBN 中 Li 质量分数上限：**~10⁻¹⁰**；D、³He、⁴He、⁷Li 可合理重现（Wagoner, Fowler, Hoyle 1967）	[FACT] BBN 中 Li 质量分数上限：**~$10^{-10}$**；D、³He、⁴He、⁷Li 可合理重现（Wagoner, Fowler, Hoyle 1967）	R1 参数下标/科学记数法
20	- **N_A = 6.022×10²³ mol⁻¹**（Avogadro 常数）	- **N_A = 6.022×$10^{23}$ mol⁻¹**（Avogadro 常数）	R1 参数下标/科学记数法
47	S(E) = E₀(E) · exp( +E_b/E^(1/2) )	S(E) = $E_{0}$(E) · exp( +E_b/E^(1/2) )	R1 参数下标/科学记数法
53	- **η = π Z₀Z₁ e² / (ħv)**：Sommerfeld 参数	- **η = π $Z_{0}$$Z_{1}$ e² / (ħv)**：Sommerfeld 参数	R1 参数下标/科学记数法
54	- **g = 2J+1 / (2j₀+1)(2j₁+1)**：自旋统计因子	- **g = 2J+1 / (2$j_{0}$+1)(2$j_{1}$+1)**：自旋统计因子	R1 参数下标/科学记数法
57	[FACT] 单位：σ 通常用 **barn (10⁻²⁴ cm²)**，能量用 **MeV (1.602×10⁻⁶ erg)**，S 因子单位为 **MeV·b**（有时也用 keV·b）。	[FACT] 单位：σ 通常用 **barn ($10^{-24}$ cm²)**，能量用 **MeV (1.602×$10^{-6}$ erg)**，S 因子单位为 **MeV·b**（有时也用 keV·b）。	R1 参数下标/科学记数法
59	[FACT] 表 I 中标记 **Z₀, Z₁** 为两反应核的电荷数，**A** 为约化质量（原子质量单位）。	[FACT] 表 I 中标记 **$Z_{0}$, $Z_{1}$** 为两反应核的电荷数，**A** 为约化质量（原子质量单位）。	R1 参数下标/科学记数法
79	积分形式：∫ S(E) exp(−E/E₀) exp(−E/kT) dE	积分形式：∫ S(E) exp(−E/$E_{0}$) exp(−E/kT) dE	R1 参数下标/科学记数法
87	[FACT] **有效恒星反应能量 E₀：**	[FACT] **有效恒星反应能量 $E_{0}$：**	R1 参数下标/科学记数法
89	E₀ = 0.122 · (Z₀ Z₁ A)^(1/3) · T_9^(2/3)  MeV	$E_{0}$ = 0.122 · ($Z_{0}$ $Z_{1}$ A)^(1/3) · T_9^(2/3)  MeV	R1 参数下标/科学记数法
91	其中 **T₉** 是以 10⁹ K 为单位的温度。	其中 **$T_{9}$** 是以 $10^{9}$ K 为单位的温度。	R1 参数下标/科学记数法
93	[FACT] **Gamow 峰**：被积函数在 **E ≈ E₀** 处出现极大——即非共振反应的有效能量。	[FACT] **Gamow 峰**：被积函数在 **E ≈ $E_{0}$** 处出现极大——即非共振反应的有效能量。	R1 参数下标/科学记数法
109	实验测截面 → 用 S 因子剥离 Gamow 穿透因子的快速变化 → 在有效恒星能量 E₀ 处做 Maxwell-Boltzmann 平均 → 非共振 vs 共振两类速率公式 → 外推的可靠性依赖 S(E) 的缓慢变化与复合核半径选择。	实验测截面 → 用 S 因子剥离 Gamow 穿透因子的快速变化 → 在有效恒星能量 $E_{0}$ 处做 Maxwell-Boltzmann 平均 → 非共振 vs 共振两类速率公式 → 外推的可靠性依赖 S(E) 的缓慢变化与复合核半径选择。	R1 参数下标/科学记数法
117	| S(E) | E₀(E) exp(+E_b/E^(1/2)) |	| S(E) | $E_{0}$(E) exp(+E_b/E^(1/2)) |	R1 参数下标/科学记数法
118	| E₀ | 0.122 (Z₀Z₁A)^(1/3) T₉^(2/3) MeV |	| $E_{0}$ | 0.122 ($Z_{0}$$Z_{1}$A)^(1/3) $T_{9}$^(2/3) MeV |	R1 参数下标/科学记数法
119	| ⟨σu⟩_nr | ∝ T₉^(−2/3) exp(−3E₀/kT) |	| ⟨σu⟩_nr | ∝ $T_{9}$^(−2/3) exp(−3$E_{0}$/kT) |	R1 参数下标/科学记数法
120	| ⟨σu⟩_r | ∝ T₉^(−1/2) exp(−E_r/kT) |	| ⟨σu⟩_r | ∝ $T_{9}$^(−1/2) exp(−E_r/kT) |	R1 参数下标/科学记数法
26	- **装置**：**380,000 升** 四氯乙烯 (C₂Cl₃Cl, perchloroethylene) 储罐	- **装置**：**380,000 升** 四氯乙烯 ($C_{2}$$Cl_{3}$Cl, perchloroethylene) 储罐	R1 参数下标/科学记数法
50	[FACT] **本节的核心**——将两套 S 因子从实验室最低能 **~1.4 MeV** 外推到红巨星 He 燃烧有效能量 **~0.3 MeV**（T = 1.8×10⁸ K）。	[FACT] **本节的核心**——将两套 S 因子从实验室最低能 **~1.4 MeV** 外推到红巨星 He 燃烧有效能量 **~0.3 MeV**（T = 1.8×$10^{8}$ K）。	R1 参数下标/科学记数法
55	- 温度：**T = 1.8×10⁸ K**（红巨星 He 燃烧代表性温度）	- 温度：**T = 1.8×$10^{8}$ K**（红巨星 He 燃烧代表性温度）	R1 参数下标/科学记数法
56	- 截面外推范围：**跨越 10⁷ 数量级**	- 截面外推范围：**跨越 $10^{7}$ 数量级**	R1 参数下标/科学记数法
59	[FACT] 最低轰击能量 **2.4 MeV** 处截面 **~10⁻¹² b**；代表性燃烧温度 **T = 6×10⁸ K** 时，有效能量 **E₀ ≈ 1.7 MeV**，外推截面 **~10⁻¹⁹ b**。	[FACT] 最低轰击能量 **2.4 MeV** 处截面 **~$10^{-12}$ b**；代表性燃烧温度 **T = 6×$10^{8}$ K** 时，有效能量 **$E_{0}$ ≈ 1.7 MeV**，外推截面 **~$10^{-19}$ b**。	R1 参数下标/科学记数法
83	[FACT] **硅燃烧的库仑势垒太高**，无法在环境温度 (T₉ ~ 3–5) 与密度 (ρ = 10⁷–10⁹ g cm⁻³) 下直接融合形成 ⁵⁶Ni 复合核。	[FACT] **硅燃烧的库仑势垒太高**，无法在环境温度 ($T_{9}$ ~ 3–5) 与密度 (ρ = $10^{7}$–$10^{9}$ g cm⁻³) 下直接融合形成 ⁵⁶Ni 复合核。	R1 参数下标/科学记数法
121	| ¹²C+¹²C 截面 (2.4 MeV) | **~10⁻¹² b** |	| ¹²C+¹²C 截面 (2.4 MeV) | **~$10^{-12}$ b** |	R1 参数下标/科学记数法
122	| 碳燃烧有效能量 (T=6×10⁸ K) | **E₀ ≈ 1.7 MeV** |	| 碳燃烧有效能量 (T=6×$10^{8}$ K) | **$E_{0}$ ≈ 1.7 MeV** |	R1 参数下标/科学记数法
123	| ¹²C+¹²C 外推截面 (E₀) | **~10⁻¹⁹ b** |	| ¹²C+¹²C 外推截面 ($E_{0}$) | **~$10^{-19}$ b** |	R1 参数下标/科学记数法
124	| 硅燃烧温度 | **T₉ ~ 3–5** |	| 硅燃烧温度 | **$T_{9}$ ~ 3–5** |	R1 参数下标/科学记数法
125	| 硅燃烧密度 | **ρ = 10⁷–10⁹ g cm⁻³** |	| 硅燃烧密度 | **ρ = $10^{7}$–$10^{9}$ g cm⁻³** |	R1 参数下标/科学记数法
34	[FACT] 爆炸**模拟方式**：假设 bounce/rebound 产生的激波向抛射物质**输送 ~10⁵¹ erg**（"arbitrarily assuming"）。	[FACT] 爆炸**模拟方式**：假设 bounce/rebound 产生的激波向抛射物质**输送 ~$10^{51}$ erg**（"arbitrarily assuming"）。	R1 参数下标/科学记数法
99	[FACT] ²⁶Al 半衰期 **1.04×10⁶ 年** → 表明²⁶Al **在几百万年内**一直产生，很可能是**持续产生**。	[FACT] ²⁶Al 半衰期 **1.04×$10^{6}$ 年** → 表明²⁶Al **在几百万年内**一直产生，很可能是**持续产生**。	R1 参数下标/科学记数法
101	[FACT] 定量：**银河系盘中 ²⁶Al/²⁷Al ~ 10⁻⁹**（太阳系形成时近似相同）。	[FACT] 定量：**银河系盘中 ²⁶Al/²⁷Al ~ $10^{-9}$**（太阳系形成时近似相同）。	R1 参数下标/科学记数法
115	[FACT] Clayton 估算：银河系银盘**每年约 40 次新星**，每次抛出 **10⁻⁴ M☉ 物质**，含 ²⁶Al 质量分数 **3×10⁻⁷**——可解释观测到的²⁶Al/²⁷Al ~ 10⁻⁹。	[FACT] Clayton 估算：银河系银盘**每年约 40 次新星**，每次抛出 **$10^{-4}$ M☉ 物质**，含 ²⁶Al 质量分数 **3×$10^{-7}$**——可解释观测到的²⁶Al/²⁷Al ~ $10^{-9}$。	R1 参数下标/科学记数法
134	- 中子密度：**~10³¹ mol cm⁻³**	- 中子密度：**~$10^{31}$ mol cm⁻³**	R1 参数下标/科学记数法
135	- 暴露时间：**~10³ 秒**	- 暴露时间：**~$10^{3}$ 秒**	R1 参数下标/科学记数法
136	- 奇异物质混合比 **(≲10⁻¹)**	- 奇异物质混合比 **(≲$10^{-1}$)**	R1 参数下标/科学记数法
144	[FACT] ~10³ 秒暴露时间由 ¹³N（τ=862 s）的平均寿命决定，¹³N 由**氢喷入红巨星 He 燃烧壳层**中 ¹²C(p,γ)¹³N 产生，随后 ¹³N(e⁺ν)¹²C → ¹²C(α,n)¹⁶O 提供中子源。	[FACT] ~$10^{3}$ 秒暴露时间由 ¹³N（τ=862 s）的平均寿命决定，¹³N 由**氢喷入红巨星 He 燃烧壳层**中 ¹²C(p,γ)¹³N 产生，随后 ¹³N(e⁺ν)¹²C → ¹²C(α,n)¹⁶O 提供中子源。	R1 参数下标/科学记数法
154	| 25 M☉ Type-II 超新星激波能量 | **~10⁵¹ erg** |	| 25 M☉ Type-II 超新星激波能量 | **~$10^{51}$ erg** |	R1 参数下标/科学记数法
159	| 银河系 ²⁶Al/²⁷Al | **~10⁻⁹** |	| 银河系 ²⁶Al/²⁷Al | **~$10^{-9}$** |	R1 参数下标/科学记数法
162	| 单次新星抛出质量 | **~10⁻⁴ M☉** |	| 单次新星抛出质量 | **~$10^{-4}$ M☉** |	R1 参数下标/科学记数法
163	| nfp 过程中子密度 | **~10³¹ mol cm⁻³** |	| nfp 过程中子密度 | **~$10^{31}$ mol cm⁻³** |	R1 参数下标/科学记数法
164	| nfp 过程暴露时间 | **~10³ s** |	| nfp 过程暴露时间 | **~$10^{3}$ s** |	R1 参数下标/科学记数法
89	- **密度**：**10³ g cm⁻³**	- **密度**：**$10^{3}$ g cm⁻³**	R1 参数下标/科学记数法
90	- **初始温度**：**1.6×10⁸ K**	- **初始温度**：**1.6×$10^{8}$ K**	R1 参数下标/科学记数法
91	- **最终最高温度**：**3.6×10⁸ K**	- **最终最高温度**：**3.6×$10^{8}$ K**	R1 参数下标/科学记数法
21	²³²Th : 20.0 × 10⁹ 年	²³²Th : 20.0 × $10^{9}$ 年	R1 参数下标/科学记数法
22	²³⁵U  :  6.51 × 10⁹ 年	²³⁵U  :  6.51 × $10^{9}$ 年	R1 参数下标/科学记数法
23	²³⁸U  : 10.3 × 10⁹ 年	²³⁸U  : 10.3 × $10^{9}$ 年	R1 参数下标/科学记数法
51	¹²⁹I/¹²⁷I, τ(¹²⁹I) = 0.023 × 10⁹ 年	¹²⁹I/¹²⁷I, τ(¹²⁹I) = 0.023 × $10^{9}$ 年	R1 参数下标/科学记数法
52	²⁴⁴Pu/²³⁸U, τ(²⁴⁴Pu) = 0.117 × 10⁹ 年	²⁴⁴Pu/²³⁸U, τ(²⁴⁴Pu) = 0.117 × $10^{9}$ 年	R1 参数下标/科学记数法
81	[FACT] 但 Hubble 时间仅在**完全开放的宇宙**（平均物质密度 << 临界密度）中等于宇宙年龄。由 Hubble 时间可推得**临界密度** **5×10⁻²⁹ g cm⁻³**；可见物质估计约为 **10%**，将年龄降至 **16.5 十亿年**；暗物质（中微子、黑洞等）可能使年龄进一步降至对应**临界密度 13.0 十亿年**。	[FACT] 但 Hubble 时间仅在**完全开放的宇宙**（平均物质密度 << 临界密度）中等于宇宙年龄。由 Hubble 时间可推得**临界密度** **5×$10^{-29}$ g cm⁻³**；可见物质估计约为 **10%**，将年龄降至 **16.5 十亿年**；暗物质（中微子、黑洞等）可能使年龄进一步降至对应**临界密度 13.0 十亿年**。	R1 参数下标/科学记数法
89	[FACT] **¹⁸⁷Re → ¹⁸⁷Os**（τ = 65×10⁹ 年）衰变提供**完全独立的核计时**——这是 s 过程相关计时器（虽然¹⁸⁷Re 是 r 过程产生的）。	[FACT] **¹⁸⁷Re → ¹⁸⁷Os**（τ = 65×$10^{9}$ 年）衰变提供**完全独立的核计时**——这是 s 过程相关计时器（虽然¹⁸⁷Re 是 r 过程产生的）。	R1 参数下标/科学记数法
95	[FACT] **Fowler (1972a) 指出 ¹⁸⁷Os 在 9.75 keV 处有低能激发态**——在 kT=30 keV（T=3.5×10⁸ K，s 过程典型温度）处**几乎完全布居**，且 J=1/2 激发态统计权重 (2J+1) 是 J=1/2 基态的**两倍** → 基态截面测量只给出所需信息的**三分之一**。	[FACT] **Fowler (1972a) 指出 ¹⁸⁷Os 在 9.75 keV 处有低能激发态**——在 kT=30 keV（T=3.5×$10^{8}$ K，s 过程典型温度）处**几乎完全布居**，且 J=1/2 激发态统计权重 (2J+1) 是 J=1/2 基态的**两倍** → 基态截面测量只给出所需信息的**三分之一**。	R1 参数下标/科学记数法
35	| 有效反应能量 E₀ | E₀ = 0.122 (Z₀Z₁A)^(1/3) T₉^(2/3) MeV，恒星内部实际反应发生能量 | 高频 | §03 |	| 有效反应能量 $E_{0}$ | $E_{0}$ = 0.122 ($Z_{0}$$Z_{1}$A)^(1/3) $T_{9}$^(2/3) MeV，恒星内部实际反应发生能量 | 高频 | §03 |	R1 参数下标/科学记数法
74	> [FACT] S 因子——**即** S(E) = σ(E)·E·exp(+E_b/√E)——剔除库仑势垒指数因子后的反应截面，**因此**是外推到低能区的可靠工具；有效恒星反应能量 **即** E₀ = 0.122 (Z₀Z₁A)^(1/3) T₉^(2/3) MeV。	> [FACT] S 因子——**即** S(E) = σ(E)·E·exp(+E_b/√E)——剔除库仑势垒指数因子后的反应截面，**因此**是外推到低能区的可靠工具；有效恒星反应能量 **即** $E_{0}$ = 0.122 ($Z_{0}$$Z_{1}$A)^(1/3) $T_{9}$^(2/3) MeV。	R1 参数下标/科学记数法
76	**主干拆解**：两个"即"释义（S 因子、E₀）；因此连接因果。	**主干拆解**：两个"即"释义（S 因子、$E_{0}$）；因此连接因果。	R1 参数下标/科学记数法
37	2. **S 因子外推框架**：σ(E) = πg λ² P(E) × [intrinsic]，S(E) = E₀(E) exp(+E_b/√E)；E₀ = 0.122 (Z₀Z₁A)^(1/3) T₉^(2/3) MeV。	2. **S 因子外推框架**：σ(E) = πg λ² P(E) × [intrinsic]，S(E) = $E_{0}$(E) exp(+E_b/√E)；$E_{0}$ = 0.122 ($Z_{0}$$Z_{1}$A)^(1/3) $T_{9}$^(2/3) MeV。	R1 参数下标/科学记数法
44	9. **r 过程动态流计算**：Cameron-Cowan-Truran (1984) 热失控模型，¹³C 富集、14.3% 质量分数、密度 10³ g cm⁻³。	9. **r 过程动态流计算**：Cameron-Cowan-Truran (1984) 热失控模型，¹³C 富集、14.3% 质量分数、密度 $10^{3}$ g cm⁻³。	R1 参数下标/科学记数法
77	4. **E₀ = 0.122 (Z₀Z₁A)^(1/3) T₉^(2/3) MeV**——有效恒星反应能量。	4. **$E_{0}$ = 0.122 ($Z_{0}$$Z_{1}$A)^(1/3) $T_{9}$^(2/3) MeV**——有效恒星反应能量。	R1 参数下标/科学记数法
114	- E₀ = 0.122 (Z₀Z₁A)^(1/3) T₉^(2/3) MeV	- $E_{0}$ = 0.122 ($Z_{0}$$Z_{1}$A)^(1/3) $T_{9}$^(2/3) MeV	R1 参数下标/科学记数法
158	| 关键公式（S 因子、E₀、速率） | ✅ |	| 关键公式（S 因子、$E_{0}$、速率） | ✅ |	R1 参数下标/科学记数法
39	- **碳星 (carbon stars)**：分子带显示 C₂、CN、CO 分子	- **碳星 (carbon stars)**：分子带显示 $C_{2}$、CN、CO 分子	R1 参数下标/科学记数法
248	- 积分 A₀ = 10^−1–10^6, M₁₀ = 0.8–100, q₀ = 0–1 → n ≈ 1 yr^(−1)（银河系主序逃逸率）	- 积分 $A_{0}$ = 10^−1–10^6, $M_{10}$ = 0.8–100, $q_{0}$ = 0–1 → n ≈ 1 yr^(−1)（银河系主序逃逸率）	R1 参数下标/科学记数法
13	[FACT] pp 链第一步的 S₁₁(0;δ) 决定整个 pp 链速率：	[FACT] pp 链第一步的 $S_{11}$(0;δ) 决定整个 pp 链速率：	R1 参数下标/科学记数法
19	- (ft)_{0⁺→0⁺} = 3073.3 ± 3.5（Hardy et al. 1990）	- (ft)_{$0^{+}$→$0^{+}$} = 3073.3 ± 3.5（Hardy et al. 1990）	R1 参数下标/科学记数法
22	[FACT] S₁₁(0;δ) = 3.78×10^(-25) MeV·b，不确定度来自 δ 的取值：S 的范围 3.94–4.15×10^(-25) MeV·b，即 **+4.0% / −1.3%**	[FACT] $S_{11}$(0;δ) = 3.78×10^(-25) MeV·b，不确定度来自 δ 的取值：S 的范围 3.94–4.15×10^(-25) MeV·b，即 **+4.0% / −1.3%**	R1 参数下标/科学记数法
30	[FACT] 太阳中心 T₆=15.6 对应 Gamov 峰在 E₀ = 22 keV，宽度 ΔE₀ = 12 keV——因此 21–24 keV 的实验**恰好覆盖太阳 Gamov 峰**	[FACT] 太阳中心 $T_{6}$=15.6 对应 Gamov 峰在 $E_{0}$ = 22 keV，宽度 Δ$E_{0}$ = 12 keV——因此 21–24 keV 的实验**恰好覆盖太阳 Gamov 峰**	R1 参数下标/科学记数法
34	- U_e = Z₁Z₂e²/R_a	- U_e = $Z_{1}$$Z_{2}$e²/R_a	R1 参数下标/科学记数法
38	[FACT] **S₃₃(0) = 5.15 ± 0.35 MeV·b**（含统计、系统、外推能量依赖性各项贡献）	[FACT] **$S_{33}$(0) = 5.15 ± 0.35 MeV·b**（含统计、系统、外推能量依赖性各项贡献）	R1 参数下标/科学记数法
44	[FACT] 六组 γ 射线探测实验的加权平均：**S₃₄(0) = 0.507 ± 0.016 keV·b**	[FACT] 六组 γ 射线探测实验的加权平均：**$S_{34}$(0) = 0.507 ± 0.016 keV·b**	R1 参数下标/科学记数法
52	[FACT] 三组 7Be 放射性活度实验给出 **S₃₄(0) = 0.579 ± 0.024 keV·b**——与 γ 方法结果在 **3σ 水平上不一致**	[FACT] 三组 7Be 放射性活度实验给出 **$S_{34}$(0) = 0.579 ± 0.024 keV·b**——与 γ 方法结果在 **3σ 水平上不一致**	R1 参数下标/科学记数法
54	[FACT] 九组实验联合：S₃₄(0) = 0.533 ± 0.013 keV·b（χ²=13.4, d.o.f.=8），建议的保守估计为 **S₃₄(0) = 0.53 ± 0.05 keV·b**（通过增大不确定度因子 3.7 使 χ²/d.o.f. = 0.46）	[FACT] 九组实验联合：$S_{34}$(0) = 0.533 ± 0.013 keV·b（χ²=13.4, d.o.f.=8），建议的保守估计为 **$S_{34}$(0) = 0.53 ± 0.05 keV·b**（通过增大不确定度因子 3.7 使 χ²/d.o.f. = 0.46）	R1 参数下标/科学记数法
61	- **S₁₇(0) = 20.3 ± 2.0 eV·b**	- **$S_{17}$(0) = 20.3 ± 2.0 eV·b**	R1 参数下标/科学记数法
64	- **推荐值 S₁₇(0) = 19 ± 2 eV·b**	- **推荐值 $S_{17}$(0) = 19 ± 2 eV·b**	R1 参数下标/科学记数法
76	- Descouvemont & Baye (1994) 的三簇生成坐标方法计算与 Imhof/Blackmon 一致，并预言 **S₁₇(0) > 24 eV·b**（对 7Be(p,γ)8B 的镜像）	- Descouvemont & Baye (1994) 的三簇生成坐标方法计算与 Imhof/Blackmon 一致，并预言 **$S_{17}$(0) > 24 eV·b**（对 7Be(p,γ)8B 的镜像）	R1 参数下标/科学记数法
82	[FACT] Schröder et al. (1987) 发现亚阈值共振（Ec.m. = 2504 keV, J^π = 3/2⁺）的高能尾干涉效应，贡献了近一半的总 S(0)	[FACT] Schröder et al. (1987) 发现亚阈值共振（Ec.m. = 2504 keV, J^π = 3/$2^{+}$）的高能尾干涉效应，贡献了近一半的总 S(0)	R1 参数下标/科学记数法
94	[FACT] 17O(p,α)14N 在 T₉ < 0.1 时由 Ec.m. = 70 keV 的 J^π = 1⁻ 共振决定	[FACT] 17O(p,α)14N 在 $T_{9}$ < 0.1 时由 Ec.m. = 70 keV 的 J^π = $1^{-}$ 共振决定	R1 参数下标/科学记数法
104	[FACT] 在 nova 爆炸温度 (0.2 < T₉ < 0.4) 下，热 CNO 循环是**主导的能量产生过程**	[FACT] 在 nova 爆炸温度 (0.2 < $T_{9}$ < 0.4) 下，热 CNO 循环是**主导的能量产生过程**	R1 参数下标/科学记数法
115	1. S₁₇(0)：19 vs 24 eV·b 之争（直接影响太阳中微子预测）	1. $S_{17}$(0)：19 vs 24 eV·b 之争（直接影响太阳中微子预测）	R1 参数下标/科学记数法
116	2. S₃₄(0)：γ 与活化实验的 3σ 系统差异	2. $S_{34}$(0)：γ 与活化实验的 3σ 系统差异	R1 参数下标/科学记数法
125	| pp | 3.78×10⁻²⁵ MeV·b | +4.0% / −1.3% | δ 主导 |	| pp | 3.78×$10^{-25}$ MeV·b | +4.0% / −1.3% | δ 主导 |	R1 参数下标/科学记数法
162	| 太阳 B/H | 1.6×10⁻¹⁰ |	| 太阳 B/H | 1.6×$10^{-10}$ |	R1 参数下标/科学记数法
14	- 16O(α,γ)20Ne 速率在 T₉ < 0.2 时远低于 12C(α,γ)16O（Fowler et al. 1975）	- 16O(α,γ)20Ne 速率在 $T_{9}$ < 0.2 时远低于 12C(α,γ)16O（Fowler et al. 1975）	R1 参数下标/科学记数法
26	1. 两个 α 粒子在 8Be 基态（非束缚，半衰期 t₁/₂ = 0.97×10^(-16) s）中短暂共存	1. 两个 α 粒子在 8Be 基态（非束缚，半衰期 $t_{1}$/₂ = 0.97×10^(-16) s）中短暂共存	R1 参数下标/科学记数法
27	2. 第三个 α 粒子在 8Be 衰变前被俘获，形成 12C** (Ex = 7.6542 MeV, J^π = 0⁺)	2. 第三个 α 粒子在 8Be 衰变前被俘获，形成 12C** (Ex = 7.6542 MeV, J^π = $0^{+}$)	R1 参数下标/科学记数法
29	[FACT] **Hoyle (1954) 的预言**：为解释观测到的 12C 丰度，必须存在 Ex ~ 7.65 MeV 的 0⁺ 共振态——被实验验证，是核天体物理最杰出的成就之一	[FACT] **Hoyle (1954) 的预言**：为解释观测到的 12C 丰度，必须存在 Ex ~ 7.65 MeV 的 $0^{+}$ 共振态——被实验验证，是核天体物理最杰出的成就之一	R1 参数下标/科学记数法
49	- η = Z₁Z₂e²/ℏv（Sommerfeld 库仑参数）	- η = $Z_{1}$$Z_{2}$e²/ℏv（Sommerfeld 库仑参数）	R1 参数下标/科学记数法
52	[FACT] **Gamow 能量**：在氦燃烧温度 T₉ = 0.2–0.6 下，E₀ = 0.3–0.9 MeV	[FACT] **Gamow 能量**：在氦燃烧温度 $T_{9}$ = 0.2–0.6 下，$E_{0}$ = 0.3–0.9 MeV	R1 参数下标/科学记数法
54	[FACT] 由于库仑势垒大，直接测量无法延伸至 E₀，**必须靠理论外推**	[FACT] 由于库仑势垒大，直接测量无法延伸至 $E_{0}$，**必须靠理论外推**	R1 参数下标/科学记数法
59	- 宽 1⁻ 共振在 E = 2.4 MeV（Ex = 9.585 MeV）	- 宽 $1^{-}$ 共振在 E = 2.4 MeV（Ex = 9.585 MeV）	R1 参数下标/科学记数法
60	- **亚阈值 1⁻ 态**在 E = −245 keV（Ex = 7.11685 MeV）—— Dyer & Barnes (1974) 首次证明其重要性	- **亚阈值 $1^{-}$ 态**在 E = −245 keV（Ex = 7.11685 MeV）—— Dyer & Barnes (1974) 首次证明其重要性	R1 参数下标/科学记数法
66	**Table II: E1 外推值 S_E1(E₀ = 0.3 MeV)**：	**Table II: E1 外推值 S_E1($E_{0}$ = 0.3 MeV)**：	R1 参数下标/科学记数法
76	- 谱的次极大反映亚阈值 1⁻ 态的存在	- 谱的次极大反映亚阈值 $1^{-}$ 态的存在	R1 参数下标/科学记数法
85	- 亚阈值 2⁻ 态在 E = −245 keV（Ex = 6.9171 MeV）	- 亚阈值 $2^{-}$ 态在 E = −245 keV（Ex = 6.9171 MeV）	R1 参数下标/科学记数法
86	- 宽 2⁻ 共振在 E = 4.36 MeV（Ex = 11.52 MeV）——远在阈值之上	- 宽 $2^{-}$ 共振在 E = 4.36 MeV（Ex = 11.52 MeV）——远在阈值之上	R1 参数下标/科学记数法
91	**Table III: E2 外推值 S_E2(E₀ = 0.3 MeV)**：	**Table III: E2 外推值 S_E2($E_{0}$ = 0.3 MeV)**：	R1 参数下标/科学记数法
97	| Trautvetter et al. (1996) | 14.5^{−14}_{+96} (R-matrix, 含 Ex < 11.52 MeV 的 2⁻ 能级) | σ(θ) |	| Trautvetter et al. (1996) | 14.5^{−14}_{+96} (R-matrix, 含 Ex < 11.52 MeV 的 $2^{-}$ 能级) | σ(θ) |	R1 参数下标/科学记数法
99	[FACT] **E2 干涉性质未确定**：亚阈值 2⁻ 态与远距离能级/直接贡献的干涉是相长还是相消仍未知	[FACT] **E2 干涉性质未确定**：亚阈值 $2^{-}$ 态与远距离能级/直接贡献的干涉是相长还是相消仍未知	R1 参数下标/科学记数法
106	- S_E1(E₀ = 0.3 MeV) = (79 ± 16) keV·b	- S_E1($E_{0}$ = 0.3 MeV) = (79 ± 16) keV·b	R1 参数下标/科学记数法
107	- S_E2(E₀ = 0.3 MeV) = (36 ± 6) keV·b	- S_E2($E_{0}$ = 0.3 MeV) = (36 ± 6) keV·b	R1 参数下标/科学记数法
108	- **S_cap(E₀) = (120 ± 40) keV·b**（加上级联贡献 20 ± 9 keV·b）	- **S_cap($E_{0}$) = (120 ± 40) keV·b**（加上级联贡献 20 ± 9 keV·b）	R1 参数下标/科学记数法
136	| 8Be 半衰期 | 0.97×10⁻¹⁶ s |	| 8Be 半衰期 | 0.97×$10^{-16}$ s |	R1 参数下标/科学记数法
144	| Gamov 峰 (T₉=0.2–0.6) | E₀ = 0.3–0.9 MeV |	| Gamov 峰 ($T_{9}$=0.2–0.6) | $E_{0}$ = 0.3–0.9 MeV |	R1 参数下标/科学记数法
145	| 16O(α,γ)20Ne 相对速率 | << 12C(α,γ)16O (T₉ < 0.2) |	| 16O(α,γ)20Ne 相对速率 | << 12C(α,γ)16O ($T_{9}$ < 0.2) |	R1 参数下标/科学记数法
51	1. **碳燃烧**：T₉ ~ 0.6–1.0，12C + 12C → 多种产物（20Ne + α, 23Na + p, 23Mg + n, 24Mg + γ 等）	1. **碳燃烧**：$T_{9}$ ~ 0.6–1.0，12C + 12C → 多种产物（20Ne + α, 23Na + p, 23Mg + n, 24Mg + γ 等）	R1 参数下标/科学记数法
52	2. **氖燃烧**：T₉ ~ 1.2–1.6，16O 光致分解产生 α，20Ne + α → 24Mg；22Ne(α,n)25Mg 是重要中子源	2. **氖燃烧**：$T_{9}$ ~ 1.2–1.6，16O 光致分解产生 α，20Ne + α → 24Mg；22Ne(α,n)25Mg 是重要中子源	R1 参数下标/科学记数法
53	3. **氧燃烧**：T₉ ~ 1.5–2.5，16O + 16O → 32S, 31P, 31Si, 28Si + α 等	3. **氧燃烧**：$T_{9}$ ~ 1.5–2.5，16O + 16O → 32S, 31P, 31Si, 28Si + α 等	R1 参数下标/科学记数法
54	4. **硅燃烧**：T₉ > 3–4，统计平衡 (NSE) 逐渐建立 → 铁族核素	4. **硅燃烧**：$T_{9}$ > 3–4，统计平衡 (NSE) 逐渐建立 → 铁族核素	R1 参数下标/科学记数法
62	- **79Se**：激发态 β 衰变分支来自 96 keV 同质异能态（t₁/₂ = 4 min）→ 反应堆实验验证（Klay & Käppeler 1988）	- **79Se**：激发态 β 衰变分支来自 96 keV 同质异能态（$t_{1}$/₂ = 4 min）→ 反应堆实验验证（Klay & Käppeler 1988）	R1 参数下标/科学记数法
63	- **176Lu**：热激发短寿命 β 不稳定同质异能态 → 半衰期从 t₁/₂ = 36 Gyr（地面）降至**几年**（s 过程温度）→ **s 过程温度计**（Klay et al. 1991）	- **176Lu**：热激发短寿命 β 不稳定同质异能态 → 半衰期从 $t_{1}$/₂ = 36 Gyr（地面）降至**几年**（s 过程温度）→ **s 过程温度计**（Klay et al. 1991）	R1 参数下标/科学记数法
93	- **弱分量 (weak component)**：大质量星核心 He 燃烧（Peters 1968 等），由 22Ne(α,n)25Mg 在中高温下驱动，中子密度较低，持续时间 ~3×10⁴ 年	- **弱分量 (weak component)**：大质量星核心 He 燃烧（Peters 1968 等），由 22Ne(α,n)25Mg 在中高温下驱动，中子密度较低，持续时间 ~3×$10^{4}$ 年	R1 参数下标/科学记数法
96	1. **13C(α,n)16O**：H 燃烧阶段（T₈ ~ 1，低温）	1. **13C(α,n)16O**：H 燃烧阶段（$T_{8}$ ~ 1，低温）	R1 参数下标/科学记数法
97	2. **22Ne(α,n)25Mg**：He 燃烧阶段（T₈ ~ 3，高温）	2. **22Ne(α,n)25Mg**：He 燃烧阶段（$T_{8}$ ~ 3，高温）	R1 参数下标/科学记数法
117	- **nn = (4.1 ± 0.6)×10⁸ cm⁻³**（Toukan et al. 1995; Wisshak 4π BaF₂ 探测器）	- **nn = (4.1 ± 0.6)×$10^{8}$ cm⁻³**（Toukan et al. 1995; Wisshak 4π $BaF_{2}$ 探测器）	R1 参数下标/科学记数法
118	- 对比之前的估计 (3.4 ± 1.1)×10⁸ cm⁻³（Käppeler et al. 1990）	- 对比之前的估计 (3.4 ± 1.1)×$10^{8}$ cm⁻³（Käppeler et al. 1990）	R1 参数下标/科学记数法
124	| 147Nd/147Pm/148Pm | nn | (4.1±0.6)×10⁸ cm⁻³ | Toukan 1995 |	| 147Nd/147Pm/148Pm | nn | (4.1±0.6)×$10^{8}$ cm⁻³ | Toukan 1995 |	R1 参数下标/科学记数法
125	| 151Sm/154Eu | T₈ | 3.5 ± 0.4 | Wisshak 1995 |	| 151Sm/154Eu | $T_{8}$ | 3.5 ± 0.4 | Wisshak 1995 |	R1 参数下标/科学记数法
126	| 163Dy/163Ho | ρs | (6.5±3.5)×10³ g cm⁻³ | Jaag & Käppeler 1996 |	| 163Dy/163Ho | ρs | (6.5±3.5)×$10^{3}$ g cm⁻³ | Jaag & Käppeler 1996 |	R1 参数下标/科学记数法
127	| 176Lu | T₈ | 3.1 ± 0.6 | Klay 1991 |	| 176Lu | $T_{8}$ | 3.1 ± 0.6 | Klay 1991 |	R1 参数下标/科学记数法
128	| 121Sn/122Sb | T₈ | > 2.4 | Käppeler 1993 |	| 121Sn/122Sb | $T_{8}$ | > 2.4 | Käppeler 1993 |	R1 参数下标/科学记数法
129	| 134Cs | T₈ | 1.9 ± 0.3 (Voss 1994) / 1.7 ± 0.5 (Koehler 1996) | — |	| 134Cs | $T_{8}$ | 1.9 ± 0.3 (Voss 1994) / 1.7 ± 0.5 (Koehler 1996) | — |	R1 参数下标/科学记数法
133	- S-only 核截面需 ~1% 精度（传统技术限 4%）→ 4π BaF₂ 探测器 (Wisshak 1990) 达到	- S-only 核截面需 ~1% 精度（传统技术限 4%）→ 4π $BaF_{2}$ 探测器 (Wisshak 1990) 达到	R1 参数下标/科学记数法
144	5. **分支分析**给出 s 过程中子密度 (4.1±0.6)×10⁸ cm⁻³ 与温度 (T₈ ~ 3) 的自洽估计	5. **分支分析**给出 s 过程中子密度 (4.1±0.6)×$10^{8}$ cm⁻³ 与温度 ($T_{8}$ ~ 3) 的自洽估计	R1 参数下标/科学记数法
155	| s 过程中子密度 (147Nd 分支) | nn = (4.1±0.6)×10⁸ cm⁻³ |	| s 过程中子密度 (147Nd 分支) | nn = (4.1±0.6)×$10^{8}$ cm⁻³ |	R1 参数下标/科学记数法
156	| s 过程温度 (151Sm 分支) | T₈ = 3.5 ± 0.4 |	| s 过程温度 (151Sm 分支) | $T_{8}$ = 3.5 ± 0.4 |	R1 参数下标/科学记数法
157	| s 过程温度 (176Lu) | T₈ = 3.1 ± 0.6 |	| s 过程温度 (176Lu) | $T_{8}$ = 3.1 ± 0.6 |	R1 参数下标/科学记数法
158	| s 过程密度 | ρs = (6.5±3.5)×10³ g cm⁻³ |	| s 过程密度 | ρs = (6.5±3.5)×$10^{3}$ g cm⁻³ |	R1 参数下标/科学记数法
164	| H 燃烧补充 He 时间 | ~5×10⁴ yr |	| H 燃烧补充 He 时间 | ~5×$10^{4}$ yr |	R1 参数下标/科学记数法
48	- 银河系 SN II + Ib 率 10^(-1)/世纪 + 银河系 r 过程物质总量 >10⁴ M☉ → 每颗 SN 抛射量自洽	- 银河系 SN II + Ib 率 10^(-1)/世纪 + 银河系 r 过程物质总量 >$10^{4}$ M☉ → 每颗 SN 抛射量自洽	R1 参数下标/科学记数法
169	| r 过程抛射质量/颗 SN | ~10⁻⁵ M☉ |	| r 过程抛射质量/颗 SN | ~$10^{-5}$ M☉ |	R1 参数下标/科学记数法
170	| 银河系 SN II+Ib 率 | ~10⁻¹/世纪 |	| 银河系 SN II+Ib 率 | ~$10^{-1}$/世纪 |	R1 参数下标/科学记数法
171	| 银河系 r 过程物质总量 | > 10⁴ M☉ |	| 银河系 r 过程物质总量 | > $10^{4}$ M☉ |	R1 参数下标/科学记数法
14	1. **γ 过程 (γ process)**：超新星中高温 (T > 2–3×10⁹ K) 下的 (γ,n) 光致中子剥离反应	1. **γ 过程 (γ process)**：超新星中高温 (T > 2–3×$10^{9}$ K) 下的 (γ,n) 光致中子剥离反应	R1 参数下标/科学记数法
18	- 超新星爆炸时 T₉ > 2–3 的壳层中，高能光子从铁峰核中剥离中子	- 超新星爆炸时 $T_{9}$ > 2–3 的壳层中，高能光子从铁峰核中剥离中子	R1 参数下标/科学记数法
86	- 56Ni → β⁺ → 56Co (t₁/₂ = 6.1 d) → β⁺ → 56Fe (t₁/₂ = 77.3 d)	- 56Ni → β⁺ → 56Co ($t_{1}$/₂ = 6.1 d) → β⁺ → 56Fe ($t_{1}$/₂ = 77.3 d)	R1 参数下标/科学记数法
121	| γ 过程触发温度 | T₉ > 2–3 |	| γ 过程触发温度 | $T_{9}$ > 2–3 |	R1 参数下标/科学记数法
17	- C/O > 1（富碳星）：C₂, CN 分子带主导	- C/O > 1（富碳星）：$C_{2}$, CN 分子带主导	R1 参数下标/科学记数法
67	| **Tc 在 S 星** | Merrill 1952：99Tc 半衰期 10⁵–10⁶ yr → 必定新合成 | s 过程 |	| **Tc 在 S 星** | Merrill 1952：99Tc 半衰期 $10^{5}$–$10^{6}$ yr → 必定新合成 | s 过程 |	R1 参数下标/科学记数法
38	| 超风 (superwind) | AGB 星晚期（脉动周期 >400 天）的强烈星风，质量损失率 10⁻⁵–10⁻⁴ M☉/yr | 中频 | §02 |	| 超风 (superwind) | AGB 星晚期（脉动周期 >400 天）的强烈星风，质量损失率 $10^{-5}$–$10^{-4}$ M☉/yr | 中频 | §02 |	R1 参数下标/科学记数法
109	8. pp 反应 S₁₁ (Eq. 4)	8. pp 反应 $S_{11}$ (Eq. 4)	R1 参数下标/科学记数法
123	3. **4π BaF₂ 探测器**：将截面不确定度降至 1% 级别	3. **4π $BaF_{2}$ 探测器**：将截面不确定度降至 1% 级别	R1 参数下标/科学记数法
129	1. **S₃₄(0) 的保守估计**：通过增大不确定度因子 3.7 使 χ²/d.o.f. = 0.46	1. **$S_{34}$(0) 的保守估计**：通过增大不确定度因子 3.7 使 χ²/d.o.f. = 0.46	R1 参数下标/科学记数法
98	| **Figure 4** | p.67 | rp-process 反应路径：T9 = 0.3, ρ = 10³ g/cm³ |	| **Figure 4** | p.67 | rp-process 反应路径：T9 = 0.3, ρ = $10^{3}$ g/cm³ |	R1 参数下标/科学记数法
100	| **Figure 6** | p.70 | rp-process 反应路径：T9 = 0.4, ρ = 10⁴ g/cm³ |	| **Figure 6** | p.70 | rp-process 反应路径：T9 = 0.4, ρ = $10^{4}$ g/cm³ |	R1 参数下标/科学记数法
102	| **Figure 8** | p.72 | rp-process 反应路径：T9 = 1.5, ρ = 10⁶ g/cm³ |	| **Figure 8** | p.72 | rp-process 反应路径：T9 = 1.5, ρ = $10^{6}$ g/cm³ |	R1 参数下标/科学记数法
111	| 新星（CO 白矮星）峰值温度 | T9 = 0.1–0.2 (10⁸–2×10⁸ K) | §1.1 |	| 新星（CO 白矮星）峰值温度 | T9 = 0.1–0.2 ($10^{8}$–2×$10^{8}$ K) | §1.1 |	R1 参数下标/科学记数法
114	| 新星复发间隔 | 10³–10⁵ yr | §1.1 |	| 新星复发间隔 | $10^{3}$–$10^{5}$ yr | §1.1 |	R1 参数下标/科学记数法
115	| 新星触发核反应密度阈值 | ρ > 10³ g/cm³ | §1.1 |	| 新星触发核反应密度阈值 | ρ > $10^{3}$ g/cm³ | §1.1 |	R1 参数下标/科学记数法
116	| X 射线暴密度 | ρ = 10⁶–10⁸ g/cm³ | §1.2 |	| X 射线暴密度 | ρ = $10^{6}$–$10^{8}$ g/cm³ | §1.2 |	R1 参数下标/科学记数法
120	| 超新星激波加氢烧密度 | ρ = 10²–10⁴ g/cm³ | §1.3 |	| 超新星激波加氢烧密度 | ρ = $10^{2}$–$10^{4}$ g/cm³ | §1.3 |	R1 参数下标/科学记数法
134	| 26Al 半衰期 | 7.2×10⁵ yr | §4.3.2 |	| 26Al 半衰期 | 7.2×$10^{5}$ yr | §4.3.2 |	R1 参数下标/科学记数法
30	- **[FACT]** 典型吸积率 Ṁ = 10⁻⁹ M⊙/yr，落入物质扩散、冷却并达到简并。	- **[FACT]** 典型吸积率 Ṁ = $10^{-9}$ M⊙/yr，落入物质扩散、冷却并达到简并。	R1 参数下标/科学记数法
31	- **[FACT]** 当吸积层密度超过 **10³ g cm⁻³** 时，触发快速核反应（Ref. 8, 9）。	- **[FACT]** 当吸积层密度超过 **$10^{3}$ g cm⁻³** 时，触发快速核反应（Ref. 8, 9）。	R1 参数下标/科学记数法
39	- **[FACT]** 爆发间隔 **10³–10⁵ yr**。	- **[FACT]** 爆发间隔 **$10^{3}$–$10^{5}$ yr**。	R1 参数下标/科学记数法
45	- **[FACT]** 由于中子星引力势更深，核燃烧在**更高的密度 ρ = 10⁶–10⁸ g cm⁻³** 下启动，释放更多能量。	- **[FACT]** 由于中子星引力势更深，核燃烧在**更高的密度 ρ = $10^{6}$–$10^{8}$ g cm⁻³** 下启动，释放更多能量。	R1 参数下标/科学记数法
55	- **[FACT]** 25 M⊙ 恒星模型计算（Ref. 12，Arnould et al. 1980）显示：激波加氢烧 **持续 5–10 s**，峰值 **T9 = 0.2–1.0，ρ = 10²–10⁴ g cm⁻³**。	- **[FACT]** 25 M⊙ 恒星模型计算（Ref. 12，Arnould et al. 1980）显示：激波加氢烧 **持续 5–10 s**，峰值 **T9 = 0.2–1.0，ρ = $10^{2}$–$10^{4}$ g cm⁻³**。	R1 参数下标/科学记数法
62	| ρ (g cm⁻³) | >10³ 触发 | — | 10⁶–10⁸ | 10²–10⁴ |	| ρ (g cm⁻³) | >$10^{3}$ 触发 | — | $10^{6}$–$10^{8}$ | $10^{2}$–$10^{4}$ |	R1 参数下标/科学记数法
82	- 超新星激波加氢烧的 ρ = 10²–10⁴ g cm⁻³ 处于本文 §5.1–5.2 覆盖范围内，因此可直接对应 §5 的模型计算。	- 超新星激波加氢烧的 ρ = $10^{2}$–$10^{4}$ g cm⁻³ 处于本文 §5.1–5.2 覆盖范围内，因此可直接对应 §5 的模型计算。	R1 参数下标/科学记数法
19	**[FACT]** 考虑的产生场所温度为 **T₉ = 0.1–1.5**，密度为 **ρ = 10³–10⁸ g cm⁻³**。	**[FACT]** 考虑的产生场所温度为 **$T_{9}$ = 0.1–1.5**，密度为 **ρ = $10^{3}$–$10^{8}$ g cm⁻³**。	R1 参数下标/科学记数法
27	- 因此在 ¹²C(p,γ)¹³N 之后，**¹³N 的 β⁺ 衰变 (T₁/₂ = 9.97 min) 被 ¹³N(p,γ)¹⁴O 反应绕过**——这就是 **Hot CNO (HCNO)** 循环的起源 (13–17)。	- 因此在 ¹²C(p,γ)¹³N 之后，**¹³N 的 β⁺ 衰变 ($T_{1}$/₂ = 9.97 min) 被 ¹³N(p,γ)¹⁴O 反应绕过**——这就是 **Hot CNO (HCNO)** 循环的起源 (13–17)。	R1 参数下标/科学记数法
33	- **低温段**（T₉ ≲ 0.2）：	- **低温段**（$T_{9}$ ≲ 0.2）：	R1 参数下标/科学记数法
35	- **高温段**（T₉ ≳ 0.2）：	- **高温段**（$T_{9}$ ≳ 0.2）：	R1 参数下标/科学记数法
38	**[FACT]** 主循环内能量产生速率受限于 ¹⁴O 与 ¹⁵O 的 β⁺ 衰变（T₁/₂ = 71 s 和 122 s）——因此平衡时催化物质以 ¹⁴O、¹⁵O 形式存在，最终在 nova 抛射物中以 **¹⁴N、¹⁵N** 富集。	**[FACT]** 主循环内能量产生速率受限于 ¹⁴O 与 ¹⁵O 的 β⁺ 衰变（$T_{1}$/₂ = 71 s 和 122 s）——因此平衡时催化物质以 ¹⁴O、¹⁵O 形式存在，最终在 nova 抛射物中以 **¹⁴N、¹⁵N** 富集。	R1 参数下标/科学记数法
44	**[FACT]** 当温度升高到 **T₉ → 0.4**：	**[FACT]** 当温度升高到 **$T_{9}$ → 0.4**：	R1 参数下标/科学记数法
37	- 对 T₉ ≳ 1，涉及两个**假设共振** Ep = 710 和 1050 keV 的不确定贡献：	- 对 $T_{9}$ ≳ 1，涉及两个**假设共振** Ep = 710 和 1050 keV 的不确定贡献：	R1 参数下标/科学记数法
38	- 710 keV 态自旋宇称 J^π = 0⁻ → 至 ¹²C 基态或第一激发态的 α 发射**宇称禁戒**，不应作为 (p,α) 共振考虑。	- 710 keV 态自旋宇称 J^π = $0^{-}$ → 至 ¹²C 基态或第一激发态的 α 发射**宇称禁戒**，不应作为 (p,α) 共振考虑。	R1 参数下标/科学记数法
50	**[FACT]** 反应由 **¹⁴O 中单一 J^π = 1⁻ 共振的 s 波俘获**主导：	**[FACT]** 反应由 **¹⁴O 中单一 J^π = $1^{-}$ 共振的 s 波俘获**主导：	R1 参数下标/科学记数法
76	**[FACT]** 计算预言 3.1 × 10⁻⁵ ≲ Γ_γ/Γ ≲ 1.1 × 10⁻⁴——这个量级的**分支比测量非常困难**。	**[FACT]** 计算预言 3.1 × $10^{-5}$ ≲ Γ_γ/Γ ≲ 1.1 × $10^{-4}$——这个量级的**分支比测量非常困难**。	R1 参数下标/科学记数法
82	| Wang (40) ¹⁴N(⁴He,t)¹⁴O*(α₀)–γ 反冲符合 | Γ_γ/Γ ≲ 4.5 × 10⁻⁴ → Γ_γ ≲ 17 eV |	| Wang (40) ¹⁴N(⁴He,t)¹⁴O*(α₀)–γ 反冲符合 | Γ_γ/Γ ≲ 4.5 × $10^{-4}$ → Γ_γ ≲ 17 eV |	R1 参数下标/科学记数法
118	| 共振 J^π | 1⁻ (¹⁴O) |	| 共振 J^π | $1^{-}$ (¹⁴O) |	R1 参数下标/科学记数法
122	| ¹⁵N(p,α)¹²C 中 710 keV 态 | J^π = 0⁻，宇称禁戒 (p,α) |	| ¹⁵N(p,α)¹²C 中 710 keV 态 | J^π = $0^{-}$，宇称禁戒 (p,α) |	R1 参数下标/科学记数法
140	3. **[FACT]** ¹³N(p,γ)¹⁴O 反应率不确定度最终来自 Γ_γ——但 Γ_γ 的量级为 eV（Γ 为 keV），其**分支比 ~10⁻⁴** 是"核物理实验中的挑战量级"，直接测量困难解释了为何直到 1990 年代初才有可靠值。	3. **[FACT]** ¹³N(p,γ)¹⁴O 反应率不确定度最终来自 Γ_γ——但 Γ_γ 的量级为 eV（Γ 为 keV），其**分支比 ~$10^{-4}$** 是"核物理实验中的挑战量级"，直接测量困难解释了为何直到 1990 年代初才有可靠值。	R1 参数下标/科学记数法
34	**[INTERPRETATION]** 此处体现了核天体物理的"间接推理"范式：不稳定核（¹⁸Ne，T₁/₂ = 1.67 s）不能直接做靶，必须通过稳定核（¹⁸O）的类似态外推。	**[INTERPRETATION]** 此处体现了核天体物理的"间接推理"范式：不稳定核（¹⁸Ne，$T_{1}$/₂ = 1.67 s）不能直接做靶，必须通过稳定核（¹⁸O）的类似态外推。	R1 参数下标/科学记数法
38	**[FACT]** ¹⁴O 与 α 均为 **0⁺ 粒子** → 只有**自然宇称态**（natural-parity states）参与。	**[FACT]** ¹⁴O 与 α 均为 **$0^{+}$ 粒子** → 只有**自然宇称态**（natural-parity states）参与。	R1 参数下标/科学记数法
56	- 在此保留的前提下，新提出 **Ex = 6.13 MeV** 态（¹⁸O 中 Ex = 6.198 MeV, J^π = 1⁻ 的类比）。	- 在此保留的前提下，新提出 **Ex = 6.13 MeV** 态（¹⁸O 中 Ex = 6.198 MeV, J^π = $1^{-}$ 的类比）。	R1 参数下标/科学记数法
60	- 结论：反应率**几乎完全由两个 J^π = 1⁻ 共振决定**：	- 结论：反应率**几乎完全由两个 J^π = $1^{-}$ 共振决定**：	R1 参数下标/科学记数法
72	- 因此**最低 1⁻ 共振**被归到 **Ex = 6.30 MeV**（而非 Wiescher 的 6.13 MeV 新态）。	- 因此**最低 $1^{-}$ 共振**被归到 **Ex = 6.30 MeV**（而非 Wiescher 的 6.13 MeV 新态）。	R1 参数下标/科学记数法
80	| T₉ ≲ 0.35 | 新率比 (56) 大 **>100 倍** |	| $T_{9}$ ≲ 0.35 | 新率比 (56) 大 **>100 倍** |	R1 参数下标/科学记数法
81	| T₉ ≳ 0.6 | 新率比 (56) 小 **~3 倍** |	| $T_{9}$ ≳ 0.6 | 新率比 (56) 小 **~3 倍** |	R1 参数下标/科学记数法
83	**[FACT]** 低温差异主要源于 **J^π = 2⁺** 共振 **E_cm = 34 keV**（对应 Ex = 5.15 MeV）：	**[FACT]** 低温差异主要源于 **J^π = $2^{+}$** 共振 **E_cm = 34 keV**（对应 Ex = 5.15 MeV）：	R1 参数下标/科学记数法
93	**[FACT]** Funck & Langanke (59) 认为 (56) 使用了**过度简化的反应机制图像**；(59) 更依赖 ¹⁸Ne 的理论性质，但也忽略了一些实验输入——例如**最低 1⁻ 共振**用了计算的约化 α 宽度（而实验值存在，理论比实验大 3 倍，但最终对反应率影响很小）。	**[FACT]** Funck & Langanke (59) 认为 (56) 使用了**过度简化的反应机制图像**；(59) 更依赖 ¹⁸Ne 的理论性质，但也忽略了一些实验输入——例如**最低 $1^{-}$ 共振**用了计算的约化 α 宽度（而实验值存在，理论比实验大 3 倍，但最终对反应率影响很小）。	R1 参数下标/科学记数法
95	**[FACT]** **庆幸的是**，两者最大的分歧出现在 **T₉ ≲ 0.35**——此时 (α,p) 反应可能太慢，无法与 ¹⁴O 的 β 衰变竞争。	**[FACT]** **庆幸的是**，两者最大的分歧出现在 **$T_{9}$ ≲ 0.35**——此时 (α,p) 反应可能太慢，无法与 ¹⁴O 的 β 衰变竞争。	R1 参数下标/科学记数法
105	**[FACT]** A=18 系统中 T=1 态比较显示：**J^π = 3⁺** 态存在于 ¹⁸O (Ex = 5.38 MeV) 和 ¹⁸F (Ex = 6.16 MeV) 中，**但 ¹⁸Ne 中对应态尚未观测**（Figure 3）。	**[FACT]** A=18 系统中 T=1 态比较显示：**J^π = $3^{+}$** 态存在于 ¹⁸O (Ex = 5.38 MeV) 和 ¹⁸F (Ex = 6.16 MeV) 中，**但 ¹⁸Ne 中对应态尚未观测**（Figure 3）。	R1 参数下标/科学记数法
117	**[FACT]** 该态的自旋宇称（unnatural parity, 3⁺）通过直接两质子/两中子转移**禁戒布居**——只能通过更复杂的反应机制观测，如 ¹⁶O(⁶He,n)¹⁸Ne、²⁰Ne(p,t)¹⁸Ne。	**[FACT]** 该态的自旋宇称（unnatural parity, $3^{+}$）通过直接两质子/两中子转移**禁戒布居**——只能通过更复杂的反应机制观测，如 ¹⁶O(⁶He,n)¹⁸Ne、²⁰Ne(p,t)¹⁸Ne。	R1 参数下标/科学记数法
119	**[FACT]** Garcia et al. (64) 用 (⁶He,n) 在 Ex ≈ 4.5 MeV 附近观测到弱态，通过排除法认定为**缺失的 3⁺ 态**。	**[FACT]** Garcia et al. (64) 用 (⁶He,n) 在 Ex ≈ 4.5 MeV 附近观测到弱态，通过排除法认定为**缺失的 $3^{+}$ 态**。	R1 参数下标/科学记数法
125	**[FACT]** 基于实验确定的 3⁺ 共振位置，Garcia et al. (64) 的率**明显优于**早期估计 (63)，在所关心的温度下**低约 10 倍**。	**[FACT]** 基于实验确定的 $3^{+}$ 共振位置，Garcia et al. (64) 的率**明显优于**早期估计 (63)，在所关心的温度下**低约 10 倍**。	R1 参数下标/科学记数法
145	| ¹⁴O(α,p)¹⁷F 关键 1⁻ 共振 (56) | E_cm = 1.01, 1.94 MeV |	| ¹⁴O(α,p)¹⁷F 关键 $1^{-}$ 共振 (56) | E_cm = 1.01, 1.94 MeV |	R1 参数下标/科学记数法
146	| ¹⁴O(α,p)¹⁷F 关键 1⁻ 共振 (59) | 对应 Ex = 6.30 MeV |	| ¹⁴O(α,p)¹⁷F 关键 $1^{-}$ 共振 (59) | 对应 Ex = 6.30 MeV |	R1 参数下标/科学记数法
147	| ¹⁴O(α,p)¹⁷F 低温分歧 J^π=2⁺ | E_cm = 34 keV, Ex = 5.15 MeV |	| ¹⁴O(α,p)¹⁷F 低温分歧 J^π=$2^{+}$ | E_cm = 34 keV, Ex = 5.15 MeV |	R1 参数下标/科学记数法
150	| ¹⁷F(p,γ)¹⁸Ne 关键 3⁺ 共振 (预言) | Ex = 4.33 MeV, E_cm = 406 keV |	| ¹⁷F(p,γ)¹⁸Ne 关键 $3^{+}$ 共振 (预言) | Ex = 4.33 MeV, E_cm = 406 keV |	R1 参数下标/科学记数法
151	| ¹⁷F(p,γ)¹⁸Ne 关键 3⁺ 共振 (实验) | Ex = 4.561 ± 6 ± 7 MeV, E_cm = 639 keV |	| ¹⁷F(p,γ)¹⁸Ne 关键 $3^{+}$ 共振 (实验) | Ex = 4.561 ± 6 ± 7 MeV, E_cm = 639 keV |	R1 参数下标/科学记数法
166	↓ ¹⁷F(p,γ)¹⁸Ne 实验已定 3⁺ 态位置 → 修正反应率（低 10 倍）	↓ ¹⁷F(p,γ)¹⁸Ne 实验已定 $3^{+}$ 态位置 → 修正反应率（低 10 倍）	R1 参数下标/科学记数法
172	1. **[CRITIQUE]** ¹⁴O(α,p)¹⁷F 在 T₉ ≲ 0.35 时两种计算相差 >100 倍——但作者仅以"该温度下 β 衰变仍主导"回避。这一论证隐含**"我们不需要知道慢反应的准确值"**的假设，但若 nova 的局部 T₉ 恰好介于 0.3–0.4，该反应**可能正是切换 HCNO 与 rp-process 的关键**。	1. **[CRITIQUE]** ¹⁴O(α,p)¹⁷F 在 $T_{9}$ ≲ 0.35 时两种计算相差 >100 倍——但作者仅以"该温度下 β 衰变仍主导"回避。这一论证隐含**"我们不需要知道慢反应的准确值"**的假设，但若 nova 的局部 $T_{9}$ 恰好介于 0.3–0.4，该反应**可能正是切换 HCNO 与 rp-process 的关键**。	R1 参数下标/科学记数法
173	2. **[FACT]** ¹⁷F(p,γ)¹⁸Ne 的 3⁺ 态测量（Garcia 64）是**1991 年的新结果**，修正了之前的预言——这正好体现了本文作为"反应率状态综述"的价值：把最新实验结果整合进天体物理计算。	2. **[FACT]** ¹⁷F(p,γ)¹⁸Ne 的 $3^{+}$ 态测量（Garcia 64）是**1991 年的新结果**，修正了之前的预言——这正好体现了本文作为"反应率状态综述"的价值：把最新实验结果整合进天体物理计算。	R1 参数下标/科学记数法
65	**[FACT]** 遗憾：对 **T₉ ≲ 0.5**（504-keV 共振重要的温度区），**反应率不确定 ~2 倍**。	**[FACT]** 遗憾：对 **$T_{9}$ ≲ 0.5**（504-keV 共振重要的温度区），**反应率不确定 ~2 倍**。	R1 参数下标/科学记数法
67	**[FACT]** 测量 δ_ℓ 对此态是挑战（预期 ~10⁻⁴）；理解改善需**放射性束**。	**[FACT]** 测量 δ_ℓ 对此态是挑战（预期 ~$10^{-4}$）；理解改善需**放射性束**。	R1 参数下标/科学记数法
96	- ¹⁷F: **0.7%** 在第一激发态（T₉ = 1.5）	- ¹⁷F: **0.7%** 在第一激发态（$T_{9}$ = 1.5）	R1 参数下标/科学记数法
97	- ¹⁸F: **0.2%** 在第一激发态（T₉ = 1.5）	- ¹⁸F: **0.2%** 在第一激发态（$T_{9}$ = 1.5）	R1 参数下标/科学记数法
105	**[FACT]** 例如 **¹⁹Ne 在 T₉ = 0.5–1.5 时，有 1–47% 的时间处于第一激发态**。	**[FACT]** 例如 **¹⁹Ne 在 $T_{9}$ = 0.5–1.5 时，有 1–47% 的时间处于第一激发态**。	R1 参数下标/科学记数法
115	**[FACT]** 对**允许**和**一级禁戒**衰变，恒星/地球半衰期比**近似正比于 T₁/₂ / ρ** (72)。	**[FACT]** 对**允许**和**一级禁戒**衰变，恒星/地球半衰期比**近似正比于 $T_{1}$/₂ / ρ** (72)。	R1 参数下标/科学记数法
119	**[FACT]** 当密度 **ρ → 10⁵ g cm⁻³**（T₉ = 1）时，此效应变得重要。	**[FACT]** 当密度 **ρ → $10^{5}$ g cm⁻³**（$T_{9}$ = 1）时，此效应变得重要。	R1 参数下标/科学记数法
130	| ¹⁵O(α,γ)¹⁹Ne 低温（T₉≲0.5）不确定度 | 因子 2（504-keV 共振 δ_ℓ ~10⁻⁴ 未测） |	| ¹⁵O(α,γ)¹⁹Ne 低温（$T_{9}$≲0.5）不确定度 | 因子 2（504-keV 共振 δ_ℓ ~$10^{-4}$ 未测） |	R1 参数下标/科学记数法
133	| ¹⁷F 第一激发态布居 (T₉=1.5) | 0.7% |	| ¹⁷F 第一激发态布居 ($T_{9}$=1.5) | 0.7% |	R1 参数下标/科学记数法
134	| ¹⁸F 第一激发态布居 (T₉=1.5) | 0.2% |	| ¹⁸F 第一激发态布居 ($T_{9}$=1.5) | 0.2% |	R1 参数下标/科学记数法
135	| ¹⁹Ne 第一激发态布居 (T₉=0.5–1.5) | 1–47% |	| ¹⁹Ne 第一激发态布居 ($T_{9}$=0.5–1.5) | 1–47% |	R1 参数下标/科学记数法
137	| 恒星 β 半衰期修正（连续电子俘获）| ∝ T₁/₂/ρ |	| 恒星 β 半衰期修正（连续电子俘获）| ∝ $T_{1}$/₂/ρ |	R1 参数下标/科学记数法
146	↓ 但低 T₉ 段 504-keV 共振 δ_ℓ ~10⁻⁴ 测不到 → 因子 2 不确定度	↓ 但低 $T_{9}$ 段 504-keV 共振 δ_ℓ ~$10^{-4}$ 测不到 → 因子 2 不确定度	R1 参数下标/科学记数法
156	3. **[FACT]** ¹⁸F 的电子俘获分支比 3.1% 是**HCNO 中唯一受恒星环境影响的核**——这一结论在 1992 年具有诊断意义：当 nova 密度升至 10⁵ g/cm³ 时，¹⁸F 衰变通道改变，影响整个反应网络平衡。	3. **[FACT]** ¹⁸F 的电子俘获分支比 3.1% 是**HCNO 中唯一受恒星环境影响的核**——这一结论在 1992 年具有诊断意义：当 nova 密度升至 $10^{5}$ g/cm³ 时，¹⁸F 衰变通道改变，影响整个反应网络平衡。	R1 参数下标/科学记数法
60	**[FACT]** 测量激发能与预言 (18, 68) **对应性差** → 修正率 (79) 在 T₉ = 0.5 时约**比 (68) 大 100 倍**。	**[FACT]** 测量激发能与预言 (18, 68) **对应性差** → 修正率 (79) 在 $T_{9}$ = 0.5 时约**比 (68) 大 100 倍**。	R1 参数下标/科学记数法
62	**[FACT]** 巨大差异源于**两研究中使用的共振能量不同**——主贡献来自 **445 keV 共振 (Ex = 2.644 MeV)**，J^π = 1⁺ 由 (⁶He,t) 和 (p,n) 角分布推出。	**[FACT]** 巨大差异源于**两研究中使用的共振能量不同**——主贡献来自 **445 keV 共振 (Ex = 2.644 MeV)**，J^π = $1^{+}$ 由 (⁶He,t) 和 (p,n) 角分布推出。	R1 参数下标/科学记数法
76	**[FACT]** 该态被假设 (80, 82) 为 **²⁰F 中 3.173 MeV 粒子-空穴态 (J^π = 1⁺) 的类比**，共振参数来自该态的 (d,p) 谱因子和计算的 E1 强度。	**[FACT]** 该态被假设 (80, 82) 为 **²⁰F 中 3.173 MeV 粒子-空穴态 (J^π = $1^{+}$) 的类比**，共振参数来自该态的 (d,p) 谱因子和计算的 E1 强度。	R1 参数下标/科学记数法
84	**[FACT]** 近期 447-keV 共振的 **J^π = 1⁺ 指派受到质疑**：	**[FACT]** 近期 447-keV 共振的 **J^π = $1^{+}$ 指派受到质疑**：	R1 参数下标/科学记数法
86	- **Descouvemont & Baye (83)** 用**三聚体微观模型**预言 ²⁰F 中 3.173 MeV 态及其 ²⁰Na 类比态为 **J^π = 1⁻**。	- **Descouvemont & Baye (83)** 用**三聚体微观模型**预言 ²⁰F 中 3.173 MeV 态及其 ²⁰Na 类比态为 **J^π = $1^{-}$**。	R1 参数下标/科学记数法
87	- **B. A. Brown et al. (private comm.)** 基于**现有光谱信息与壳模型计算**，主张 **J^π = 0⁻** 更被偏爱。	- **B. A. Brown et al. (private comm.)** 基于**现有光谱信息与壳模型计算**，主张 **J^π = $0^{-}$** 更被偏爱。	R1 参数下标/科学记数法
89	**[FACT]** 若为真，反应率将**至少比接受值大 10 倍**——因 M1 衰变强度增强 vs. J^π = 1⁺ 时 E1 强度被抑制。	**[FACT]** 若为真，反应率将**至少比接受值大 10 倍**——因 M1 衰变强度增强 vs. J^π = $1^{+}$ 时 E1 强度被抑制。	R1 参数下标/科学记数法
95	**[FACT]** 该态在 ²⁰Mg β 衰变中未观测到布居 (84)，其类比态在 ²⁰O 衰变中也未观测到 (85)——这些结果**不允许确定 J^π 指派**，但若 J^π = 0⁻ 或 1⁻，结果**自然符合**。	**[FACT]** 该态在 ²⁰Mg β 衰变中未观测到布居 (84)，其类比态在 ²⁰O 衰变中也未观测到 (85)——这些结果**不允许确定 J^π 指派**，但若 J^π = $0^{-}$ 或 $1^{-}$，结果**自然符合**。	R1 参数下标/科学记数法
119	- **²²Na**: T₁/₂ = **2.61 yr**	- **²²Na**: $T_{1}$/₂ = **2.61 yr**	R1 参数下标/科学记数法
120	- **²⁶Al**: T₁/₂ = **7.2 × 10⁵ yr**	- **²⁶Al**: $T_{1}$/₂ = **7.2 × $10^{5}$ yr**	R1 参数下标/科学记数法
138	**[FACT]** 第二次 (96) **成功**：植入 ²²Na 靶，0.17–1.29 MeV 能区，用高灵敏 NaI + D₂O 探测器 (97)。	**[FACT]** 第二次 (96) **成功**：植入 ²²Na 靶，0.17–1.29 MeV 能区，用高灵敏 NaI + $D_{2}$O 探测器 (97)。	R1 参数下标/科学记数法
140	**[FACT]** 0.29 MeV 以上若干共振被观测，共振能量与转移研究导出值**极好一致** → **0.3 ≲ T₉ ≲ 1.5 范围内反应率精确计算**。	**[FACT]** 0.29 MeV 以上若干共振被观测，共振能量与转移研究导出值**极好一致** → **0.3 ≲ $T_{9}$ ≲ 1.5 范围内反应率精确计算**。	R1 参数下标/科学记数法
150	**[FACT]** 由此 **T₉ ≳ 0.15 的 (p,γ) 反应率被很好理解**。	**[FACT]** 由此 **$T_{9}$ ≳ 0.15 的 (p,γ) 反应率被很好理解**。	R1 参数下标/科学记数法
152	**[FACT]** 若干额外态被光谱学研究 (100–102) 识别，可能对 **T₉ < 0.15** 反应率有**大影响**。基于这些信息与壳模型计算的低温率计算**正在进行**（A. E. Champagne, private comm.）。	**[FACT]** 若干额外态被光谱学研究 (100–102) 识别，可能对 **$T_{9}$ < 0.15** 反应率有**大影响**。基于这些信息与壳模型计算的低温率计算**正在进行**（A. E. Champagne, private comm.）。	R1 参数下标/科学记数法
154	**[FACT]** **关键提醒**：所有工作仅涉及 **²⁶Al 基态**。当 **T₉ ≳ 0.4**，²⁶Al 在**基态与第一激发态**间达到**热平衡** (103)，**热激发的影响必须在最终反应率中估计**。	**[FACT]** **关键提醒**：所有工作仅涉及 **²⁶Al 基态**。当 **$T_{9}$ ≳ 0.4**，²⁶Al 在**基态与第一激发态**间达到**热平衡** (103)，**热激发的影响必须在最终反应率中估计**。	R1 参数下标/科学记数法
162	| ¹⁹Ne(p,γ)²⁰Na J^π 争议 | 1⁺(传统) vs 1⁻ vs 0⁻ |	| ¹⁹Ne(p,γ)²⁰Na J^π 争议 | $1^{+}$(传统) vs $1^{-}$ vs $0^{-}$ |	R1 参数下标/科学记数法
165	| ²⁶Al 半衰期 | 7.2 × 10⁵ yr |	| ²⁶Al 半衰期 | 7.2 × $10^{5}$ yr |	R1 参数下标/科学记数法
169	| ²⁶Al 第一激发态热平衡阈值 | T₉ ≳ 0.4 |	| ²⁶Al 第一激发态热平衡阈值 | $T_{9}$ ≳ 0.4 |	R1 参数下标/科学记数法
179	↓ ²⁶Al 的 T₉≳0.4 热激发态效应需额外考虑	↓ ²⁶Al 的 $T_{9}$≳0.4 热激发态效应需额外考虑	R1 参数下标/科学记数法
17	### 7.2.1 T₉ ≳ 0.5 反应流	### 7.2.1 $T_{9}$ ≳ 0.5 反应流	R1 参数下标/科学记数法
33	**[FACT]** ⁵⁶Ni 在地球上是短寿命的（T₁/₂ = **6.1 天**），但在**爆发短时标**内**本质稳定** → 可能是**超越 Fe-Ni 质量的重要链**。	**[FACT]** ⁵⁶Ni 在地球上是短寿命的（$T_{1}$/₂ = **6.1 天**），但在**爆发短时标**内**本质稳定** → 可能是**超越 Fe-Ni 质量的重要链**。	R1 参数下标/科学记数法
100	**[FACT]** 在 **T₉ < 1** 时，这些反应是**通向更重元素唯一可能链** → 称为**瓶颈**。	**[FACT]** 在 **$T_{9}$ < 1** 时，这些反应是**通向更重元素唯一可能链** → 称为**瓶颈**。	R1 参数下标/科学记数法
114	**[FACT]** 天体物理相关温度下反应率**完全由 E_cm = 568 keV (Ex = 2.142 MeV, J^π = 3⁺) 的 d 波共振贡献**决定。	**[FACT]** 天体物理相关温度下反应率**完全由 E_cm = 568 keV (Ex = 2.142 MeV, J^π = $3^{+}$) 的 d 波共振贡献**决定。	R1 参数下标/科学记数法
116	**[FACT]** 在此温度与 **ρ ≲ 10⁶ g cm⁻³** 下，³¹S 的 β 衰变**显著快于**质子俘获 → **此反应是通向重质量路径的瓶颈**。	**[FACT]** 在此温度与 **ρ ≲ $10^{6}$ g cm⁻³** 下，³¹S 的 β 衰变**显著快于**质子俘获 → **此反应是通向重质量路径的瓶颈**。	R1 参数下标/科学记数法
122	**[FACT]** 对 **T₉ ≲ 0.4**，不稳定奇偶 T = 1/2 核（²³Mg, ²⁷Si, ³¹S, ³⁵Ar, ³⁹Ca, ⁴³Ti）更可能 β 衰变至**奇偶 T = 1/2 核**（²³Na, ²⁷Al, ³¹P, ³⁵Cl, ³⁹K, ⁴³Sc），而非进一步反应。	**[FACT]** 对 **$T_{9}$ ≲ 0.4**，不稳定奇偶 T = 1/2 核（²³Mg, ²⁷Si, ³¹S, ³⁵Ar, ³⁹Ca, ⁴³Ti）更可能 β 衰变至**奇偶 T = 1/2 核**（²³Na, ²⁷Al, ³¹P, ³⁵Cl, ³⁹K, ⁴³Sc），而非进一步反应。	R1 参数下标/科学记数法
144	**[FACT]** **T₉ ≳ 0.2 时**，**大量 NeNa 物质通过 ²³Na(p,α)²⁰Ne 循环再循环**。	**[FACT]** **$T_{9}$ ≳ 0.2 时**，**大量 NeNa 物质通过 ²³Na(p,α)²⁰Ne 循环再循环**。	R1 参数下标/科学记数法
150	**[FACT]** **与 NeNa 循环相反**，MgAl 循环在 **T₉ = 0.2 时仅 0.1–1% 的时间循环**，更高温度 ~10% → **MgAl 循环中大部分物质被加工至更重质量**。	**[FACT]** **与 NeNa 循环相反**，MgAl 循环在 **$T_{9}$ = 0.2 时仅 0.1–1% 的时间循环**，更高温度 ~10% → **MgAl 循环中大部分物质被加工至更重质量**。	R1 参数下标/科学记数法
156	**[FACT]** **T₉ ≳ 0.4 两通道反应率可靠计算**。	**[FACT]** **$T_{9}$ ≳ 0.4 两通道反应率可靠计算**。	R1 参数下标/科学记数法
158	**[FACT]** 低温下，³²S 中 **Ex = 9.060 MeV (J^π = 0⁻ – 2⁻)** 态**未知自旋**引入**不确定**：	**[FACT]** 低温下，³²S 中 **Ex = 9.060 MeV (J^π = $0^{-}$ – $2^{-}$)** 态**未知自旋**引入**不确定**：	R1 参数下标/科学记数法
159	- 自然宇称 (1⁻) → ³¹P(p,α) 通道主导	- 自然宇称 ($1^{-}$) → ³¹P(p,α) 通道主导	R1 参数下标/科学记数法
160	- 非自然宇称 (0⁻, 2⁻) → α 通道关闭，仅 (p,γ) 通道强共振预期	- 非自然宇称 ($0^{-}$, $2^{-}$) → α 通道关闭，仅 (p,γ) 通道强共振预期	R1 参数下标/科学记数法
174	| ³¹S(p,γ)³²Cl 主导共振 | E_cm = 568 keV (Ex = 2.142 MeV, J^π = 3⁺) |	| ³¹S(p,γ)³²Cl 主导共振 | E_cm = 568 keV (Ex = 2.142 MeV, J^π = $3^{+}$) |	R1 参数下标/科学记数法
188	↓ ⁷²Kr (T₁/₂ = 17.2 s) 是最可能的等待点端点	↓ ⁷²Kr ($T_{1}$/₂ = 17.2 s) 是最可能的等待点端点	R1 参数下标/科学记数法
195	3. **[FACT]** 循环分支比 **b = (p,α)/(p,γ)** 是**温度强依赖**——这意味着**相同反应网络在不同 T₉ 下的产物可以完全不同**。这一点在 §5 网络计算中会被验证。	3. **[FACT]** 循环分支比 **b = (p,α)/(p,γ)** 是**温度强依赖**——这意味着**相同反应网络在不同 $T_{9}$ 下的产物可以完全不同**。这一点在 §5 网络计算中会被验证。	R1 参数下标/科学记数法
13	把前述反应率整合进**大规模反应网络**，对**三种典型天体物理条件**计算产物演化，得到 rp-process 的**端点核素**随 (T₉, ρ, t) 的变化。	把前述反应率整合进**大规模反应网络**，对**三种典型天体物理条件**计算产物演化，得到 rp-process 的**端点核素**随 ($T_{9}$, ρ, t) 的变化。	R1 参数下标/科学记数法
47	| 编号 | T₉ | ρ (g/cm³) | 时标 t | 对应天体物理事件 |	| 编号 | $T_{9}$ | ρ (g/cm³) | 时标 t | 对应天体物理事件 |	R1 参数下标/科学记数法
49	| (i)  | 0.3 | 10³       | 10 s   | 超新星激波 |	| (i)  | 0.3 | $10^{3}$       | 10 s   | 超新星激波 |	R1 参数下标/科学记数法
50	| (ii) | 0.4 | 10⁴       | 1000 s | 新星热失控 |	| (ii) | 0.4 | $10^{4}$       | 1000 s | 新星热失控 |	R1 参数下标/科学记数法
51	| (iii)| 1.5 | 10⁶       | 10 s   | X 射线暴热失控 |	| (iii)| 1.5 | $10^{6}$       | 10 s   | X 射线暴热失控 |	R1 参数下标/科学记数法
57	## 8.3 章节 5.1: Low Temperatures and Densities (T₉ = 0.3, ρ = 10³, t = 10 s)	## 8.3 章节 5.1: Low Temperatures and Densities ($T_{9}$ = 0.3, ρ = $10^{3}$, t = 10 s)	R1 参数下标/科学记数法
96	- 初始 ²⁰Ne 主要加工为 **²²Mg**，因长半衰期（T₁/₂ = **3.86 s**）**被禁闭**。	- 初始 ²⁰Ne 主要加工为 **²²Mg**，因长半衰期（$T_{1}$/₂ = **3.86 s**）**被禁闭**。	R1 参数下标/科学记数法
97	- 已有 ²⁴Mg 和 ²⁸Si 加工为 **²⁶Si (T₁/₂ = 2.23 s)** 和 **³⁰S (T₁/₂ = 1.18 s)**。	- 已有 ²⁴Mg 和 ²⁸Si 加工为 **²⁶Si ($T_{1}$/₂ = 2.23 s)** 和 **³⁰S ($T_{1}$/₂ = 1.18 s)**。	R1 参数下标/科学记数法
98	- 这些衰变导致 **³¹S (T₁/₂ = 2.57 s) 富集**。	- 这些衰变导致 **³¹S ($T_{1}$/₂ = 2.57 s) 富集**。	R1 参数下标/科学记数法
109	## 8.4 章节 5.2: Intermediate Temperatures and Densities (T₉ = 0.4, ρ = 10⁴, t = 1000 s)	## 8.4 章节 5.2: Intermediate Temperatures and Densities ($T_{9}$ = 0.4, ρ = $10^{4}$, t = 1000 s)	R1 参数下标/科学记数法
113	**[FACT]** 典型 nova 峰值 T₉ ~ 0.2 → 主 HCNO 主导。	**[FACT]** 典型 nova 峰值 $T_{9}$ ~ 0.2 → 主 HCNO 主导。	R1 参数下标/科学记数法
115	**[FACT]** **能量 nova (T₉ = 0.4)** → rp-process 也重要。	**[FACT]** **能量 nova ($T_{9}$ = 0.4)** → rp-process 也重要。	R1 参数下标/科学记数法
151	- **²⁰Ne** 在过程第 1 秒内耗尽 → 转换为 **²²Mg**（T₁/₂ = 3.86 s）。	- **²⁰Ne** 在过程第 1 秒内耗尽 → 转换为 **²²Mg**（$T_{1}$/₂ = 3.86 s）。	R1 参数下标/科学记数法
152	- 因 ²²Mg 可被 (p,γ) 破坏，**有效半衰期更短，T₁/₂,eff = 2.4 s**。	- 因 ²²Mg 可被 (p,γ) 破坏，**有效半衰期更短，$T_{1}$/₂,eff = 2.4 s**。	R1 参数下标/科学记数法
157	- 因 **⁵²Fe 长 β 衰变半衰期 (T₁/₂ = 8.28 h)** 与弱 ⁵²Fe(p,γ)⁵³Co 衰变率 → **⁵²Fe 是该条件下 rp-process 的端点**。	- 因 **⁵²Fe 长 β 衰变半衰期 ($T_{1}$/₂ = 8.28 h)** 与弱 ⁵²Fe(p,γ)⁵³Co 衰变率 → **⁵²Fe 是该条件下 rp-process 的端点**。	R1 参数下标/科学记数法
159	## 8.5 章节 5.3: High Temperatures and Densities (T₉ = 1.5, ρ = 10⁶, t = 10 s)	## 8.5 章节 5.3: High Temperatures and Densities ($T_{9}$ = 1.5, ρ = $10^{6}$, t = 10 s)	R1 参数下标/科学记数法
181	**[FACT]** 反应继续至 **⁶⁴Ge (T₁/₂ = 63.7 s)**——在爆发期间**本质稳定**。	**[FACT]** 反应继续至 **⁶⁴Ge ($T_{1}$/₂ = 63.7 s)**——在爆发期间**本质稳定**。	R1 参数下标/科学记数法
195	**[FACT]** 近期测量表明 **⁷³Rb 粒子未束缚** (110) → **rp-process 终止于 ⁷²Kr (T₁/₂ = 17.2 s)**。	**[FACT]** 近期测量表明 **⁷³Rb 粒子未束缚** (110) → **rp-process 终止于 ⁷²Kr ($T_{1}$/₂ = 17.2 s)**。	R1 参数下标/科学记数法
210	| 情形 | T₉ | ρ (g/cm³) | t (s) | 端点核 | 主要过程 |	| 情形 | $T_{9}$ | ρ (g/cm³) | t (s) | 端点核 | 主要过程 |	R1 参数下标/科学记数法
212	| (i) | 0.3 | 10³ | 10 (或 100) | **³²S** (或 ⁴⁰Ca) | 弱 rp-process |	| (i) | 0.3 | $10^{3}$ | 10 (或 100) | **³²S** (或 ⁴⁰Ca) | 弱 rp-process |	R1 参数下标/科学记数法
213	| (ii) | 0.4 | 10⁴ | 1000 | **⁵²Fe** | rp-process 完整段 |	| (ii) | 0.4 | $10^{4}$ | 1000 | **⁵²Fe** | rp-process 完整段 |	R1 参数下标/科学记数法
214	| (iii) | 1.5 | 10⁶ | 10 | **⁷²Kr** | rp-process + np-process 全开 |	| (iii) | 1.5 | $10^{6}$ | 10 | **⁷²Kr** | rp-process + np-process 全开 |	R1 参数下标/科学记数法
216	**[INTERPRETATION]** 端点核随 (T₉, ρ, t) **单调向更重质量移动**——这直观反映了**温度与密度对质子俘获速率的指数增强** + **np-process 在高温下跨越 β 等待点**的双重作用。	**[INTERPRETATION]** 端点核随 ($T_{9}$, ρ, t) **单调向更重质量移动**——这直观反映了**温度与密度对质子俘获速率的指数增强** + **np-process 在高温下跨越 β 等待点**的双重作用。	R1 参数下标/科学记数法
241	1. **[FACT]** **np-process**（§5.3）是 Woosley (73) 提出但**本文首次在 T₉=1.5 网络中显式包含**的过程——它是**rp-process 在 X 射线暴条件下能跨越 β 等待点**的关键机制。	1. **[FACT]** **np-process**（§5.3）是 Woosley (73) 提出但**本文首次在 $T_{9}$=1.5 网络中显式包含**的过程——它是**rp-process 在 X 射线暴条件下能跨越 β 等待点**的关键机制。	R1 参数下标/科学记数法
40	- HCNO 循环有**两个 β 等待点**：¹⁴O (T₁/₂ = 71 s) 和 ¹⁵O (T₁/₂ = 122 s)	- HCNO 循环有**两个 β 等待点**：¹⁴O ($T_{1}$/₂ = 71 s) 和 ¹⁵O ($T_{1}$/₂ = 122 s)	R1 参数下标/科学记数法
41	- 18Ne 处标注 **T₉ = 0.5** 为跳出 HCNO 的温度门槛	- 18Ne 处标注 **$T_{9}$ = 0.5** 为跳出 HCNO 的温度门槛	R1 参数下标/科学记数法
51	HCNO 循环是**中等温度**（T₉ = 0.1–0.4）下氢燃烧的主力；图展示了**如何"漏出"**进入 rp-process。	HCNO 循环是**中等温度**（$T_{9}$ = 0.1–0.4）下氢燃烧的主力；图展示了**如何"漏出"**进入 rp-process。	R1 参数下标/科学记数法
95	- **¹⁸O 中 Ex = 6.198 MeV, J^π = 1⁻** → 类比 ¹⁸Ne 中 Ex ~ 6.13 MeV	- **¹⁸O 中 Ex = 6.198 MeV, J^π = $1^{-}$** → 类比 ¹⁸Ne 中 Ex ~ 6.13 MeV	R1 参数下标/科学记数法
96	- **¹⁸O 中 Ex = 5.38 MeV, J^π = 3⁺** → 类比 ¹⁸Ne 中 Ex ~ 4.56 MeV（Garcia 64 实验确认）	- **¹⁸O 中 Ex = 5.38 MeV, J^π = $3^{+}$** → 类比 ¹⁸Ne 中 Ex ~ 4.56 MeV（Garcia 64 实验确认）	R1 参数下标/科学记数法
105	## 9.5 Figure 4 — rp-process Reaction Path at T₉ = 0.3, ρ = 10³（p. 67）	## 9.5 Figure 4 — rp-process Reaction Path at $T_{9}$ = 0.3, ρ = $10^{3}$（p. 67）	R1 参数下标/科学记数法
133	在 nova 的低 T₉ 情形下，rp-process 被**Se 严重阻碍**——NeNa 与 SiP 循环是主要"囚笼"。	在 nova 的低 $T_{9}$ 情形下，rp-process 被**Se 严重阻碍**——NeNa 与 SiP 循环是主要"囚笼"。	R1 参数下标/科学记数法
135	## 9.6 Figure 5 — Abundance Evolution at T₉ = 0.3（p. 68）	## 9.6 Figure 5 — Abundance Evolution at $T_{9}$ = 0.3（p. 68）	R1 参数下标/科学记数法
138	展示 T₉ = 0.3, ρ = 10³ 条件下 ²⁰Ne、²²Mg、³²S、⁴⁰Ca 同位素丰度随时间演化。	展示 $T_{9}$ = 0.3, ρ = $10^{3}$ 条件下 ²⁰Ne、²²Mg、³²S、⁴⁰Ca 同位素丰度随时间演化。	R1 参数下标/科学记数法
141	- 横轴：时间 (sec)，对数坐标 10⁻³ 至 10²	- 横轴：时间 (sec)，对数坐标 $10^{-3}$ 至 $10^{2}$	R1 参数下标/科学记数法
146	- ²²Mg（快速上升至峰值 ~10 s 后衰减，因 T₁/₂ = 3.86 s）	- ²²Mg（快速上升至峰值 ~10 s 后衰减，因 $T_{1}$/₂ = 3.86 s）	R1 参数下标/科学记数法
159	## 9.7 Figure 6 — rp-process Reaction Path at T₉ = 0.4, ρ = 10⁴（p. 70）	## 9.7 Figure 6 — rp-process Reaction Path at $T_{9}$ = 0.4, ρ = $10^{4}$（p. 70）	R1 参数下标/科学记数法
175	**⁵²Fe**（T₁/₂ = 8.28 h，弱 ⁵²Fe(p,γ)⁵³Co 衰变率）	**⁵²Fe**（$T_{1}$/₂ = 8.28 h，弱 ⁵²Fe(p,γ)⁵³Co 衰变率）	R1 参数下标/科学记数法
180	## 9.8 Figure 7 — Abundance Evolution at T₉ = 0.4（p. 71）	## 9.8 Figure 7 — Abundance Evolution at $T_{9}$ = 0.4（p. 71）	R1 参数下标/科学记数法
194	- ²²Mg 有效半衰期 T₁/₂,eff = 2.4 s（因 (p,γ) 破坏）	- ²²Mg 有效半衰期 $T_{1}$/₂,eff = 2.4 s（因 (p,γ) 破坏）	R1 参数下标/科学记数法
195	- ⁵²Fe 为最终端点（T₁/₂ = 8.28 h）	- ⁵²Fe 为最终端点（$T_{1}$/₂ = 8.28 h）	R1 参数下标/科学记数法
200	## 9.9 Figure 8 — rp-process Reaction Path at T₉ = 1.5, ρ = 10⁶（p. 72）	## 9.9 Figure 8 — rp-process Reaction Path at $T_{9}$ = 1.5, ρ = $10^{6}$（p. 72）	R1 参数下标/科学记数法
219	**⁷²Kr**（T₁/₂ = 17.2 s）	**⁷²Kr**（$T_{1}$/₂ = 17.2 s）	R1 参数下标/科学记数法
224	## 9.10 Figure 9 — Abundance Evolution at T₉ = 1.5（p. 73）	## 9.10 Figure 9 — Abundance Evolution at $T_{9}$ = 1.5（p. 73）	R1 参数下标/科学记数法
227	- 横轴：时间 (sec)，对数坐标 10⁻¹ 至 10²	- 横轴：时间 (sec)，对数坐标 $10^{-1}$ 至 $10^{2}$	R1 参数下标/科学记数法
228	- 纵轴：同位素丰度（对数，10⁰ 至 10⁻⁸）	- 纵轴：同位素丰度（对数，$10^{0}$ 至 $10^{-8}$）	R1 参数下标/科学记数法
250	| Fig 1 | HCNO 循环 | 粗/细/虚箭头区分温度路径；标 T₉ = 0.5 跳出点 |	| Fig 1 | HCNO 循环 | 粗/细/虚箭头区分温度路径；标 $T_{9}$ = 0.5 跳出点 |	R1 参数下标/科学记数法
253	| Fig 4 | T₉=0.3 反应流 | NeNa + SiP 循环；端点 ³²S/⁴⁰Ca |	| Fig 4 | $T_{9}$=0.3 反应流 | NeNa + SiP 循环；端点 ³²S/⁴⁰Ca |	R1 参数下标/科学记数法
254	| Fig 5 | T₉=0.3 丰度 | ²²Mg, ³²S, ⁴⁰Ca 时间演化 |	| Fig 5 | $T_{9}$=0.3 丰度 | ²²Mg, ³²S, ⁴⁰Ca 时间演化 |	R1 参数下标/科学记数法
255	| Fig 6 | T₉=0.4 反应流 | ²²Mg 分叉；绕过循环；端点 ⁵²Fe |	| Fig 6 | $T_{9}$=0.4 反应流 | ²²Mg 分叉；绕过循环；端点 ⁵²Fe |	R1 参数下标/科学记数法
256	| Fig 7 | T₉=0.4 丰度 | ²²Mg eff=2.4s；³⁴Ar, ⁴⁰Ca, ⁵²Fe 演化 |	| Fig 7 | $T_{9}$=0.4 丰度 | ²²Mg eff=2.4s；³⁴Ar, ⁴⁰Ca, ⁵²Fe 演化 |	R1 参数下标/科学记数法
257	| Fig 8 | T₉=1.5 反应流 | 完整 np-process + rp-process；端点 ⁷²Kr |	| Fig 8 | $T_{9}$=1.5 反应流 | 完整 np-process + rp-process；端点 ⁷²Kr |	R1 参数下标/科学记数法
258	| Fig 9 | T₉=1.5 丰度 | ³⁴Ar, ³⁸Ca, ⁵⁵,⁵⁶Ni, ⁶⁴Ge, ⁷²Kr 时序 |	| Fig 9 | $T_{9}$=1.5 丰度 | ³⁴Ar, ³⁸Ca, ⁵⁵,⁵⁶Ni, ⁶⁴Ge, ⁷²Kr 时序 |	R1 参数下标/科学记数法
69	| 64 | Garcia et al. PR C43:2012–19 (1991) | ¹⁸Ne 中 3⁺ 态 (Ex=4.561 MeV) |	| 64 | Garcia et al. PR C43:2012–19 (1991) | ¹⁸Ne 中 $3^{+}$ 态 (Ex=4.561 MeV) |	R1 参数下标/科学记数法
26	| thus | adv. | 因果 | 从而 | "the 447-keV resonance may be J^π=1⁻ or 0⁻, **thus** the rate is uncertain by several orders of magnitude." |	| thus | adv. | 因果 | 从而 | "the 447-keV resonance may be J^π=$1^{-}$ or $0^{-}$, **thus** the rate is uncertain by several orders of magnitude." |	R1 参数下标/科学记数法
41	| hot CNO (HCNO) cycles | 热 CNO 循环 | 当 T₉ ≳ 0.2 时 ¹³N(p,γ)¹⁴O 绕过 ¹³N β⁺ 衰变、¹⁵O(α,γ) 等 α 分支打开，CNO 循环以高温变体运作 | §2.1 |	| hot CNO (HCNO) cycles | 热 CNO 循环 | 当 $T_{9}$ ≳ 0.2 时 ¹³N(p,γ)¹⁴O 绕过 ¹³N β⁺ 衰变、¹⁵O(α,γ) 等 α 分支打开，CNO 循环以高温变体运作 | §2.1 |	R1 参数下标/科学记数法
44	| T₉ | 以 10⁹ K 为单位的温度 | T₉ = T / 10⁹ K；新星 T₉≈0.1–0.5，XRB T₉≈0.7–1.5 | §1.1 |	| $T_{9}$ | 以 $10^{9}$ K 为单位的温度 | $T_{9}$ = T / $10^{9}$ K；新星 $T_{9}$≈0.1–0.5，XRB $T_{9}$≈0.7–1.5 | §1.1 |	R1 参数下标/科学记数法
55	| bottleneck reaction | 瓶颈反应 | 在 T₉ < 1 时通向更重元素唯一链路的奇偶 T=1/2 核 (p,γ) | §4.5.3 |	| bottleneck reaction | 瓶颈反应 | 在 $T_{9}$ < 1 时通向更重元素唯一链路的奇偶 T=1/2 核 (p,γ) | §4.5.3 |	R1 参数下标/科学记数法
66	| X-ray burst (XRB) | X 射线暴 | 中子星表面吸积物质简并条件下点燃的热核爆发，ρ=10⁶–10⁸ g/cm³ | §1.2 |	| X-ray burst (XRB) | X 射线暴 | 中子星表面吸积物质简并条件下点燃的热核爆发，ρ=$10^{6}$–$10^{8}$ g/cm³ | §1.2 |	R1 参数下标/科学记数法
82	> "If the rp-process proceeds for less than 17 s, it will terminate at **⁷²Kr (T₁/₂ = 17.2 s)**, whose half-life imposes a **time gate** on whether the process can reach the A ≈ 70 region."	> "If the rp-process proceeds for less than 17 s, it will terminate at **⁷²Kr ($T_{1}$/₂ = 17.2 s)**, whose half-life imposes a **time gate** on whether the process can reach the A ≈ 70 region."	R1 参数下标/科学记数法
86	**翻译**：若 rp-过程持续时间不足 17 s，它将终止于 ⁷²Kr（T₁/₂ = 17.2 s），该核素的半衰期构成一个"时间门"，决定了过程能否到达 A≈70 区域。	**翻译**：若 rp-过程持续时间不足 17 s，它将终止于 ⁷²Kr（$T_{1}$/₂ = 17.2 s），该核素的半衰期构成一个"时间门"，决定了过程能否到达 A≈70 区域。	R1 参数下标/科学记数法
89	> "At **T₉ = 1.5**, the reaction flow proceeds continuously from **⁴He to ⁷³Kr** via a combination of **proton captures** and **beta decays** near the proton drip line, **until** the path is halted by the particle-unbound nature of **⁷³Rb**."	> "At **$T_{9}$ = 1.5**, the reaction flow proceeds continuously from **⁴He to ⁷³Kr** via a combination of **proton captures** and **beta decays** near the proton drip line, **until** the path is halted by the particle-unbound nature of **⁷³Rb**."	R1 参数下标/科学记数法
92	**修饰**：At T₉=1.5 条件状语；via a combination of … 方式状语；until … 时间状语从句给出终止条件	**修饰**：At $T_{9}$=1.5 条件状语；via a combination of … 方式状语；until … 时间状语从句给出终止条件	R1 参数下标/科学记数法
93	**翻译**：在 T₉ = 1.5 下，反应流从 ⁴He 连续推进至 ⁷³Kr，途经质子滴线附近的质子俘获与 β 衰变组合，直至 ⁷³Rb 的粒子未束缚性质阻断路径。	**翻译**：在 $T_{9}$ = 1.5 下，反应流从 ⁴He 连续推进至 ⁷³Kr，途经质子滴线附近的质子俘获与 β 衰变组合，直至 ⁷³Rb 的粒子未束缚性质阻断路径。	R1 参数下标/科学记数法
13	**[FACT]** 爆炸性氢燃烧主要发生在 nova、X 射线暴和超新星激波外层三类天体事件中，由 **Hot CNO 循环**（T₉ ≲ 0.4）和 **rp-process**（T₉ ≳ 0.4）两条反应链主导；1992 年时除 ¹³N(p,γ)¹⁴O 外，绝大多数关键反应率仍不确定 5–1000 倍，**核合成计算"如同在沙上建塔"**。	**[FACT]** 爆炸性氢燃烧主要发生在 nova、X 射线暴和超新星激波外层三类天体事件中，由 **Hot CNO 循环**（$T_{9}$ ≲ 0.4）和 **rp-process**（$T_{9}$ ≳ 0.4）两条反应链主导；1992 年时除 ¹³N(p,γ)¹⁴O 外，绝大多数关键反应率仍不确定 5–1000 倍，**核合成计算"如同在沙上建塔"**。	R1 参数下标/科学记数法
20	4. rp-process 的**端点核素**在何种 (T₉, ρ, t) 条件下达到？	4. rp-process 的**端点核素**在何种 ($T_{9}$, ρ, t) 条件下达到？	R1 参数下标/科学记数法
28	- **大规模核反应网络**：216 核素 + 946 反应；三情形（T₉ = 0.3, 0.4, 1.5；ρ = 10³, 10⁴, 10⁶；t = 10, 1000, 10 s）	- **大规模核反应网络**：216 核素 + 946 反应；三情形（$T_{9}$ = 0.3, 0.4, 1.5；ρ = $10^{3}$, $10^{4}$, $10^{6}$；t = 10, 1000, 10 s）	R1 参数下标/科学记数法
37	| ¹⁵O(α,γ)¹⁹Ne | 实验率 | **因子 2**（T₉≲0.5） | 可用 |	| ¹⁵O(α,γ)¹⁹Ne | 实验率 | **因子 2**（$T_{9}$≲0.5） | 可用 |	R1 参数下标/科学记数法
44	| 情形 | T₉ | ρ (g/cm³) | t | 端点 |	| 情形 | $T_{9}$ | ρ (g/cm³) | t | 端点 |	R1 参数下标/科学记数法
46	| (i) SN 激波 | 0.3 | 10³ | 10 (或 100) s | **³²S** (或 ⁴⁰Ca) |	| (i) SN 激波 | 0.3 | $10^{3}$ | 10 (或 100) s | **³²S** (或 ⁴⁰Ca) |	R1 参数下标/科学记数法
47	| (ii) 极端 nova | 0.4 | 10⁴ | 1000 s | **⁵²Fe** |	| (ii) 极端 nova | 0.4 | $10^{4}$ | 1000 s | **⁵²Fe** |	R1 参数下标/科学记数法
48	| (iii) X 射线暴 | 1.5 | 10⁶ | 10 s | **⁷²Kr** |	| (iii) X 射线暴 | 1.5 | $10^{6}$ | 10 s | **⁷²Kr** |	R1 参数下标/科学记数法
52	1. **等待点 (Waiting Points)**：质子滴线 → β 衰变等待（⁷²Kr, T₁/₂ = 17.2 s 是最终门）	1. **等待点 (Waiting Points)**：质子滴线 → β 衰变等待（⁷²Kr, $T_{1}$/₂ = 17.2 s 是最终门）	R1 参数下标/科学记数法
61	3. **rp-process 端点核素**随 (T₉, ρ, t) 的依赖关系被清晰建立：³²S → ⁵²Fe → ⁷²Kr。	3. **rp-process 端点核素**随 ($T_{9}$, ρ, t) 的依赖关系被清晰建立：³²S → ⁵²Fe → ⁷²Kr。	R1 参数下标/科学记数法
76	2. **[FACT]** HCNO 循环由 **¹³N(p,γ)¹⁴O 绕过 β 衰变** 触发（13N T₁/₂ = 9.97 min）。	2. **[FACT]** HCNO 循环由 **¹³N(p,γ)¹⁴O 绕过 β 衰变** 触发（13N $T_{1}$/₂ = 9.97 min）。	R1 参数下标/科学记数法
81	7. **[FACT]** ⁷²Kr (T₁/₂ = 17.2 s) 是 rp-process 的最可能端点（因 ⁷³Rb 质子未束缚）。	7. **[FACT]** ⁷²Kr ($T_{1}$/₂ = 17.2 s) 是 rp-process 的最可能端点（因 ⁷³Rb 质子未束缚）。	R1 参数下标/科学记数法
82	8. **[FACT]** 三种典型条件下端点核素：**³²S** (T₉=0.3) → **⁵²Fe** (T₉=0.4) → **⁷²Kr** (T₉=1.5)。	8. **[FACT]** 三种典型条件下端点核素：**³²S** ($T_{9}$=0.3) → **⁵²Fe** ($T_{9}$=0.4) → **⁷²Kr** ($T_{9}$=1.5)。	R1 参数下标/科学记数法
84	10. **[FACT]** 实验室 vs 恒星反应率差异：**激发态布居**（¹⁹Ne 在 T₉=0.5–1.5 时 1–47% 在第一激发态）和**电子俘获增强**（¹⁸F 分支比 3.1%，ρ > 10⁵ g/cm³ 时重要）。	10. **[FACT]** 实验室 vs 恒星反应率差异：**激发态布居**（¹⁹Ne 在 $T_{9}$=0.5–1.5 时 1–47% 在第一激发态）和**电子俘获增强**（¹⁸F 分支比 3.1%，ρ > $10^{5}$ g/cm³ 时重要）。	R1 参数下标/科学记数法
85	11. **[FACT]** 循环分支比 b = (p,α)/(p,γ) 决定"循环锁住 vs 逃逸"：NeNa 循环在 T₉≳0.2 大量再循环，MgAl 循环仅 0.1–1% 再循环。	11. **[FACT]** 循环分支比 b = (p,α)/(p,γ) 决定"循环锁住 vs 逃逸"：NeNa 循环在 $T_{9}$≳0.2 大量再循环，MgAl 循环仅 0.1–1% 再循环。	R1 参数下标/科学记数法
150	↓ 三类场所的 (T₉, ρ, t) 参数	↓ 三类场所的 ($T_{9}$, ρ, t) 参数	R1 参数下标/科学记数法
154	↓ T₉ ≳ 0.4 → HCNO 跳出 → rp-process	↓ $T_{9}$ ≳ 0.4 → HCNO 跳出 → rp-process	R1 参数下标/科学记数法
173	↓ ⁷²Kr (T₁/₂ = 17.2 s) 最可能端点	↓ ⁷²Kr ($T_{1}$/₂ = 17.2 s) 最可能端点	R1 参数下标/科学记数法
176	T₉=0.3, ρ=10³ → 端点 ³²S / ⁴⁰Ca	$T_{9}$=0.3, ρ=$10^{3}$ → 端点 ³²S / ⁴⁰Ca	R1 参数下标/科学记数法
177	T₉=0.4, ρ=10⁴ → 端点 ⁵²Fe	$T_{9}$=0.4, ρ=$10^{4}$ → 端点 ⁵²Fe	R1 参数下标/科学记数法
178	T₉=1.5, ρ=10⁶ → 端点 ⁷²Kr	$T_{9}$=1.5, ρ=$10^{6}$ → 端点 ⁷²Kr	R1 参数下标/科学记数法
85	- §3.1 Computational Methods and Nomenclature（CONDOR 代码，式 7–15；p = 10⁻⁴ bar）	- §3.1 Computational Methods and Nomenclature（CONDOR 代码，式 7–15；p = $10^{-4}$ bar）	R1 参数下标/科学记数法
115	- 原始（protosolar）质量分数：**X₀ = 0.7110 ± 0.0040, Y₀ = 0.2741 ± 0.0120, Z₀ = 0.0149 ± 0.0015**，X₀/Z₀ = 0.0210	- 原始（protosolar）质量分数：**$X_{0}$ = 0.7110 ± 0.0040, $Y_{0}$ = 0.2741 ± 0.0120, $Z_{0}$ = 0.0149 ± 0.0015**，$X_{0}$/$Z_{0}$ = 0.0210	R1 参数下标/科学记数法
119	[FACT] 使用自洽的原始太阳丰度与CONDOR代码，在总压 10⁻⁴ bar 下重算全部 83 种天然元素的**初始冷凝温度**与**50% 冷凝温度**，按挥发性分为：	[FACT] 使用自洽的原始太阳丰度与CONDOR代码，在总压 $10^{-4}$ bar 下重算全部 83 种天然元素的**初始冷凝温度**与**50% 冷凝温度**，按挥发性分为：	R1 参数下标/科学记数法
130	[FACT] 冰的冷凝温度受动力学效应强烈影响：H₂O 平衡冷凝 182 K（Model A/B）；CH₄·7H₂O 78 K → CH₄ 41 K（平衡）或石墨 626 K（动力学 Model A）；NH₃·H₂O 131 K 或 N₂·7H₂O 58 K。	[FACT] 冰的冷凝温度受动力学效应强烈影响：$H_{2}$O 平衡冷凝 182 K（Model A/B）；$CH_{4}$·7$H_{2}$O 78 K → $CH_{4}$ 41 K（平衡）或石墨 626 K（动力学 Model A）；$NH_{3}$·$H_{2}$O 131 K 或 $N_{2}$·7$H_{2}$O 58 K。	R1 参数下标/科学记数法
67	3. 提出沉降问题，为§ 2.3.1.1 中利用 SSM 重算 Y₀/Z₀ 埋下伏笔。	3. 提出沉降问题，为§ 2.3.1.1 中利用 SSM 重算 $Y_{0}$/$Z_{0}$ 埋下伏笔。	R1 参数下标/科学记数法
20	其中 n(H) = 10¹² 为定义。	其中 n(H) = $10^{12}$ 为定义。	R1 参数下标/科学记数法
143	[FACT] **原始太阳 (Z₀/X₀)** 与大气 (Z/X) 关系：	[FACT] **原始太阳 ($Z_{0}$/$X_{0}$)** 与大气 (Z/X) 关系：	R1 参数下标/科学记数法
145	→ Z₀/X₀ = 0.0210 ± 0.0021	→ $Z_{0}$/$X_{0}$ = 0.0210 ± 0.0021	R1 参数下标/科学记数法
147	[FACT] **原始 Y₀** 与大气 Y 关系：	[FACT] **原始 $Y_{0}$** 与大气 Y 关系：	R1 参数下标/科学记数法
149	→ **Y₀ = 0.2741 ± 0.0120**，X₀ = 0.7110，Z₀ = 0.0149	→ **$Y_{0}$ = 0.2741 ± 0.0120**，$X_{0}$ = 0.7110，$Z_{0}$ = 0.0149	R1 参数下标/科学记数法
194	[FACT] CI 中惰性气体与大气相比按质量递减亏损：Xe 亏损 ~10⁴ 倍，Ne 亏损 ~10⁹ 倍；不能用陨石精炼大气惰性气体。	[FACT] CI 中惰性气体与大气相比按质量递减亏损：Xe 亏损 ~$10^{4}$ 倍，Ne 亏损 ~$10^{9}$ 倍；不能用陨石精炼大气惰性气体。	R1 参数下标/科学记数法
254	[FACT] 表 2 的宇宙化学标尺上，除 H、He 外，所有元素 A(El)₀ = A(El)（因为归一化到 Si = 10⁶，Si 是重元素，已吸收分馏）；**差异表现在 H₀ ≈ 0.84 × H（大气 H 偏少）与 He₀ ≈ 1.02 × He（大气 He 偏少）**。	[FACT] 表 2 的宇宙化学标尺上，除 H、He 外，所有元素 A(El)₀ = A(El)（因为归一化到 Si = $10^{6}$，Si 是重元素，已吸收分馏）；**差异表现在 $H_{0}$ ≈ 0.84 × H（大气 H 偏少）与 $He_{0}$ ≈ 1.02 × He（大气 He 偏少）**。	R1 参数下标/科学记数法
268	- **H**：D/H = 1.94 ± 0.39 × 10⁻⁵	- **H**：D/H = 1.94 ± 0.39 × $10^{-5}$	R1 参数下标/科学记数法
269	- **He**：³He/⁴He = 1.66 ± 0.05 × 10⁻⁴（Jupiter 大气作为 protosolar 代表）	- **He**：³He/⁴He = 1.66 ± 0.05 × $10^{-4}$（Jupiter 大气作为 protosolar 代表）	R1 参数下标/科学记数法
281	→ 方法：SSM 标度（Boothroyd & Sackmann 2003）从 Z/X 推导 Y、Y₀、Z₀	→ 方法：SSM 标度（Boothroyd & Sackmann 2003）从 Z/X 推导 Y、$Y_{0}$、$Z_{0}$	R1 参数下标/科学记数法
291	[CRITIQUE] **Boothroyd & Sackmann (2003) 标度的外推**：作者承认 0.0177 的 Z/X 低于大多数 SSM 校准下限，因此使用模型 29–31 的线性外推；拟合系数 ±0.0818 在 Z/X 项上贡献约 0.0015，主导 Y₀ 的不确定度。	[CRITIQUE] **Boothroyd & Sackmann (2003) 标度的外推**：作者承认 0.0177 的 Z/X 低于大多数 SSM 校准下限，因此使用模型 29–31 的线性外推；拟合系数 ±0.0818 在 Z/X 项上贡献约 0.0015，主导 $Y_{0}$ 的不确定度。	R1 参数下标/科学记数法
10	作者介绍 CONDOR 化学平衡代码的计算原理、两种冷凝温度的定义（appearance condensation temperature vs 50% condensation temperature），以及关键数学框架。所有计算都在总压 **p = 10⁻⁴ bar** 下进行——这是 1 AU 附近太阳星云的特征总压。	作者介绍 CONDOR 化学平衡代码的计算原理、两种冷凝温度的定义（appearance condensation temperature vs 50% condensation temperature），以及关键数学框架。所有计算都在总压 **p = $10^{-4}$ bar** 下进行——这是 1 AU 附近太阳星云的特征总压。	R1 参数下标/科学记数法
41	（实际分母还包含 CO、H₂O、N₂、Ne、离子等，但作者为清晰略去）	（实际分母还包含 CO、$H_{2}$O、$N_{2}$、Ne、离子等，但作者为清晰略去）	R1 参数下标/科学记数法
54	[FACT] **CONDOR 中 Al 的质量平衡求和实际包含 ~80 种含 Al 气体**，最重要的有 Al、AlOH，其次 Al₂O、AlH、AlF、AlCl。	[FACT] **CONDOR 中 Al 的质量平衡求和实际包含 ~80 种含 Al 气体**，最重要的有 Al、AlOH，其次 $Al_{2}$O、AlH、AlF、AlCl。	R1 参数下标/科学记数法
60	[FACT] 迭代求解所有元素耦合非线性方程组；**收敛要求：每个元素计算丰度与输入丰度一致到 1 part in 10¹⁵**。	[FACT] 迭代求解所有元素耦合非线性方程组；**收敛要求：每个元素计算丰度与输入丰度一致到 1 part in $10^{15}$**。	R1 参数下标/科学记数法
80	### 3.4.7 氧逸度 fO₂ 的表达式（式 12）	### 3.4.7 氧逸度 $fO_{2}$ 的表达式（式 12）	R1 参数下标/科学记数法
85	[FACT] 因太阳 O/C ≈ 2、O/Si ≈ 14，SiO 对 fO₂ 的贡献远小于 CO 和 H₂O；**H₂O/H₂ 比是 fO₂ 的便捷代理**。	[FACT] 因太阳 O/C ≈ 2、O/Si ≈ 14，SiO 对 $fO_{2}$ 的贡献远小于 CO 和 $H_{2}$O；**$H_{2}$O/$H_{2}$ 比是 $fO_{2}$ 的便捷代理**。	R1 参数下标/科学记数法
87	[FACT] 本文 H₂O/H₂ ≈ **5.0 × 10⁻⁴**，约为 Anders & Grevesse (1989) 值（9.2 × 10⁻⁴）的一半 → **新 fO₂ 更低 → 所有氧化物/硅酸盐冷凝温度降低**。	[FACT] 本文 $H_{2}$O/$H_{2}$ ≈ **5.0 × $10^{-4}$**，约为 Anders & Grevesse (1989) 值（9.2 × $10^{-4}$）的一半 → **新 $fO_{2}$ 更低 → 所有氧化物/硅酸盐冷凝温度降低**。	R1 参数下标/科学记数法
127	| 总压 P_tot | 10⁻⁴ bar | 1 AU 附近太阳星云 |	| 总压 P_tot | $10^{-4}$ bar | 1 AU 附近太阳星云 |	R1 参数下标/科学记数法
130	| 收敛精度 | 10⁻¹⁵ | 元素丰度 |	| 收敛精度 | $10^{-15}$ | 元素丰度 |	R1 参数下标/科学记数法
141	2. 氧逸度 fO₂ 的全局变化（因 C、N、O 下调）影响所有氧化物冷凝	2. 氧逸度 $fO_{2}$ 的全局变化（因 C、N、O 下调）影响所有氧化物冷凝	R1 参数下标/科学记数法
144	[CRITIQUE] CONDOR 是**热力学平衡**计算——对动力学效应的处理仅在§ 3.4（冰的冷凝）中通过"替代反应路径"粗略考虑。对于 10⁻⁴ bar 下真实星云的动力学、过饱和度、颗粒-气体耦合等，需要更专门的模型（Fegley 2000 综述）。	[CRITIQUE] CONDOR 是**热力学平衡**计算——对动力学效应的处理仅在§ 3.4（冰的冷凝）中通过"替代反应路径"粗略考虑。对于 $10^{-4}$ bar 下真实星云的动力学、过饱和度、颗粒-气体耦合等，需要更专门的模型（Fegley 2000 综述）。	R1 参数下标/科学记数法
20	| Al₂O₃ | 刚玉 Corundum | **1677** | 1665 |	| $Al_{2}$$O_{3}$ | 刚玉 Corundum | **1677** | 1665 |	R1 参数下标/科学记数法
21	| CaAl₁₂O₁₉ | 金红石 Hibonite | **1659** | 1647 |	| $CaAl_{12}$$O_{19}$ | 金红石 Hibonite | **1659** | 1647 |	R1 参数下标/科学记数法
22	| CaAl₄O₇ | 硬石膏 Grossite | **1542** | 1531 |	| $CaAl_{4}$$O_{7}$ | 硬石膏 Grossite | **1542** | 1531 |	R1 参数下标/科学记数法
23	| Ca₂Al₂SiO₇ | 钙铝黄长石 Gehlenite | **1529** | 1519 |	| $Ca_{2}$$Al_{2}$$SiO_{7}$ | 钙铝黄长石 Gehlenite | **1529** | 1519 |	R1 参数下标/科学记数法
24	| CaTiO₃ | 钙钛矿 Perovskite | **1593** | 1584 |	| $CaTiO_{3}$ | 钙钛矿 Perovskite | **1593** | 1584 |	R1 参数下标/科学记数法
25	| Ca₄Ti₃O₁₀ | 钛酸钙 | **1578** | 1567 |	| $Ca_{4}$$Ti_{3}$$O_{10}$ | 钛酸钙 | **1578** | 1567 |	R1 参数下标/科学记数法
26	| Ca₃Ti₂O₇ | 钛酸钙 | **1539** | 1529 |	| $Ca_{3}$$Ti_{2}$$O_{7}$ | 钛酸钙 | **1539** | 1529 |	R1 参数下标/科学记数法
27	| CaTiO₃ | 钙钛矿（低温） | **1441** | 1429 |	| $CaTiO_{3}$ | 钙钛矿（低温） | **1441** | 1429 |	R1 参数下标/科学记数法
28	| MgAl₂O₄ | 尖晶石 Spinel | **1397** | 1387 |	| $MgAl_{2}$$O_{4}$ | 尖晶石 Spinel | **1397** | 1387 |	R1 参数下标/科学记数法
29	| CaAl₂Si₂O₈ | 钙长石 Anorthite | **1387** | 1378 |	| $CaAl_{2}$$Si_{2}$$O_{8}$ | 钙长石 Anorthite | **1387** | 1378 |	R1 参数下标/科学记数法
30	| Mg₂SiO₄ | 镁橄榄石 Forsterite | **1354** | 1346 |	| $Mg_{2}$$SiO_{4}$ | 镁橄榄石 Forsterite | **1354** | 1346 |	R1 参数下标/科学记数法
31	| MgSiO₃ | 镁灰石 Enstatite | **1316** | 1308 |	| $MgSiO_{3}$ | 镁灰石 Enstatite | **1316** | 1308 |	R1 参数下标/科学记数法
32	| CaMgSi₂O₆ | 透辉石 Diopside | **1347** | 1339 |	| $CaMgSi_{2}$$O_{6}$ | 透辉石 Diopside | **1347** | 1339 |	R1 参数下标/科学记数法
34	| Fe₃P | 镍磷铁矿 Schreibersite | **1248** | 1245 |	| $Fe_{3}$P | 镍磷铁矿 Schreibersite | **1248** | 1245 |	R1 参数下标/科学记数法
36	| Fe₃O₄ | 磁铁矿 Magnetite | **371** | 365 |	| $Fe_{3}$$O_{4}$ | 磁铁矿 Magnetite | **371** | 365 |	R1 参数下标/科学记数法
37	| H₂O | 水冰 | **182** | 181 |	| $H_{2}$O | 水冰 | **182** | 181 |	R1 参数下标/科学记数法
72	[FACT] Zr、Hf、Y、Sc 以氧化物形式（ZrO₂ 1764 K, HfO₂ 1703 K）冷凝为"纯相"，先于任何主相宿主；Sc 与 Y 的氧化物冷凝温度接近金红石，因此进入金红石宿主。	[FACT] Zr、Hf、Y、Sc 以氧化物形式（$ZrO_{2}$ 1764 K, $HfO_{2}$ 1703 K）冷凝为"纯相"，先于任何主相宿主；Sc 与 Y 的氧化物冷凝温度接近金红石，因此进入金红石宿主。	R1 参数下标/科学记数法
78	[FACT] **Ba、Sr、Sc、Y、V、Nb、Ta、Th、U、REE（La–Lu）** 进入钙钛矿（perovskite CaTiO₃ 及 Ca₄Ti₃O₁₀, Ca₃Ti₂O₇）和金红石。	[FACT] **Ba、Sr、Sc、Y、V、Nb、Ta、Th、U、REE（La–Lu）** 进入钙钛矿（perovskite $CaTiO_{3}$ 及 $Ca_{4}$$Ti_{3}$$O_{10}$, $Ca_{3}$$Ti_{2}$$O_{7}$）和金红石。	R1 参数下标/科学记数法
105	[FACT] **Rb、Cs 的 50% T 首次给出可靠值**（800 K、799 K）：作者假设 Rb、Cs 与 K 化学行为相同，进入 KAlSi₃O₈ 晶格的类长石固溶体。	[FACT] **Rb、Cs 的 50% T 首次给出可靠值**（800 K、799 K）：作者假设 Rb、Cs 与 K 化学行为相同，进入 $KAlSi_{3}$$O_{8}$ 晶格的类长石固溶体。	R1 参数下标/科学记数法
120	- P 1229（schreibersite Fe₃P），Cr 1296	- P 1229（schreibersite $Fe_{3}$P），Cr 1296	R1 参数下标/科学记数法
124	[FACT] **Cr 与 P 的宿主矛盾**：Al & Mason (1973) 与 Mason & Graham (1970) 在陨石中找到 Cr 主要在 chromite (FeCr₂O₄)、P 主要在 whitlockite [Ca₃(PO₄)₂]，而非 Fe 合金。作者解释：**chromite 与磷酸盐的形成需要氧化过程**，发生在 Fe 合金冷凝之后的更低温度。	[FACT] **Cr 与 P 的宿主矛盾**：Al & Mason (1973) 与 Mason & Graham (1970) 在陨石中找到 Cr 主要在 chromite ($FeCr_{2}$$O_{4}$)、P 主要在 whitlockite [$Ca_{3}$($PO_{4}$)₂]，而非 Fe 合金。作者解释：**chromite 与磷酸盐的形成需要氧化过程**，发生在 Fe 合金冷凝之后的更低温度。	R1 参数下标/科学记数法
134	[FACT] **关键压力效应**：troilite 冷凝温度与总压无关（p < 10⁻² bar），但金属冷凝温度随压力下降而降低。	[FACT] **关键压力效应**：troilite 冷凝温度与总压无关（p < $10^{-2}$ bar），但金属冷凝温度随压力下降而降低。	R1 参数下标/科学记数法
135	- **10⁻⁴ bar**：Te、Pb 50% 冷凝发生在 troilite 出现**之前**（进入金属）	- **$10^{-4}$ bar**：Te、Pb 50% 冷凝发生在 troilite 出现**之前**（进入金属）	R1 参数下标/科学记数法
136	- **10⁻⁶ bar**：仅 ~3% Te、Pb 在 troilite 前冷凝 → troilite 成为主要宿主；50% T 变为 Te 694 K、Pb 634 K	- **$10^{-6}$ bar**：仅 ~3% Te、Pb 在 troilite 前冷凝 → troilite 成为主要宿主；50% T 变为 Te 694 K、Pb 634 K	R1 参数下标/科学记数法
144	[FACT] **F、Cl、Br、I** 主要在氟/氯磷灰石 [Ca₅(PO₄)₃(F,Cl)] 中富集，Br、I 也在 troilite 中出现。	[FACT] **F、Cl、Br、I** 主要在氟/氯磷灰石 [$Ca_{5}$($PO_{4}$)₃(F,Cl)] 中富集，Br、I 也在 troilite 中出现。	R1 参数下标/科学记数法
146	[FACT] **Cl 也进入钠沸石 sodalite (Na₄[Al₃Si₃O₁₂]Cl)**，在磷灰石之前冷凝；钠沸石可在低温或母体变质过程中分解，形成含 Cl 磷灰石。	[FACT] **Cl 也进入钠沸石 sodalite ($Na_{4}$[$Al_{3}$$Si_{3}$$O_{12}$]Cl)**，在磷灰石之前冷凝；钠沸石可在低温或母体变质过程中分解，形成含 Cl 磷灰石。	R1 参数下标/科学记数法
148	[FACT] 氟磷灰石 739 K，涉及 schreibersite (Fe₃P) 的氧化。	[FACT] 氟磷灰石 739 K，涉及 schreibersite ($Fe_{3}$P) 的氧化。	R1 参数下标/科学记数法
150	[FACT] **Br、I 无可靠热力学数据**，作者假设 Br-apatite 与 I-apatite 中 Ca 氟化物成分被 CaBr₂ / CaI₂ 取代 → 50% T ≈ **546 K（Br）** 与 **535 K（I）**。FeBr₂、FeI₂ 在 troilite 中固溶量可忽略。	[FACT] **Br、I 无可靠热力学数据**，作者假设 Br-apatite 与 I-apatite 中 Ca 氟化物成分被 $CaBr_{2}$ / $CaI_{2}$ 取代 → 50% T ≈ **546 K（Br）** 与 **535 K（I）**。$FeBr_{2}$、$FeI_{2}$ 在 troilite 中固溶量可忽略。	R1 参数下标/科学记数法
154	## 4.10 关键参数汇总表（太阳系，10⁻⁴ bar）	## 4.10 关键参数汇总表（太阳系，$10^{-4}$ bar）	R1 参数下标/科学记数法
159	| ZrO₂ / HfO₂ 纯氧化物 | Zr, Hf | 1684–1764 |	| $ZrO_{2}$ / $HfO_{2}$ 纯氧化物 | Zr, Hf | 1684–1764 |	R1 参数下标/科学记数法
177	→ fO₂ 降低（H₂O/H₂ 从 9.2e-4 降到 5.0e-4）	→ $fO_{2}$ 降低（$H_{2}$O/$H_{2}$ 从 9.2e-4 降到 5.0e-4）	R1 参数下标/科学记数法
190	[CRITIQUE] **Br、I 的 50% T**：基于"Ca 氟化物在磷灰石中被 CaBr₂/CaI₂ 取代"的假设，热力学数据缺失；实际可能更高或更低。	[CRITIQUE] **Br、I 的 50% T**：基于"Ca 氟化物在磷灰石中被 $CaBr_{2}$/$CaI_{2}$ 取代"的假设，热力学数据缺失；实际可能更高或更低。	R1 参数下标/科学记数法
10	C、N、O 与惰性气体冷凝温度**强烈依赖动力学效应**。作者给出**三种极端情况**：完全平衡（CO→CH₄、N₂→NH₃ 都进行）、部分动力学抑制、完全动力学抑制。这是冷凝温度应用中最具不确定性的部分。	C、N、O 与惰性气体冷凝温度**强烈依赖动力学效应**。作者给出**三种极端情况**：完全平衡（CO→$CH_{4}$、$N_{2}$→$NH_{3}$ 都进行）、部分动力学抑制、完全动力学抑制。这是冷凝温度应用中最具不确定性的部分。	R1 参数下标/科学记数法
22	- 磁铁矿（Fe₃O₄）在 371 K 形成 → 岩石中的 O 增至 **26%**	- 磁铁矿（$Fe_{3}$$O_{4}$）在 371 K 形成 → 岩石中的 O 增至 **26%**	R1 参数下标/科学记数法
41	**高温**：CO 是主要 C 气体；**降温**：CH₄ 取代 CO。**10⁻⁴ bar 下在 ~650 K 以下切换**。	**高温**：CO 是主要 C 气体；**降温**：$CH_{4}$ 取代 CO。**$10^{-4}$ bar 下在 ~650 K 以下切换**。	R1 参数下标/科学记数法
56	| **H₂O** | **182** | **182** | **182–121** |	| **$H_{2}$O** | **182** | **182** | **182–121** |	R1 参数下标/科学记数法
57	| CH₄·7H₂O | 78 | — | — |	| $CH_{4}$·7$H_{2}$O | 78 | — | — |	R1 参数下标/科学记数法
58	| **CH₄** | **41** | — | — |	| **$CH_{4}$** | **41** | — | — |	R1 参数下标/科学记数法
60	| NH₃·H₂O | 131 | — | — |	| $NH_{3}$·$H_{2}$O | 131 | — | — |	R1 参数下标/科学记数法
61	| N₂·7H₂O | — | 58 | 58 |	| $N_{2}$·7$H_{2}$O | — | 58 | 58 |	R1 参数下标/科学记数法
68	[FACT] CO + 3H₂ → CH₄ + H₂O 在 650 K 以下主导 → 纯 CH₄ 冰在 **41 K** 冷凝。	[FACT] CO + 3$H_{2}$ → $CH_{4}$ + $H_{2}$O 在 650 K 以下主导 → 纯 $CH_{4}$ 冰在 **41 K** 冷凝。	R1 参数下标/科学记数法
69	[FACT] CH₄·7H₂O 水合物要求 C/O = 0.14，但太阳 C/O = 0.50 太高（O 不足）→ 只能固定 9% 的 C，**在 78 K 冷凝**。	[FACT] $CH_{4}$·7$H_{2}$O 水合物要求 C/O = 0.14，但太阳 C/O = 0.50 太高（O 不足）→ 只能固定 9% 的 C，**在 78 K 冷凝**。	R1 参数下标/科学记数法
74	[FACT] CO 与 CO₂ 气体丰度随之下降；**水冰 T 仍为 182 K**（因反应 17 不涉及水）。	[FACT] CO 与 $CO_{2}$ 气体丰度随之下降；**水冰 T 仍为 182 K**（因反应 17 不涉及水）。	R1 参数下标/科学记数法
79	[FACT] 反应（18）在 **650 K 以下**开始（远高于水冰 T），将 CO 转为 CO₂。	[FACT] 反应（18）在 **650 K 以下**开始（远高于水冰 T），将 CO 转为 $CO_{2}$。	R1 参数下标/科学记数法
81	[FACT] 水冰冷凝固定水蒸气压 → CO₂/CO 气体丰度下降 → O 从气体耗尽。	[FACT] 水冰冷凝固定水蒸气压 → $CO_{2}$/CO 气体丰度下降 → O 从气体耗尽。	R1 参数下标/科学记数法
87	[FACT] 无论哪种情形，**CO 冰都不会形成**——CO 转化为 CH₄(g)、石墨或 CO₂。作者承认未考虑的**其他动力学路径**可能允许 CO 冰形成（如 CO + O 直接氧化，尘埃表面反应），但超出本文范围。	[FACT] 无论哪种情形，**CO 冰都不会形成**——CO 转化为 $CH_{4}$(g)、石墨或 $CO_{2}$。作者承认未考虑的**其他动力学路径**可能允许 CO 冰形成（如 CO + O 直接氧化，尘埃表面反应），但超出本文范围。	R1 参数下标/科学记数法
95	10⁻⁴ bar 下 **~325 K 以下 NH₃ 为主 N 气体**。	$10^{-4}$ bar 下 **~325 K 以下 $NH_{3}$ 为主 N 气体**。	R1 参数下标/科学记数法
99	[FACT] NH₃·H₂O 在 **131 K** 冷凝；50% N 在 **123 K** 进入该水合物。	[FACT] $NH_{3}$·$H_{2}$O 在 **131 K** 冷凝；50% N 在 **123 K** 进入该水合物。	R1 参数下标/科学记数法
103	[FACT] N₂ → NH₃ 被抑制 → N₂ 仍为主气体 → **N₂·7H₂O 水合物**在 **58 K** 开始冷凝（少量 N）。	[FACT] $N_{2}$ → $NH_{3}$ 被抑制 → $N_{2}$ 仍为主气体 → **$N_{2}$·7$H_{2}$O 水合物**在 **58 K** 开始冷凝（少量 N）。	R1 参数下标/科学记数法
104	[FACT] 水冰不足以固定所有 N₂ 到 N₂·7H₂O，但**恰好够 N₂·6H₂O**；50% N 在 **52 K** 进入 N₂·6H₂O。	[FACT] 水冰不足以固定所有 $N_{2}$ 到 $N_{2}$·7$H_{2}$O，但**恰好够 $N_{2}$·6$H_{2}$O**；50% N 在 **52 K** 进入 $N_{2}$·6$H_{2}$O。	R1 参数下标/科学记数法
105	[FACT] 该结果假设 N₂→NH₃ 抑制时 CO→CH₄ 也被抑制 → CH₄ 水合物不消耗水冰。	[FACT] 该结果假设 $N_{2}$→$NH_{3}$ 抑制时 CO→$CH_{4}$ 也被抑制 → $CH_{4}$ 水合物不消耗水冰。	R1 参数下标/科学记数法
107	[FACT] 无论石墨是否析出，N₂ 水合物冷凝温度都在水冰 T 以下。	[FACT] 无论石墨是否析出，$N_{2}$ 水合物冷凝温度都在水冰 T 以下。	R1 参数下标/科学记数法
117	[FACT] **Ar、Kr、Xe** 形成 X·6H₂O 水合物（仅需 ~0.04 的水冰量），冷凝温度：	[FACT] **Ar、Kr、Xe** 形成 X·6$H_{2}$O 水合物（仅需 ~0.04 的水冰量），冷凝温度：	R1 参数下标/科学记数法
118	- Ar·6H₂O：**48 K**	- Ar·6$H_{2}$O：**48 K**	R1 参数下标/科学记数法
119	- Kr·6H₂O：**53 K**	- Kr·6$H_{2}$O：**53 K**	R1 参数下标/科学记数法
120	- Xe·6H₂O：**69 K**	- Xe·6$H_{2}$O：**69 K**	R1 参数下标/科学记数法
126	| 情形 | C 冷凝产物 | C T (K) | H₂O T (K) | N 冷凝产物 | N T (K) |	| 情形 | C 冷凝产物 | C T (K) | $H_{2}$O T (K) | N 冷凝产物 | N T (K) |	R1 参数下标/科学记数法
128	| 平衡 | CH₄ | 41 | 182 | NH₃·H₂O | 131 |	| 平衡 | $CH_{4}$ | 41 | 182 | $NH_{3}$·$H_{2}$O | 131 |	R1 参数下标/科学记数法
129	| Model A | Graphite | 626 | 182 | N₂·7H₂O | 58 |	| Model A | Graphite | 626 | 182 | $N_{2}$·7$H_{2}$O | 58 |	R1 参数下标/科学记数法
130	| Model B | Graphite (<626) | <626 | 121–182 | N₂·7H₂O | 58 |	| Model B | Graphite (<626) | <626 | 121–182 | $N_{2}$·7$H_{2}$O | 58 |	R1 参数下标/科学记数法
132	[FACT] 三种情形的 T 差可达 **~600 K**（C）与 **~50 K**（H₂O）——是宇宙化学计算中最大的单一不确定性来源。	[FACT] 三种情形的 T 差可达 **~600 K**（C）与 **~50 K**（$H_{2}$O）——是宇宙化学计算中最大的单一不确定性来源。	R1 参数下标/科学记数法
140	→ 但 C、N 冷凝强依赖动力学（CO→CH₄、N₂→NH₃ 慢）	→ 但 C、N 冷凝强依赖动力学（CO→$CH_{4}$、$N_{2}$→$NH_{3}$ 慢）	R1 参数下标/科学记数法
23	| H₂O ice | 0.571 | 0.506 | 0.920 |	| $H_{2}$O ice | 0.571 | 0.506 | 0.920 |	R1 参数下标/科学记数法
24	| CH₄ ice | 0.330 | 0.292 | 0.408 |	| $CH_{4}$ ice | 0.330 | 0.292 | 0.408 |	R1 参数下标/科学记数法
25	| NH₃ ice | 0.097 | 0.086 | 0.134 |	| $NH_{3}$ ice | 0.097 | 0.086 | 0.134 |	R1 参数下标/科学记数法
30	| **H₂O ice / rock** | **1.17** | **1.17** | **2.09** |	| **$H_{2}$O ice / rock** | **1.17** | **1.17** | **2.09** |	R1 参数下标/科学记数法
66	[FACT] 在宇宙化学标尺上（Si = 10⁶），**只有 H、He 丰度在两套中不同**；金属度差异表现为**大气比原始太阳低 ~16%** → 冷凝温度高 ~10 K。	[FACT] 在宇宙化学标尺上（Si = $10^{6}$），**只有 H、He 丰度在两套中不同**；金属度差异表现为**大气比原始太阳低 ~16%** → 冷凝温度高 ~10 K。	R1 参数下标/科学记数法
100	[CRITIQUE] 表 11 假设**完全平衡冷凝**——实际动力学效应（§ 5 讨论的 CO→CH₄、N₂→NH₃ 抑制）可能导致实际冰量远低于表 11 值。	[CRITIQUE] 表 11 假设**完全平衡冷凝**——实际动力学效应（§ 5 讨论的 CO→$CH_{4}$、$N_{2}$→$NH_{3}$ 抑制）可能导致实际冰量远低于表 11 值。	R1 参数下标/科学记数法
42	| Boothroyd & Sackmann 2003, ApJ 583, 1004 | SSM 标度关系 → 本文 Y₀、Z₀ 推导 |	| Boothroyd & Sackmann 2003, ApJ 583, 1004 | SSM 标度关系 → 本文 $Y_{0}$、$Z_{0}$ 推导 |	R1 参数下标/科学记数法
65	[FACT] H₀ 在 N 标尺上 = 0.84 × H_大气；He₀ = 1.02 × He_大气。	[FACT] $H_{0}$ 在 N 标尺上 = 0.84 × H_大气；$He_{0}$ = 1.02 × He_大气。	R1 参数下标/科学记数法
67	[FACT] 原始太阳质量分数：X₀ = 0.7110, Y₀ = 0.2741, Z₀ = 0.0149，X₀/Z₀ = 0.0210。	[FACT] 原始太阳质量分数：$X_{0}$ = 0.7110, $Y_{0}$ = 0.2741, $Z_{0}$ = 0.0149，$X_{0}$/$Z_{0}$ = 0.0210。	R1 参数下标/科学记数法
120	| | **X₀ = 0.7110 ± 0.0040** | **Y₀ = 0.2741 ± 0.0120** | **Z₀ = 0.0149 ± 0.0015** | **Z₀/X₀ = 0.0210 ± 0.0021** | **A(He)₀ = 10.984 ± 0.019** | Protosolar |	| | **$X_{0}$ = 0.7110 ± 0.0040** | **$Y_{0}$ = 0.2741 ± 0.0120** | **$Z_{0}$ = 0.0149 ± 0.0015** | **$Z_{0}$/$X_{0}$ = 0.0210 ± 0.0021** | **A(He)₀ = 10.984 ± 0.019** | Protosolar |	R1 参数下标/科学记数法
134	[FACT] 三列格式：Element / A (质量数) / Atom % / Abundance。按 cosmochemical 标尺 N(Si) = 10⁶。	[FACT] 三列格式：Element / A (质量数) / Atom % / Abundance。按 cosmochemical 标尺 N(Si) = $10^{6}$。	R1 参数下标/科学记数法
149	Al₂O₃ (1677) → Hibonite (1659) → Perovskite (1593) → Ca₄Ti₃O₁₀ (1578) → CaAl₄O₇ (1542) → Ca₃Ti₂O₇ (1539) → Gehlenite (1529) → Ca₄Ti₃O₁₀ 二相 (1512) → CaTiO₃ 二相 (1441) → Spinel (1397) → Anorthite (1387) → Forsterite (1354) → Fe alloy (1357) → Diopside (1347) → Enstatite (1316) → Schreibersite (1248) → Troilite (704) → Magnetite (371) → Water ice (182)	$Al_{2}$$O_{3}$ (1677) → Hibonite (1659) → Perovskite (1593) → $Ca_{4}$$Ti_{3}$$O_{10}$ (1578) → $CaAl_{4}$$O_{7}$ (1542) → $Ca_{3}$$Ti_{2}$$O_{7}$ (1539) → Gehlenite (1529) → $Ca_{4}$$Ti_{3}$$O_{10}$ 二相 (1512) → $CaTiO_{3}$ 二相 (1441) → Spinel (1397) → Anorthite (1387) → Forsterite (1354) → Fe alloy (1357) → Diopside (1347) → Enstatite (1316) → Schreibersite (1248) → Troilite (704) → Magnetite (371) → Water ice (182)	R1 参数下标/科学记数法
167	**最低**：Xe 68 < Ar 47 < Ne 9.1 < He <3 < C 40 < N 123 < Hg 252 < H₂O 182 < O 180	**最低**：Xe 68 < Ar 47 < Ne 9.1 < He <3 < C 40 < N 123 < Hg 252 < $H_{2}$O 182 < O 180	R1 参数下标/科学记数法
191	[FACT] 式 7：X_Al = n(Al)/n(H+H₂+He)	[FACT] 式 7：X_Al = n(Al)/n(H+$H_{2}$+He)	R1 参数下标/科学记数法
193	[FACT] 式 9：P_Al = a_Al[K_Al + K_AlO fO₂^0.5 + ...]	[FACT] 式 9：P_Al = a_Al[K_Al + K_AlO $fO_{2}$^0.5 + ...]	R1 参数下标/科学记数法
194	[FACT] 式 10：2Al(g) + 1.5O₂ = Al₂O₃(s)	[FACT] 式 10：2Al(g) + 1.5$O_{2}$ = $Al_{2}$$O_{3}$(s)	R1 参数下标/科学记数法
195	[FACT] 式 11：a_Al₂O₃ = a_Al² fO₂^1.5 K_Al₂O₃	[FACT] 式 11：a_$Al_{2}$$O_{3}$ = a_Al² $fO_{2}$^1.5 K_$Al_{2}$$O_{3}$	R1 参数下标/科学记数法
196	[FACT] 式 12：P_O = 2fO₂ + fO₂^0.5 [K_CO a_C + K_H₂O a_H₂ + ...]	[FACT] 式 12：P_O = 2$fO_{2}$ + $fO_{2}$^0.5 [K_CO a_C + K_$H_{2}$O a_$H_{2}$ + ...]	R1 参数下标/科学记数法
200	[FACT] 式 16：CO + 3H₂ = CH₄ + H₂O	[FACT] 式 16：CO + 3$H_{2}$ = $CH_{4}$ + $H_{2}$O	R1 参数下标/科学记数法
201	[FACT] 式 17：CO = C(graphite) + CO₂	[FACT] 式 17：CO = C(graphite) + $CO_{2}$	R1 参数下标/科学记数法
202	[FACT] 式 18：CO + H₂O = CO₂ + H₂	[FACT] 式 18：CO + $H_{2}$O = $CO_{2}$ + $H_{2}$	R1 参数下标/科学记数法
203	[FACT] 式 19：N₂ + 3H₂ = 2NH₃	[FACT] 式 19：$N_{2}$ + 3$H_{2}$ = 2$NH_{3}$	R1 参数下标/科学记数法
15	| thus | adv. | 因果 | 从而 | "fO₂ drops by a factor of 2; **thus**, all oxide condensation temperatures decrease by ~10 K." |	| thus | adv. | 因果 | 从而 | "$fO_{2}$ drops by a factor of 2; **thus**, all oxide condensation temperatures decrease by ~10 K." |	R1 参数下标/科学记数法
25	| given that | conj. | 条件因果 | 鉴于 | "**Given that** H₂O/H₂ is ~5×10⁻⁴, fO₂ is half the Anders & Grevesse (1989) value." |	| given that | conj. | 条件因果 | 鉴于 | "**Given that** $H_{2}$O/$H_{2}$ is ~5×$10^{-4}$, $fO_{2}$ is half the Anders & Grevesse (1989) value." |	R1 参数下标/科学记数法
28	| namely | adv. | 举例 | 即 | "three condensates: **namely** troilite (FeS), magnetite (Fe₃O₄), and water ice." |	| namely | adv. | 举例 | 即 | "three condensates: **namely** troilite (FeS), magnetite ($Fe_{3}$$O_{4}$), and water ice." |	R1 参数下标/科学记数法
46	| oxygen fugacity fO₂ | 氧逸度 | 气体中氧的化学势相关量；控制氧化物冷凝顺序 | §3.1 |	| oxygen fugacity $fO_{2}$ | 氧逸度 | 气体中氧的化学势相关量；控制氧化物冷凝顺序 | §3.1 |	R1 参数下标/科学记数法
49	| X, Y, Z | 氢、氦、金属质量分数 | 本文 X=0.7491、Y=0.2377、Z=0.0133（大气）；X₀=0.7110、Y₀=0.2741、Z₀=0.0149（太阳系） | §2 |	| X, Y, Z | 氢、氦、金属质量分数 | 本文 X=0.7491、Y=0.2377、Z=0.0133（大气）；$X_{0}$=0.7110、$Y_{0}$=0.2741、$Z_{0}$=0.0149（太阳系） | §2 |	R1 参数下标/科学记数法
50	| Z/X | 金属对氢质量比 | 太阳大气 Z/X=0.0177；原太阳 Z₀/X₀=0.0210 | §2.5.2 |	| Z/X | 金属对氢质量比 | 太阳大气 Z/X=0.0177；原太阳 $Z_{0}$/$X_{0}$=0.0210 | §2.5.2 |	R1 参数下标/科学记数法
55	| cosmochemical scale (N_Si = 10⁶) | 宇宙化学标尺 | 陨石元素以 Si=10⁶ 原子的对数比表示 | §2.2 |	| cosmochemical scale (N_Si = $10^{6}$) | 宇宙化学标尺 | 陨石元素以 Si=$10^{6}$ 原子的对数比表示 | §2.2 |	R1 参数下标/科学记数法
56	| A(El) = 1.540 + log N(El) | 两标尺耦合 | 陨石 Si=10⁶ → 太阳 log H=12 的换算常数 | §2.2 |	| A(El) = 1.540 + log N(El) | 两标尺耦合 | 陨石 Si=$10^{6}$ → 太阳 log H=12 的换算常数 | §2.2 |	R1 参数下标/科学记数法
60	| hibonite CaAl₁₂O₁₉ | 金红石 / Hibonite | 超难熔 Ca-Al 相，冷凝温度 1659 K | §3.2 |	| hibonite $CaAl_{12}$$O_{19}$ | 金红石 / Hibonite | 超难熔 Ca-Al 相，冷凝温度 1659 K | §3.2 |	R1 参数下标/科学记数法
61	| perovskite CaTiO₃ | 钙钛矿 | 主量元素 Ca、Ti 的重要凝聚相；也是 REE、Sr、Ba 等的宿主 | §3.2 |	| perovskite $CaTiO_{3}$ | 钙钛矿 | 主量元素 Ca、Ti 的重要凝聚相；也是 REE、Sr、Ba 等的宿主 | §3.2 |	R1 参数下标/科学记数法
62	| forsterite Mg₂SiO₄ | 镁橄榄石 | Mg、Si 大规模从气相移出的起点，冷凝温度 1354 K | §3.2 |	| forsterite $Mg_{2}$$SiO_{4}$ | 镁橄榄石 | Mg、Si 大规模从气相移出的起点，冷凝温度 1354 K | §3.2 |	R1 参数下标/科学记数法
63	| enstatite MgSiO₃ | 镁灰石 | 与镁橄榄石共同移除 Mg、Si | §3.2 |	| enstatite $MgSiO_{3}$ | 镁灰石 | 与镁橄榄石共同移除 Mg、Si | §3.2 |	R1 参数下标/科学记数法
65	| magnetite Fe₃O₄ | 磁铁矿 | 动力学极慢的 Fe 氧化物，冷凝温度 371 K | §3.2 |	| magnetite $Fe_{3}$$O_{4}$ | 磁铁矿 | 动力学极慢的 Fe 氧化物，冷凝温度 371 K | §3.2 |	R1 参数下标/科学记数法
67	| whitlockite Ca₃(PO₄)₂ | 磷灰石族 | 陨石中 P 的常见矿物宿主 | §3.3.6 |	| whitlockite $Ca_{3}$($PO_{4}$)₂ | 磷灰石族 | 陨石中 P 的常见矿物宿主 | §3.3.6 |	R1 参数下标/科学记数法
68	| chromite FeCr₂O₄ | 铬铁矿 | 陨石中 Cr 的常见矿物宿主 | §3.3.6 |	| chromite $FeCr_{2}$$O_{4}$ | 铬铁矿 | 陨石中 Cr 的常见矿物宿主 | §3.3.6 |	R1 参数下标/科学记数法
69	| fluorapatite Ca₅(PO₄)₃F | 氟磷灰石 | F、Cl、Br、I 的主要宿主 | §3.3.8 |	| fluorapatite $Ca_{5}$($PO_{4}$)₃F | 氟磷灰石 | F、Cl、Br、I 的主要宿主 | §3.3.8 |	R1 参数下标/科学记数法
70	| sodalite Na₄[Al₃Si₃O₁₂]Cl | 钠沸石 | Cl 在磷灰石之前冷凝的早期宿主 | §3.3.8 |	| sodalite $Na_{4}$[$Al_{3}$$Si_{3}$$O_{12}$]Cl | 钠沸石 | Cl 在磷灰石之前冷凝的早期宿主 | §3.3.8 |	R1 参数下标/科学记数法
76	| SSM (Standard Solar Model) | 标准太阳模型 | Boothroyd & Sackmann (2003) 拟合关系，从 Z/X 推导 Y、Z₀、X₀ | §2.3.1.1 |	| SSM (Standard Solar Model) | 标准太阳模型 | Boothroyd & Sackmann (2003) 拟合关系，从 Z/X 推导 Y、$Z_{0}$、$X_{0}$ | §2.3.1.1 |	R1 参数下标/科学记数法
81	| ices: H₂O, CH₄·7H₂O, NH₃·H₂O, N₂·7H₂O | 冰：水冰、甲烷水合物、氨水合物、氮水合物 | 高挥发元素冷凝产物，冷凝温度受动力学效应强烈影响 | §3.4 |	| ices: $H_{2}$O, $CH_{4}$·7$H_{2}$O, $NH_{3}$·$H_{2}$O, $N_{2}$·7$H_{2}$O | 冰：水冰、甲烷水合物、氨水合物、氮水合物 | 高挥发元素冷凝产物，冷凝温度受动力学效应强烈影响 | §3.4 |	R1 参数下标/科学记数法
86	> "Using the Boothroyd & Sackmann (2003) scaling relations between **Z/X** and **Y, X, Z₀, X₀, Y₀**, and adopting the new photospheric metallicity **Z/X = 0.0177**, one obtains **X₀ = 0.7110 ± 0.0040**, **Y₀ = 0.2741 ± 0.0120**, **Z₀ = 0.0149 ± 0.0015**; the conversion between present-day and protosolar abundances is **A(El)₀ = A(El) + 0.074 dex** for all elements above He, corresponding to **~16% settling of heavy elements** and **~18% settling of helium**."	> "Using the Boothroyd & Sackmann (2003) scaling relations between **Z/X** and **Y, X, $Z_{0}$, $X_{0}$, $Y_{0}$**, and adopting the new photospheric metallicity **Z/X = 0.0177**, one obtains **$X_{0}$ = 0.7110 ± 0.0040**, **$Y_{0}$ = 0.2741 ± 0.0120**, **$Z_{0}$ = 0.0149 ± 0.0015**; the conversion between present-day and protosolar abundances is **A(El)₀ = A(El) + 0.074 dex** for all elements above He, corresponding to **~16% settling of heavy elements** and **~18% settling of helium**."	R1 参数下标/科学记数法
88	**主干**：one obtains X₀, Y₀, Z₀; the conversion is A(El)₀ = A(El) + 0.074	**主干**：one obtains $X_{0}$, $Y_{0}$, $Z_{0}$; the conversion is A(El)₀ = A(El) + 0.074	R1 参数下标/科学记数法
90	**翻译**：利用 Boothroyd & Sackmann (2003) 关于 Z/X 与 Y、X、Z₀、X₀、Y₀ 的标度关系，并采用新的光球金属度 Z/X = 0.0177，可得 X₀ = 0.7110 ± 0.0040、Y₀ = 0.2741 ± 0.0120、Z₀ = 0.0149 ± 0.0015；对 He 以上所有元素，现今与原始丰度之间的转换关系为 A(El)₀ = A(El) + 0.074 dex，对应约 16% 的重元素沉降与约 18% 的氦沉降。	**翻译**：利用 Boothroyd & Sackmann (2003) 关于 Z/X 与 Y、X、$Z_{0}$、$X_{0}$、$Y_{0}$ 的标度关系，并采用新的光球金属度 Z/X = 0.0177，可得 $X_{0}$ = 0.7110 ± 0.0040、$Y_{0}$ = 0.2741 ± 0.0120、$Z_{0}$ = 0.0149 ± 0.0015；对 He 以上所有元素，现今与原始丰度之间的转换关系为 A(El)₀ = A(El) + 0.074 dex，对应约 16% 的重元素沉降与约 18% 的氦沉降。	R1 参数下标/科学记数法
92	### C2. §3.1（fO₂ 下降）	### C2. §3.1（$fO_{2}$ 下降）	R1 参数下标/科学记数法
93	> "Because **H₂O/H₂ ≈ 5.0 × 10⁻⁴**, about half the Anders & Grevesse (1989) value of 9.2 × 10⁻⁴, the **new fO₂ is lower**, and **all oxide and silicate condensation temperatures are consequently reduced** by roughly 10 K — a direct consequence of the depressed C, N, O abundances."	> "Because **$H_{2}$O/$H_{2}$ ≈ 5.0 × $10^{-4}$**, about half the Anders & Grevesse (1989) value of 9.2 × $10^{-4}$, the **new $fO_{2}$ is lower**, and **all oxide and silicate condensation temperatures are consequently reduced** by roughly 10 K — a direct consequence of the depressed C, N, O abundances."	R1 参数下标/科学记数法
95	**主干**：new fO₂ is lower; condensation temperatures are consequently reduced by ~10 K	**主干**：new $fO_{2}$ is lower; condensation temperatures are consequently reduced by ~10 K	R1 参数下标/科学记数法
97	**翻译**：由于 H₂O/H₂ ≈ 5.0 × 10⁻⁴，约为 Anders & Grevesse (1989) 值 9.2 × 10⁻⁴ 的一半，新的 fO₂ 更低，所有氧化物与硅酸盐冷凝温度因此降低约 10 K——这是 C、N、O 丰度下调的直接结果。	**翻译**：由于 $H_{2}$O/$H_{2}$ ≈ 5.0 × $10^{-4}$，约为 Anders & Grevesse (1989) 值 9.2 × $10^{-4}$ 的一半，新的 $fO_{2}$ 更低，所有氧化物与硅酸盐冷凝温度因此降低约 10 K——这是 C、N、O 丰度下调的直接结果。	R1 参数下标/科学记数法
107	> "**CONDOR** treats **2000 gas-phase species** and **1600 condensates** of **all 83 natural elements** simultaneously, **converging** each element's computed abundance to its input value to **1 part in 10¹⁵**; **this is essential** because trace-element chemistry is strongly influenced by the chemistry of the major-element host phases."	> "**CONDOR** treats **2000 gas-phase species** and **1600 condensates** of **all 83 natural elements** simultaneously, **converging** each element's computed abundance to its input value to **1 part in $10^{15}$**; **this is essential** because trace-element chemistry is strongly influenced by the chemistry of the major-element host phases."	R1 参数下标/科学记数法
111	**翻译**：CONDOR 同时处理 2000 种气相物种和 1600 种凝聚相的 83 种天然元素，将每个元素计算出的丰度与输入值收敛到 10⁻¹⁵ 的精度；这一点至关重要，因为微量元素的化学强烈受主量元素宿主相化学的影响。	**翻译**：CONDOR 同时处理 2000 种气相物种和 1600 种凝聚相的 83 种天然元素，将每个元素计算出的丰度与输入值收敛到 $10^{-15}$ 的精度；这一点至关重要，因为微量元素的化学强烈受主量元素宿主相化学的影响。	R1 参数下标/科学记数法
9	[FACT] Lodders (2003) 在 Allende Prieto et al. (2001, 2002) 大幅下调太阳 C、O 丰度的基础上，利用 Boothroyd & Sackmann (2003) 标准太阳模型的标度关系，**首次显式区分太阳大气丰度与原始太阳（=太阳系）丰度**（差异 16% 重元素沉降），并用 CONDOR 代码在 10⁻⁴ bar 下重算全部 83 种元素的冷凝温度，给出至今仍被广泛引用的太阳系化学基准（表 1–11）。	[FACT] Lodders (2003) 在 Allende Prieto et al. (2001, 2002) 大幅下调太阳 C、O 丰度的基础上，利用 Boothroyd & Sackmann (2003) 标准太阳模型的标度关系，**首次显式区分太阳大气丰度与原始太阳（=太阳系）丰度**（差异 16% 重元素沉降），并用 CONDOR 代码在 $10^{-4}$ bar 下重算全部 83 种元素的冷凝温度，给出至今仍被广泛引用的太阳系化学基准（表 1–11）。	R1 参数下标/科学记数法
28	3. **沉降修正**：用 Boothroyd & Sackmann (2003) SSM 标度关系从观测 Z/X = 0.0177 推导 Y₀、Z₀ → A(El)₀ = A(El) + 0.074（式 5）。	3. **沉降修正**：用 Boothroyd & Sackmann (2003) SSM 标度关系从观测 Z/X = 0.0177 推导 $Y_{0}$、$Z_{0}$ → A(El)₀ = A(El) + 0.074（式 5）。	R1 参数下标/科学记数法
39	[FACT] **原始太阳**：X₀ = 0.7110, Y₀ = 0.2741, Z₀ = 0.0149, Z₀/X₀ = 0.0210	[FACT] **原始太阳**：$X_{0}$ = 0.7110, $Y_{0}$ = 0.2741, $Z_{0}$ = 0.0149, $Z_{0}$/$X_{0}$ = 0.0210	R1 参数下标/科学记数法
45	[FACT] **C₀ = 8.46, N₀ = 7.90, O₀ = 8.76（原始，+0.074）**	[FACT] **$C_{0}$ = 8.46, $N_{0}$ = 7.90, $O_{0}$ = 8.76（原始，+0.074）**	R1 参数下标/科学记数法
50	[FACT] 表 7 主量元素：Al₂O₃ 1677 K → Fe 1357 K → Troilite 704 K → Magnetite 371 K → H₂O 182 K	[FACT] 表 7 主量元素：$Al_{2}$$O_{3}$ 1677 K → Fe 1357 K → Troilite 704 K → Magnetite 371 K → $H_{2}$O 182 K	R1 参数下标/科学记数法
66	2. **用 SSM 标度关系（而非直接假设）** 从观测 Z/X 推导 Y₀、Z₀，避免 (Z/X)₀ = (Z/X)_present 的传统错误；	2. **用 SSM 标度关系（而非直接假设）** 从观测 Z/X 推导 $Y_{0}$、$Z_{0}$，避免 (Z/X)₀ = (Z/X)_present 的传统错误；	R1 参数下标/科学记数法
80	5. **表 11 冷凝质量基于完全平衡假设**，真实星云可能受动力学影响（CO→CH₄、N₂→NH₃ 慢），实际冰量可能更低。	5. **表 11 冷凝质量基于完全平衡假设**，真实星云可能受动力学影响（CO→$CH_{4}$、$N_{2}$→$NH_{3}$ 慢），实际冰量可能更低。	R1 参数下标/科学记数法
89	4. **原始太阳 X₀/Y₀/Z₀** = 0.7110 / 0.2741 / 0.0149，**Z₀/X₀ = 0.0210**。	4. **原始太阳 $X_{0}$/$Y_{0}$/$Z_{0}$** = 0.7110 / 0.2741 / 0.0149，**$Z_{0}$/$X_{0}$ = 0.0210**。	R1 参数下标/科学记数法
92	7. **所有冷凝温度在 10⁻⁴ bar 下计算**（1 AU 附近太阳星云特征值）；太阳系 T = 大气 T + ~10 K。	7. **所有冷凝温度在 $10^{-4}$ bar 下计算**（1 AU 附近太阳星云特征值）；太阳系 T = 大气 T + ~10 K。	R1 参数下标/科学记数法
94	9. **冰的冷凝温度受动力学效应强烈影响**：H₂O 182 K（平衡）或 121 K（CO→CO₂ 抑制），C 41 K（平衡）或 626 K（石墨），N 131 K（平衡）或 58 K（N₂ 抑制）。	9. **冰的冷凝温度受动力学效应强烈影响**：$H_{2}$O 182 K（平衡）或 121 K（CO→$CO_{2}$ 抑制），C 41 K（平衡）或 626 K（石墨），N 131 K（平衡）或 58 K（$N_{2}$ 抑制）。	R1 参数下标/科学记数法
122	- **SSM 标度法**：从观测 Z/X 反推 Y₀、Z₀（式 3–5）；	- **SSM 标度法**：从观测 Z/X 反推 $Y_{0}$、$Z_{0}$（式 3–5）；	R1 参数下标/科学记数法
148	| C | 8.43 ± 0.05 | AG89: 8.56/8.60 → **−0.17** | [CI], C I, CH, C₂ 分子 |	| C | 8.43 ± 0.05 | AG89: 8.56/8.60 → **−0.17** | [CI], C I, CH, $C_{2}$ 分子 |	R1 参数下标/科学记数法
21	- **陨石质谱**：精度高（含同位素），但 H、He、C、N、O、Ne 挥发元素在陨石中缺失；因此陨石丰度以 **Si = 10⁶** 为基准，需要太阳光球 Si 丰度"搭桥"（Suess & Urey 1956）。	- **陨石质谱**：精度高（含同位素），但 H、He、C、N、O、Ne 挥发元素在陨石中缺失；因此陨石丰度以 **Si = $10^{6}$** 为基准，需要太阳光球 Si 丰度"搭桥"（Suess & Urey 1956）。	R1 参数下标/科学记数法
42	- [FACT] 多种指示符：**[C I] 872.7 nm 禁线、C I 原子线、C₂ Swan 带、CH 电子/振转线、CO 分子**。	- [FACT] 多种指示符：**[C I] 872.7 nm 禁线、C I 原子线、$C_{2}$ Swan 带、CH 电子/振转线、CO 分子**。	R1 参数下标/科学记数法
43	- [FACT] 推荐值 log ε_C = **8.43 ± 0.05**（Table 1），源自 Asplund et al. (2009a) 的 3D 结果（[C I] + C I + CH + C₂ 平均）。	- [FACT] 推荐值 log ε_C = **8.43 ± 0.05**（Table 1），源自 Asplund et al. (2009a) 的 3D 结果（[C I] + C I + CH + $C_{2}$ 平均）。	R1 参数下标/科学记数法
115	- **[O I] 557.7 nm**：下能级微激发 → 对模型依赖小；被 C₂ 严重混杂	- **[O I] 557.7 nm**：下能级微激发 → 对模型依赖小；被 $C_{2}$ 严重混杂	R1 参数下标/科学记数法
106	- Lellouch et al. (2001)：ISO 木星谱 → D/H = (2.1 ± 0.4) × 10⁻⁵	- Lellouch et al. (2001)：ISO 木星谱 → D/H = (2.1 ± 0.4) × $10^{-5}$	R1 参数下标/科学记数法
107	- He³/He⁴ 富集 + Genesis 太阳风 He³/He⁴ = (4.53 ± 0.03) × 10⁻⁴ → D/H = (1.96 ± 0.3) × 10⁻⁵	- He³/He⁴ 富集 + Genesis 太阳风 He³/He⁴ = (4.53 ± 0.03) × $10^{-4}$ → D/H = (1.96 ± 0.3) × $10^{-5}$	R1 参数下标/科学记数法
108	- **本文推荐：D/H = (2.0 ± 0.2) × 10⁻⁵**	- **本文推荐：D/H = (2.0 ± 0.2) × $10^{-5}$**	R1 参数下标/科学记数法
14	- [FACT] 代价：**挥发元素 H, C, N, O, 惰性气体严重亏损**（恰好是丰度最高的元素）→ 陨石丰度必须以 **Si = 10⁶** 归一。	- [FACT] 代价：**挥发元素 H, C, N, O, 惰性气体严重亏损**（恰好是丰度最高的元素）→ 陨石丰度必须以 **Si = $10^{6}$** 归一。	R1 参数下标/科学记数法
18	- [FACT] 陨石原数据：N_Si = 10⁶	- [FACT] 陨石原数据：N_Si = $10^{6}$	R1 参数下标/科学记数法
104	| 不透明度 +10–20%（R = 0.4–0.7 R⊙, T = 2–5×10⁶ K） | Bahcall et al. 2005 | 需要大幅修正；Opacity Project 比 OPAL 大仅 ~3%，不太可能 |	| 不透明度 +10–20%（R = 0.4–0.7 R⊙, T = 2–5×$10^{6}$ K） | Bahcall et al. 2005 | 需要大幅修正；Opacity Project 比 OPAL 大仅 ~3%，不太可能 |	R1 参数下标/科学记数法
53	对 [C I], C I, CH, C₂, N I, NH, [O I], O I, OH 谱线，分别在 **3D、<3D>（空间平均 3D）、HM 1D、MARCS 1D** 模型下的 log ε_C,N,O 值。	对 [C I], C I, CH, $C_{2}$, N I, NH, [O I], O I, OH 谱线，分别在 **3D、<3D>（空间平均 3D）、HM 1D、MARCS 1D** 模型下的 log ε_C,N,O 值。	R1 参数下标/科学记数法
62	| C₂ Swan | 8.46±0.03 | 8.46±0.03 | 8.51±0.03 | 8.46±0.03 |	| $C_{2}$ Swan | 8.46±0.03 | 8.46±0.03 | 8.51±0.03 | 8.46±0.03 |	R1 参数下标/科学记数法
146	- HM 在深部（τ > 1）与 3D 平均接近，但在谱线形成层（τ ≈ 10⁻²–10⁻³）略热	- HM 在深部（τ > 1）与 3D 平均接近，但在谱线形成层（τ ≈ $10^{-2}$–$10^{-3}$）略热	R1 参数下标/科学记数法
232	- 纵轴：Δ log c / log c（日震声速 − SSM 声速，× 10⁻⁴）	- 纵轴：Δ log c / log c（日震声速 − SSM 声速，× $10^{-4}$）	R1 参数下标/科学记数法
14	| 因此 | therefore / thus | adv. | 因果(结果) | "Lyubimkov 的 d log ε(N)/dt 值（0.15 dex per 10⁶ yr 对 13–20 M☉）极大——主序列寿命 ~10⁷ yr，意味着 0.15×10 = 1.5 dex 总变化，远超 CN-cycle 平衡态的理论极限；这个数值本身就有物理上的可疑性；" | 由速率与寿命之积推出总变化超出理论极限 |	| 因此 | therefore / thus | adv. | 因果(结果) | "Lyubimkov 的 d log ε(N)/dt 值（0.15 dex per $10^{6}$ yr 对 13–20 M☉）极大——主序列寿命 ~$10^{7}$ yr，意味着 0.15×10 = 1.5 dex 总变化，远超 CN-cycle 平衡态的理论极限；这个数值本身就有物理上的可疑性；" | 由速率与寿命之积推出总变化超出理论极限 |	R1 参数下标/科学记数法
16	| 而 | whereas / while | conj. | 对比 | "陨石质谱：精度高（含同位素），但 H、He、C、N、O、Ne 挥发元素在陨石中缺失；因此陨石丰度以 Si = 10⁶ 为基准，需要太阳光球 Si 丰度'搭桥'。" | 陨石丰度 vs 太阳光球丰度的互补性 |	| 而 | whereas / while | conj. | 对比 | "陨石质谱：精度高（含同位素），但 H、He、C、N、O、Ne 挥发元素在陨石中缺失；因此陨石丰度以 Si = $10^{6}$ 为基准，需要太阳光球 Si 丰度'搭桥'。" | 陨石丰度 vs 太阳光球丰度的互补性 |	R1 参数下标/科学记数法
124	> "陨石质谱：精度高（含同位素），但 H、He、C、N、O、Ne 挥发元素在陨石中缺失；因此陨石丰度以 **Si = 10⁶** 为基准，需要太阳光球 Si 丰度'搭桥'（Suess & Urey 1956）。"	> "陨石质谱：精度高（含同位素），但 H、He、C、N、O、Ne 挥发元素在陨石中缺失；因此陨石丰度以 **Si = $10^{6}$** 为基准，需要太阳光球 Si 丰度'搭桥'（Suess & Urey 1956）。"	R1 参数下标/科学记数法
126	**主干**：陨石质谱精度高但挥发元素缺失 → 用 Si=10⁶ 归一 → 需要太阳 Si 丰度"搭桥"。	**主干**：陨石质谱精度高但挥发元素缺失 → 用 Si=$10^{6}$ 归一 → 需要太阳 Si 丰度"搭桥"。	R1 参数下标/科学记数法
130	**翻译**：陨石质谱精度高（含同位素分辨），但 H、He、C、N、O、Ne 等挥发元素在陨石中缺失，因此陨石丰度以 Si = 10⁶ 为基准，需要太阳光球的 Si 丰度来"搭桥"，将其换算到天文对数丰度标度。	**翻译**：陨石质谱精度高（含同位素分辨），但 H、He、C、N、O、Ne 等挥发元素在陨石中缺失，因此陨石丰度以 Si = $10^{6}$ 为基准，需要太阳光球的 Si 丰度来"搭桥"，将其换算到天文对数丰度标度。	R1 参数下标/科学记数法
38	| D/H | (2.0 ± 0.2) × 10⁻⁵ |	| D/H | (2.0 ± 0.2) × $10^{-5}$ |	R1 参数下标/科学记数法
120	- 图 21–22：Lyubimkov 效应重演 — 用 log g=4、ξ=0 得到 slope=0.035 dex per 10⁶ yr，正是忽略演化后 log g 下降、ξ 增大所致	- 图 21–22：Lyubimkov 效应重演 — 用 log g=4、ξ=0 得到 slope=0.035 dex per $10^{6}$ yr，正是忽略演化后 log g 下降、ξ 增大所致	R1 参数下标/科学记数法
37	- 13–20 M☉ 恒星：log ε(N) 从 **7.6 → 8.6** 在 **< 10⁷ yr** 内；	- 13–20 M☉ 恒星：log ε(N) 从 **7.6 → 8.6** 在 **< $10^{7}$ yr** 内；	R1 参数下标/科学记数法
39	- 13–20 M☉：**0.15 dex per 10⁶ yr**	- 13–20 M☉：**0.15 dex per $10^{6}$ yr**	R1 参数下标/科学记数法
116	1. Lyubimkov 的 d log ε(N)/dt 值（0.15 dex per 10⁶ yr 对 13–20 M☉）极大——主序列寿命 ~10⁷ yr，意味着 0.15×10 = 1.5 dex 总变化，远超 CN-cycle 平衡态的理论极限；这个数值本身就有物理上的可疑性；	1. Lyubimkov 的 d log ε(N)/dt 值（0.15 dex per $10^{6}$ yr 对 13–20 M☉）极大——主序列寿命 ~$10^{7}$ yr，意味着 0.15×10 = 1.5 dex 总变化，远超 CN-cycle 平衡态的理论极限；这个数值本身就有物理上的可疑性；	R1 参数下标/科学记数法
172	- 得到 **N 丰度 vs 年龄**的斜率 = **0.035 dex per 10⁶ yr**（Figure 21，虚线）；	- 得到 **N 丰度 vs 年龄**的斜率 = **0.035 dex per $10^{6}$ yr**（Figure 21，虚线）；	R1 参数下标/科学记数法
221	| Lyubimkov 假相关斜率复现 | 0.035 dex per 10⁶ yr |	| Lyubimkov 假相关斜率复现 | 0.035 dex per $10^{6}$ yr |	R1 参数下标/科学记数法
207	2. **坐标**：横轴年龄 (10⁶ yr)，纵轴 N II λ4630 推导的 log ε(N)。	2. **坐标**：横轴年龄 ($10^{6}$ yr)，纵轴 N II λ4630 推导的 log ε(N)。	R1 参数下标/科学记数法
209	4. **关键数值**：斜率 = **0.035 dex per 10⁶ yr**。	4. **关键数值**：斜率 = **0.035 dex per $10^{6}$ yr**。	R1 参数下标/科学记数法
276	- 39 颗星用 Maeder & Meynet (1988) 演化轨插值得到的 Age (10⁶ yr)、Mass (M☉)、Radius (R☉)。	- 39 颗星用 Maeder & Meynet (1988) 演化轨插值得到的 Age ($10^{6}$ yr)、Mass (M☉)、Radius (R☉)。	R1 参数下标/科学记数法
59	- 得到 N vs 年龄斜率 **0.035 dex per 10⁶ yr**——与 Lyubimkov 方向一致；	- 得到 N vs 年龄斜率 **0.035 dex per $10^{6}$ yr**——与 Lyubimkov 方向一致；	R1 参数下标/科学记数法
102	1. **Lyubimkov (1984) 主张**：13–20 M☉ B 星 log ε(N) 从 7.6 → 8.6 在 <10⁷ yr（d log ε(N)/dt = 0.15 dex per 10⁶ yr）——**后来被本文证伪**。	1. **Lyubimkov (1984) 主张**：13–20 M☉ B 星 log ε(N) 从 7.6 → 8.6 在 <$10^{7}$ yr（d log ε(N)/dt = 0.15 dex per $10^{6}$ yr）——**后来被本文证伪**。	R1 参数下标/科学记数法
111	10. **用本文数据复现 Lyubimkov 相关**：斜率 0.035 dex per 10⁶ yr（图 21），与 Lyubimkov 方向一致，但**是伪相关**。	10. **用本文数据复现 Lyubimkov 相关**：斜率 0.035 dex per $10^{6}$ yr（图 21），与 Lyubimkov 方向一致，但**是伪相关**。	R1 参数下标/科学记数法
140	| Hubble 1931 的 H₀ | 558 km/s/Mpc（误差 10-20%） | Zwicky 1937 用此值 |	| Hubble 1931 的 $H_{0}$ | 558 km/s/Mpc（误差 10-20%） | Zwicky 1937 用此值 |	R1 参数下标/科学记数法
141	| 现代 H₀（Planck 2015） | 67.27 ± 0.66 km/s/Mpc | Ade et al. 2015 |	| 现代 $H_{0}$（Planck 2015） | 67.27 ± 0.66 km/s/Mpc | Ade et al. 2015 |	R1 参数下标/科学记数法
143	| Zwicky 1937 得 Coma 质量下限 | 4.5×10¹³ M⊙，星系均质 4.5×10¹⁰ M⊙，M/L≈500 | Zwicky 1937 |	| Zwicky 1937 得 Coma 质量下限 | 4.5×$10^{13}$ M⊙，星系均质 4.5×$10^{10}$ M⊙，M/L≈500 | Zwicky 1937 |	R1 参数下标/科学记数法
144	| Smith 1936 Virgo 总质量 | 10¹⁴ M⊙；每星系数均 2×10¹¹ M⊙ | Smith 1936 |	| Smith 1936 Virgo 总质量 | $10^{14}$ M⊙；每星系数均 2×$10^{11}$ M⊙ | Smith 1936 |	R1 参数下标/科学记数法
146	| Oort 1932 太阳附近总密度 | 0.092 M⊙/pc³ = 6.3×10⁻²⁴ g/cm³ | Oort 1932 |	| Oort 1932 太阳附近总密度 | 0.092 M⊙/pc³ = 6.3×$10^{-24}$ g/cm³ | Oort 1932 |	R1 参数下标/科学记数法
148	| 暗物质最大允许（Oort 结论） | ≤0.05 M⊙/pc³ = 3×10⁻²⁴ g/cm³ | Oort 1932 |	| 暗物质最大允许（Oort 结论） | ≤0.05 M⊙/pc³ = 3×$10^{-24}$ g/cm³ | Oort 1932 |	R1 参数下标/科学记数法
149	| MOND a₀ | ≈1.2×10⁻¹⁰ m/s² | Milgrom 1983 |	| MOND $a_{0}$ | ≈1.2×$10^{-10}$ m/s² | Milgrom 1983 |	R1 参数下标/科学记数法
151	| 微透镜光学深度 | ≈1/(2×10⁶) | Paczynski 1986 |	| 微透镜光学深度 | ≈1/(2×$10^{6}$) | Paczynski 1986 |	R1 参数下标/科学记数法
156	| 冷原初黑体质量范围 | 10¹⁴ – 10²³ kg | 综述引用微透镜+γ射线 |	| 冷原初黑体质量范围 | $10^{14}$ – $10^{23}$ kg | 综述引用微透镜+γ射线 |	R1 参数下标/科学记数法
157	| WIMP 湮灭截面 | σv ~ 10⁻²⁶ cm³/s | Steigman & Turner 1985 |	| WIMP 湮灭截面 | σv ~ $10^{-26}$ cm³/s | Steigman & Turner 1985 |	R1 参数下标/科学记数法
163	| SN1987A 约束 | m_a ≲ 10⁻³ eV | 综述 |	| SN1987A 约束 | m_a ≲ $10^{-3}$ eV | 综述 |	R1 参数下标/科学记数法
164	| axion 主要质量区间 | 10⁻⁶ – 10⁻⁴ eV | 综述 |	| axion 主要质量区间 | $10^{-6}$ – $10^{-4}$ eV | 综述 |	R1 参数下标/科学记数法
167	| CDM 小晕质量范围 | ~10⁻³ M⊙ – 10⁻⁹ M⊙（典型中性微子） | 综述 |	| CDM 小晕质量范围 | ~$10^{-3}$ M⊙ – $10^{-9}$ M⊙（典型中性微子） | 综述 |	R1 参数下标/科学记数法
55	- [FACT] 估计在半径 3.09×10¹⁶ km 球内可能有 **10⁹ 颗恒星**，其中 9/10 太暗看不到。	- [FACT] 估计在半径 3.09×$10^{16}$ km 球内可能有 **$10^{9}$ 颗恒星**，其中 9/10 太暗看不到。	R1 参数下标/科学记数法
79	- [FACT] 得到太阳邻域总密度最可能值：**0.092 M⊙/pc³ = 6.3×10⁻²⁴ g/cm³**。	- [FACT] 得到太阳邻域总密度最可能值：**0.092 M⊙/pc³ = 6.3×$10^{-24}$ g/cm³**。	R1 参数下标/科学记数法
82	> "total mass of nebulous or meteoric matter near the sun is less than **0.05 M⊙/pc³**, or 3×10⁻²⁴ g/cm³; it is probably less than the total mass of visible stars, possibly much less."	> "total mass of nebulous or meteoric matter near the sun is less than **0.05 M⊙/pc³**, or 3×$10^{-24}$ g/cm³; it is probably less than the total mass of visible stars, possibly much less."	R1 参数下标/科学记数法
18	- [FACT] Zwicky 输入参数：800 个星系、单星系数均 10⁹ M⊙（Hubble 值）、系统尺度 ~10⁶ 光年。	- [FACT] Zwicky 输入参数：800 个星系、单星系数均 $10^{9}$ M⊙（Hubble 值）、系统尺度 ~$10^{6}$ 光年。	R1 参数下标/科学记数法
33	- [FACT] 输入更新为：Coma 内 1000 个星系、半径 2×10⁶ 光年、视向速度弥散 700 km/s。	- [FACT] 输入更新为：Coma 内 1000 个星系、半径 2×$10^{6}$ 光年、视向速度弥散 700 km/s。	R1 参数下标/科学记数法
36	- Coma 总质量下限：**4.5×10¹³ M⊙**	- Coma 总质量下限：**4.5×$10^{13}$ M⊙**	R1 参数下标/科学记数法
37	- 每个星系平均质量：**4.5×10¹⁰ M⊙**	- 每个星系平均质量：**4.5×$10^{10}$ M⊙**	R1 参数下标/科学记数法
38	- 假设每个星系平均绝对光度 8.5×10⁷ L⊙	- 假设每个星系平均绝对光度 8.5×$10^{7}$ L⊙	R1 参数下标/科学记数法
41	### 3.1.4 H₀ 修正问题	### 3.1.4 $H_{0}$ 修正问题	R1 参数下标/科学记数法
43	- [FACT] Zwicky 1937 使用 Hubble-Humason 1931 的 **H₀ = 558 km/s/Mpc**（误差 10-20%）。	- [FACT] Zwicky 1937 使用 Hubble-Humason 1931 的 **$H_{0}$ = 558 km/s/Mpc**（误差 10-20%）。	R1 参数下标/科学记数法
44	- [FACT] 用 Planck 2015 的 **H₀ = 67.27 ± 0.66 km/s/Mpc** 修正，Zwicky 高估 M/L 因子约 **558/67.27 ≈ 8.3**。	- [FACT] 用 Planck 2015 的 **$H_{0}$ = 67.27 ± 0.66 km/s/Mpc** 修正，Zwicky 高估 M/L 因子约 **558/67.27 ≈ 8.3**。	R1 参数下标/科学记数法
56	- [FACT] 总质量 = 10¹⁴ M⊙；已知 500 个星系。	- [FACT] 总质量 = $10^{14}$ M⊙；已知 500 个星系。	R1 参数下标/科学记数法
57	- [FACT] 每星系数均 = **2×10¹¹ M⊙**，远高于 Hubble 的 10⁹ M⊙ 估计。	- [FACT] 每星系数均 = **2×$10^{11}$ M⊙**，远高于 Hubble 的 $10^{9}$ M⊙ 估计。	R1 参数下标/科学记数法
72	- [FACT] 采用更新 H₀ 与 5×10⁸ L⊙/星系，得 M/L ≈ **800**（"令人惊愕地高"）。	- [FACT] 采用更新 $H_{0}$ 与 5×$10^{8}$ L⊙/星系，得 M/L ≈ **800**（"令人惊愕地高"）。	R1 参数下标/科学记数法
100	| 系统半径 | 10⁶ ly | 2×10⁶ ly | — | — |	| 系统半径 | $10^{6}$ ly | 2×$10^{6}$ ly | — | — |	R1 参数下标/科学记数法
102	| 每星系数均 | 10⁹（假设） | 4.5×10¹⁰ | 2×10¹¹ | — |	| 每星系数均 | $10^{9}$（假设） | 4.5×$10^{10}$ | 2×$10^{11}$ | — |	R1 参数下标/科学记数法
104	| 总质量 | — | >4.5×10¹³ M⊙ | 10¹⁴ M⊙ | — |	| 总质量 | — | >4.5×$10^{13}$ M⊙ | $10^{14}$ M⊙ | — |	R1 参数下标/科学记数法
127	- [CRITIQUE] Zwicky 的数据**数量极少**（1933 年只用 8 个星系）且 H₀ 值过高，导致系统误差极大。但暗物质的**定性证据**（速度弥散远高于维里预测）稳健。	- [CRITIQUE] Zwicky 的数据**数量极少**（1933 年只用 8 个星系）且 $H_{0}$ 值过高，导致系统误差极大。但暗物质的**定性证据**（速度弥散远高于维里预测）稳健。	R1 参数下标/科学记数法
128	- [CRITIQUE] 1960s 混乱局面的真正原因在于**距离阶梯（distance ladder）不精确**——H₀ 不确定性直接传导到质量。这一系统性困难直到 1990s Cepheid/TMA 时代才基本解决。	- [CRITIQUE] 1960s 混乱局面的真正原因在于**距离阶梯（distance ladder）不精确**——$H_{0}$ 不确定性直接传导到质量。这一系统性困难直到 1990s Cepheid/TMA 时代才基本解决。	R1 参数下标/科学记数法
67	- 用 10⁵ 对星系估计晕总质量与尺度	- 用 $10^{5}$ 对星系估计晕总质量与尺度	R1 参数下标/科学记数法
37	- 若晕全由 MACHO 组成，约 **1 / (2×10⁶)** 颗恒星同时被放大	- 若晕全由 MACHO 组成，约 **1 / (2×$10^{6}$)** 颗恒星同时被放大	R1 参数下标/科学记数法
40	- [FACT] 最佳探测质量范围 **10⁻⁷ M⊙ 到 10² M⊙**（小时到年量级变化）。	- [FACT] 最佳探测质量范围 **$10^{-7}$ M⊙ 到 $10^{2}$ M⊙**（小时到年量级变化）。	R1 参数下标/科学记数法
55	- [FACT] **MACHO 5.7 年**监测 40×10⁶ 颗恒星，识别 **14–17 候选事件**，**远**高于背景预期。	- [FACT] **MACHO 5.7 年**监测 40×$10^{6}$ 颗恒星，识别 **14–17 候选事件**，**远**高于背景预期。	R1 参数下标/科学记数法
90	- [FACT] 结合 Hawking 辐射 γ 射线约束 + 微透镜 null results，可接受质量范围 **10¹⁴ – 10²³ kg**。	- [FACT] 结合 Hawking 辐射 γ 射线约束 + 微透镜 null results，可接受质量范围 **$10^{14}$ – $10^{23}$ kg**。	R1 参数下标/科学记数法
98	- [CRITIQUE] 原初黑洞暗物质在 2016 后重新受到关注（LIGO 黑洞合并事件 + 引力波约束），2020 Subaru HSC 微透镜巡天排除了 ~10⁻¹¹ – 10⁻⁷ M⊙ 窗口（"asteroid-mass PBH" 问题），但窄窗口仍存在。	- [CRITIQUE] 原初黑洞暗物质在 2016 后重新受到关注（LIGO 黑洞合并事件 + 引力波约束），2020 Subaru HSC 微透镜巡天排除了 ~$10^{-11}$ – $10^{-7}$ M⊙ 窗口（"asteroid-mass PBH" 问题），但窄窗口仍存在。	R1 参数下标/科学记数法
18	- [FACT] 在**低加速度极限** a ≪ a₀ 下，修改为：	- [FACT] 在**低加速度极限** a ≪ $a_{0}$ 下，修改为：	R1 参数下标/科学记数法
20	- [FACT] 临界加速度参数：**a₀ ≈ 1.2 × 10⁻¹⁰ m/s²**	- [FACT] 临界加速度参数：**$a_{0}$ ≈ 1.2 × $10^{-10}$ m/s²**	R1 参数下标/科学记数法
92	| a₀ | 1.2 × 10⁻¹⁰ m/s² | MOND 临界加速度 |	| $a_{0}$ | 1.2 × $10^{-10}$ m/s² | MOND 临界加速度 |	R1 参数下标/科学记数法
100	- [CRITIQUE] MOND 的一个**深度问题**是其 a₀ 在量级上近似 g ≈ cH₀/2π —— 这是与**宇宙学常数**（Λ ≈ 10⁻¹²²）同量级的**巧合常数**，暗示 MOND 可能与暗能量有深层联系，但目前未建立严格理论。	- [CRITIQUE] MOND 的一个**深度问题**是其 $a_{0}$ 在量级上近似 g ≈ $cH_{0/2}$π —— 这是与**宇宙学常数**（Λ ≈ $10^{-122}$）同量级的**巧合常数**，暗示 MOND 可能与暗能量有深层联系，但目前未建立严格理论。	R1 参数下标/科学记数法
95	| 1983 | Ellis et al. (Phys. Lett. B) | 脚注：可施加更严缺失质量约束 ρ_χ ≤ 2×10⁻³⁰ (Ωh²) g/cm³ |	| 1983 | Ellis et al. (Phys. Lett. B) | 脚注：可施加更严缺失质量约束 ρ_χ ≤ 2×$10^{-30}$ (Ωh²) g/cm³ |	R1 参数下标/科学记数法
106	- [FACT] 若 Θ̄ ~ O(1)，中子电偶极矩应为实验上限 ~10¹⁰ 倍。	- [FACT] 若 Θ̄ ~ O(1)，中子电偶极矩应为实验上限 ~$10^{10}$ 倍。	R1 参数下标/科学记数法
107	- [FACT] 实验要求 **|Θ̄| ≲ 10⁻¹⁰** —— 极度精细调节。	- [FACT] 实验要求 **|Θ̄| ≲ $10^{-10}$** —— 极度精细调节。	R1 参数下标/科学记数法
123	| SN1987A | m_a ≳ 10⁻³ eV | 综述（引自 Kolb-Turner 1990 Ch.10） |	| SN1987A | m_a ≳ $10^{-3}$ eV | 综述（引自 Kolb-Turner 1990 Ch.10） |	R1 参数下标/科学记数法
124	| 现代主要候选质量区间 | 10⁻⁶ – 10⁻⁴ eV | 综述 |	| 现代主要候选质量区间 | $10^{-6}$ – $10^{-4}$ eV | 综述 |	R1 参数下标/科学记数法
129	- [FACT] **失配机制**（misalignment）：PQ 场初始值为大值，当 T ~ λ_QCD 时场滚动到极小值，能量转换为轴子（Abbott-Sikivie 1983；Dine-Fischler 1983；Preskill-Wise-Wilczek 1983）。典型初始条件给出 m_a ~ 10⁻⁵ eV 时密度约等于暗物质密度。	- [FACT] **失配机制**（misalignment）：PQ 场初始值为大值，当 T ~ λ_QCD 时场滚动到极小值，能量转换为轴子（Abbott-Sikivie 1983；Dine-Fischler 1983；Preskill-Wise-Wilczek 1983）。典型初始条件给出 m_a ~ $10^{-5}$ eV 时密度约等于暗物质密度。	R1 参数下标/科学记数法
159	| σv ≈ 10⁻²⁶ cm³/s | 热遗迹丰度匹配 Ω_DM h² ≈ 0.12 的截面 |	| σv ≈ $10^{-26}$ cm³/s | 热遗迹丰度匹配 Ω_DM h² ≈ 0.12 的截面 |	R1 参数下标/科学记数法
23	- [FACT] Einasto-Kaasik-Saar 1974（4 月 10 日）："Dynamic evidence on massive coronas of galaxies" —— 用 10⁵ 星系对得出**星系总质量超恒星质量 10 倍**；并指出此可解释**星系团**质量差异。	- [FACT] Einasto-Kaasik-Saar 1974（4 月 10 日）："Dynamic evidence on massive coronas of galaxies" —— 用 $10^{5}$ 星系对得出**星系总质量超恒星质量 10 倍**；并指出此可解释**星系团**质量差异。	R1 参数下标/科学记数法
50	- [FACT] 指出若宇宙**只有重子物质**，CMB 涨落 ~10⁻⁴ 无法形成观测结构；若**非重子弱相互作用粒子**占主导，密度涨落可在退耦前增长。	- [FACT] 指出若宇宙**只有重子物质**，CMB 涨落 ~$10^{-4}$ 无法形成观测结构；若**非重子弱相互作用粒子**占主导，密度涨落可在退耦前增长。	R1 参数下标/科学记数法
72	- [FACT] **冷暗物质**（如中性微子）：退耦温度 < 质量 → 非相对论 → 自由流长度短，可形成**低质量晕**（典型中性微子 ~10⁻³ – 10⁻⁹ M⊙），**自下而上合并（hierarchical）**。	- [FACT] **冷暗物质**（如中性微子）：退耦温度 < 质量 → 非相对论 → 自由流长度短，可形成**低质量晕**（典型中性微子 ~$10^{-3}$ – $10^{-9}$ M⊙），**自下而上合并（hierarchical）**。	R1 参数下标/科学记数法
101	| 中性微子小晕质量范围 | ~10⁻³ – 10⁻⁹ M⊙ | 综述 |	| 中性微子小晕质量范围 | ~$10^{-3}$ – $10^{-9}$ M⊙ | 综述 |	R1 参数下标/科学记数法
60	| **CRESST** | 闪烁 + 热 | CaWO₄ | 低温 |	| **CRESST** | 闪烁 + 热 | $CaWO_{4}$ | 低温 |	R1 参数下标/科学记数法
80	- [FACT] 当时 γ 背景（SAS-2，Fichtel-Simpson-Thompson 1978，35-100 MeV）：~6×10⁻⁵ cm⁻² s⁻¹ sr⁻¹ —— 远高于暗物质湮灭平滑预测；但**暗物质晕内湮灭**可大幅提高预测。	- [FACT] 当时 γ 背景（SAS-2，Fichtel-Simpson-Thompson 1978，35-100 MeV）：~6×$10^{-5}$ cm⁻² s⁻¹ sr⁻¹ —— 远高于暗物质湮灭平滑预测；但**暗物质晕内湮灭**可大幅提高预测。	R1 参数下标/科学记数法
29	| 尽管 | notwithstanding | prep. | 让步 | "**尽管** WIMP 奇迹（σv ~ 10⁻²⁶ cm³/s 与弱力截面巧合一致），但 20 年 null 结果已严重压缩参数空间" | 让步巧合，但转后 null |	| 尽管 | notwithstanding | prep. | 让步 | "**尽管** WIMP 奇迹（σv ~ $10^{-26}$ cm³/s 与弱力截面巧合一致），但 20 年 null 结果已严重压缩参数空间" | 让步巧合，但转后 null |	R1 参数下标/科学记数法
136	> "**热暗物质**（如标准模型中微子）：退耦温度 ≫ 质量 → 相对论 → 先形成**大尺度**结构，再碎片化（**top-down**）。**冷暗物质**（如中性微子）：退耦温度 < 质量 → 非相对论 → 自由流长度短，可形成**低质量晕**（典型中性微子 ~10⁻³ – 10⁻⁹ M⊙），**自下而上合并**（hierarchical）。"	> "**热暗物质**（如标准模型中微子）：退耦温度 ≫ 质量 → 相对论 → 先形成**大尺度**结构，再碎片化（**top-down**）。**冷暗物质**（如中性微子）：退耦温度 < 质量 → 非相对论 → 自由流长度短，可形成**低质量晕**（典型中性微子 ~$10^{-3}$ – $10^{-9}$ M⊙），**自下而上合并**（hierarchical）。"	R1 参数下标/科学记数法
142	**翻译**：热暗物质（如标准模型中的中微子）：退耦温度远大于质量 → 退耦时是相对论粒子 → 自由流长度长 → 先形成大尺度结构，再碎片化为较小结构（top-down 结构形成）；冷暗物质（如中性微子）：退耦温度小于质量 → 退耦时是非相对论粒子 → 自由流长度短 → 可形成低质量晕（典型中性微子形成 ~10⁻³ – 10⁻⁹ M⊙ 量级的晕）→ 通过自下而上的层级式合并形成大结构。	**翻译**：热暗物质（如标准模型中的中微子）：退耦温度远大于质量 → 退耦时是相对论粒子 → 自由流长度长 → 先形成大尺度结构，再碎片化为较小结构（top-down 结构形成）；冷暗物质（如中性微子）：退耦温度小于质量 → 退耦时是非相对论粒子 → 自由流长度短 → 可形成低质量晕（典型中性微子形成 ~$10^{-3}$ – $10^{-9}$ M⊙ 量级的晕）→ 通过自下而上的层级式合并形成大结构。	R1 参数下标/科学记数法
50	- [CRITIQUE] 综述**未讨论 ΛCDM 当前挑战**：小尺度危机（missing satellites, cusp-core, too-big-to-fail）；H₀ tension；σ₈ tension。	- [CRITIQUE] 综述**未讨论 ΛCDM 当前挑战**：小尺度危机（missing satellites, cusp-core, too-big-to-fail）；$H_{0}$ tension；σ₈ tension。	R1 参数下标/科学记数法
52	- [CRITIQUE] 未讨论**新兴候选体**：fuzzy dark matter（ultralight axion ~10⁻²² eV）、dark photons、hidden valley、asymmetric dark matter、dark matter self-interactions。	- [CRITIQUE] 未讨论**新兴候选体**：fuzzy dark matter（ultralight axion ~$10^{-22}$ eV）、dark photons、hidden valley、asymmetric dark matter、dark matter self-interactions。	R1 参数下标/科学记数法
59	3. Zwicky 1937 Coma M/L ≈ 500（修正 H₀ 后仍高 ~60）——星系团证据稳健。	3. Zwicky 1937 Coma M/L ≈ 500（修正 $H_{0}$ 后仍高 ~60）——星系团证据稳健。	R1 参数下标/科学记数法
62	6. MOND a₀ ≈ 1.2×10⁻¹⁰ m/s² 精确预测 Tully-Fisher α=4；**Bullet Cluster 2006** 是其最大挑战。	6. MOND $a_{0}$ ≈ 1.2×$10^{-10}$ m/s² 精确预测 Tully-Fisher α=4；**Bullet Cluster 2006** 是其最大挑战。	R1 参数下标/科学记数法
63	7. WIMP 奇迹：σv ~ 10⁻²⁶ cm³/s 与弱力截面"巧合一致"——但 20 年 null 结果已严重压缩参数空间。	7. WIMP 奇迹：σv ~ $10^{-26}$ cm³/s 与弱力截面"巧合一致"——但 20 年 null 结果已严重压缩参数空间。	R1 参数下标/科学记数法
65	9. Axion：解决强 CP 问题；质量 10⁻⁶ – 10⁻⁴ eV；ADMX 已覆盖 1.9-3.3 μeV。	9. Axion：解决强 CP 问题；质量 $10^{-6}$ – $10^{-4}$ eV；ADMX 已覆盖 1.9-3.3 μeV。	R1 参数下标/科学记数法
88	│   ├── 特征速度 ~10⁻³ cm s⁻¹	│   ├── 特征速度 ~$10^{-3}$ cm s⁻¹	R1 参数下标/科学记数法
90	│   └── 问题：M92 主序末碳耗竭过早；所需 ω~6×10⁻⁵ s⁻¹	│   └── 问题：M92 主序末碳耗竭过早；所需 ω~6×$10^{-5}$ s⁻¹	R1 参数下标/科学记数法
26	- **质量损失**：RGB 顶端附近有长期质量损失，速率 **10⁻⁸ 到 10⁻⁹ M☉/yr** [FACT]（Rood 1973；Cohen 1976；Dupree et al. 1994）。	- **质量损失**：RGB 顶端附近有长期质量损失，速率 **$10^{-8}$ 到 $10^{-9}$ M☉/yr** [FACT]（Rood 1973；Cohen 1976；Dupree et al. 1994）。	R1 参数下标/科学记数法
65	- 中子源 ²²Ne(α,n)²⁵Mg 需 T ≈ 3×10⁸ K（Iben 1983），RGB 星内部 T 远低于此 [FACT]。	- 中子源 ²²Ne(α,n)²⁵Mg 需 T ≈ 3×$10^{8}$ K（Iben 1983），RGB 星内部 T 远低于此 [FACT]。	R1 参数下标/科学记数法
22	- **特征速度**：v ~ **10⁻³ cm s⁻¹**（极其缓慢）[FACT]。	- **特征速度**：v ~ **$10^{-3}$ cm s⁻¹**（极其缓慢）[FACT]。	R1 参数下标/科学记数法
26	- 环流把表面 CNO 丰度改变的时间尺度**远小于** RGB 第一攀升演化时标 **~10⁸ yr** [FACT]。	- 环流把表面 CNO 丰度改变的时间尺度**远小于** RGB 第一攀升演化时标 **~$10^{8}$ yr** [FACT]。	R1 参数下标/科学记数法
65	- Sweigart-Mengel 理论要求团巨星的角动量使主序前身星的角速度 **ω ≈ 6 × 10⁻⁵ s⁻¹** [FACT]。	- Sweigart-Mengel 理论要求团巨星的角动量使主序前身星的角速度 **ω ≈ 6 × $10^{-5}$ s⁻¹** [FACT]。	R1 参数下标/科学记数法
67	- 观测事实：团红巨星前身同光度范围的主序星初始确有此量级自转速度，但**在 ~10⁷ yr 时标上快速减速（spin down）**（Kraft 1967；Stauffer et al. 1989）[FACT]。	- 观测事实：团红巨星前身同光度范围的主序星初始确有此量级自转速度，但**在 ~$10^{7}$ yr 时标上快速减速（spin down）**（Kraft 1967；Stauffer et al. 1989）[FACT]。	R1 参数下标/科学记数法
68	- 矛盾：10⁷ yr ≪ 任何已知银河系球状星团年龄 → **难以维持所需角速度** [FACT]。	- 矛盾：$10^{7}$ yr ≪ 任何已知银河系球状星团年龄 → **难以维持所需角速度** [FACT]。	R1 参数下标/科学记数法
82	| 环流特征速度 | v ~ 10⁻³ cm s⁻¹ |	| 环流特征速度 | v ~ $10^{-3}$ cm s⁻¹ |	R1 参数下标/科学记数法
83	| RGB 第一攀升演化时标 | ~10⁸ yr |	| RGB 第一攀升演化时标 | ~$10^{8}$ yr |	R1 参数下标/科学记数法
84	| 环流改变表面丰度时标 | ≪ 10⁸ yr（原文未给具体值） |	| 环流改变表面丰度时标 | ≪ $10^{8}$ yr（原文未给具体值） |	R1 参数下标/科学记数法
85	| 所需主序前身角速度 | ω ~ 6 × 10⁻⁵ s⁻¹ |	| 所需主序前身角速度 | ω ~ 6 × $10^{-5}$ s⁻¹ |	R1 参数下标/科学记数法
87	| 主序星自转减速时标 | ~10⁷ yr |	| 主序星自转减速时标 | ~$10^{7}$ yr |	R1 参数下标/科学记数法
99	- ²²Ne 源需 **T ~ 3×10⁸ K**——比低质量 RGB 星内部最高温度高 ~10 倍（Iben 1976）[FACT]	- ²²Ne 源需 **T ~ 3×$10^{8}$ K**——比低质量 RGB 星内部最高温度高 ~10 倍（Iben 1976）[FACT]	R1 参数下标/科学记数法
100	- **T ~ 3×10⁸ K 的星**：演化中 **M ≳ 5 M☉** 的星才能达成 [FACT]。	- **T ~ 3×$10^{8}$ K 的星**：演化中 **M ≳ 5 M☉** 的星才能达成 [FACT]。	R1 参数下标/科学记数法
137	| ²²Ne(α,n)²⁵Mg 所需温度 | T ~ 3×10⁸ K |	| ²²Ne(α,n)²⁵Mg 所需温度 | T ~ 3×$10^{8}$ K |	R1 参数下标/科学记数法
138	| 低质量 RGB 星内部温度上限 | ~3×10⁷ K（低约 10 倍） |	| 低质量 RGB 星内部温度上限 | ~3×$10^{7}$ K（低约 10 倍） |	R1 参数下标/科学记数法
72	| 混合参数 | T₉ = 0.40（即 T = 4×10⁸ K）；密度 = 44.7 g cm⁻³ |	| 混合参数 | $T_{9}$ = 0.40（即 T = 4×$10^{8}$ K）；密度 = 44.7 g cm⁻³ |	R1 参数下标/科学记数法
80	| characteristic velocity ~10⁻³ cm s⁻¹ | 环流特征速度 | 子午环流的量级 | §5 |	| characteristic velocity ~$10^{-3}$ cm s⁻¹ | 环流特征速度 | 子午环流的量级 | §5 |	R1 参数下标/科学记数法
82	| angular velocity ω ~ 6×10⁻⁵ s⁻¹ | 所需角速度 | Sweigart-Mengel 理论所需的主序前身星角速度 | §5 |	| angular velocity ω ~ 6×$10^{-5}$ s⁻¹ | 所需角速度 | Sweigart-Mengel 理论所需的主序前身星角速度 | §5 |	R1 参数下标/科学记数法
43	| Sweigart-Mengel 环流速度 | ~10⁻³ cm s⁻¹ |	| Sweigart-Mengel 环流速度 | ~$10^{-3}$ cm s⁻¹ |	R1 参数下标/科学记数法
44	| 所需主序前身 ω | ~ 6 × 10⁻⁵ s⁻¹ |	| 所需主序前身 ω | ~ 6 × $10^{-5}$ s⁻¹ |	R1 参数下标/科学记数法
45	| 主序星自转减速时标 | ~10⁷ yr |	| 主序星自转减速时标 | ~$10^{7}$ yr |	R1 参数下标/科学记数法
46	| ²²Ne(α,n)²⁵Mg 所需 T | ~3 × 10⁸ K |	| ²²Ne(α,n)²⁵Mg 所需 T | ~3 × $10^{8}$ K |	R1 参数下标/科学记数法
81	6. **Sweigart-Mengel 环流速度**：~10⁻³ cm s⁻¹（极慢但有效）。	6. **Sweigart-Mengel 环流速度**：~$10^{-3}$ cm s⁻¹（极慢但有效）。	R1 参数下标/科学记数法
82	7. **角动量难题**：所需 ω ~ 6×10⁻⁵ s⁻¹；主序星 10⁷ yr 内减速；M13 HB 自转 ~30 km/s 反推主序末 ~60 km/s。	7. **角动量难题**：所需 ω ~ 6×$10^{-5}$ s⁻¹；主序星 $10^{7}$ yr 内减速；M13 HB 自转 ~30 km/s 反推主序末 ~60 km/s。	R1 参数下标/科学记数法
