126	7.1 Low-Energy Diffuse γ-ray Background	7.1 Low-Energy Diffuse $\gamma$-ray Background	R2 核素/希腊字母/单位
162	- 主要背景光子场：CMB (ε ~ $10^{-3}$ eV), Extragalactic IR/Optical Background (EIB)。	- 主要背景光子场：CMB ($\epsilon$ ~ $10^{-3}$ eV), Extragalactic IR/Optical Background (EIB)。	R2 核素/希腊字母/单位
173	| EM cascade (γγ → e⁺e⁻) | §4.2 | §7.1 |	| EM cascade ($\gamma$$\gamma$ → e⁺e⁻) | §4.2 | §7.1 |	R2 核素/希腊字母/单位
184	| CMB spectral distortion (μ, y) | §7.3 | — |	| CMB spectral distortion ($\mu$, y) | §7.3 | — |	R2 核素/希腊字母/单位
25	- 对 γ 射线，CGRO 上仪器（如 EGRET）的统计极限在 ~100 GeV 附近。	- 对 $\gamma$ 射线，CGRO 上仪器（如 EGRET）的统计极限在 ~100 GeV 附近。	R2 核素/希腊字母/单位
59	- 对 γ 射线初级，切伦科夫光输出比带电 CR 大得多；结合成像技术可甄别点源 γ 射线与带电 CR 本底。	- 对 $\gamma$ 射线初级，切伦科夫光输出比带电 CR 大得多；结合成像技术可甄别点源 $\gamma$ 射线与带电 CR 本底。	R2 核素/希腊字母/单位
69	- 灵敏 TeV 量级 μ 子	- 灵敏 TeV 量级 $\mu$ 子	R2 核素/希腊字母/单位
77	- 膝到 ~4×$10^{17}$ eV：谱指数 γ ≈ 3.0。	- 膝到 ~4×$10^{17}$ eV：谱指数 $\gamma$ ≈ 3.0。	R2 核素/希腊字母/单位
78	- ~4×$10^{17}$ – 3×$10^{18}$ eV：谱陡化到 γ ≈ 3.2。	- ~4×$10^{17}$ – 3×$10^{18}$ eV：谱陡化到 $\gamma$ ≈ 3.2。	R2 核素/希腊字母/单位
115	- shower 在密度较低的高层大气发展 → π 衰变 → μ 相对更容易发生。	- shower 在密度较低的高层大气发展 → $\pi$ 衰变 → $\mu$ 相对更容易发生。	R2 核素/希腊字母/单位
136	- 有报告称 Fly's Eye 最高能量事件**与 γ 初级不一致** [72]。	- 有报告称 Fly's Eye 最高能量事件**与 $\gamma$ 初级不一致** [72]。	R2 核素/希腊字母/单位
148	|δ| = (I_max − I_min) / (I_max + I_min)	|$\delta$| = (I_max − I_min) / (I_max + I_min)	R2 核素/希腊字母/单位
172	### 2.7.2 γ 射线实验	### 2.7.2 $\gamma$ 射线实验	R2 核素/希腊字母/单位
14	- **银河系 vs 河外起源**：多重证据（SMC γ 射线、各向异性、电子成分）支持至少膝点以下 CR 为银河系起源。	- **银河系 vs 河外起源**：多重证据（SMC $\gamma$ 射线、各向异性、电子成分）支持至少膝点以下 CR 为银河系起源。	R2 核素/希腊字母/单位
30	X(E) = ρ_g · t_CR(E) ≃ 6.9 · (E / 20Z GeV)^(-0.6)  g cm⁻²	X(E) = $\rho$_g · t_CR(E) ≃ 6.9 · (E / 20Z GeV)^(-0.6)  g cm⁻²	R2 核素/希腊字母/单位
32	- ρ_g：星际气体平均密度	- $\rho$_g：星际气体平均密度	R2 核素/希腊字母/单位
38	L_CR = (4π/c) · ∫dE ∫dV · t_CR(E)⁻¹ · E · j(E)	L_CR = (4$\pi$/c) · ∫dE ∫dV · t_CR(E)⁻¹ · E · j(E)	R2 核素/希腊字母/单位
55	u_CR ~ B²/8π ~ (1/2)·ρ_g·v_t²  (Eq. 5)	u_CR ~ B²/8$\pi$ ~ (1/2)·$\rho$_g·v_t²  (Eq. 5)	R2 核素/希腊字母/单位
67	2. **SMC γ 射线上界** [FACT]：	2. **SMC $\gamma$ 射线上界** [FACT]：	R2 核素/希腊字母/单位
68	- CR 与气体相互作用产生 π⁰ 衰变 γ 射线 [118]。	- CR 与气体相互作用产生 $\pi$⁰ 衰变 $\gamma$ 射线 [118]。	R2 核素/希腊字母/单位
71	3. **银河系 CR 梯度**：若银河起源，CR 强度应随银心距离下降 → 反映在次级 γ 射线中 [120–122]。观测结果尚不完全确定 [123]。	3. **银河系 CR 梯度**：若银河起源，CR 强度应随银心距离下降 → 反映在次级 $\gamma$ 射线中 [120–122]。观测结果尚不完全确定 [123]。	R2 核素/希腊字母/单位
110	- SNR 质子与周围物质作用产生 π⁰ → 次级 γ 射线（预言 [139–144]）。但观测上尚无确凿探测 [145,146]。	- SNR 质子与周围物质作用产生 $\pi$⁰ → 次级 $\gamma$ 射线（预言 [139–144]）。但观测上尚无确凿探测 [145,146]。	R2 核素/希腊字母/单位
119	| Plaga [148] | 全部宇宙线河外起源，银河"磁通陷阱"积累 | 称 SMC γ 射线不是合适的检验 |	| Plaga [148] | 全部宇宙线河外起源，银河"磁通陷阱"积累 | 称 SMC $\gamma$ 射线不是合适的检验 |	R2 核素/希腊字母/单位
126	Ω ≡ dE/dt ≃ (3/5π) · Γ² · ω₀⁵ / m_N ≲ $10^{13}$ eV s⁻¹	$\Omega$ ≡ dE/dt ≃ (3/5$\pi$) · $\Gamma$² · $\omega$₀⁵ / m_N ≲ $10^{13}$ eV s⁻¹	R2 核素/希腊字母/单位
127	Γ = 2e²/3m_N（辐射阻尼常数）	$\Gamma$ = 2e²/3m_N（辐射阻尼常数）	R2 核素/希腊字母/单位
128	ω₀ 小于夸克 Compton 频率	$\omega$₀ 小于夸克 Compton 频率	R2 核素/希腊字母/单位
141	- [CRITIQUE] Top-down 场景（§6–7）对观测约束越来越严格（IceCube 未发现对应中微子，Fermi-LAT 对 diffuse γ-ray 有更强限制）。这是 1999 年时尚未预见的发展。	- [CRITIQUE] Top-down 场景（§6–7）对观测约束越来越严格（IceCube 未发现对应中微子，Fermi-LAT 对 diffuse $\gamma$-ray 有更强限制）。这是 1999 年时尚未预见的发展。	R2 核素/希腊字母/单位
55	展示质子-光子相互作用中**光致π产生**（photo-pion production）的总截面 σ(γN) 随能量（在核子静止系中的 γ 能量 E_lab^γ）的变化。	展示质子-光子相互作用中**光致π产生**（photo-pion production）的总截面 $\sigma$($\gamma$N) 随能量（在核子静止系中的 $\gamma$ 能量 E_lab^$\gamma$）的变化。	R2 核素/希腊字母/单位
58	- 横轴：E_lab^γ（MeV，log 标度）	- 横轴：E_lab^$\gamma$（MeV，log 标度）	R2 核素/希腊字母/单位
59	- 纵轴：总截面 σ (μb)	- 纵轴：总截面 $\sigma$ ($\mu$b)	R2 核素/希腊字母/单位
63	[FACT] 截面在阈值附近出现显著的 ∆(1232) 共振，对应单π产生；高能极限下截面随 ln(s) 对数增长。总截面在 ~200 μb 量级。	[FACT] 截面在阈值附近出现显著的 ∆(1232) 共振，对应单π产生；高能极限下截面随 ln(s) 对数增长。总截面在 ~200 $\mu$b 量级。	R2 核素/希腊字母/单位
66	这是 GZK 效应的微观物理基础。CMB 光子在质子的静止系中能量达到 ~160 MeV 时触发 π 产生，导致质子能量急剧损失。Fig. 8 的截面数据直接决定 GZK 截止的能量阈和互作用长度 [FACT]。	这是 GZK 效应的微观物理基础。CMB 光子在质子的静止系中能量达到 ~160 MeV 时触发 $\pi$ 产生，导致质子能量急剧损失。Fig. 8 的截面数据直接决定 GZK 截止的能量阈和互作用长度 [FACT]。	R2 核素/希腊字母/单位
94	- 横轴：频率 ν（Hz，log 标度，$10^{5}$–$10^{10}$ Hz）	- 横轴：频率 $\nu$（Hz，log 标度，$10^{5}$–$10^{10}$ Hz）	R2 核素/希腊字母/单位
100	[FACT] URB 在 ~1–100 MHz 频段的不确定性达**数个量级**。最强版本（[175]）与最弱版本（[174]）之间的差异直接影响了 UHE γ 射线的传播计算（双对产生 DPP 截面）。	[FACT] URB 在 ~1–100 MHz 频段的不确定性达**数个量级**。最强版本（[175]）与最弱版本（[174]）之间的差异直接影响了 UHE $\gamma$ 射线的传播计算（双对产生 DPP 截面）。	R2 核素/希腊字母/单位
110	展示**双对产生**（Double Pair Production, γγ→e⁺e⁻e⁺e⁻）与普通对产生（PP）的截面比较，显示 DPP 在 UHE 能区的重要性。	展示**双对产生**（Double Pair Production, $\gamma$$\gamma$→e⁺e⁻e⁺e⁻）与普通对产生（PP）的截面比较，显示 DPP 在 UHE 能区的重要性。	R2 核素/希腊字母/单位
118	[FACT] DPP 在 E ≳ $10^{21}$–$10^{23}$ eV 处开始主导 PP，具体转折能量取决于 URB 强度（强URB 对应更低转折能量）。这对 UHE γ 射线的传播距离有决定性影响。	[FACT] DPP 在 E ≳ $10^{21}$–$10^{23}$ eV 处开始主导 PP，具体转折能量取决于 URB 强度（强URB 对应更低转折能量）。这对 UHE $\gamma$ 射线的传播距离有决定性影响。	R2 核素/希腊字母/单位
121	传统上仅考虑 PP 已不足以描述 UHE 光子的传播。DPP 的引入意味着在 UHE 能区，电磁级联的能量分配更均匀（非弹性度 η 更小），光子传播距离更长 [FACT]。这是 TD 模型预测高能光子通量时必须考虑的高阶 QED 效应。	传统上仅考虑 PP 已不足以描述 UHE 光子的传播。DPP 的引入意味着在 UHE 能区，电磁级联的能量分配更均匀（非弹性度 $\eta$ 更小），光子传播距离更长 [FACT]。这是 TD 模型预测高能光子通量时必须考虑的高阶 QED 效应。	R2 核素/希腊字母/单位
132	- 纵轴：截面 σ（cm²，log 标度）	- 纵轴：截面 $\sigma$（cm²，log 标度）	R2 核素/希腊字母/单位
133	- 曲线：νν t-channel 交换、s-channel Z⁰ 共振、νγ→lW⁺ 产生、νN 截面等	- 曲线：$\nu$$\nu$ t-channel 交换、s-channel Z⁰ 共振、$\nu$$\gamma$→lW⁺ 产生、$\nu$N 截面等	R2 核素/希腊字母/单位
136	[FACT] 在 √s ~ M_Z 处，s-channel Z⁰ 共振截面达到 ~$10^{-32}$ cm²（比 t-channel 高 6 个量级）。νγ→lW⁺ 在 √s > 80 GeV 时与 νν 过程可比。νN 截面随 E⁰·⁴ 增长，但在 UHE 能区仍远小于 νν 过程（因 RNB 粒子数密度高 ~$10^{10}$ 倍）。	[FACT] 在 √s ~ M_Z 处，s-channel Z⁰ 共振截面达到 ~$10^{-32}$ cm²（比 t-channel 高 6 个量级）。$\nu$$\gamma$→lW⁺ 在 √s > 80 GeV 时与 $\nu$$\nu$ 过程可比。$\nu$N 截面随 E⁰·⁴ 增长，但在 UHE 能区仍远小于 $\nu$$\nu$ 过程（因 RNB 粒子数密度高 ~$10^{10}$ 倍）。	R2 核素/希腊字母/单位
139	这些截面决定了 Z-burst 场景（UHE ν + relic ν → Z⁰ → EHECR）的可行性。Z⁰ 共振产生的次级粒子能量 ~M_Z/2，可解释 >$10^{20}$ eV 事件 [FACT]。这是 EHECR 起源理论中唯一不要求超高能粒子在源处产生、而是通过共振产生的机制。	这些截面决定了 Z-burst 场景（UHE $\nu$ + relic $\nu$ → Z⁰ → EHECR）的可行性。Z⁰ 共振产生的次级粒子能量 ~M_Z/2，可解释 >$10^{20}$ eV 事件 [FACT]。这是 EHECR 起源理论中唯一不要求超高能粒子在源处产生、而是通过共振产生的机制。	R2 核素/希腊字母/单位
158	这是 TD 模型预测可观测 γ 通量的关键传播量。级联穿透深度直接决定了 EGRET 能段（~100 MeV–100 GeV）弥漫 γ 背景对 TD 模型的约束强度 [FACT]。	这是 TD 模型预测可观测 $\gamma$ 通量的关键传播量。级联穿透深度直接决定了 EGRET 能段（~100 MeV–100 GeV）弥漫 $\gamma$ 背景对 TD 模型的约束强度 [FACT]。	R2 核素/希腊字母/单位
171	- 标注：τ100（E=100 EeV 时的特征时间延迟）	- 标注：$\tau$100（E=100 EeV 时的特征时间延迟）	R2 核素/希腊字母/单位
174	[FACT] 低能粒子因偏转更大，到达时间显著延迟（τE ∝ E⁻²）。事件在时间-能量平面上形成特征性的"抛物线"形状。对于 d ~ 50 Mpc 的源，τ100 可跨越数年到 ~$10^{4}$ 年量级。	[FACT] 低能粒子因偏转更大，到达时间显著延迟（$\tau$E ∝ E⁻²）。事件在时间-能量平面上形成特征性的"抛物线"形状。对于 d ~ 50 Mpc 的源，$\tau$100 可跨越数年到 ~$10^{4}$ 年量级。	R2 核素/希腊字母/单位
189	- 事件分布 + 标注：rectilinear regime（τE ∝ E⁻²）、Bohm diffusion（τE ∝ E⁻¹）、Kolmogorov regime（τE ∝ E⁻¹/³）	- 事件分布 + 标注：rectilinear regime（$\tau$E ∝ E⁻²）、Bohm diffusion（$\tau$E ∝ E⁻¹）、Kolmogorov regime（$\tau$E ∝ E⁻¹/³）	R2 核素/希腊字母/单位
192	[FACT] 三个扩散能段从高能到低能依次出现，τE 对能量的依赖指数逐渐减小。在 ~$10^{19}$–$10^{20}$ eV 能段，大多数候选源处于 rectilinear 与扩散之间的过渡区。	[FACT] 三个扩散能段从高能到低能依次出现，$\tau$E 对能量的依赖指数逐渐减小。在 ~$10^{19}$–$10^{20}$ eV 能段，大多数候选源处于 rectilinear 与扩散之间的过渡区。	R2 核素/希腊字母/单位
213	超星系面源分布 + 合适的磁场强度（~0.05–0.5 μG）可同时解释 AGASA 看到的大尺度各向同性和小尺度聚团 [FACT]。该图直接指导了 Auger 实验对各向异性的预期。	超星系面源分布 + 合适的磁场强度（~0.05–0.5 $\mu$G）可同时解释 AGASA 看到的大尺度各向同性和小尺度聚团 [FACT]。该图直接指导了 Auger 实验对各向异性的预期。	R2 核素/希腊字母/单位
236	## 13. Fig. 28 — TD 场景 γ 射线 + 核子通量（无 EGMF）（p85 / p144–145）	## 13. Fig. 28 — TD 场景 $\gamma$ 射线 + 核子通量（无 EGMF）（p85 / p144–145）	R2 核素/希腊字母/单位
239	展示典型 Top-down 场景（无河外磁场）中，X 粒子衰变产生的**时间平均 γ 射线和核子通量**，与观测约束的比较。	展示典型 Top-down 场景（无河外磁场）中，X 粒子衰变产生的**时间平均 $\gamma$ 射线和核子通量**，与观测约束的比较。	R2 核素/希腊字母/单位
244	- 曲线：γ 射线通量（实线）、核子通量（虚线）	- 曲线：$\gamma$ 射线通量（实线）、核子通量（虚线）	R2 核素/希腊字母/单位
245	- 观测约束：EGRET 数据（30 MeV–100 GeV）、CASA-MIA、HEGRA、各种 γ 实验上界	- 观测约束：EGRET 数据（30 MeV–100 GeV）、CASA-MIA、HEGRA、各种 $\gamma$ 实验上界	R2 核素/希腊字母/单位
249	[FACT] γ 射线通量在 E > 100 TeV 处被 PP 过程（CMB + IR/光背景）强烈吸收，吸收能量通过级联再循环到 <100 GeV。归一化到解释观测 EHECR 事件时，低能 γ 通量略低于 EGRET 上界——**约束并不严格**（在 1999 年认识水平上）。	[FACT] $\gamma$ 射线通量在 E > 100 TeV 处被 PP 过程（CMB + IR/光背景）强烈吸收，吸收能量通过级联再循环到 <100 GeV。归一化到解释观测 EHECR 事件时，低能 $\gamma$ 通量略低于 EGRET 上界——**约束并不严格**（在 1999 年认识水平上）。	R2 核素/希腊字母/单位
256	## 14. Fig. 29 — TD 场景 γ 通量（强 EGMF ~$10^{-9}$ G）（p86 / p145）	## 14. Fig. 29 — TD 场景 $\gamma$ 通量（强 EGMF ~$10^{-9}$ G）（p86 / p145）	R2 核素/希腊字母/单位
263	- 曲线：γ 通量（同步冷却抑制后显著降低）	- 曲线：$\gamma$ 通量（同步冷却抑制后显著降低）	R2 核素/希腊字母/单位
268	[FACT] 强 EGMF 下，初始级联对的同步冷却迅速将能量转移出 UHE 范围。UHE γ 通量主要取决于 PP 吸收长度，通常远低于 Fig. 28 中的值。核子通量变化不大。EGRET 约束对 EGMF 强度不敏感（只要核子通量与 γ 通量在最高能端可比）。	[FACT] 强 EGMF 下，初始级联对的同步冷却迅速将能量转移出 UHE 范围。UHE $\gamma$ 通量主要取决于 PP 吸收长度，通常远低于 Fig. 28 中的值。核子通量变化不大。EGRET 约束对 EGMF 强度不敏感（只要核子通量与 $\gamma$ 通量在最高能端可比）。	R2 核素/希腊字母/单位
271	EGMF 的强度对 TD 模型的可观测信号有巨大影响。强 EGMF 使 γ 信号显著降低，反而使 TD 模型更容易通过 EGRET 约束 [FACT]。但同步辐射光子可能落入其他观测窗口，产生额外约束。	EGMF 的强度对 TD 模型的可观测信号有巨大影响。强 EGMF 使 $\gamma$ 信号显著降低，反而使 TD 模型更容易通过 EGRET 约束 [FACT]。但同步辐射光子可能落入其他观测窗口，产生额外约束。	R2 核素/希腊字母/单位
282	- 纵轴：ν_μ + ν̄_μ 微分通量 E²·j(E)（log 标度）	- 纵轴：$\nu$_$\mu$ + $\nu$̄_$\mu$ 微分通量 E²·j(E)（log 标度）	R2 核素/希腊字母/单位
287	- 宇宙成因中微子（cosmogenic ν，GZK 次级产物）	- 宇宙成因中微子（cosmogenic $\nu$，GZK 次级产物）	R2 核素/希腊字母/单位
295	中微子通量是区分 Top-down 和 Bottom-up 场景的**最清晰可观测信号** [FACT]：TD 模型预言极高通量的 UHE 中微子（因 X 粒子衰变直接产生大量 π → ν），而传统加速源的中微子通量低得多。该图直接指导了 IceCube、Auger 等实验的中微子探测策略。注意：1999 年后的实验（特别是 IceCube 非观测）已对 TD 中微子通量施加了严格约束，这是该综述未能预见的发展。	中微子通量是区分 Top-down 和 Bottom-up 场景的**最清晰可观测信号** [FACT]：TD 模型预言极高通量的 UHE 中微子（因 X 粒子衰变直接产生大量 $\pi$ → $\nu$），而传统加速源的中微子通量低得多。该图直接指导了 IceCube、Auger 等实验的中微子探测策略。注意：1999 年后的实验（特别是 IceCube 非观测）已对 TD 中微子通量施加了严格约束，这是该综述未能预见的发展。	R2 核素/希腊字母/单位
316	| 27 | p143 | ωcas vs 红移约束 | 技术细节，§7.1 约束量化 |	| 27 | p143 | $\omega$cas vs 红移约束 | 技术细节，§7.1 约束量化 |	R2 核素/希腊字母/单位
317	| 30 | p146 | MSRP 场景 γ 通量 | 与 Fig. 28–29 相似，主题重叠 |	| 30 | p146 | MSRP 场景 $\gamma$ 通量 | 与 Fig. 28–29 相似，主题重叠 |	R2 核素/希腊字母/单位
15	- 其他损失机制：PPP（对产生）、红移、中子 β-衰变、核的光致分裂（Giant Dipole Resonance）。	- 其他损失机制：PPP（对产生）、红移、中子 $\beta$-衰变、核的光致分裂（Giant Dipole Resonance）。	R2 核素/希腊字母/单位
24	l(E)⁻¹ = ∫dε · n_b(ε) · ∫₋₁⁺¹ dμ · (1 − μββ_b)/2 · σ(s)	l(E)⁻¹ = ∫d$\epsilon$ · n_b($\epsilon$) · ∫₋₁⁺¹ d$\mu$ · (1 − $\mu$$\beta$$\beta$_b)/2 · $\sigma$(s)	R2 核素/希腊字母/单位
26	- n_b(ε)：背景粒子单位能量数密度	- n_b($\epsilon$)：背景粒子单位能量数密度	R2 核素/希腊字母/单位
27	- β_b = (1 − m_b²/ε²)^(1/2)	- $\beta$_b = (1 − m_b²/$\epsilon$²)^(1/2)	R2 核素/希腊字母/单位
28	- β = (1 − m²/E²)^(1/2)	- $\beta$ = (1 − m²/E²)^(1/2)	R2 核素/希腊字母/单位
29	- μ：入射动量夹角余弦	- $\mu$：入射动量夹角余弦	R2 核素/希腊字母/单位
30	- σ(s)：总截面	- $\sigma$(s)：总截面	R2 核素/希腊字母/单位
33	s = m_b² + m² + 2εE(1 − μββ_b)	s = m_b² + m² + 2$\epsilon$E(1 − $\mu$$\beta$$\beta$_b)	R2 核素/希腊字母/单位
38	通过引入**非弹性度** η(s) 定义能量衰减长度：	通过引入**非弹性度** $\eta$(s) 定义能量衰减长度：	R2 核素/希腊字母/单位
40	η(s) ≡ 1 − (1/σ(s)) · ∫dE' · E' · (dσ/dE')(E', s)	$\eta$(s) ≡ 1 − (1/$\sigma$(s)) · ∫dE' · E' · (d$\sigma$/dE')(E', s)	R2 核素/希腊字母/单位
47	∂_t n(E) = −∂_E [b(E) · n(E)] + Φ(E)	∂_t n(E) = −∂_E [b(E) · n(E)] + $\Phi$(E)	R2 核素/希腊字母/单位
50	- Φ(E)：本地注入谱	- $\Phi$(E)：本地注入谱	R2 核素/希腊字母/单位
51	- 适用条件：leading 粒子与 non-leading 粒子性质不同，且 η(s) ≪ 1	- 适用条件：leading 粒子与 non-leading 粒子性质不同，且 $\eta$(s) ≪ 1	R2 核素/希腊字母/单位
55	对物质主导平坦宇宙 (Ω₀ = 1)：	对物质主导平坦宇宙 ($\Omega$₀ = 1)：	R2 核素/希腊字母/单位
57	j(E) = (3/(8π$t_{0}$)) · ∫₀^{z_i,max} dz_i · (1+z_i)⁻^(11/2) · (dE_i(E,z_i)/dE) · Φ(E, z_i)	j(E) = (3/(8$\pi$$t_{0}$)) · ∫₀^{z_i,max} dz_i · (1+z_i)⁻^(11/2) · (dE_i(E,z_i)/dE) · $\Phi$(E, z_i)	R2 核素/希腊字母/单位
61	- 均匀 Φ(E) 时简化为 (公式 12)：	- 均匀 $\Phi$(E) 时简化为 (公式 12)：	R2 核素/希腊字母/单位
63	j(E) ≃ (1/(4π)) · l_E(E) · Φ(E)	j(E) ≃ (1/(4$\pi$)) · l_E(E) · $\Phi$(E)	R2 核素/希腊字母/单位
74	E_lab,thr^γ ≡ m_π + m_π²/(2m_N) ≃ 160 MeV	E_lab,thr^$\gamma$ ≡ m_$\pi$ + m_$\pi$²/(2m_N) ≃ 160 MeV	R2 核素/希腊字母/单位
77	对应质子阈值（对背景光子 ε，公式 13）：	对应质子阈值（对背景光子 $\epsilon$，公式 13）：	R2 核素/希腊字母/单位
79	E_th = m_π(m_N + m_π/2)/ε ≃ 6.8 × $10^{16}$ · (ε / eV)⁻¹  eV	E_th = m_$\pi$(m_N + m_$\pi$/2)/$\epsilon$ ≃ 6.8 × $10^{16}$ · ($\epsilon$ / eV)⁻¹  eV	R2 核素/希腊字母/单位
81	- CMB 典型 ε ~ $10^{-3}$ eV → **GZK cutoff** 出现在"数十 EeV"处（即 ~5×$10^{19}$ eV），此时质子相互作用长度降至 **~6 Mpc**。	- CMB 典型 $\epsilon$ ~ $10^{-3}$ eV → **GZK cutoff** 出现在"数十 EeV"处（即 ~5×$10^{19}$ eV），此时质子相互作用长度降至 **~6 Mpc**。	R2 核素/希腊字母/单位
85	- 阈值附近：显著的 Δ(1232) **单 π 共振**。	- 阈值附近：显著的 $\Delta$(1232) **单 $\pi$ 共振**。	R2 核素/希腊字母/单位
86	- 高能极限：σ 随 s 对数增长。	- 高能极限：$\sigma$ 随 s 对数增长。	R2 核素/希腊字母/单位
87	- 第一个共振之后：由**多重 π 产生** N γ_b → N(nπ), n > 1 主导。	- 第一个共振之后：由**多重 $\pi$ 产生** N $\gamma$_b → N(n$\pi$), n > 1 主导。	R2 核素/希腊字母/单位
91	**质子-对产生 (PPP, p γ_b → p e⁺ e⁻)** [FACT, 公式 14]	**质子-对产生 (PPP, p $\gamma$_b → p e⁺ e⁻)** [FACT, 公式 14]	R2 核素/希腊字母/单位
93	E_th = m_e(m_N + m_e)/ε ≃ 4.8 × $10^{14}$ · (ε / eV)⁻¹  eV	E_th = m_e(m_N + m_e)/$\epsilon$ ≃ 4.8 × $10^{14}$ · ($\epsilon$ / eV)⁻¹  eV	R2 核素/希腊字母/单位
101	**中子 β-衰变 (n → p e⁻ ν̄_e)** [FACT, 公式 15]	**中子 $\beta$-衰变 (n → p e⁻ $\nu$̄_e)** [FACT, 公式 15]	R2 核素/希腊字母/单位
103	R_n = τ_n · E/m_N ≃ 0.9 · (E / $10^{20}$ eV)  Mpc	R_n = $\tau$_n · E/m_N ≃ 0.9 · (E / $10^{20}$ eV)  Mpc	R2 核素/希腊字母/单位
105	- τ_n = 888.6 ± 3.5 s	- $\tau$_n = 888.6 ± 3.5 s	R2 核素/希腊字母/单位
111	- **Mrk 421, Mrk 501** 多 TeV γ 观测 [163,164] → IRB 比先前假设低约 **10 倍** → 核衰减长度增加。	- **Mrk 421, Mrk 501** 多 TeV $\gamma$ 观测 [163,164] → IRB 比先前假设低约 **10 倍** → 核衰减长度增加。	R2 核素/希腊字母/单位
127	- **Pair Production (PP)**：γ γ_b → e⁺ e⁻	- **Pair Production (PP)**：$\gamma$ $\gamma$_b → e⁺ e⁻	R2 核素/希腊字母/单位
128	- **Inverse Compton Scattering (ICS)**：e e⁺ + γ_b → 更高能 γ	- **Inverse Compton Scattering (ICS)**：e e⁺ + $\gamma$_b → 更高能 $\gamma$	R2 核素/希腊字母/单位
132	E_th = m_e²/ε ≃ 2.6 × $10^{11}$ · (ε / eV)⁻¹  eV	E_th = m_e²/$\epsilon$ ≃ 2.6 × $10^{11}$ · ($\epsilon$ / eV)⁻¹  eV	R2 核素/希腊字母/单位
137	σ_PP ≃ 2 σ_ICS ≃ (3/2) σ_T · (m_e²/s) · ln(s/(2m_e²))   (s ≫ m_e²)	$\sigma$_PP ≃ 2 $\sigma$_ICS ≃ (3/2) $\sigma$_T · (m_e²/s) · ln(s/(2m_e²))   (s ≫ m_e²)	R2 核素/希腊字母/单位
142	Klein-Nishina 极限下：PP 产生的 e⁺/e⁻ 携带大部分原始 γ 能量 → ICS 非弹性度 ~1 → upscattered γ 又成 leading → **反复 PP–ICS 循环** → EM cascade。	Klein-Nishina 极限下：PP 产生的 e⁺/e⁻ 携带大部分原始 $\gamma$ 能量 → ICS 非弹性度 ~1 → upscattered $\gamma$ 又成 leading → **反复 PP–ICS 循环** → EM cascade。	R2 核素/希腊字母/单位
145	- **级联堆积谱**：级联发展加速 → γ 落入 PP 阈值以下 → **E⁻¹·⁵ 特征谱** [35, 182–184]。	- **级联堆积谱**：级联发展加速 → $\gamma$ 落入 PP 阈值以下 → **E⁻¹·⁵ 特征谱** [35, 182–184]。	R2 核素/希腊字母/单位
146	- 完全发展级联的能量在 **~100 GeV 以下堆积** → 受 EGRET diffuse γ-ray 数据约束。	- 完全发展级联的能量在 **~100 GeV 以下堆积** → 受 EGRET diffuse $\gamma$-ray 数据约束。	R2 核素/希腊字母/单位
150	- 关键背景：ε ≲ $10^{-6}$ eV（~100 MHz），即**射电背景**。	- 关键背景：$\epsilon$ ≲ $10^{-6}$ eV（~100 MHz），即**射电背景**。	R2 核素/希腊字母/单位
158	- 若同步冷却时标 < ICS 时标 → 级联停止 → UHE γ 通量由"直接"γ（起源 < 吸收长度）主导。	- 若同步冷却时标 < ICS 时标 → 级联停止 → UHE $\gamma$ 通量由"直接"$\gamma$（起源 < 吸收长度）主导。	R2 核素/希腊字母/单位
163	**双对产生 (DPP, γ γ_b → e⁺e⁻e⁺e⁻)** — 公式 18：	**双对产生 (DPP, $\gamma$ $\gamma$_b → e⁺e⁻e⁺e⁻)** — 公式 18：	R2 核素/希腊字母/单位
165	σ_DPP ≃ 172α⁴/(36πm_e²) ≃ 6.45 μbarn   (s ≫ m_e²)	$\sigma$_DPP ≃ 172$\alpha$⁴/(36$\pi$m_e²) ≃ 6.45 $\mu$barn   (s ≫ m_e²)	R2 核素/希腊字母/单位
169	**三对产生 (TPP, e γ_b → e e⁺e⁻)** — 公式 19, 20：	**三对产生 (TPP, e $\gamma$_b → e e⁺e⁻)** — 公式 19, 20：	R2 核素/希腊字母/单位
171	σ_TPP ≃ (3α/(8π)) σ_T · (28/9 ln(s/m_e²) − 218/27)	$\sigma$_TPP ≃ (3$\alpha$/(8$\pi$)) $\sigma$_T · (28/9 ln(s/m_e²) − 218/27)	R2 核素/希腊字母/单位
172	η ≃ 1.768 · (s/m_e²)^(−3/4)   (s ≫ m_e²)	$\eta$ ≃ 1.768 · (s/m_e²)^(−3/4)   (s ≫ m_e²)	R2 核素/希腊字母/单位
174	- 尽管 σ_TPP ~ σ_ICS 在 E ~ $10^{17}$ eV 就已可比，但因 η ≲ $10^{-3}$，能量衰减直到 **~$10^{22}$ eV** 才重要。	- 尽管 $\sigma$_TPP ~ $\sigma$_ICS 在 E ~ $10^{17}$ eV 就已可比，但因 $\eta$ ≲ $10^{-3}$，能量衰减直到 **~$10^{22}$ eV** 才重要。	R2 核素/希腊字母/单位
180	- μ⁺μ⁻, τ⁺τ⁻, π⁺π⁻ 对产生（~比 e⁺e⁻ 小 10×）	- $\mu$⁺$\mu$⁻, $\tau$⁺$\tau$⁻, $\pi$⁺$\pi$⁻ 对产生（~比 e⁺e⁻ 小 10×）	R2 核素/希腊字母/单位
181	- 双 Compton 散射（α³ 阶，UHE 下 <10%）	- 双 Compton 散射（$\alpha$³ 阶，UHE 下 <10%）	R2 核素/希腊字母/单位
182	- γ γ_b → γ γ（z > ~100 时才重要）	- $\gamma$ $\gamma$_b → $\gamma$ $\gamma$（z > ~100 时才重要）	R2 核素/希腊字母/单位
184	- γ B → e⁺e⁻（银河系强度 ~$10^{-6}$ G 需 E > ~$10^{24}$ eV；EGMF 下更高）	- $\gamma$ B → e⁺e⁻（银河系强度 ~$10^{-6}$ G 需 E > ~$10^{24}$ eV；EGMF 下更高）	R2 核素/希腊字母/单位
196	| UHE γ PP 阈值 | 2.6×$10^{11}$ (ε/eV)⁻¹ eV |	| UHE $\gamma$ PP 阈值 | 2.6×$10^{11}$ ($\epsilon$/eV)⁻¹ eV |	R2 核素/希腊字母/单位
15	- UHE 中微子**探测**：通过 μ 子（CC 相互作用），ν_τ 可"再生"穿透地球。	- UHE 中微子**探测**：通过 $\mu$ 子（CC 相互作用），$\nu$_$\tau$ 可"再生"穿透地球。	R2 核素/希腊字母/单位
24	中微子-UHE 中微子 (E) 与 relic 中微子 (ε) 的平均 CM 能量平方：	中微子-UHE 中微子 (E) 与 relic 中微子 ($\epsilon$) 的平均 CM 能量平方：	R2 核素/希腊字母/单位
26	⟨s⟩ ≃ (45 GeV)² · (ε/$10^{-3}$ eV) · (E/$10^{15}$ GeV)   (公式 21)	⟨s⟩ ≃ (45 GeV)² · ($\epsilon$/$10^{-3}$ eV) · (E/$10^{15}$ GeV)   (公式 21)	R2 核素/希腊字母/单位
28	- relativistic relic ν: ε ≃ 3T_ν(1+η_b/4)，T_ν ≃ 1.9(1+z) K = 1.6×$10^{-4}$(1+z) eV	- relativistic relic $\nu$: $\epsilon$ ≃ 3T_$\nu$(1+$\eta$_b/4)，T_$\nu$ ≃ 1.9(1+z) K = 1.6×$10^{-4}$(1+z) eV	R2 核素/希腊字母/单位
29	- nonrelativistic relic ν (m_ν ≲ 20 eV): ε ≃ max[3T_ν, m_ν]	- nonrelativistic relic $\nu$ (m_$\nu$ ≲ 20 eV): $\epsilon$ ≃ max[3T_$\nu$, m_$\nu$]	R2 核素/希腊字母/单位
32	- t-channel W±: ν_i + ν̄_j → l_i + l̄_j	- t-channel W±: $\nu$_i + $\nu$̄_j → l_i + l̄_j	R2 核素/希腊字母/单位
33	- s-channel Z⁰: ν_i + ν̄_i → f f̄	- s-channel Z⁰: $\nu$_i + $\nu$̄_i → f f̄	R2 核素/希腊字母/单位
34	- t-channel Z⁰: ν_i + ν̄_j → ν_i + ν̄_j	- t-channel Z⁰: $\nu$_i + $\nu$̄_j → $\nu$_i + $\nu$̄_j	R2 核素/希腊字母/单位
38	dσ/(dμ) = (G_F² s / 4π) · M_Z² / [(s−M_Z²)² + M_Z²Γ_Z²] · [g_L²(1+μ*)² + g_R²(1−μ*)²]	d$\sigma$/(d$\mu$) = (G_F² s / 4$\pi$) · M_Z² / [(s−M_Z²)² + M_Z²$\Gamma$_Z²] · [g_L²(1+$\mu$*)² + g_R²(1−$\mu$*)²]	R2 核素/希腊字母/单位
40	- μ*：CM 散射角余弦	- $\mu$*：CM 散射角余弦	R2 核素/希腊字母/单位
45	σ_t(E,ε) ~ min[$10^{-34}$, 3×$10^{-39}$ · (ε/$10^{-3}$ eV) · (E/$10^{20}$ eV)]  cm²	$\sigma$_t(E,$\epsilon$) ~ min[$10^{-34}$, 3×$10^{-39}$ · ($\epsilon$/$10^{-3}$ eV) · (E/$10^{20}$ eV)]  cm²	R2 核素/希腊字母/单位
51	σ_νN(E) ~ $10^{-31}$ (E/$10^{20}$ eV)^0.4  cm²    for E ≳ $10^{15}$ eV	$\sigma$_$\nu$N(E) ~ $10^{-31}$ (E/$10^{20}$ eV)^0.4  cm²    for E ≳ $10^{15}$ eV	R2 核素/希腊字母/单位
53	- 尽管 σ_νN > σ_νν (RNB)，但 RNB 粒子数密度比重子密度高 **~$10^{10}$** → RNB 相互作用仍占主导（除 GUT 尺度能量外）。	- 尽管 $\sigma$_$\nu$N > $\sigma$_$\nu$$\nu$ (RNB)，但 RNB 粒子数密度比重子密度高 **~$10^{10}$** → RNB 相互作用仍占主导（除 GUT 尺度能量外）。	R2 核素/希腊字母/单位
57	- **ν + γ → l W⁺** [197]：W± 产生阈值以上可与 νν 过程可比，但永远不主导。	- **$\nu$ + $\gamma$ → l W⁺** [197]：W± 产生阈值以上可与 $\nu$$\nu$ 过程可比，但永远不主导。	R2 核素/希腊字母/单位
58	- **γ + ν → γ + γ + ν** [198]：	- **$\gamma$ + $\nu$ → $\gamma$ + $\gamma$ + $\nu$** [198]：	R2 核素/希腊字母/单位
60	σ ≃ 9×$10^{-56}$ (s/MeV²)⁵  cm²    valid up to s ≲ 10 MeV²	$\sigma$ ≃ 9×$10^{-56}$ (s/MeV²)⁵  cm²    valid up to s ≲ 10 MeV²	R2 核素/希腊字母/单位
62	- 若 s⁵ 行为持续到 s ~几百 MeV²，则此过程在 E ~ 3×$10^{17}$ (ε/$10^{-3}$ eV) eV 开始主导 [199]。	- 若 s⁵ 行为持续到 s ~几百 MeV²，则此过程在 E ~ 3×$10^{17}$ ($\epsilon$/$10^{-3}$ eV) eV 开始主导 [199]。	R2 核素/希腊字母/单位
67	- E = M_Z²/(2m_ν) = **4×$10^{21}$ (eV/m_ν) eV** 处，Z⁰ 共振湮灭概率增大。	- E = M_Z²/(2m_$\nu$) = **4×$10^{21}$ (eV/m_$\nu$) eV** 处，Z⁰ 共振湮灭概率增大。	R2 核素/希腊字母/单位
68	- Z⁰ 衰变产物：主要核子 (~E_ν/5) 和 γ (~E_ν/40)。	- Z⁰ 衰变产物：主要核子 (~E_$\nu$/5) 和 $\gamma$ (~E_$\nu$/40)。	R2 核素/希腊字母/单位
69	- 若 UHE ν 是加速质子的次级产物 → 需要**加速到 ≥ 几 $10^{22}$ eV** → 更可能来自 non-acceleration (top-down) 场景。	- 若 UHE $\nu$ 是加速质子的次级产物 → 需要**加速到 ≥ 几 $10^{22}$ eV** → 更可能来自 non-acceleration (top-down) 场景。	R2 核素/希腊字母/单位
72	- Z⁰ 湮灭主要由**非聚集的** RNB 主导（而非银晕内聚集的），除非新 ν 源 [204]。	- Z⁰ 湮灭主要由**非聚集的** RNB 主导（而非银晕内聚集的），除非新 $\nu$ 源 [204]。	R2 核素/希腊字母/单位
73	- EGRET diffuse γ-ray (~10 GeV) 约束：	- EGRET diffuse $\gamma$-ray (~10 GeV) 约束：	R2 核素/希腊字母/单位
74	- 若 X 粒子只衰变到 ν：f_ν ≳ 20 (l_ν/5 Mpc)⁻¹	- 若 X 粒子只衰变到 $\nu$：f_$\nu$ ≳ 20 (l_$\nu$/5 Mpc)⁻¹	R2 核素/希腊字母/单位
75	- 若 L_γ ~ L_ν（多数模型）：f_ν ≳ $10^{3}$ (l_ν/5 Mpc)⁻¹	- 若 L_$\gamma$ ~ L_$\nu$（多数模型）：f_$\nu$ ≳ $10^{3}$ (l_$\nu$/5 Mpc)⁻¹	R2 核素/希腊字母/单位
77	- Z-burst 要求源对加速质子**光学厚**（否则 GZK 以下质子流将与 ν 流可比 [204]）。	- Z-burst 要求源对加速质子**光学厚**（否则 GZK 以下质子流将与 $\nu$ 流可比 [204]）。	R2 核素/希腊字母/单位
80	- m_ν ≃ 0.07 eV, Ω_ν ≃ 0.01，源 z ~ 几 → 需 ν 源产生 E ≥ $10^{22}$ eV。	- m_$\nu$ ≃ 0.07 eV, $\Omega$_$\nu$ ≃ 0.01，源 z ~ 几 → 需 $\nu$ 源产生 E ≥ $10^{22}$ eV。	R2 核素/希腊字母/单位
84	Super-K 结果：μ-τ 近最大混合，|Δm²| ≃ 5×$10^{-3}$ eV² [212]：	Super-K 结果：$\mu$-$\tau$ 近最大混合，|$\Delta$m²| ≃ 5×$10^{-3}$ eV² [212]：	R2 核素/希腊字母/单位
86	L_osc = 2E/|Δm²| = 2.6×$10^{-6}$ (E/PeV) (|Δm²|/5×$10^{-3}$ eV²)⁻¹ pc	L_osc = 2E/|$\Delta$m²| = 2.6×$10^{-6}$ (E/PeV) (|$\Delta$m²|/5×$10^{-3}$ eV²)⁻¹ pc	R2 核素/希腊字母/单位
88	- 银河系 halo 中的 RNB 势引起的共振转换可能影响 UHE ν 味组成 [224]。	- 银河系 halo 中的 RNB 势引起的共振转换可能影响 UHE $\nu$ 味组成 [224]。	R2 核素/希腊字母/单位
89	- 长基线对 ν 衰变敏感 [225]。	- 长基线对 $\nu$ 衰变敏感 [225]。	R2 核素/希腊字母/单位
95	通过 CC 反应产生的 μ 子探测。折叠 quark-ν 基本截面与核子内 parton 分布函数 (PDF)。对 x ≃ M_W²/(2m_N E) 的 parton 最敏感。	通过 CC 反应产生的 $\mu$ 子探测。折叠 quark-$\nu$ 基本截面与核子内 parton 分布函数 (PDF)。对 x ≃ M_W²/(2m_N E) 的 parton 最敏感。	R2 核素/希腊字母/单位
99	σ_νN(E) ≃ 2.36×$10^{-32}$ (E/$10^{19}$ eV)^0.363  cm²    ($10^{16}$ eV ≲ E ≲ $10^{21}$ eV)	$\sigma$_$\nu$N(E) ≃ 2.36×$10^{-32}$ (E/$10^{19}$ eV)^0.363  cm²    ($10^{16}$ eV ≲ E ≲ $10^{21}$ eV)	R2 核素/希腊字母/单位
104	- Glashow 共振：ν̄_e e → W⁻，E = 6.3×$10^{15}$ eV。	- Glashow 共振：$\nu$̄_e e → W⁻，E = 6.3×$10^{15}$ eV。	R2 核素/希腊字母/单位
108	- >~100 TeV 中微子在地球内开始被吸收（σ 随 E 增长）。	- >~100 TeV 中微子在地球内开始被吸收（$\sigma$ 随 E 增长）。	R2 核素/希腊字母/单位
109	- **τ 中微子再生**：τ 中微子能量到 ~100 PeV 仍可穿透地球，因为 τ 衰变再产生 τ 中微子。	- **$\tau$ 中微子再生**：$\tau$ 中微子能量到 ~100 PeV 仍可穿透地球，因为 $\tau$ 衰变再产生 $\tau$ 中微子。	R2 核素/希腊字母/单位
111	- 第 1 个 bang：CC 产生 τ	- 第 1 个 bang：CC 产生 $\tau$	R2 核素/希腊字母/单位
112	- 第 2 个 bang：τ 在 ~100 m 外衰变	- 第 2 个 bang：$\tau$ 在 ~100 m 外衰变	R2 核素/希腊字母/单位
113	- 各向同性 10 TeV–10 PeV ν 流可作为地球密度分布的探针（中微子吸收层析 [234]）。	- 各向同性 10 TeV–10 PeV $\nu$ 流可作为地球密度分布的探针（中微子吸收层析 [234]）。	R2 核素/希腊字母/单位
129	σ_g ≃ 4πs/M_{4+n}⁴ ≃ $10^{-27}$ (M_{4+n}/TeV)⁻⁴ (E/$10^{20}$ eV)  cm²   (公式 26)	$\sigma$_g ≃ 4$\pi$s/M_{4+n}⁴ ≃ $10^{-27}$ (M_{4+n}/TeV)⁻⁴ (E/$10^{20}$ eV)  cm²   (公式 26)	R2 核素/希腊字母/单位
131	- 中微子 σ_νN > $10^{-27}$ cm² 开始在大气中作用 → 中微子成为 EHECR 事件候选！	- 中微子 $\sigma$_$\nu$N > $10^{-27}$ cm² 开始在大气中作用 → 中微子成为 EHECR 事件候选！	R2 核素/希腊字母/单位
156	- 截面峰值位置抬高 (m_{S⁰}/m_N)·(m*−m_{S⁰})/(m_Δ−m_N) 倍（质量间距比 >~2）。	- 截面峰值位置抬高 (m_{S⁰}/m_N)·(m*−m_{S⁰})/(m_$\Delta$−m_N) 倍（质量间距比 >~2）。	R2 核素/希腊字母/单位
167	- 候选：R⁰ (glueballino g̃g)，ρ̃（isotriplet ̃g−(uū−dd̄)₈）	- 候选：R⁰ (glueballino g̃g)，$\rho$̃（isotriplet ̃g−(uū−dd̄)₈）	R2 核素/希腊字母/单位
170	- 次级过程也产生 ν 和 γ → 可通过 EGRET/GLAST/HEGRA/WHIPPLE/VERITAS 约束。	- 次级过程也产生 $\nu$ 和 $\gamma$ → 可通过 EGRET/GLAST/HEGRA/WHIPPLE/VERITAS 约束。	R2 核素/希腊字母/单位
186	| ⟨s⟩ for UHE ν on RNB | (45 GeV)² (ε/$10^{-3}$ eV)(E/$10^{15}$ GeV) |	| ⟨s⟩ for UHE $\nu$ on RNB | (45 GeV)² ($\epsilon$/$10^{-3}$ eV)(E/$10^{15}$ GeV) |	R2 核素/希腊字母/单位
187	| σ_t(E,ε) (t-channel) | min[$10^{-34}$, 3×$10^{-39}$(ε/$10^{-3}$ eV)(E/$10^{20}$ eV)] cm² |	| $\sigma$_t(E,$\epsilon$) (t-channel) | min[$10^{-34}$, 3×$10^{-39}$($\epsilon$/$10^{-3}$ eV)(E/$10^{20}$ eV)] cm² |	R2 核素/希腊字母/单位
188	| σ_νN (CC, 公式 25) | 2.36×$10^{-32}$ (E/$10^{19}$ eV)^0.363 cm² |	| $\sigma$_$\nu$N (CC, 公式 25) | 2.36×$10^{-32}$ (E/$10^{19}$ eV)^0.363 cm² |	R2 核素/希腊字母/单位
189	| Z-burst 阈值 | 4×$10^{21}$ (eV/m_ν) eV |	| Z-burst 阈值 | 4×$10^{21}$ (eV/m_$\nu$) eV |	R2 核素/希腊字母/单位
190	| Super-K |Δm²| | 5×$10^{-3}$ eV² |	| Super-K |$\Delta$m²| | 5×$10^{-3}$ eV² |	R2 核素/希腊字母/单位
191	| ADD σ_g (公式 26) | $10^{-27}$ (M/TeV)⁻⁴ (E/$10^{20}$ eV) cm² |	| ADD $\sigma$_g (公式 26) | $10^{-27}$ (M/TeV)⁻⁴ (E/$10^{20}$ eV) cm² |	R2 核素/希腊字母/单位
24	dE/dt = −(4/3) σ_T (B²/8π) (q m_e/m)^4 (E/m_e)²	dE/dt = −(4/3) $\sigma$_T (B²/8$\pi$) (q m_e/m)^4 (E/m_e)²	R2 核素/希腊字母/单位
33	**物理图像**：当 E > E_tr，电子几乎瞬间通过同步辐射损失能量 → cascade 发展被阻断 → γ 传播由 PP/DPP 吸收主导 → 可观测通量由"直接"（first-generation）γ 决定 → 简化为式 (12) 用 l(E) 代替 l_E(E)。	**物理图像**：当 E > E_tr，电子几乎瞬间通过同步辐射损失能量 → cascade 发展被阻断 → $\gamma$ 传播由 PP/DPP 吸收主导 → 可观测通量由"直接"（first-generation）$\gamma$ 决定 → 简化为式 (12) 用 l(E) 代替 l_E(E)。	R2 核素/希腊字母/单位
41	- 约束来源：当 E_syn 落入已有 diffuse γ 观测窗口时：	- 约束来源：当 E_syn 落入已有 diffuse $\gamma$ 观测窗口时：	R2 核素/希腊字母/单位
45	- **具体例子**：强 discrete UHE γ 源（如拓扑缺陷，近单能注入谱，EGMF ~$10^{-9}$ G）→ 在某些 E > ~$10^{16}$ eV 处预言 γ 通量 > 带电 CR 通量 → **已被排除** [259]。	- **具体例子**：强 discrete UHE $\gamma$ 源（如拓扑缺陷，近单能注入谱，EGMF ~$10^{-9}$ G）→ 在某些 E > ~$10^{16}$ eV 处预言 $\gamma$ 通量 > 带电 CR 通量 → **已被排除** [259]。	R2 核素/希腊字母/单位
53	θ(E,d) ≃ d/r_g ≃ 0.52° · q · (E/$10^{20}$ eV)⁻¹ · (d/1 Mpc) · (B_⊥/$10^{-9}$ G)	$\theta$(E,d) ≃ d/r_g ≃ 0.52° · q · (E/$10^{20}$ eV)⁻¹ · (d/1 Mpc) · (B_⊥/$10^{-9}$ G)	R2 核素/希腊字母/单位
60	θ(E,d) ≃ (2 d l_c/9)^(1/2) / r_g	$\theta$(E,d) ≃ (2 d l_c/9)^(1/2) / r_g	R2 核素/希腊字母/单位
66	- **d·θ ≪ l_c**（相干）：所有能量粒子"看到"同一磁场实现 → 偏转一致，源像保持紧密 → 偏转方向偏离视线方向（coherent deflection）。	- **d·$\theta$ ≪ l_c**（相干）：所有能量粒子"看到"同一磁场实现 → 偏转一致，源像保持紧密 → 偏转方向偏离视线方向（coherent deflection）。	R2 核素/希腊字母/单位
67	- **d·θ ≫ l_c**（漫散射）：源像被抹平，扩展范围 ~ θ(E,d)，**但中心对准真实源方向**。	- **d·$\theta$ ≫ l_c**（漫散射）：源像被抹平，扩展范围 ~ $\theta$(E,d)，**但中心对准真实源方向**。	R2 核素/希腊字母/单位
68	- **d·θ ≃ l_c**：可能产生**多像**（类似引力透镜）。	- **d·$\theta$ ≃ l_c**：可能产生**多像**（类似引力透镜）。	R2 核素/希腊字母/单位
73	τ(E,d) ≃ d·θ²/4 ≃ 1.5×$10^{3}$ q² · (E/$10^{20}$ eV)⁻² · (d/10 Mpc)² · (l_c/1 Mpc) · (B/$10^{-9}$ G)²  yr	$\tau$(E,d) ≃ d·$\theta$²/4 ≃ 1.5×$10^{3}$ q² · (E/$10^{20}$ eV)⁻² · (d/10 Mpc)² · (l_c/1 Mpc) · (B/$10^{-9}$ G)²  yr	R2 核素/希腊字母/单位
76	**Bursting source 效应** [FACT]：由于 τ ∝ E⁻²，观测窗口内的瞬时谱与长时间平均谱不同，在	**Bursting source 效应** [FACT]：由于 $\tau$ ∝ E⁻²，观测窗口内的瞬时谱与长时间平均谱不同，在	R2 核素/希腊字母/单位
78	τ($E_{0}$, d) ≃ (观测时刻 − 零延迟到达时刻)	$\tau$($E_{0}$, d) ≃ (观测时刻 − 零延迟到达时刻)	R2 核素/希腊字母/单位
83	- d < 相互作用长度 且 dθ ≪ l_c → 谱宽 ≪ $E_{0}$。	- d < 相互作用长度 且 d$\theta$ ≪ l_c → 谱宽 ≪ $E_{0}$。	R2 核素/希腊字母/单位
90	- **核子/核/γ > 几十 EeV 起源距离 ≲ 50 Mpc**（GZK / 光致分裂 / PP-DPP）。	- **核子/核/$\gamma$ > 几十 EeV 起源距离 ≲ 50 Mpc**（GZK / 光致分裂 / PP-DPP）。	R2 核素/希腊字母/单位
98	**修正版**（用 Ω_b h² ≃ 0.02 替代 closure density，未结构宇宙）：	**修正版**（用 $\Omega$_b h² ≃ 0.02 替代 closure density，未结构宇宙）：	R2 核素/希腊字母/单位
100	B ≲ 3×$10^{-7}$ (Ω_b h²/0.02)⁻¹ (h/0.65) (l_c/Mpc)⁻^(1/2)  G	B ≲ 3×$10^{-7}$ ($\Omega$_b h²/0.02)⁻¹ (h/0.65) (l_c/Mpc)⁻^(1/2)  G	R2 核素/希腊字母/单位
104	**大尺度结构修正**（Lyman-α forest 建模 + 磁通冻结）[267]：	**大尺度结构修正**（Lyman-$\alpha$ forest 建模 + 磁通冻结）[267]：	R2 核素/希腊字母/单位
109	- sheets 和 voids 内最大场可达 ~μG [268,267,269]。	- sheets 和 voids 内最大场可达 ~$\mu$G [268,267,269]。	R2 核素/希腊字母/单位
131	- 中微子假设问题：σ_νN 在 $10^{20}$ eV 大气相互作用概率 ~$10^{-5}$。	- 中微子假设问题：$\sigma$_$\nu$N 在 $10^{20}$ eV 大气相互作用概率 ~$10^{-5}$。	R2 核素/希腊字母/单位
142	| Haverah Park + AGASA + VR + Yakutsk | Supergalactic Plane | **~3σ** 正相关（E > 4×$10^{19}$ eV）[79] |	| Haverah Park + AGASA + VR + Yakutsk | Supergalactic Plane | **~3$\sigma$** 正相关（E > 4×$10^{19}$ eV）[79] |	R2 核素/希腊字母/单位
149	- [276] 指出 Haverah Park SG 面关联"过强"（对 Local Supercluster 之外的星系而言）→ [277,271] 提议大尺度结构中存在 μG 级场，沿 sheets/filaments 对齐 → **聚焦效应**。	- [276] 指出 Haverah Park SG 面关联"过强"（对 Local Supercluster 之外的星系而言）→ [277,271] 提议大尺度结构中存在 $\mu$G 级场，沿 sheets/filaments 对齐 → **聚焦效应**。	R2 核素/希腊字母/单位
172	| θ (均匀场) | 0.52° q (E/$10^{20}$ eV)⁻¹ (d/1 Mpc) (B/$10^{-9}$ G) |	| $\theta$ (均匀场) | 0.52° q (E/$10^{20}$ eV)⁻¹ (d/1 Mpc) (B/$10^{-9}$ G) |	R2 核素/希腊字母/单位
173	| θ (随机场) | 0.8° q (E/$10^{20}$ eV)⁻¹ (d/10 Mpc)^(1/2) (l_c/1 Mpc)^(1/2) (B/$10^{-9}$ G) |	| $\theta$ (随机场) | 0.8° q (E/$10^{20}$ eV)⁻¹ (d/10 Mpc)^(1/2) (l_c/1 Mpc)^(1/2) (B/$10^{-9}$ G) |	R2 核素/希腊字母/单位
174	| τ (随机场) | 1.5×$10^{3}$ q² (E/$10^{20}$ eV)⁻² (d/10 Mpc)² (l_c/1 Mpc) (B/$10^{-9}$ G)² yr |	| $\tau$ (随机场) | 1.5×$10^{3}$ q² (E/$10^{20}$ eV)⁻² (d/10 Mpc)² (l_c/1 Mpc) (B/$10^{-9}$ G)² yr |	R2 核素/希腊字母/单位
177	| 源距离约束 | ≲ 50 Mpc (对核子/核/γ > 几十 EeV) |	| 源距离约束 | ≲ 50 Mpc (对核子/核/$\gamma$ > 几十 EeV) |	R2 核素/希腊字母/单位
18	− n_i(E) ∫dε n_b(ε) ∫₋₁⁺¹ dμ (1−β_b β_i)/2 · Σ_j σ_{i→j}[s=εE(1−β_b β_i)]	− n_i(E) ∫d$\epsilon$ n_b($\epsilon$) ∫₋₁⁺¹ d$\mu$ (1−$\beta$_b $\beta$_i)/2 · $\Sigma$_j $\sigma$_{i→j}[s=$\epsilon$E(1−$\beta$_b $\beta$_i)]	R2 核素/希腊字母/单位
20	+ ∫dE' ∫dε n_b(ε) ∫₋₁⁺¹ dμ Σ_j (1−β_b β'_j)/2 · n_j(E') · dσ_{j→i}/dE[s=εE'(1−β_b β_j), E]	+ ∫dE' ∫d$\epsilon$ n_b($\epsilon$) ∫₋₁⁺¹ d$\mu$ $\Sigma$_j (1−$\beta$_b $\beta$'_j)/2 · n_j(E') · d$\sigma$_{j→i}/dE[s=$\epsilon$E'(1−$\beta$_b $\beta$_j), E]	R2 核素/希腊字母/单位
22	+ Φ_i	+ $\Phi$_i	R2 核素/希腊字母/单位
33	| 全耦合 | [205,206] 集成代码：nucleons + γ + e + ν 联立 | |	| 全耦合 | [205,206] 集成代码：nucleons + $\gamma$ + e + $\nu$ 联立 | |	R2 核素/希腊字母/单位
38	- 对 π 产生（大非弹性度，随机性）：CEL 在 GZK 截断**正下方**产生更尖锐的堆积谱（"pile-up"）vs 精确解 [290]。	- 对 $\pi$ 产生（大非弹性度，随机性）：CEL 在 GZK 截断**正下方**产生更尖锐的堆积谱（"pile-up"）vs 精确解 [290]。	R2 核素/希腊字母/单位
39	- CEL 对连续源分布或远距离 discrete 源**仍可工作**（多次 π 产生事件平均下）。	- CEL 对连续源分布或远距离 discrete 源**仍可工作**（多次 $\pi$ 产生事件平均下）。	R2 核素/希腊字母/单位
49	∂_t n(r,E) = −∂_E[b(E) n(r,E)] + ∇·[D(r,E) ∇n(r,E)] + Φ(E)	∂_t n(r,E) = −∂_E[b(E) n(r,E)] + ∇·[D(r,E) ∇n(r,E)] + $\Phi$(E)	R2 核素/希腊字母/单位
58	δ(E) = (3 D(r,E) / n(r,E)) |∇n(r,E)|	$\delta$(E) = (3 D(r,E) / n(r,E)) |∇n(r,E)|	R2 核素/希腊字母/单位
63	磁场建模：Gaussian 随机场，零均值，功率谱 B²(k) ∝ kⁿᴴ for k < k_c，其中 k_c = 2π/l_c。	磁场建模：Gaussian 随机场，零均值，功率谱 B²(k) ∝ kⁿᴴ for k < k_c，其中 k_c = 2$\pi$/l_c。	R2 核素/希腊字母/单位
67	2. 注入粒子 E 对数均匀分布 → 在磁场中求解运动方程（含 π 产生 + PPP）。	2. 注入粒子 E 对数均匀分布 → 在磁场中求解运动方程（含 $\pi$ 产生 + PPP）。	R2 核素/希腊字母/单位
75	- τ₁₀₀：E = 100 EeV 处磁偏转延迟（公式 32）。	- $\tau$₁₀₀：E = 100 EeV 处磁偏转延迟（公式 32）。	R2 核素/希腊字母/单位
77	- γ：注入谱微分指数。	- $\gamma$：注入谱微分指数。	R2 核素/希腊字母/单位
86	**五种 generic time-energy 图像情形**（根据 τ_E vs T_S vs 实验寿命）：	**五种 generic time-energy 图像情形**（根据 $\tau$_E vs T_S vs 实验寿命）：	R2 核素/希腊字母/单位
87	- **τ_E ≪ T_S**：距离由 pion 产生特征（GZK cutoff 以上）确定，误差 ~2×。	- **$\tau$_E ≪ T_S**：距离由 pion 产生特征（GZK cutoff 以上）确定，误差 ~2×。	R2 核素/希腊字母/单位
88	- **T_S ≪ τ_E < 实验寿命**：磁场强度可从 time-energy 图像得到。	- **T_S ≪ $\tau$_E < 实验寿命**：磁场强度可从 time-energy 图像得到。	R2 核素/希腊字母/单位
89	- **T_S ≫ τ_E ≫ 实验寿命**：只能给磁场下限（与 Faraday 结合可得数量级估计）。	- **T_S ≫ $\tau$_E ≫ 实验寿命**：只能给磁场下限（与 Faraday 结合可得数量级估计）。	R2 核素/希腊字母/单位
90	- **T_S ~ τ_E**：最佳参数估计情况。	- **T_S ~ $\tau$_E**：最佳参数估计情况。	R2 核素/希腊字母/单位
95	3×$10^{3}$ (Δθ/1°)² (d/10 Mpc) yr ≲ T_S ≃ τ_E ≲ $10^{4}$ – $10^{7}$ (E/100 EeV)⁻² yr	3×$10^{3}$ ($\Delta$$\theta$/1°)² (d/10 Mpc) yr ≲ T_S ≃ $\tau$_E ≲ $10^{4}$ – $10^{7}$ (E/100 EeV)⁻² yr	R2 核素/希腊字母/单位
109	- 扩散区 (τ_E >~ d)：D(E) ∝ E^(1/3)（r_g < L/2π）→ τ_E ∝ E^(−1/3)	- 扩散区 ($\tau$_E >~ d)：D(E) ∝ E^(1/3)（r_g < L/2$\pi$）→ $\tau$_E ∝ E^(−1/3)	R2 核素/希腊字母/单位
110	- Bohm 扩散 (r_g > L/2π)：D(E) ∝ E → τ_E ∝ E⁻¹	- Bohm 扩散 (r_g > L/2$\pi$)：D(E) ∝ E → $\tau$_E ∝ E⁻¹	R2 核素/希腊字母/单位
111	- Rectilinear：τ_E ∝ E⁻²	- Rectilinear：$\tau$_E ∝ E⁻²	R2 核素/希腊字母/单位
114	- Fig. 19 显示 bursting source 上 τ-E 关系的三个 regime。	- Fig. 19 显示 bursting source 上 $\tau$-E 关系的三个 regime。	R2 核素/希腊字母/单位
123	- 弥漫源分布 + Supergalactic Plane 关联 + **B >~ 0.05 μG** → 可解释大尺度各向同性 + 小尺度聚团 [316]。	- 弥漫源分布 + Supergalactic Plane 关联 + **B >~ 0.05 $\mu$G** → 可解释大尺度各向同性 + 小尺度聚团 [316]。	R2 核素/希腊字母/单位
124	- Fig. 24：B_max = 0.05 和 0.5 μG 均能很好地拟合数据。	- Fig. 24：B_max = 0.05 和 0.5 $\mu$G 均能很好地拟合数据。	R2 核素/希腊字母/单位
137	c²k² ≃ E² + χ E³/$E_{0}$	c²k² ≃ E² + $\chi$ E³/$E_{0}$	R2 核素/希腊字母/单位
139	- 对应光子群速度 ∂E/∂k = c[1 − χ E/$E_{0}$ + O(E²/$E_{0}$²)]	- 对应光子群速度 ∂E/∂k = c[1 − $\chi$ E/$E_{0}$ + O(E²/$E_{0}$²)]	R2 核素/希腊字母/单位
140	- χ = ±1；$E_{0}$ = 量子引力尺度	- $\chi$ = ±1；$E_{0}$ = 量子引力尺度	R2 核素/希腊字母/单位
143	ε ≃ E/4 · [m_e²/($E_{1}$$E_{2}$ + θ₁θ₂)] + χ E²/(4$E_{0}$)	$\epsilon$ ≃ E/4 · [m_e²/($E_{1}$$E_{2}$ + $\theta$₁$\theta$₂)] + $\chi$ E²/(4$E_{0}$)	R2 核素/希腊字母/单位
147	- **χ < 0 (c_γ > c_p)**：E > E_c 时光子可自发衰变 → 河外光子传播受阻 → 观测 > 20 TeV 河外光子 [328,329] 约束 **$E_{0}$ >~ M_Pl** 或 (c²_i − c²) > ~ −2×$10^{-17}$。	- **$\chi$ < 0 (c_$\gamma$ > c_p)**：E > E_c 时光子可自发衰变 → 河外光子传播受阻 → 观测 > 20 TeV 河外光子 [328,329] 约束 **$E_{0}$ >~ M_Pl** 或 (c²_i − c²) > ~ −2×$10^{-17}$。	R2 核素/希腊字母/单位
148	- **χ > 0**：E > E_c 时 ε 增长 → 光子传播不受阻 → 可观测 > 100 TeV 来自 > 100 Mpc 的河外光子。	- **$\chi$ > 0**：E > E_c 时 $\epsilon$ 增长 → 光子传播不受阻 → 可观测 > 100 TeV 来自 > 100 Mpc 的河外光子。	R2 核素/希腊字母/单位
152	Δt ≃ (d/c)(E/$E_{0}$) ≃ 1 (d/100 Mpc)(E/TeV)($E_{0}$/M_Pl)⁻¹ s	$\Delta$t ≃ (d/c)(E/$E_{0}$) ≃ 1 (d/100 Mpc)(E/TeV)($E_{0}$/M_Pl)⁻¹ s	R2 核素/希腊字母/单位
154	- Mrk 421 > 2 TeV γ 在 300 s 内到达 → $E_{0}$ > 4×$10^{16}$ GeV [331]。	- Mrk 421 > 2 TeV $\gamma$ 在 300 s 内到达 → $E_{0}$ > 4×$10^{16}$ GeV [331]。	R2 核素/希腊字母/单位
155	- HEGRA 若观测到 > 200 TeV GRB γ 在 200 s 内 → $E_{0}$ ≃ M_Pl。	- HEGRA 若观测到 > 200 TeV GRB $\gamma$ 在 200 s 内 → $E_{0}$ ≃ M_Pl。	R2 核素/希腊字母/单位
159	- Kostelecký [333]：ν_e 为 tachyon。	- Kostelecký [333]：$\nu$_e 为 tachyon。	R2 核素/希腊字母/单位
160	- 核内质子可衰变 p → n + e⁺ + ν_e，阈值 Eth = m(A,Z)[m(A,Z±1)+m_e−m(A,Z)]/|m_νe|	- 核内质子可衰变 p → n + e⁺ + $\nu$_e，阈值 Eth = m(A,Z)[m(A,Z±1)+m_e−m(A,Z)]/|m_$\nu$e|	R2 核素/希腊字母/单位
161	- 自由质子：Eth ≃ 1.7×$10^{15}$/(|m_νe|/eV) eV。	- 自由质子：Eth ≃ 1.7×$10^{15}$/(|m_$\nu$e|/eV) eV。	R2 核素/希腊字母/单位
162	- Ehrlich [334] 主张 m²_νe ≃ −(0.5 eV)² 可同时解释 knee 与高能端。	- Ehrlich [334] 主张 m²_$\nu$e ≃ −(0.5 eV)² 可同时解释 knee 与高能端。	R2 核素/希腊字母/单位
163	- [CRITIQUE] 与氚 β 衰变实验最佳拟合值 m²_νe < 0 一致（但最可能是实验未解决的系统问题），不过 |m²_νe| 值通常比 fit knee 所需大。	- [CRITIQUE] 与氚 $\beta$ 衰变实验最佳拟合值 m²_$\nu$e < 0 一致（但最可能是实验未解决的系统问题），不过 |m²_$\nu$e| 值通常比 fit knee 所需大。	R2 核素/希腊字母/单位
170	| τ_E 三个 regime | E⁻² (rectilinear), E⁻¹ (Bohm), E⁻¹/³ (Kolmogorov 扩散) |	| $\tau$_E 三个 regime | E⁻² (rectilinear), E⁻¹ (Bohm), E⁻¹/³ (Kolmogorov 扩散) |	R2 核素/希腊字母/单位
173	| VPE 约束 | (g_p/g_γ)−1 < $10^{-19}$ |	| VPE 约束 | (g_p/g_$\gamma$)−1 < $10^{-19}$ |	R2 核素/希腊字母/单位
27	$D_{1}$,₂ ~ λ/3 > gE/(3ZeB)                            (46)	$D_{1}$,₂ ~ $\lambda$/3 > gE/(3ZeB)                            (46)	R2 核素/希腊字母/单位
43	E_c ≡ E_{q=3} ~ $10^{17}$ · Z · (R/kpc) · (B/μG)  eV	E_c ≡ E_{q=3} ~ $10^{17}$ · Z · (R/kpc) · (B/$\mu$G)  eV	R2 核素/希腊字母/单位
49	E_max = Ze $u_{1}$ B R ~ $10^{18}$ · Z $u_{1}$ · (R/kpc) · (B/μG)  eV	E_max = Ze $u_{1}$ B R ~ $10^{18}$ · Z $u_{1}$ · (R/kpc) · (B/$\mu$G)  eV	R2 核素/希腊字母/单位
57	- 超相对论激波 (Γ → ∞)：q ≃ 2.2（softer）[338]。	- 超相对论激波 ($\Gamma$ → ∞)：q ≃ 2.2（softer）[338]。	R2 核素/希腊字母/单位
58	- 相对论 blast wave：第一次 crossing ~ Γ² 能量增益，后续 cycles ~ 2× [339]。	- 相对论 blast wave：第一次 crossing ~ $\Gamma$² 能量增益，后续 cycles ~ 2× [339]。	R2 核素/希腊字母/单位
63	(B/μG) · (R/kpc) > 2 · (E/$10^{18}$ eV) · 1/(Z β)	(B/$\mu$G) · (R/kpc) > 2 · (E/$10^{18}$ eV) · 1/(Z $\beta$)	R2 核素/希腊字母/单位
73	1. **Mrk 421, Mrk 501** (BL Lac) 在 > 10 TeV γ 被观测 → 可由质子光 π 产生解释（vs IC）。	1. **Mrk 421, Mrk 501** (BL Lac) 在 > 10 TeV $\gamma$ 被观测 → 可由质子光 $\pi$ 产生解释（vs IC）。	R2 核素/希腊字母/单位
74	2. EGRET diffuse γ-ray 能量密度 ~ E⁻² 质子注入谱到 $10^{20}$ eV 所需能量 → 支持河外质子加速。	2. EGRET diffuse $\gamma$-ray 能量密度 ~ E⁻² 质子注入谱到 $10^{20}$ eV 所需能量 → 支持河外质子加速。	R2 核素/希腊字母/单位
92	- [218]：比较 UHECR 通量 (E ~ $10^{19}$ eV) → 对 diffuse ν 通量给出更强上界。	- [218]：比较 UHECR 通量 (E ~ $10^{19}$ eV) → 对 diffuse $\nu$ 通量给出更强上界。	R2 核素/希腊字母/单位
95	- **不适用于**：对质子光学厚的源（如 AGN 核心）；**不适用于 top-down**（ν 是初级而非次级）。	- **不适用于**：对质子光学厚的源（如 AGN 核心）；**不适用于 top-down**（$\nu$ 是初级而非次级）。	R2 核素/希腊字母/单位
119	- UHECR 所需能量释放率 ~ GRB γ 辐射率 [361,362]。	- UHECR 所需能量释放率 ~ GRB $\gamma$ 辐射率 [361,362]。	R2 核素/希腊字母/单位
134	- 光 + e⁺e⁻ + 少量重子风 → 超相对论 Lorentz 因子 γ ≫ 1。	- 光 + e⁺e⁻ + 少量重子风 → 超相对论 Lorentz 因子 $\gamma$ ≫ 1。	R2 核素/希腊字母/单位
135	- 耗散半径 r_d 处 internal shock → 部分动能转 γ 射线（GRB）。	- 耗散半径 r_d 处 internal shock → 部分动能转 $\gamma$ 射线（GRB）。	R2 核素/希腊字母/单位
143	2. **π 产生损失 < 加速** (公式 54)：	2. **$\pi$ 产生损失 < 加速** (公式 54)：	R2 核素/希腊字母/单位
145	B >~ 20 · (L_γ/$10^{51}$ erg/s) · (r_d/$10^{13}$ cm)⁻² · (γ/300)⁻²  G	B >~ 20 · (L_$\gamma$/$10^{51}$ erg/s) · (r_d/$10^{13}$ cm)⁻² · ($\gamma$/300)⁻²  G	R2 核素/希腊字母/单位
149	B <~ 3×$10^{5}$ · (γ/300)² · (E/$10^{20}$ eV)⁻²	B <~ 3×$10^{5}$ · ($\gamma$/300)² · (E/$10^{20}$ eV)⁻²	R2 核素/希腊字母/单位
152	**同时满足**：需 r_d > $10^{12}$ (γ/300)⁻² (E/$10^{20}$ eV)³ cm（公式 56），以及 **γ > 40 (E/$10^{20}$ eV)^(3/4) (t_GRB/s)⁻^(1/4)**。	**同时满足**：需 r_d > $10^{12}$ ($\gamma$/300)⁻² (E/$10^{20}$ eV)³ cm（公式 56），以及 **$\gamma$ > 40 (E/$10^{20}$ eV)^(3/4) (t_GRB/s)⁻^(1/4)**。	R2 核素/希腊字母/单位
156	- **ν 通量**：~$10^{14}$ eV，数十事件/km³ 中微子望远镜 [365,370]；> $10^{19}$ eV 可被 AIRWATCH/MASS 探测 [366]。	- **$\nu$ 通量**：~$10^{14}$ eV，数十事件/km³ 中微子望远镜 [365,370]；> $10^{19}$ eV 可被 AIRWATCH/MASS 探测 [366]。	R2 核素/希腊字母/单位
157	- **MACRO 上界**：每个 GRB 0.87×$10^{-9}$ cm⁻² μ 通量 [372]。	- **MACRO 上界**：每个 GRB 0.87×$10^{-9}$ cm⁻² $\mu$ 通量 [372]。	R2 核素/希腊字母/单位
159	- 若 GeV cascade 解释 diffuse γ-ray → 每个 GRB 释放 ~$10^{56}$ erg，γ > 500。	- 若 GeV cascade 解释 diffuse $\gamma$-ray → 每个 GRB 释放 ~$10^{56}$ erg，$\gamma$ > 500。	R2 核素/希腊字母/单位
163	- Bottom-up（AGN/Radio/GRB）：ν 是次级产物，受 diffuse GeV γ-ray background 约束。	- Bottom-up（AGN/Radio/GRB）：$\nu$ 是次级产物，受 diffuse GeV $\gamma$-ray background 约束。	R2 核素/希腊字母/单位
164	- Top-down：ν 是初级，通量可显著高于核子 → 但仍受 diffuse GeV γ 约束（§7.4）。	- Top-down：$\nu$ 是初级，通量可显著高于核子 → 但仍受 diffuse GeV $\gamma$ 约束（§7.4）。	R2 核素/希腊字母/单位
170	| DSAM E_c (benchmark, 公式 49) | $10^{17}$ Z (R/kpc)(B/μG) eV |	| DSAM E_c (benchmark, 公式 49) | $10^{17}$ Z (R/kpc)(B/$\mu$G) eV |	R2 核素/希腊字母/单位
171	| 漂移加速 E_max (公式 50) | $10^{18}$ Z $u_{1}$ (R/kpc)(B/μG) eV |	| 漂移加速 E_max (公式 50) | $10^{18}$ Z $u_{1}$ (R/kpc)(B/$\mu$G) eV |	R2 核素/希腊字母/单位
172	| Hillas 判据 (公式 51) | B(μG)·R(kpc) > 2·(E/$10^{18}$ eV)/(Zβ) |	| Hillas 判据 (公式 51) | B($\mu$G)·R(kpc) > 2·(E/$10^{18}$ eV)/(Z$\beta$) |	R2 核素/希腊字母/单位
175	| GRB 条件 γ > | 40 (E/$10^{20}$ eV)^(3/4) (t/s)⁻^(1/4) |	| GRB 条件 $\gamma$ > | 40 (E/$10^{20}$ eV)^(3/4) (t/s)⁻^(1/4) |	R2 核素/希腊字母/单位
181	- [CRITIQUE] **GRB-UHECR 关联**：Auger 未发现显著 GRB 关联； IceCube 也未发现 UHE ν 与 GRB 关联 → 弱化了 §5.3 的 GRB 情景。	- [CRITIQUE] **GRB-UHECR 关联**：Auger 未发现显著 GRB 关联； IceCube 也未发现 UHE $\nu$ 与 GRB 关联 → 弱化了 §5.3 的 GRB 情景。	R2 核素/希腊字母/单位
29	1. **(a) 近期衰变**：X 在**近期宇宙学时代**衰变，或源距离 <~100 Mpc。例外：UHE ν + RNB → Z⁰ 共振（Z-burst，见 §5.2.4）。	1. **(a) 近期衰变**：X 在**近期宇宙学时代**衰变，或源距离 <~100 Mpc。例外：UHE $\nu$ + RNB → Z⁰ 共振（Z-burst，见 §5.2.4）。	R2 核素/希腊字母/单位
36	X → (夸克, 轻子) → [夸克强子化: jets of light mesons (π) + baryons (N)]	X → (夸克, 轻子) → [夸克强子化: jets of light mesons ($\pi$) + baryons (N)]	R2 核素/希腊字母/单位
37	→ π⁰ → 2γ	→ $\pi$⁰ → 2$\gamma$	R2 核素/希腊字母/单位
38	→ π± → μ ± ν_μ → (e ±) + ν_e + ν̄_μ	→ $\pi$± → $\mu$ ± $\nu$_$\mu$ → (e ±) + $\nu$_e + $\nu$̄_$\mu$	R2 核素/希腊字母/单位
61	x dN_part/dx = (4C_F/b) · Γ(B) · ∫₋π/2^π/2 dℓ/π · e^(−Bα) ·	x dN_part/dx = (4C_F/b) · $\Gamma$(B) · ∫₋$\pi$/2^$\pi$/2 dℓ/$\pi$ · e^(−B$\alpha$) ·	R2 核素/希腊字母/单位
62	[(cosh α + (2ξ/Y − 1)sinh α) / ((4N_c/b)Y · (α/sinh α))]^(B/2)	[(cosh $\alpha$ + (2$\xi$/Y − 1)sinh $\alpha$) / ((4N_c/b)Y · ($\alpha$/sinh $\alpha$))]^(B/2)	R2 核素/希腊字母/单位
63	· I_B[{16N_c/(bY) · (α/sinh α) · (cosh α + (2(ξ/Y)−1)sinh α)}]^(1/2)	· I_B[{16N_c/(bY) · ($\alpha$/sinh $\alpha$) · (cosh $\alpha$ + (2($\xi$/Y)−1)sinh $\alpha$)}]^(1/2)	R2 核素/希腊字母/单位
66	- ξ = ln(1/x), Y = ln(E_jet/Λ_eff), α = tanh⁻¹(1−2ξ/Y) + iℓ	- $\xi$ = ln(1/x), Y = ln(E_jet/$\Lambda$_eff), $\alpha$ = tanh⁻¹(1−2$\xi$/Y) + iℓ	R2 核素/希腊字母/单位
71	- Λ^ch_eff ~ 250 MeV（LEP Z-resonance, E_cm ~ 90 GeV）	- $\Lambda$^ch_eff ~ 250 MeV（LEP Z-resonance, E_cm ~ 90 GeV）	R2 核素/希腊字母/单位
74	### 9.3.3 ξ_max 位置 (公式 59) [FACT]	### 9.3.3 $\xi$_max 位置 (公式 59) [FACT]	R2 核素/希腊字母/单位
77	ξ_max = Y · [1/2 + sqrt(C/Y − C/Y²)]	$\xi$_max = Y · [1/2 + sqrt(C/Y − C/Y²)]	R2 核素/希腊字母/单位
81	- LEP 数据确认 ξ_max 的 Y 演化 [388]。	- LEP 数据确认 $\xi$_max 的 Y 演化 [388]。	R2 核素/希腊字母/单位
86	x dN_h/dx ∝ (1/(σ·√(2π))) · exp[−(ξ − ξ_max)² / (2σ²)]	x dN_h/dx ∝ (1/($\sigma$·√(2$\pi$))) · exp[−($\xi$ − $\xi$_max)² / (2$\sigma$²)]	R2 核素/希腊字母/单位
87	2σ² = [bY³/(36N_c)]^(1/2)	2$\sigma$² = [bY³/(36N_c)]^(1/2)	R2 核素/希腊字母/单位
96	- nf = 6；3/2 因子包含中性 π⁰。	- nf = 6；3/2 因子包含中性 $\pi$⁰。	R2 核素/希腊字母/单位
98	- (61) → **dN_h/dE ∝ E^(−1.3)** (α ~ 1.3)	- (61) → **dN_h/dE ∝ E^(−1.3)** ($\alpha$ ~ 1.3)	R2 核素/希腊字母/单位
99	- (62) → **dN_h/dE ∝ E^(−1.5)** (α ~ 1.5)	- (62) → **dN_h/dE ∝ E^(−1.5)** ($\alpha$ ~ 1.5)	R2 核素/希腊字母/单位
107	- SUSY MLLA 谱：a → a_SUSY = 11N_c/3；b → b_SUSY = 9 − n_f → ξ_max 移到更高 ξ（更低能量）。	- SUSY MLLA 谱：a → a_SUSY = 11N_c/3；b → b_SUSY = 9 − n_f → $\xi$_max 移到更高 $\xi$（更低能量）。	R2 核素/希腊字母/单位
111	- **α = 2 是分界**：	- **$\alpha$ = 2 是分界**：	R2 核素/希腊字母/单位
112	- 软谱 (α > 2)：粒子数与总能量均由低能端主导。	- 软谱 ($\alpha$ > 2)：粒子数与总能量均由低能端主导。	R2 核素/希腊字母/单位
113	- **硬谱 (1 < α < 2)**：总能量由少数极高能粒子携带 → 更"自然"产生 EHECR。	- **硬谱 (1 < $\alpha$ < 2)**：总能量由少数极高能粒子携带 → 更"自然"产生 EHECR。	R2 核素/希腊字母/单位
114	- Top-down 一般 α ~ 1.3–1.5（硬）→ 预测 GZK 截断后有**"recovery"** [200]。	- Top-down 一般 $\alpha$ ~ 1.3–1.5（硬）→ 预测 GZK 截断后有**"recovery"** [200]。	R2 核素/希腊字母/单位
125	Φ_N(E_i, t_i) = ṅ_X(t_i) · N_q · f_N / Ñ · (m_X / x²) · (dN_h/dx)	$\Phi$_N(E_i, t_i) = ṅ_X(t_i) · N_q · f_N / Ñ · (m_X / x²) · (dN_h/dx)	R2 核素/希腊字母/单位
129	**光子 (公式 64, π⁰ → 2γ)**：	**光子 (公式 64, $\pi$⁰ → 2$\gamma$)**：	R2 核素/希腊字母/单位
131	Φ_γ(E_i, t_i) ≃ 2 ∫_{E_i}^{m_X/Ñ} dE/E · Φ_{π⁰}(E, t_i)	$\Phi$_$\gamma$(E_i, t_i) ≃ 2 ∫_{E_i}^{m_X/Ñ} dE/E · $\Phi$_{$\pi$⁰}(E, t_i)	R2 核素/希腊字母/单位
132	Φ_{π⁰} ≃ (1/3) · ((1−f_N)/f_N) · Φ_N	$\Phi$_{$\pi$⁰} ≃ (1/3) · ((1−f_N)/f_N) · $\Phi$_N	R2 核素/希腊字母/单位
135	**中微子 (公式 65, π± → μ± ν_μ)**：	**中微子 (公式 65, $\pi$± → $\mu$± $\nu$_$\mu$)**：	R2 核素/希腊字母/单位
137	Φ_{ν_μ + ν̄_μ}(E_i) ≃ 2.34 ∫_{2.34 E_i}^{m_X/Ñ} dE/E · Φ_{π±}(E, t_i)	$\Phi$_{$\nu$_$\mu$ + $\nu$̄_$\mu$}(E_i) ≃ 2.34 ∫_{2.34 E_i}^{m_X/Ñ} dE/E · $\Phi$_{$\pi$±}(E, t_i)	R2 核素/希腊字母/单位
138	Φ_{π±} ≃ 2 Φ_{π⁰}	$\Phi$_{$\pi$±} ≃ 2 $\Phi$_{$\pi$⁰}	R2 核素/希腊字母/单位
140	- 每个 μ 衰变再产生 ν_e + ν̄_μ → 每个 π± → 3 ν。	- 每个 $\mu$ 衰变再产生 $\nu$_e + $\nu$̄_$\mu$ → 每个 $\pi$± → 3 $\nu$。	R2 核素/希腊字母/单位
141	- **总 ν_μ + ν̄_μ ≈ 2× (65)；总 ν_e + ν̄_e ≈ (65)**。	- **总 $\nu$_$\mu$ + $\nu$̄_$\mu$ ≈ 2× (65)；总 $\nu$_e + $\nu$̄_e ≈ (65)**。	R2 核素/希腊字母/单位
146	- Φ_{π⁰}/Φ_N ≃ 10	- $\Phi$_{$\pi$⁰}/$\Phi$_N ≃ 10	R2 核素/希腊字母/单位
147	- Φ_{π±}/Φ_N ~ 20	- $\Phi$_{$\pi$±}/$\Phi$_N ~ 20	R2 核素/希腊字母/单位
150	**关键 Top-down 标志** [FACT]：**γ/CR 通量比 > 1** 在足够高 EHECR 能区（§7 讨论）。	**关键 Top-down 标志** [FACT]：**$\gamma$/CR 通量比 > 1** 在足够高 EHECR 能区（§7 讨论）。	R2 核素/希腊字母/单位
153	- Top-down：ν, γ 是**初级**产物（直接从 π 衰变）。	- Top-down：$\nu$, $\gamma$ 是**初级**产物（直接从 $\pi$ 衰变）。	R2 核素/希腊字母/单位
154	- Bottom-up：ν, γ 是**次级**（来自 GZK 相互作用产生的 π）。	- Bottom-up：$\nu$, $\gamma$ 是**次级**（来自 GZK 相互作用产生的 $\pi$）。	R2 核素/希腊字母/单位
160	假设 X → q ℓ（2-body），dN_γ/dE_γ ∝ E_γ^(−α)，0 < α < 2：	假设 X → q ℓ（2-body），dN_$\gamma$/dE_$\gamma$ ∝ E_$\gamma$^(−$\alpha$)，0 < $\alpha$ < 2：	R2 核素/希腊字母/单位
162	dN_γ/dE_γ = 0.6 m_X / (2 − α) · (f_π/0.9) · (2E_γ/m_X)^(−α)	dN_$\gamma$/dE_$\gamma$ = 0.6 m_X / (2 − $\alpha$) · (f_$\pi$/0.9) · (2E_$\gamma$/m_X)^(−$\alpha$)	R2 核素/希腊字母/单位
168	j_γ(E_γ) ≃ (1/(4π l(E_γ))) · ṅ_X · dN_γ/dE_γ	j_$\gamma$(E_$\gamma$) ≃ (1/(4$\pi$ l(E_$\gamma$))) · ṅ_X · dN_$\gamma$/dE_$\gamma$	R2 核素/希腊字母/单位
174	(ṅ_X,0)_{EHECR} ≃ 1.2×$10^{-46}$ · (l(E_γ)/10 Mpc)⁻¹ · (E²j(E)/1 eV cm⁻² s⁻¹ sr⁻¹) ·	(ṅ_X,0)_{EHECR} ≃ 1.2×$10^{-46}$ · (l(E_$\gamma$)/10 Mpc)⁻¹ · (E²j(E)/1 eV cm⁻² s⁻¹ sr⁻¹) ·	R2 核素/希腊字母/单位
175	(2E/$10^{16}$ GeV)^(α−1.5) · (m_X/$10^{16}$ GeV)^(1−α) · (0.5/(2−α)) · (0.9/f_π)  cm⁻³ s⁻¹	(2E/$10^{16}$ GeV)^($\alpha$−1.5) · (m_X/$10^{16}$ GeV)^(1−$\alpha$) · (0.5/(2−$\alpha$)) · (0.9/f_$\pi$)  cm⁻³ s⁻¹	R2 核素/希腊字母/单位
181	(Q_0)_{EHECR} ≃ 1.2×$10^{-21}$ · (l(E_γ)/10 Mpc)⁻¹ · (E²j(E)/1 eV cm⁻² s⁻¹ sr⁻¹) ·	(Q_0)_{EHECR} ≃ 1.2×$10^{-21}$ · (l(E_$\gamma$)/10 Mpc)⁻¹ · (E²j(E)/1 eV cm⁻² s⁻¹ sr⁻¹) ·	R2 核素/希腊字母/单位
182	(2E/$10^{16}$ GeV)^(α−1.5) · (m_X/$10^{16}$ GeV)^(2−α) · (0.5/(2−α)) · (0.9/f_π)  eV cm⁻³ s⁻¹	(2E/$10^{16}$ GeV)^($\alpha$−1.5) · (m_X/$10^{16}$ GeV)^(2−$\alpha$) · (0.5/(2−$\alpha$)) · (0.9/f_$\pi$)  eV cm⁻³ s⁻¹	R2 核素/希腊字母/单位
187	EHECR 通量标度 E²j ~ 1 eV cm⁻² s⁻¹ sr⁻¹ at E = $10^{11}$ GeV, m_X = $10^{16}$ GeV, α = 1.5, f_π = 0.9：	EHECR 通量标度 E²j ~ 1 eV cm⁻² s⁻¹ sr⁻¹ at E = $10^{11}$ GeV, m_X = $10^{16}$ GeV, $\alpha$ = 1.5, f_$\pi$ = 0.9：	R2 核素/希腊字母/单位
205	产生于 GUT 相变；核心尺寸 ~ η⁻¹（η 为 Higgs VEV）。	产生于 GUT 相变；核心尺寸 ~ $\eta$⁻¹（$\eta$ 为 Higgs VEV）。	R2 核素/希腊字母/单位
212	- 实验室验证：³He 超流相变中的 vortex-filament 形成（毫开尔文温度）→ Kibble-Zurek 机制的确认 [409]。	- 实验室验证：$^{3}{\rm He}$ 超流相变中的 vortex-filament 形成（毫开尔文温度）→ Kibble-Zurek 机制的确认 [409]。	R2 核素/希腊字母/单位
218	| Monopole | ~ T_c ~ η |	| Monopole | ~ T_c ~ $\eta$ |	R2 核素/希腊字母/单位
219	| Cosmic string 线质量 μ | ~ η² |	| Cosmic string 线质量 $\mu$ | ~ $\eta$² |	R2 核素/希腊字母/单位
220	| Domain wall 面密度 | ~ η³ |	| Domain wall 面密度 | ~ $\eta$³ |	R2 核素/希腊字母/单位
222	若 GUT 破缺：η ~ $10^{16}$ GeV → m_X ~ $10^{16}$ GeV。	若 GUT 破缺：$\eta$ ~ $10^{16}$ GeV → m_X ~ $10^{16}$ GeV。	R2 核素/希腊字母/单位
234	| 1990s | [200] 一般参数化 [178] γ/CR 标志 |	| 1990s | [200] 一般参数化 [178] $\gamma$/CR 标志 |	R2 核素/希腊字母/单位
242	| Λ^ch_eff (LEP fit) | 250 MeV |	| $\Lambda$^ch_eff (LEP fit) | 250 MeV |	R2 核素/希腊字母/单位
243	| Hill 谱 α (x ≪ 1) | 1.3 (eq.61), 1.5 (eq.62) |	| Hill 谱 $\alpha$ (x ≪ 1) | 1.3 (eq.61), 1.5 (eq.62) |	R2 核素/希腊字母/单位
21	- **核心结论**：GUT 尺度弦 (~$10^{16}$ GeV) 在多数过程中 X 产额不足；但若为 ~$10^{13}$–$10^{14}$ GeV 的"轻"弦，可解释 EHECR 且不违反级联 γ 限制。	- **核心结论**：GUT 尺度弦 (~$10^{16}$ GeV) 在多数过程中 X 产额不足；但若为 ~$10^{13}$–$10^{14}$ GeV 的"轻"弦，可解释 EHECR 且不违反级联 $\gamma$ 限制。	R2 核素/希腊字母/单位
28	2. **摩擦主导期**（T > (Gμ)^(1/2) η）：	2. **摩擦主导期**（T > (G$\mu$)^(1/2) $\eta$）：	R2 核素/希腊字母/单位
30	- 弦被拉直、长度缩短 → ξ_s 增加 → ρ_s 下降。	- 弦被拉直、长度缩短 → $\xi$_s 增加 → $\rho$_s 下降。	R2 核素/希腊字母/单位
32	- 情形(a) **Scaling 解**：ξ_s/t = const → ρ_s,scaling ∝ 1/t²	- 情形(a) **Scaling 解**：$\xi$_s/t = const → $\rho$_s,scaling ∝ 1/t²	R2 核素/希腊字母/单位
33	- 情形(b) ξ_s 增长慢于 t → 弦过早主导宇宙（被排除）。	- 情形(b) $\xi$_s 增长慢于 t → 弦过早主导宇宙（被排除）。	R2 核素/希腊字母/单位
38	ρ̇_s,total = −2(Ṙ/R) ρ_s + ρ̇_s,loss         (71)	$\rho$̇_s,total = −2(Ṙ/R) $\rho$_s + $\rho$̇_s,loss         (71)	R2 核素/希腊字母/单位
40	- 辐射主导：ρ̇_s,loss = −ρ_s/t	- 辐射主导：$\rho$̇_s,loss = −$\rho$_s/t	R2 核素/希腊字母/单位
41	- 物质主导：ρ̇_s,loss = −(2/3) ρ_s/t	- 物质主导：$\rho$̇_s,loss = −(2/3) $\rho$_s/t	R2 核素/希腊字母/单位
47	- **稳定尺度 ζ**：gravitational radiation 反作用稳定化 → ζ ~ ΓGμt（Γ ~ 100）。	- **稳定尺度 $\zeta$**：gravitational radiation 反作用稳定化 → $\zeta$ ~ $\Gamma$G$\mu$t（$\Gamma$ ~ 100）。	R2 核素/希腊字母/单位
51	- Scaling 解：ρ_s = μ/(x t)², x ∈ [0.3–0.7]（近期模拟 x ~ 0.3）。	- Scaling 解：$\rho$_s = $\mu$/(x t)², x ∈ [0.3–0.7]（近期模拟 x ~ 0.3）。	R2 核素/希腊字母/单位
52	- 环长度：L_b = K ζ(t_b) = K Γ Gμ t_b （公式 72）	- 环长度：L_b = K $\zeta$(t_b) = K $\Gamma$ G$\mu$ t_b （公式 72）	R2 核素/希腊字母/单位
55	dn_b/dt = (2/(3 x²)) (Γ Gμ)⁻¹ K⁻¹ t⁻⁴	dn_b/dt = (2/(3 x²)) ($\Gamma$ G$\mu$)⁻¹ K⁻¹ t⁻⁴	R2 核素/希腊字母/单位
59	dn/dL (L, t) = [2/(3 x²)] (K+1)/K · 1/(t² (L + Γ Gμ t)²), L ≤ KΓGμt	dn/dL (L, t) = [2/(3 x²)] (K+1)/K · 1/(t² (L + $\Gamma$ G$\mu$ t)²), L ≤ K$\Gamma$G$\mu$t	R2 核素/希腊字母/单位
62	### 10.2.5 现代 loop 数量与尺度 (Gμ = $10^{-6}$ 时) [FACT]	### 10.2.5 现代 loop 数量与尺度 (G$\mu$ = $10^{-6}$ 时) [FACT]	R2 核素/希腊字母/单位
66	| 最丰环长度 | ~200 (Gμ/$10^{-6}$)(Ω₀h²)^(−1/2) kpc |	| 最丰环长度 | ~200 (G$\mu$/$10^{-6}$)($\Omega$₀h²)^(−1/2) kpc |	R2 核素/希腊字母/单位
67	| 数密度 | ~4.6×$10^{-6}$ (Gμ/$10^{-6}$)⁻¹(Ω₀h²)^(3/2) Mpc⁻³ |	| 数密度 | ~4.6×$10^{-6}$ (G$\mu$/$10^{-6}$)⁻¹($\Omega$₀h²)^(3/2) Mpc⁻³ |	R2 核素/希腊字母/单位
68	| 典型间隔 | ~60 (Gμ/$10^{-6}$)^(1/3)(Ω₀h²)^(−1/2) Mpc |	| 典型间隔 | ~60 (G$\mu$/$10^{-6}$)^(1/3)($\Omega$₀h²)^(−1/2) Mpc |	R2 核素/希腊字母/单位
74	- 两条弦段交叉 → 重叠长度 ~w ~ η⁻¹ → Higgs 相未定义 → 拓扑去除事件。	- 两条弦段交叉 → 重叠长度 ~w ~ $\eta$⁻¹ → Higgs 相未定义 → 拓扑去除事件。	R2 核素/希腊字母/单位
75	- 释放能量 ~μw ~ η → 每个 intercommuting 释放 ~1 个 X 粒子。	- 释放能量 ~$\mu$w ~ $\eta$ → 每个 intercommuting 释放 ~1 个 X 粒子。	R2 核素/希腊字母/单位
80	n_ic(t) = χ/ξ_s⁴          (77)	n_ic(t) = $\chi$/$\xi$_s⁴          (77)	R2 核素/希腊字母/单位
81	ξ_s ~ x t, x ~ 0.3–0.7	$\xi$_s ~ x t, x ~ 0.3–0.7	R2 核素/希腊字母/单位
97	ℓ_c ~ ζ^(2/3) w^(1/3)	ℓ_c ~ $\zeta$^(2/3) w^(1/3)	R2 核素/希腊字母/单位
107	- 单次 cusp 事件：~(ηζ)^(2/3)（长弦）或 ~(ηL)^(2/3)（闭环）。	- 单次 cusp 事件：~($\eta$$\zeta$)^(2/3)（长弦）或 ~($\eta$L)^(2/3)（闭环）。	R2 核素/希腊字母/单位
108	- 对 GUT 尺度：η ~ $10^{16}$ GeV，但 L/w ~ 极大 → cusp 效率低。	- 对 GUT 尺度：$\eta$ ~ $10^{16}$ GeV，但 L/w ~ 极大 → cusp 效率低。	R2 核素/希腊字母/单位
116	- 或反复自相交分裂为越来越小的子环 → debris of tiny loops（~η⁻¹ 尺度）→ X 粒子。	- 或反复自相交分裂为越来越小的子环 → debris of tiny loops（~$\eta$⁻¹ 尺度）→ X 粒子。	R2 核素/希腊字母/单位
117	- **碎裂时间**：τ_debris ~ L ≪ τ_grav ~ (ΓGμ)⁻¹L	- **碎裂时间**：$\tau$_debris ~ L ≪ $\tau$_grav ~ ($\Gamma$G$\mu$)⁻¹L	R2 核素/希腊字母/单位
123	ṅ_X(t) = f_X · μ/m_X · (2/(3 x²)) t⁻³          (84)	ṅ_X(t) = f_X · $\mu$/m_X · (2/(3 x²)) t⁻³          (84)	R2 核素/希腊字母/单位
129	f_X · η₁₆^(3/2) ≃ 2.8×$10^{-5}$            (85)	f_X · $\eta$₁₆^(3/2) ≃ 2.8×$10^{-5}$            (85)	R2 核素/希腊字母/单位
131	（η₁₆ = η/$10^{16}$ GeV, l(E_γ=300 EeV) = 50 Mpc）	（$\eta$₁₆ = $\eta$/$10^{16}$ GeV, l(E_$\gamma$=300 EeV) = 50 Mpc）	R2 核素/希腊字母/单位
133	### 10.5.4 级联 γ 约束 (公式 86–88) [FACT]	### 10.5.4 级联 $\gamma$ 约束 (公式 86–88) [FACT]	R2 核素/希腊字母/单位
137	ω_cas ≃ (1/2) m_X ṅ_X $t_{0}$            (86)	$\omega$_cas ≃ (1/2) m_X ṅ_X $t_{0}$            (86)	R2 核素/希腊字母/单位
138	ω_cas ≤ 2×$10^{-6}$ eV cm⁻³              (87, [185])	$\omega$_cas ≤ 2×$10^{-6}$ eV cm⁻³              (87, [185])	R2 核素/希腊字母/单位
142	f_X · η₁₆² ≤ 9.6×$10^{-6}$              (88)	f_X · $\eta$₁₆² ≤ 9.6×$10^{-6}$              (88)	R2 核素/希腊字母/单位
149	9.2×$10^{12}$ GeV <~ η <~ 1.2×$10^{15}$ GeV	9.2×$10^{12}$ GeV <~ $\eta$ <~ 1.2×$10^{15}$ GeV	R2 核素/希腊字母/单位
150	f_X ~ 2.8×$10^{-5}$ η₁₆^(−3/2)	f_X ~ 2.8×$10^{-5}$ $\eta$₁₆^(−3/2)	R2 核素/希腊字母/单位
153	- **m_X ≫ $10^{15}$ GeV 时 GUT-scale 弦难以同时满足**（违反 γ 背景约束）。	- **m_X ≫ $10^{15}$ GeV 时 GUT-scale 弦难以同时满足**（违反 $\gamma$ 背景约束）。	R2 核素/希腊字母/单位
154	- **η ~ $10^{13}$ GeV 的"轻"弦**是自然候选。	- **$\eta$ ~ $10^{13}$ GeV 的"轻"弦**是自然候选。	R2 核素/希腊字母/单位
162	- Bhattacharjee-Sigl [432]：f_X ~ 1 时（全部环碎裂为 X），若 η ≲ 3.1×$10^{13}$ GeV 且 f_KE ≲ few%，可解释 EHECR 且不违反 γ 约束。	- Bhattacharjee-Sigl [432]：f_X ~ 1 时（全部环碎裂为 X），若 $\eta$ ≲ 3.1×$10^{13}$ GeV 且 f_KE ≲ few%，可解释 EHECR 且不违反 $\gamma$ 约束。	R2 核素/希腊字母/单位
166	- Loop 数密度 ∝ (Gμ)⁻¹ → η = $10^{13}$ GeV 时（Gμ ~ $10^{-12}$），与 η = $10^{16}$ GeV 相比 loop 数密度**大 $10^{6}$ 倍**。	- Loop 数密度 ∝ (G$\mu$)⁻¹ → $\eta$ = $10^{13}$ GeV 时（G$\mu$ ~ $10^{-12}$），与 $\eta$ = $10^{16}$ GeV 相比 loop 数密度**大 $10^{6}$ 倍**。	R2 核素/希腊字母/单位
168	- GUT 弦 (~$10^{16}$ GeV)：仅 ~2.4(Ω₀h²)^(3/2) 个 loop。	- GUT 弦 (~$10^{16}$ GeV)：仅 ~2.4($\Omega$₀h²)^(3/2) 个 loop。	R2 核素/希腊字母/单位
170	- **结论**：轻弦 (η ~ few×$10^{13}$ GeV) 通过快速多重碎裂过程可**自然产生足够多 X 粒子**。	- **结论**：轻弦 ($\eta$ ~ few×$10^{13}$ GeV) 通过快速多重碎裂过程可**自然产生足够多 X 粒子**。	R2 核素/希腊字母/单位
178	- **若 [417] 正确**：ṅ_X = (84) with f_X = 1 → 与 (68) 对比 → η ≲ $10^{13}$ GeV（否则会超量产生 EHECR）。	- **若 [417] 正确**：ṅ_X = (84) with f_X = 1 → 与 (68) 对比 → $\eta$ ≲ $10^{13}$ GeV（否则会超量产生 EHECR）。	R2 核素/希腊字母/单位
192	- **上限**：J_c ≤ J_max ≃ e η（两种情形）。	- **上限**：J_c ≤ J_max ≃ e $\eta$（两种情形）。	R2 核素/希腊字母/单位
193	- 弦外**X 粒子质量**：m_F = g η（g ~ Yukawa 耦合），可达 GUT 尺度 ~$10^{16}$ GeV。	- 弦外**X 粒子质量**：m_F = g $\eta$（g ~ Yukawa 耦合），可达 GUT 尺度 ~$10^{16}$ GeV。	R2 核素/希腊字母/单位
203	**饱和环上费米子总数**：N_F = (m_F/π) L	**饱和环上费米子总数**：N_F = (m_F/$\pi$) L	R2 核素/希腊字母/单位
205	**电磁辐射主导** (Gμ ≲ $10^{-8}$ 或 g > 10(Gμ)^(1/2))：	**电磁辐射主导** (G$\mu$ ≲ $10^{-8}$ 或 g > 10(G$\mu$)^(1/2))：	R2 核素/希腊字母/单位
207	Ṅ_F = (4/π²) α_em γ_em g³ η            (89)	Ṅ_F = (4/$\pi$²) $\alpha$_em $\gamma$_em g³ $\eta$            (89)	R2 核素/希腊字母/单位
208	γ_em ≃ 100	$\gamma$_em ≃ 100	R2 核素/希腊字母/单位
211	**引力辐射主导** (g ≪ 10(Gμ)^(1/2))：	**引力辐射主导** (g ≪ 10(G$\mu$)^(1/2))：	R2 核素/希腊字母/单位
213	Ṅ_F = (g/π)(Γ Gμ) η            (90)	Ṅ_F = (g/$\pi$)($\Gamma$ G$\mu$) $\eta$            (90)	R2 核素/希腊字母/单位
216	**条件**（产生 EHECR）：m_F = gη ≥ $10^{12}$ GeV → η ≥ $10^{12}$ GeV → Gμ ≥ $10^{-14}$，且 $10^{-7}$(Gμ)⁻^(1/2) ≤ g ≤ 1。	**条件**（产生 EHECR）：m_F = g$\eta$ ≥ $10^{12}$ GeV → $\eta$ ≥ $10^{12}$ GeV → G$\mu$ ≥ $10^{-14}$，且 $10^{-7}$(G$\mu$)⁻^(1/2) ≤ g ≤ 1。	R2 核素/希腊字母/单位
234	| GUT 弦 μ | ~ ($10^{16}$ GeV)² ~ $10^{-6}$ M_Pl² |	| GUT 弦 $\mu$ | ~ ($10^{16}$ GeV)² ~ $10^{-6}$ M_Pl² |	R2 核素/希腊字母/单位
236	| 小尺度结构 ζ | ~ ΓGμt, Γ ~ 100 |	| 小尺度结构 $\zeta$ | ~ $\Gamma$G$\mu$t, $\Gamma$ ~ 100 |	R2 核素/希腊字母/单位
237	| 现代 loop 长度 | ~200 (Gμ/$10^{-6}$) kpc |	| 现代 loop 长度 | ~200 (G$\mu$/$10^{-6}$) kpc |	R2 核素/希腊字母/单位
239	| Cusp 长度 ℓ_c (旧) | ~ ζ^(2/3) w^(1/3) |	| Cusp 长度 ℓ_c (旧) | ~ $\zeta$^(2/3) w^(1/3) |	R2 核素/希腊字母/单位
241	| Loop 碎裂 EHECR 条件 | f_X η₁₆^(3/2) ≃ 2.8×$10^{-5}$ |	| Loop 碎裂 EHECR 条件 | f_X $\eta$₁₆^(3/2) ≃ 2.8×$10^{-5}$ |	R2 核素/希腊字母/单位
242	| γ 背景约束 | f_X η₁₆² ≤ 9.6×$10^{-6}$ |	| $\gamma$ 背景约束 | f_X $\eta$₁₆² ≤ 9.6×$10^{-6}$ |	R2 核素/希腊字母/单位
243	| 允许 η 窗口 | 9.2×$10^{12}$ – 1.2×$10^{15}$ GeV |	| 允许 $\eta$ 窗口 | 9.2×$10^{12}$ – 1.2×$10^{15}$ GeV |	R2 核素/希腊字母/单位
244	| Direct emission η 上限 | ≲ $10^{13}$ GeV |	| Direct emission $\eta$ 上限 | ≲ $10^{13}$ GeV |	R2 核素/希腊字母/单位
245	| SCS X 发射率 (EM 主导) | (4/π²) α_em γ_em g³ η |	| SCS X 发射率 (EM 主导) | (4/$\pi$²) $\alpha$_em $\gamma$_em g³ $\eta$ |	R2 核素/希腊字母/单位
246	| SCS X 发射率 (引力主导) | (g/π)(ΓGμ)η |	| SCS X 发射率 (引力主导) | (g/$\pi$)($\Gamma$G$\mu$)$\eta$ |	R2 核素/希腊字母/单位
251	- [FACT] **CMB anisotropy**（WMAP/Planck 数据）：对宇宙弦网络的约束比 1999 年时强得多 → Gμ < $10^{-7}$ 量级（Planck 2015）→ 与本文 §6.4.6 讨论的 η ≲ $10^{13}$ GeV 一致（Gμ <~ $10^{-12}$）。	- [FACT] **CMB anisotropy**（WMAP/Planck 数据）：对宇宙弦网络的约束比 1999 年时强得多 → G$\mu$ < $10^{-7}$ 量级（Planck 2015）→ 与本文 §6.4.6 讨论的 $\eta$ ≲ $10^{13}$ GeV 一致（G$\mu$ <~ $10^{-12}$）。	R2 核素/希腊字母/单位
28	- **半径**：R_v ≃ (2π)^(−1/2) |NZ|^(1/2) η_s⁻¹	- **半径**：R_v ≃ (2$\pi$)^(−1/2) |NZ|^(1/2) $\eta$_s⁻¹	R2 核素/希腊字母/单位
32	- η_s ~ η_σ ~ $10^{16}$ GeV → N ≃ Z ~ 100 → R_v ~ $10^{-28}$ cm（可偏差几个量级）。	- $\eta$_s ~ $\eta$_$\sigma$ ~ $10^{16}$ GeV → N ≃ Z ~ 100 → R_v ~ $10^{-28}$ cm（可偏差几个量级）。	R2 核素/希腊字母/单位
36	- 亚稳态 vortons（τ > t_0）可作暗物质。	- 亚稳态 vortons（$\tau$ > t_0）可作暗物质。	R2 核素/希腊字母/单位
41	- η_s ≫ $10^{14}$ GeV：无 vorton 形成。	- $\eta$_s ≫ $10^{14}$ GeV：无 vorton 形成。	R2 核素/希腊字母/单位
42	- η_s ≲ $10^{5}$ GeV（或 $10^{9}$ GeV 一阶）：可做暗物质，但**太重无法产生 EHECR**。	- $\eta$_s ≲ $10^{5}$ GeV（或 $10^{9}$ GeV 一阶）：可做暗物质，但**太重无法产生 EHECR**。	R2 核素/希腊字母/单位
43	- **留有窗口**：η_s ≃ η_σ ~ $10^{12}$ – $10^{14}$ GeV 可能是 EHECR 候选。	- **留有窗口**：$\eta$_s ≃ $\eta$_$\sigma$ ~ $10^{12}$ – $10^{14}$ GeV 可能是 EHECR 候选。	R2 核素/希腊字母/单位
47	- 隧穿概率：τ_v⁻¹ ~ m_v exp(−ΔE·ΔR)，ΔE·ΔR ≃ N（能量守恒）。	- 隧穿概率：$\tau$_v⁻¹ ~ m_v exp(−$\Delta$E·$\Delta$R)，$\Delta$E·$\Delta$R ≃ N（能量守恒）。	R2 核素/希腊字母/单位
48	- 现时代衰变要求 N > N_min ~ ln(t_0 η_σ)。	- 现时代衰变要求 N > N_min ~ ln(t_0 $\eta$_$\sigma$)。	R2 核素/希腊字母/单位
53	- Bonazzola & Peter 提议：m_V ~ Zm, Z ~ 100, m ~ η_s ~ η_σ ~ $10^{9}$ GeV。	- Bonazzola & Peter 提议：m_V ~ Zm, Z ~ 100, m ~ $\eta$_s ~ $\eta$_$\sigma$ ~ $10^{9}$ GeV。	R2 核素/希腊字母/单位
64	- 类"磁 Bohr 半径"：a_B^m = 8α_e/m_M（α_e = 1/137）。	- 类"磁 Bohr 半径"：a_B^m = 8$\alpha$_e/m_M（$\alpha$_e = 1/137）。	R2 核素/希腊字母/单位
68	**寿命**：τ ∝ r_i³ → 部分 monopolonium 幸存至今。	**寿命**：$\tau$ ∝ r_i³ → 部分 monopolonium 幸存至今。	R2 核素/希腊字母/单位
81	- 条件：**Ω_M h² ξ_f ≃ 1.7×$10^{-8}$ (m_X/$10^{16}$ GeV)^(1/2) [10 Mpc/l(E_γ)]**	- 条件：**$\Omega$_M h² $\xi$_f ≃ 1.7×$10^{-8}$ (m_X/$10^{16}$ GeV)^(1/2) [10 Mpc/l(E_$\gamma$)]**	R2 核素/希腊字母/单位
82	- ξ_f = monopolonium-to-monopole 形成时分数。	- $\xi$_f = monopolonium-to-monopole 形成时分数。	R2 核素/希腊字母/单位
86	- Parker 界：(Ω_M h²)_Parker < 4×$10^{-3}$ (m_M/$10^{16}$ GeV)²	- Parker 界：($\Omega$_M h²)_Parker < 4×$10^{-3}$ (m_M/$10^{16}$ GeV)²	R2 核素/希腊字母/单位
87	- Saha 估计的 ξ_f → 所需 monopole 丰度**在 Parker 界内** → **monopolonium 场景 attractive**。	- Saha 估计的 $\xi$_f → 所需 monopole 丰度**在 Parker 界内** → **monopolonium 场景 attractive**。	R2 核素/希腊字母/单位
115	r ≡ m_M/(μd)         μ = 弦线能量密度, d = monopole 平均间隔	r ≡ m_M/($\mu$d)         $\mu$ = 弦线能量密度, d = monopole 平均间隔	R2 核素/希腊字母/单位
124	ṅ_X ~ (r² μ)/(m_X t³)          (91)	ṅ_X ~ (r² $\mu$)/(m_X t³)          (91)	R2 核素/希腊字母/单位
126	与 string loop 公式 (84) 相同形式，μ → r²μ。	与 string loop 公式 (84) 相同形式，$\mu$ → r²$\mu$。	R2 核素/希腊字母/单位
143	| Vorton 衰变寿命 τ_v⁻¹ | ~ m_v exp(−N) |	| Vorton 衰变寿命 $\tau$_v⁻¹ | ~ m_v exp(−N) |	R2 核素/希腊字母/单位
144	| Vorton EHECR 窗口 | η_s ≃ η_σ ~ $10^{12}$ – $10^{14}$ GeV |	| Vorton EHECR 窗口 | $\eta$_s ≃ $\eta$_$\sigma$ ~ $10^{12}$ – $10^{14}$ GeV |	R2 核素/希腊字母/单位
147	| Monopolonium 寿命标度 | τ ∝ r_i³ |	| Monopolonium 寿命标度 | $\tau$ ∝ r_i³ |	R2 核素/希腊字母/单位
148	| 现时代 EHECR 要求 | Ω_M h² ξ_f ≃ 1.7×$10^{-8}$ (m_X/$10^{16}$ GeV)^(1/2) |	| 现时代 EHECR 要求 | $\Omega$_M h² $\xi$_f ≃ 1.7×$10^{-8}$ (m_X/$10^{16}$ GeV)^(1/2) |	R2 核素/希腊字母/单位
149	| Parker 界 | Ω_M h² < 4×$10^{-3}$ (m_M/$10^{16}$ GeV)² |	| Parker 界 | $\Omega$_M h² < 4×$10^{-3}$ (m_M/$10^{16}$ GeV)² |	R2 核素/希腊字母/单位
150	| Necklace X 产率 (公式 91) | ṅ_X ~ r²μ/(m_X t³) |	| Necklace X 产率 (公式 91) | ṅ_X ~ r²$\mu$/(m_X t³) |	R2 核素/希腊字母/单位
26	ṅ_X(t) = κ · m_X^p · t^(−4+p)          (92)	ṅ_X(t) = $\kappa$ · m_X^p · t^(−4+p)          (92)	R2 核素/希腊字母/单位
79	- **额外效应**：TeV Higgs 衰变在 ~10 GeV 以上河外**弥漫 γ-ray** 背景有贡献 → 可解释部分 EGRET 观测 [185]。	- **额外效应**：TeV Higgs 衰变在 ~10 GeV 以上河外**弥漫 $\gamma$-ray** 背景有贡献 → 可解释部分 EGRET 观测 [185]。	R2 核素/希腊字母/单位
83	- 如果正确，SUSY TD 模型提供了**额外 γ 射线信号** → 可由 GLAST（后来的 Fermi-LAT）检验。	- 如果正确，SUSY TD 模型提供了**额外 $\gamma$ 射线信号** → 可由 GLAST（后来的 Fermi-LAT）检验。	R2 核素/希腊字母/单位
97	- **最小 Dirac 磁荷**：q_M = e/(2α)（α = 1/137）。	- **最小 Dirac 磁荷**：q_M = e/(2$\alpha$)（$\alpha$ = 1/137）。	R2 核素/希腊字母/单位
106	- Monopole 有强相互作用 hadronic "cloud" (~Λ_QCD⁻¹ ~ few fm) → 有类似质子的强相互作用截面。	- Monopole 有强相互作用 hadronic "cloud" (~$\Lambda$_QCD⁻¹ ~ few fm) → 有类似质子的强相互作用截面。	R2 核素/希腊字母/单位
149	- 若 Ω_X h² ~ 1 → MSRP 是 CDM（或重要组分）。	- 若 $\Omega$_X h² ~ 1 → MSRP 是 CDM（或重要组分）。	R2 核素/希腊字母/单位
153	**核心洞察**：无论宇宙平均 Ω_X 值如何，**X 粒子与 CDM 在银河 halo 内按相同比例聚类**（都只受引力影响）。	**核心洞察**：无论宇宙平均 $\Omega$_X 值如何，**X 粒子与 CDM 在银河 halo 内按相同比例聚类**（都只受引力影响）。	R2 核素/希腊字母/单位
157	n_X^H ≃ 3×$10^{-13}$ · (Ω_X/Ω_CDM) · ($10^{12}$ GeV/m_X) · (ρ_CDM^H / 0.3 GeV cm⁻³)  cm⁻³	n_X^H ≃ 3×$10^{-13}$ · ($\Omega$_X/$\Omega$_CDM) · ($10^{12}$ GeV/m_X) · ($\rho$_CDM^H / 0.3 GeV cm⁻³)  cm⁻³	R2 核素/希腊字母/单位
162	f ≡ j_H/j_ex = ζ · (n_X^H/n_X^cos) · (R_H/l_E)	f ≡ j_H/j_ex = $\zeta$ · (n_X^H/n_X^cos) · (R_H/l_E)	R2 核素/希腊字母/单位
163	≃ 15 ζ · (0.2/Ω_CDM h²) · (R_H/100 kpc) · (100 Mpc/l_E)	≃ 15 $\zeta$ · (0.2/$\Omega$_CDM h²) · (R_H/100 kpc) · (100 Mpc/l_E)	R2 核素/希腊字母/单位
165	- ζ = halo 空间分布几何因子（~1）。	- $\zeta$ = halo 空间分布几何因子（~1）。	R2 核素/希腊字母/单位
166	- 等温分布：ζ ≃ 6.7 [479]。	- 等温分布：$\zeta$ ≃ 6.7 [479]。	R2 核素/希腊字母/单位
167	- 另一模型：ζ ≃ 2 [480]。	- 另一模型：$\zeta$ ≃ 2 [480]。	R2 核素/希腊字母/单位
169	**f ~ 10–100** → **银河 halo 贡献占主导**（除 ν 通量外，ν 不受 halo 增强，l_ν ≫ 100 Mpc）。	**f ~ 10–100** → **银河 halo 贡献占主导**（除 $\nu$ 通量外，$\nu$ 不受 halo 增强，l_$\nu$ ≫ 100 Mpc）。	R2 核素/希腊字母/单位
173	1. **光子主导** UHECR 谱 → **几乎无 GZK 抑制**（R_H ≪ l_γ ~ 10+ Mpc）。	1. **光子主导** UHECR 谱 → **几乎无 GZK 抑制**（R_H ≪ l_$\gamma$ ~ 10+ Mpc）。	R2 核素/希腊字母/单位
174	2. **通量**不受 EGRET γ 背景约束（银河 halo 尺度内**无 cascade**）。	2. **通量**不受 EGRET $\gamma$ 背景约束（银河 halo 尺度内**无 cascade**）。	R2 核素/希腊字母/单位
182	τ_X ≃ 2.8×$10^{21}$ · (Ω_X h²) · (l_E/100 Mpc) · ($10^{12}$ GeV/m_X)^(1/2)  yr      (95)	$\tau$_X ≃ 2.8×$10^{21}$ · ($\Omega$_X h²) · (l_E/100 Mpc) · ($10^{12}$ GeV/m_X)^(1/2)  yr      (95)	R2 核素/希腊字母/单位
184	- Ω_X h² ~ 1 → τ_X ~ 3×$10^{21}$ yr (m_X = $10^{12}$ GeV, l_E = 100 Mpc)。	- $\Omega$_X h² ~ 1 → $\tau$_X ~ 3×$10^{21}$ yr (m_X = $10^{12}$ GeV, l_E = 100 Mpc)。	R2 核素/希腊字母/单位
185	- 若要解释 EHECR：**τ_X 不能 ≪ $10^{10}$ yr**（否则全部已衰变）→ 但**τ_X ≫ $t_{0}$ 时仍有衰变**。	- 若要解释 EHECR：**$\tau$_X 不能 ≪ $10^{10}$ yr**（否则全部已衰变）→ 但**$\tau$_X ≫ $t_{0}$ 时仍有衰变**。	R2 核素/希腊字母/单位
186	- τ_X ~ $t_{0}$ ~ $10^{10}$ yr → 仅需 Ω_X h² ~ 3×$10^{-12}$（m_X = $10^{12}$ GeV）。	- $\tau$_X ~ $t_{0}$ ~ $10^{10}$ yr → 仅需 $\Omega$_X h² ~ 3×$10^{-12}$（m_X = $10^{12}$ GeV）。	R2 核素/希腊字母/单位
187	- **τ_X 上限** ~ $10^{22}$ yr（因 m_X >~ $10^{12}$ GeV）。	- **$\tau$_X 上限** ~ $10^{22}$ yr（因 m_X >~ $10^{12}$ GeV）。	R2 核素/希腊字母/单位
226	- PBH 可能显著贡献**银河内**质子/电子/反物质/γ 射线通量（~100 MeV 能区）[484] → 已用于约束 PBH 数量。	- PBH 可能显著贡献**银河内**质子/电子/反物质/$\gamma$ 射线通量（~100 MeV 能区）[484] → 已用于约束 PBH 数量。	R2 核素/希腊字母/单位
239	| MSRP 寿命 (公式 95) | τ_X ≃ 2.8×$10^{21}$ yr (Ω_X h²=1, m_X=$10^{12}$ GeV) |	| MSRP 寿命 (公式 95) | $\tau$_X ≃ 2.8×$10^{21}$ yr ($\Omega$_X h²=1, m_X=$10^{12}$ GeV) |	R2 核素/希腊字母/单位
242	| Galactic halo 增强因子 f (公式 97) | ~15ζ (0.2/Ω_CDM h²) (R_H/100 kpc)(100 Mpc/l_E) |	| Galactic halo 增强因子 f (公式 97) | ~15$\zeta$ (0.2/$\Omega$_CDM h²) (R_H/100 kpc)(100 Mpc/l_E) |	R2 核素/希腊字母/单位
15	1. **低能弥漫 γ-ray 背景** (§7.1) — 级联再循环。	1. **低能弥漫 $\gamma$-ray 背景** (§7.1) — 级联再循环。	R2 核素/希腊字母/单位
17	3. **CMB 谱畸变** (§7.3) — μ 与 y 型畸变。	3. **CMB 谱畸变** (§7.3) — $\mu$ 与 y 型畸变。	R2 核素/希腊字母/单位
18	4. **弥漫中微子通量** (§7.4) — 河外 UHE ν 探测。	4. **弥漫中微子通量** (§7.4) — 河外 UHE $\nu$ 探测。	R2 核素/希腊字母/单位
21	## 13.2 §7.1 低能弥漫 γ-ray 背景	## 13.2 §7.1 低能弥漫 $\gamma$-ray 背景	R2 核素/希腊字母/单位
27	j_γ^cas(E) ≃ ω_cas / [E² x (2 + ln(E_c/E_x))] × {	j_$\gamma$^cas(E) ≃ $\omega$_cas / [E² x (2 + ln(E_c/E_x))] × {	R2 核素/希腊字母/单位
44	- 近似乘以 exp[−τ(E)]（τ 为 E 处对 IR/O 背景的配对光学深度）。	- 近似乘以 exp[−$\tau$(E)]（$\tau$ 为 E 处对 IR/O 背景的配对光学深度）。	R2 核素/希腊字母/单位
49	- **EGRET 观测** [185]：30 MeV – 100 GeV 弥漫 γ 谱 ~ E^(−2.1) → **最严约束在最高能端**。	- **EGRET 观测** [185]：30 MeV – 100 GeV 弥漫 $\gamma$ 谱 ~ E^(−2.1) → **最严约束在最高能端**。	R2 核素/希腊字母/单位
50	- 约束：总注入并级联到更低的能量密度 ω_cas ≃ 4.5×$10^{-6}$ eV cm⁻³。	- 约束：总注入并级联到更低的能量密度 $\omega$_cas ≃ 4.5×$10^{-6}$ eV cm⁻³。	R2 核素/希腊字母/单位
68	- **无 EGMF**（Fig. 28）：预言 γ 通量在 ~100 TeV 被 CMB 上的 PP 耗竭，100 GeV–100 TeV 被 IR/O 上 PP 耗竭并级联到低能。	- **无 EGMF**（Fig. 28）：预言 $\gamma$ 通量在 ~100 TeV 被 CMB 上的 PP 耗竭，100 GeV–100 TeV 被 IR/O 上 PP 耗竭并级联到低能。	R2 核素/希腊字母/单位
70	- 强同步冷却快速移走低能级联对 → UHE γ 通量大幅降低。	- 强同步冷却快速移走低能级联对 → UHE $\gamma$ 通量大幅降低。	R2 核素/希腊字母/单位
72	- EGRET 约束对 EGMF 强弱**不敏感**（只要核子通量与 γ 通量量级相当）。	- EGRET 约束对 EGMF 强弱**不敏感**（只要核子通量与 $\gamma$ 通量量级相当）。	R2 核素/希腊字母/单位
76	- **无 EGMF**：γ/CR 通量比 @ $10^{19}$ eV ≃ 0.1。	- **无 EGMF**：$\gamma$/CR 通量比 @ $10^{19}$ eV ≃ 0.1。	R2 核素/希腊字母/单位
77	- **EGMF > $10^{-11}$ G**：抑制级联 → γ 谱降低。	- **EGMF > $10^{-11}$ G**：抑制级联 → $\gamma$ 谱降低。	R2 核素/希腊字母/单位
78	- **EGMF = $10^{-9}$ G**：γ/CR ≃ 0.02。	- **EGMF = $10^{-9}$ G**：$\gamma$/CR ≃ 0.02。	R2 核素/希腊字母/单位
83	- **弥漫 γ 中可能大量来自银河 halo** [488]（尤其 ~1 GeV）→ 河外真实贡献可能显著更小 → **约束更严 ~ 2–3×**。	- **弥漫 $\gamma$ 中可能大量来自银河 halo** [488]（尤其 ~1 GeV）→ 河外真实贡献可能显著更小 → **约束更严 ~ 2–3×**。	R2 核素/希腊字母/单位
84	- 河外 γ 可能主要来自**未分辨 blazars** [489]（部分争议 [490]，分析仅 ~25% 来自未分辨 blazar [491]）。	- 河外 $\gamma$ 可能主要来自**未分辨 blazars** [489]（部分争议 [490]，分析仅 ~25% 来自未分辨 blazar [491]）。	R2 核素/希腊字母/单位
87	### 13.2.8 **Clustered TD 绕过 γ 约束** [FACT, [389]]	### 13.2.8 **Clustered TD 绕过 $\gamma$ 约束** [FACT, [389]]	R2 核素/希腊字母/单位
89	- 若 TD 或长寿命 X **在星系内聚类**（非均匀分布）→ **无级联** → 绕过弥漫 γ 约束。	- 若 TD 或长寿命 X **在星系内聚类**（非均匀分布）→ **无级联** → 绕过弥漫 $\gamma$ 约束。	R2 核素/希腊字母/单位
94	- **Dubovsky-Tinyakov**：银河磁场中的 cascade 电子同步辐射 → 在 ~$10^{15}$ eV 附近产生额外 γ 通量。	- **Dubovsky-Tinyakov**：银河磁场中的 cascade 电子同步辐射 → 在 ~$10^{15}$ eV 附近产生额外 $\gamma$ 通量。	R2 核素/希腊字母/单位
101	- EGRET 对 ω_cas 给出 **$Q_{0}$^EM ≲ 2.2×$10^{-23}$ h(3p−1) eV cm⁻³ s⁻¹**。	- EGRET 对 $\omega$_cas 给出 **$Q_{0}$^EM ≲ 2.2×$10^{-23}$ h(3p−1) eV cm⁻³ s⁻¹**。	R2 核素/希腊字母/单位
102	- 对宇宙弦（若能量主要以 X 发射损失）：η ~ m_X ≲ $10^{13}$ GeV [418, 298]。	- 对宇宙弦（若能量主要以 X 发射损失）：$\eta$ ~ m_X ≲ $10^{13}$ GeV [418, 298]。	R2 核素/希腊字母/单位
111	| $10^{13}$ | high | <$10^{-11}$ | no-SUSY | 10% | ql | 0.88 | N | γ |	| $10^{13}$ | high | <$10^{-11}$ | no-SUSY | 10% | ql | 0.88 | N | $\gamma$ |	R2 核素/希腊字母/单位
112	| $10^{13}$ | any | <$10^{-11}$ | no-SUSY | <10% | ql | 0.93 | γ | γ |	| $10^{13}$ | any | <$10^{-11}$ | no-SUSY | <10% | ql | 0.93 | $\gamma$ | $\gamma$ |	R2 核素/希腊字母/单位
113	| $10^{14}$ | high | any | no-SUSY | 10% | qq | 1.3 | N | γ+N |	| $10^{14}$ | high | any | no-SUSY | 10% | qq | 1.3 | N | $\gamma$+N |	R2 核素/希腊字母/单位
114	| $10^{15}$ | any | any | any | 10% | qq,ql,qν | 1.3 | γ | γ |	| $10^{15}$ | any | any | any | 10% | qq,ql,q$\nu$ | 1.3 | $\gamma$ | $\gamma$ |	R2 核素/希腊字母/单位
115	| $10^{16}$ | high | any | SUSY | 10% | qq | 1.6 | N | γ+N |	| $10^{16}$ | high | any | SUSY | 10% | qq | 1.6 | N | $\gamma$+N |	R2 核素/希腊字母/单位
116	| $10^{16}$ | high | <$10^{-9}$ | no-SUSY | 10% | qq | 1.3 | γ,N | γ,γ+N |	| $10^{16}$ | high | <$10^{-9}$ | no-SUSY | 10% | qq | 1.3 | $\gamma$,N | $\gamma$,$\gamma$+N |	R2 核素/希腊字母/单位
117	| $10^{16}$ | any | <$10^{-11}$ | any | <10% | qq,ql,qν | 1.9 | <med | <$10^{-11}$ |	| $10^{16}$ | any | <$10^{-11}$ | any | <10% | qq,ql,q$\nu$ | 1.9 | <med | <$10^{-11}$ |	R2 核素/希腊字母/单位
122	- e: 对 eV 质量 ν 要求 f_ν l_ν > 给定值（高 URB, 无 EGMF）。	- e: 对 eV 质量 $\nu$ 要求 f_$\nu$ l_$\nu$ > 给定值（高 URB, 无 EGMF）。	R2 核素/希腊字母/单位
126	**关键**：**存在 viable TD 场景预言核子通量可比 γ 通量高**（即使 γ 在产生时主导）→ 发生在**高 URB + 强 EGMF + 核子碎裂分数 ~10%** 情况下（例 Fig. 29）→ 这些场景即使 EHECR EAS 与光子初級粒子不一致仍可存活。	**关键**：**存在 viable TD 场景预言核子通量可比 $\gamma$ 通量高**（即使 $\gamma$ 在产生时主导）→ 发生在**高 URB + 强 EGMF + 核子碎裂分数 ~10%** 情况下（例 Fig. 29）→ 这些场景即使 EHECR EAS 与光子初級粒子不一致仍可存活。	R2 核素/希腊字母/单位
133	- 级联光子存活 ~l_E(E) 时间 → 有一定概率**光致分解 ⁴He**。	- 级联光子存活 ~l_E(E) 时间 → 有一定概率**光致分解 $^{4}{\rm He}$**。	R2 核素/希腊字母/单位
134	- 阈值：E_4He^th = 19.8 MeV → z < ~3×$10^{6}$ 时级联光子可分解 ⁴He。	- 阈值：E_4He^th = 19.8 MeV → z < ~3×$10^{6}$ 时级联光子可分解 $^{4}{\rm He}$。	R2 核素/希腊字母/单位
139	n_D/3He ≃ (Y/4) n_B ∫ dE l_E(E) 4π j_γ^cas(E) σ_eff^D/3He(E)	n_D/3He ≃ (Y/4) n_B ∫ dE l_E(E) 4$\pi$ j_$\gamma$^cas(E) $\sigma$_eff^D/3He(E)	R2 核素/希腊字母/单位
146	(³He/D)_photo > ~ 8            (103)	($^{3}{\rm He}$/D)_photo > ~ 8            (103)	R2 核素/希腊字母/单位
148	- **级联核合成预言 ³He >> D** → 与观测 (³He/D)_☉ < ~1.13 [496] 矛盾。	- **级联核合成预言 $^{3}{\rm He}$ >> D** → 与观测 ($^{3}{\rm He}$/D)_☉ < ~1.13 [496] 矛盾。	R2 核素/希腊字母/单位
149	- **⁴He 光致分解不可能成为 D 和 ³He 的主要来源** [437]：	- **$^{4}{\rm He}$ 光致分解不可能成为 D 和 $^{3}{\rm He}$ 的主要来源** [437]：	R2 核素/希腊字母/单位
151	(³He + D)/H)_photo < ~ 5×$10^{-5}$        (104)	($^{3}{\rm He}$ + D)/H)_photo < ~ 5×$10^{-5}$        (104)	R2 核素/希腊字母/单位
157	- Fig. 27 显示允许的 ω_cas(z) 上限。	- Fig. 27 显示允许的 $\omega$_cas(z) 上限。	R2 核素/希腊字母/单位
158	- **结论**：原初核合成对 TD 的约束与 §7.1 γ 背景约束**可比但独立** [437]。	- **结论**：原初核合成对 TD 的约束与 §7.1 $\gamma$ 背景约束**可比但独立** [437]。	R2 核素/希腊字母/单位
164	**区间 1：z_th ≃ 3×$10^{6}$ > z > z_γ ≃ $10^{5}$**	**区间 1：z_th ≃ 3×$10^{6}$ > z > z_$\gamma$ ≃ $10^{5}$**	R2 核素/希腊字母/单位
165	- 分数能量释放 Δu/u → **Bose-Einstein 谱**，化学势：	- 分数能量释放 $\Delta$u/u → **Bose-Einstein 谱**，化学势：	R2 核素/希腊字母/单位
167	μ ≃ 0.71 Δu/u	$\mu$ ≃ 0.71 $\Delta$u/u	R2 核素/希腊字母/单位
171	**区间 2：z_γ > z > z_rec ≃ $10^{3}$**	**区间 2：z_$\gamma$ > z > z_rec ≃ $10^{3}$**	R2 核素/希腊字母/单位
174	4y = Δu/u	4y = $\Delta$u/u	R2 核素/希腊字母/单位
179	- COBE-FIRAS 给出 μ 与 y 的上限。	- COBE-FIRAS 给出 $\mu$ 与 y 的上限。	R2 核素/希腊字母/单位
184	- 比级联核合成和 γ 背景约束**更弱**。	- 比级联核合成和 $\gamma$ 背景约束**更弱**。	R2 核素/希腊字母/单位
191	- X 衰变为夸克+轻子 → 夸克强子化主要为 π → **ν vs EM 能量比 r ≃ 0.3**。	- X 衰变为夸克+轻子 → 夸克强子化主要为 $\pi$ → **$\nu$ vs EM 能量比 r ≃ 0.3**。	R2 核素/希腊字母/单位
192	- **ν 通量计算**：[195] 形状；[394] 绝对通量（cusp evaporation）；[200] 所有场景（含 ν 级联）；[196] 改进（含 RNB 上 ν 级联）。	- **$\nu$ 通量计算**：[195] 形状；[394] 绝对通量（cusp evaporation）；[200] 所有场景（含 $\nu$ 级联）；[196] 改进（含 RNB 上 $\nu$ 级联）。	R2 核素/希腊字母/单位
204	| BHS0 | 0 | 已被 §7.1–7.3 排除，也被 UHE ν 实验排除 |	| BHS0 | 0 | 已被 §7.1–7.3 排除，也被 UHE $\nu$ 实验排除 |	R2 核素/希腊字母/单位
206	| SLBY98 | 1 | 归一化到可见（核子+γ）总通量 |	| SLBY98 | 1 | 归一化到可见（核子+$\gamma$）总通量 |	R2 核素/希腊字母/单位
208	- SLBY98 的 UHE ν (> $10^{20}$ eV) 比 BHS1 **小 ~100×**：	- SLBY98 的 UHE $\nu$ (> $10^{20}$ eV) 比 BHS1 **小 ~100×**：	R2 核素/希腊字母/单位
209	1. BHS1 归一化到质子；SLBY98 归一化到核子+γ。	1. BHS1 归一化到质子；SLBY98 归一化到核子+$\gamma$。	R2 核素/希腊字母/单位
217	| Frejus [501] | E > $10^{12}$ eV 水平 μ (能量损失 > 140 MeV/辐射长度) |	| Frejus [501] | E > $10^{12}$ eV 水平 $\mu$ (能量损失 > 140 MeV/辐射长度) |	R2 核素/希腊字母/单位
218	| EAS-TOP [502] | $10^{14}$–$10^{15}$ eV (非共振)；Glashow 共振 (仅 ν̄_e) |	| EAS-TOP [502] | $10^{14}$–$10^{15}$ eV (非共振)；Glashow 共振 (仅 $\nu$̄_e) |	R2 核素/希腊字母/单位
220	| AKENO [504] | 近水平 μ-poor 簇射 |	| AKENO [504] | 近水平 $\mu$-poor 簇射 |	R2 核素/希腊字母/单位
221	| Goldstone [109] | 月球中 ν 激发 pulsed radio emission → 与 Fly's Eye 相当 |	| Goldstone [109] | 月球中 $\nu$ 激发 pulsed radio emission → 与 Fly's Eye 相当 |	R2 核素/希腊字母/单位
225	- 1 km³ × 2π sr 探测器：	- 1 km³ × 2$\pi$ sr 探测器：	R2 核素/希腊字母/单位
226	- ν_μ > $10^{19}$ eV：**~0.15 yr⁻¹**	- $\nu$_$\mu$ > $10^{19}$ eV：**~0.15 yr⁻¹**	R2 核素/希腊字母/单位
227	- ν_e > $10^{19}$ eV：~0.089 yr⁻¹	- $\nu$_e > $10^{19}$ eV：~0.089 yr⁻¹	R2 核素/希腊字母/单位
228	- ν_μ > 1 PeV：~1.2 yr⁻¹	- $\nu$_$\mu$ > 1 PeV：~1.2 yr⁻¹	R2 核素/希腊字母/单位
229	- **τ 中微子再生** [223] 消除地球遮挡 → 向上通量增加 [221]。	- **$\tau$ 中微子再生** [223] 消除地球遮挡 → 向上通量增加 [221]。	R2 核素/希腊字母/单位
235	| HiRes (μν, >$10^{19}$ eV) | ~3 km³ × 2π sr [84] |	| HiRes ($\mu$$\nu$, >$10^{19}$ eV) | ~3 km³ × 2$\pi$ sr [84] |	R2 核素/希腊字母/单位
241	- **探测 TD ν 通量需要**：A > ~10 km³ × 2π sr 运行数年。	- **探测 TD $\nu$ 通量需要**：A > ~10 km³ × 2$\pi$ sr 运行数年。	R2 核素/希腊字母/单位
242	- **Auger 与 OWL 应能探测典型 TD ν 通量**。	- **Auger 与 OWL 应能探测典型 TD $\nu$ 通量**。	R2 核素/希腊字母/单位
246	设 ν/EM 能量比 r 为常数：	设 $\nu$/EM 能量比 r 为常数：	R2 核素/希腊字母/单位
248	- 要求：**max_E [E² j_ν_μ(E)] ≃ r · max_E [E² j_γ(E)]**	- 要求：**max_E [E² j_$\nu$_$\mu$(E)] ≃ r · max_E [E² j_$\gamma$(E)]**	R2 核素/希腊字母/单位
249	- 用 10 GeV γ 通量上界 →：	- 用 10 GeV $\gamma$ 通量上界 →：	R2 核素/希腊字母/单位
251	R(E) <~ 0.34 r · [A(E)/(1 km³ × 2π sr)] · (E/$10^{19}$ eV)^(−0.6)  yr⁻¹        (105)	R(E) <~ 0.34 r · [A(E)/(1 km³ × 2$\pi$ sr)] · (E/$10^{19}$ eV)^(−0.6)  yr⁻¹        (105)	R2 核素/希腊字母/单位
253	- 对 r ≲ 20 (E/$10^{19}$ eV)^0.1 与现有 ν 通量限制一致。	- 对 r ≲ 20 (E/$10^{19}$ eV)^0.1 与现有 $\nu$ 通量限制一致。	R2 核素/希腊字母/单位
254	- **TD 不受 Waxman-Bahcall bound 约束**（核子不是 γ/ν 的初级产物）。	- **TD 不受 Waxman-Bahcall bound 约束**（核子不是 $\gamma$/$\nu$ 的初级产物）。	R2 核素/希腊字母/单位
258	- 如 X 只衰变为 ν [206]（多数模型不自然）。	- 如 X 只衰变为 $\nu$ [206]（多数模型不自然）。	R2 核素/希腊字母/单位
259	- 或**镜像 sector (mirror) TD** 辐射 hidden neutrino [507] → 中微子可最大振荡为普通 ν → 产生可观事件率。	- 或**镜像 sector (mirror) TD** 辐射 hidden neutrino [507] → 中微子可最大振荡为普通 $\nu$ → 产生可观事件率。	R2 核素/希腊字母/单位
265	- 脉冲 fluence：~r [A(E)/(1 km³ × 2π sr)] (E/$10^{19}$ eV)^(−0.6) ν 在 tb 时间内。	- 脉冲 fluence：~r [A(E)/(1 km³ × 2$\pi$ sr)] (E/$10^{19}$ eV)^(−0.6) $\nu$ 在 tb 时间内。	R2 核素/希腊字母/单位
266	- 若 EGMF ≲ $10^{-15}$ G → GeV–TeV γ 通量也有关联脉冲 [508]。	- 若 EGMF ≲ $10^{-15}$ G → GeV–TeV $\gamma$ 通量也有关联脉冲 [508]。	R2 核素/希腊字母/单位
270	- MSRP 场景中 ν 通量与 UHE photon + nucleon 通量**量级相当**（不是更大）— ν 通量主导于河外（因 halo 不增强 ν）。	- MSRP 场景中 $\nu$ 通量与 UHE photon + nucleon 通量**量级相当**（不是更大）— $\nu$ 通量主导于河外（因 halo 不增强 $\nu$）。	R2 核素/希腊字母/单位
279	| ω_cas 上限 (EGRET) | 4.5×$10^{-6}$ eV cm⁻³ |	| $\omega$_cas 上限 (EGRET) | 4.5×$10^{-6}$ eV cm⁻³ |	R2 核素/希腊字母/单位
283	| 允许 η (弦) | ≲ $10^{13}$ GeV |	| 允许 $\eta$ (弦) | ≲ $10^{13}$ GeV |	R2 核素/希腊字母/单位
285	| 原初核合成约束 | (³He+D)/H < 5×$10^{-5}$ |	| 原初核合成约束 | ($^{3}{\rm He}$+D)/H < 5×$10^{-5}$ |	R2 核素/希腊字母/单位
286	| μ 畸变 | μ ≃ 0.71 Δu/u, z_th > z > z_γ |	| $\mu$ 畸变 | $\mu$ ≃ 0.71 $\Delta$u/u, z_th > z > z_$\gamma$ |	R2 核素/希腊字母/单位
287	| y 畸变 | 4y = Δu/u, z_γ > z > z_rec |	| y 畸变 | 4y = $\Delta$u/u, z_$\gamma$ > z > z_rec |	R2 核素/希腊字母/单位
288	| ν/EM 能量比 r | ~0.3 (典型) |	| $\nu$/EM 能量比 r | ~0.3 (典型) |	R2 核素/希腊字母/单位
289	| 模型无关 ν 率上限 (105) | 0.34 r [A/(1 km³ × 2π sr)] (E/$10^{19}$ eV)^(−0.6) yr⁻¹ |	| 模型无关 $\nu$ 率上限 (105) | 0.34 r [A/(1 km³ × 2$\pi$ sr)] (E/$10^{19}$ eV)^(−0.6) yr⁻¹ |	R2 核素/希腊字母/单位
290	| SLBY98 在 1 km³ 探测器 | ν_μ ~ 0.15/yr (>$10^{19}$ eV); ~1.2/yr (>1 PeV) |	| SLBY98 在 1 km³ 探测器 | $\nu$_$\mu$ ~ 0.15/yr (>$10^{19}$ eV); ~1.2/yr (>1 PeV) |	R2 核素/希腊字母/单位
294	- [FACT] **Fermi-LAT (2008+)**：弥漫 γ 谱在 10 MeV–100 GeV 显著**高于 EGRET 估计** → TD 约束**更严**。	- [FACT] **Fermi-LAT (2008+)**：弥漫 $\gamma$ 谱在 10 MeV–100 GeV 显著**高于 EGRET 估计** → TD 约束**更严**。	R2 核素/希腊字母/单位
296	- [FACT] **IceCube 弥漫 ν 通量** (2013+)：PeV ν 通量在 Auger/TD 预言附近 → 与本文 §13.5.5 估计的 SLBY98 通量量级一致。	- [FACT] **IceCube 弥漫 $\nu$ 通量** (2013+)：PeV $\nu$ 通量在 Auger/TD 预言附近 → 与本文 §13.5.5 估计的 SLBY98 通量量级一致。	R2 核素/希腊字母/单位
297	- [FACT] **CMB 各向异性 Planck 2018**：μ 畸变上限 |μ| < 9×$10^{-5}$（比 FIRAS 严 2 倍）→ 进一步约束早期注入。	- [FACT] **CMB 各向异性 Planck 2018**：$\mu$ 畸变上限 |$\mu$| < 9×$10^{-5}$（比 FIRAS 严 2 倍）→ 进一步约束早期注入。	R2 核素/希腊字母/单位
24	| **新粒子 EHECR** | SUSY 粒子等与 CMB 相互作用极弱，可从宇宙学距离到达 | 必须是已知加速粒子（如质子）与介质作用的**次级**产物 → 产生 γ 射线 → 面临观测约束 |	| **新粒子 EHECR** | SUSY 粒子等与 CMB 相互作用极弱，可从宇宙学距离到达 | 必须是已知加速粒子（如质子）与介质作用的**次级**产物 → 产生 $\gamma$ 射线 → 面临观测约束 |	R2 核素/希腊字母/单位
25	| **已知粒子但新相互作用** | ν 截面在相关能区有 BSM 主导贡献（与大气作用） | 需满足 unitarity → 不能是点截面；需高 partial wave 贡献 |	| **已知粒子但新相互作用** | $\nu$ 截面在相关能区有 BSM 主导贡献（与大气作用） | 需满足 unitarity → 不能是点截面；需高 partial wave 贡献 |	R2 核素/希腊字母/单位
27	| **Z-burst** | 高能 ν + 遗迹 ν → Z⁰ 共振 → 核子/γ | 需 ν 质量 ~eV → ν 作 hot DM；受关联 γ 射线产生约束 |	| **Z-burst** | 高能 $\nu$ + 遗迹 $\nu$ → Z⁰ 共振 → 核子/$\gamma$ | 需 $\nu$ 质量 ~eV → $\nu$ 作 hot DM；受关联 $\gamma$ 射线产生约束 |	R2 核素/希腊字母/单位
50	| γ 背景约束 | **严格受限**（级联再循环到 10 MeV–100 GeV） | **不受**弥漫 γ 约束（halo 尺度无 cascade） |	| $\gamma$ 背景约束 | **严格受限**（级联再循环到 10 MeV–100 GeV） | **不受**弥漫 $\gamma$ 约束（halo 尺度无 cascade） |	R2 核素/希腊字母/单位
59	2. **HiRes / Telescope Array**：荧光技术 UHECR + UHE ν。	2. **HiRes / Telescope Array**：荧光技术 UHECR + UHE $\nu$。	R2 核素/希腊字母/单位
60	3. **IceCube**：km³ 尺度 ν 探测。	3. **IceCube**：km³ 尺度 $\nu$ 探测。	R2 核素/希腊字母/单位
63	6. **γ 谱精确测量**：可探测**QCD 在远超加速器能量的行为**。	6. **$\gamma$ 谱精确测量**：可探测**QCD 在远超加速器能量的行为**。	R2 核素/希腊字母/单位
74	- **γ-ray 探测**：HEGRA [49, 67]，EGRET [51]，GLAST [90]，VERITAS [92]，HESS [93]，STACEE [95]，GRAAL [97]，CELESTE [96]，CAT [44]。	- **$\gamma$-ray 探测**：HEGRA [49, 67]，EGRET [51]，GLAST [90]，VERITAS [92]，HESS [93]，STACEE [95]，GRAAL [97]，CELESTE [96]，CAT [44]。	R2 核素/希腊字母/单位
75	- **ν 探测**：AMANDA [58, 102]，DUMAND [98]，Baikal [99]，ANTARES [101]，ICECube [103]，MACRO [55]，Soudan [62]，EAS-TOP [56–57]。	- **$\nu$ 探测**：AMANDA [58, 102]，DUMAND [98]，Baikal [99]，ANTARES [101]，ICECube [103]，MACRO [55]，Soudan [62]，EAS-TOP [56–57]。	R2 核素/希腊字母/单位
76	- **宇宙 γ-ray 背景**：Sreekumar-Stecker-Kappadath [185]，EGRET [185]，CASA-MIA [258]。	- **宇宙 $\gamma$-ray 背景**：Sreekumar-Stecker-Kappadath [185]，EGRET [185]，CASA-MIA [258]。	R2 核素/希腊字母/单位
102	- Kostelecký [333]（tachyon ν），Ehrlich [334, 336]。	- Kostelecký [333]（tachyon $\nu$），Ehrlich [334, 336]。	R2 核素/希腊字母/单位
127	- **Galactic halo γ**：Smialkowski-Wolfendale-Zhang [488]，Blasi [493]，Dubovsky-Tinyakov [492]。	- **Galactic halo $\gamma$**：Smialkowski-Wolfendale-Zhang [488]，Blasi [493]，Dubovsky-Tinyakov [492]。	R2 核素/希腊字母/单位
156	- **§7 的观测约束框架**（γ-ray/BBN/CMB/ν 四道）成为后来 UHECR 综述的标准范式。	- **§7 的观测约束框架**（$\gamma$-ray/BBN/CMB/$\nu$ 四道）成为后来 UHECR 综述的标准范式。	R2 核素/希腊字母/单位
158	- 预言了 Auger 可探测 **γ/CR ~ 1–10%** 的混合 TD 场景 → 2010–2020 数据基本符合。	- 预言了 Auger 可探测 **$\gamma$/CR ~ 1–10%** 的混合 TD 场景 → 2010–2020 数据基本符合。	R2 核素/希腊字母/单位
15	| 不过 | 不过 | nevertheless / nonetheless | conj. | "- Kostelecký [333]：ν_e 为 tachyon。 - 核内质子可衰变 p → n + e⁺ + ν_e，阈值 Eth = m(A,Z)[m(A,Z±1)+m_e−m(A,Z)]/|m_νe| - 自由质子：Eth ≃ 1.7×$10^{15}$/(|m_νe|/eV) eV。 - Ehrlich [334] 主张 m²_νe ≃ −(0.5 eV)² 可同时解释 knee 与高能端。 - [CRITIQUE] 与氚 β 衰变实验" | 转折 |	| 不过 | 不过 | nevertheless / nonetheless | conj. | "- Kostelecký [333]：$\nu$_e 为 tachyon。 - 核内质子可衰变 p → n + e⁺ + $\nu$_e，阈值 Eth = m(A,Z)[m(A,Z±1)+m_e−m(A,Z)]/|m_$\nu$e| - 自由质子：Eth ≃ 1.7×$10^{15}$/(|m_$\nu$e|/eV) eV。 - Ehrlich [334] 主张 m²_$\nu$e ≃ −(0.5 eV)² 可同时解释 knee 与高能端。 - [CRITIQUE] 与氚 $\beta$ 衰变实验" | 转折 |	R2 核素/希腊字母/单位
16	| 尽管 | 尽管 | despite / notwithstanding | prep./conj. | "**三对产生 (TPP, e γ_b → e e⁺e⁻)** — 公式 19, 20： ``` σ_TPP ≃ (3α/(8π)) σ_T · (28/9 ln(s/m_e²) − 218/27) η ≃ 1.768 · (s/m_e²)^(−3/4) (s ≫ m_e²) ``` - 尽管 σ_TPP ~ σ_ICS 在 E ~ $10^{17}$ eV 就已可比，但因 η ≲ $10^{-3}$，能量衰减直到 **~$10^{22}$ eV** 才重要。 -" | 让步 |	| 尽管 | 尽管 | despite / notwithstanding | prep./conj. | "**三对产生 (TPP, e $\gamma$_b → e e⁺e⁻)** — 公式 19, 20： ``` $\sigma$_TPP ≃ (3$\alpha$/(8$\pi$)) $\sigma$_T · (28/9 ln(s/m_e²) − 218/27) $\eta$ ≃ 1.768 · (s/m_e²)^(−3/4) (s ≫ m_e²) ``` - 尽管 $\sigma$_TPP ~ $\sigma$_ICS 在 E ~ $10^{17}$ eV 就已可比，但因 $\eta$ ≲ $10^{-3}$，能量衰减直到 **~$10^{22}$ eV** 才重要。 -" | 让步 |	R2 核素/希腊字母/单位
19	| 而 | 而 | whereas / while / and | conj. | "**关键约束**： - Z⁰ 湮灭主要由**非聚集的** RNB 主导（而非银晕内聚集的），除非新 ν 源 [204]。 - EGRET diffuse γ-ray (~10 GeV) 约束： - 若 X 粒子只衰变到 ν：f_ν ≳ 20 (l_ν/5 Mpc)⁻¹ - 若 L_γ ~ L_ν（多数模型）：f_ν ≳ $10^{3}$ (l_ν/5 Mpc)⁻¹ - 若大部分 EM 能量在 TeV 段释放 → 可放宽 - Z-bur" | 对比/转折 |	| 而 | 而 | whereas / while / and | conj. | "**关键约束**： - Z⁰ 湮灭主要由**非聚集的** RNB 主导（而非银晕内聚集的），除非新 $\nu$ 源 [204]。 - EGRET diffuse $\gamma$-ray (~10 GeV) 约束： - 若 X 粒子只衰变到 $\nu$：f_$\nu$ ≳ 20 (l_$\nu$/5 Mpc)⁻¹ - 若 L_$\gamma$ ~ L_$\nu$（多数模型）：f_$\nu$ ≳ $10^{3}$ (l_$\nu$/5 Mpc)⁻¹ - 若大部分 EM 能量在 TeV 段释放 → 可放宽 - Z-bur" | 对比/转折 |	R2 核素/希腊字母/单位
25	| 据 | 据 | according to / based on | prep. | "- **能量学论证**：银河系 CR 总光度 L_CR ~ 1.5×$10^{41}$ erg/s，约等于银河系超新星总动能输出的 10%，支持 SNR 是膝点以下主要源。 - **银河系 vs 河外起源**：多重证据（SMC γ 射线、各向异性、电子成分）支持至少膝点以下 CR 为银河系起源。 - **加速机制**：两种主要机制——(1) 直接电场加速；(2) 统计 (Fermi) 加速；DSAM (Diffusive Shock Accele" | 因果 |	| 据 | 据 | according to / based on | prep. | "- **能量学论证**：银河系 CR 总光度 L_CR ~ 1.5×$10^{41}$ erg/s，约等于银河系超新星总动能输出的 10%，支持 SNR 是膝点以下主要源。 - **银河系 vs 河外起源**：多重证据（SMC $\gamma$ 射线、各向异性、电子成分）支持至少膝点以下 CR 为银河系起源。 - **加速机制**：两种主要机制——(1) 直接电场加速；(2) 统计 (Fermi) 加速；DSAM (Diffusive Shock Accele" | 因果 |	R2 核素/希腊字母/单位
55	| γ 射线 | γ 射线 | 21 | §02 |	| $\gamma$ 射线 | $\gamma$ 射线 | 21 | §02 |	R2 核素/希腊字母/单位
66	| pion | π 介子 | 12 | §00 |	| pion | $\pi$ 介子 | 12 | §00 |	R2 核素/希腊字母/单位
107	| muon | μ 子 | 3 | §02 |	| muon | $\mu$ 子 | 3 | §02 |	R2 核素/希腊字母/单位
155	2. **SMC γ 射线上界** [FACT]：	2. **SMC $\gamma$ 射线上界** [FACT]：	R2 核素/希腊字母/单位
156	- CR 与气体相互作用产生 π⁰ 衰变 γ 射线 [118]。	- CR 与气体相互作用产生 $\pi$⁰ 衰变 $\gamma$ 射线 [118]。	R2 核素/希腊字母/单位
159	3. **银河系 CR 梯度**：若银河起源，CR 强度应随银心距离下降 → 反映在次级 γ 射线中 [120–122]。观测结果尚不完全确定 [123]。	3. **银河系 CR 梯度**：若银河起源，CR 强度应随银心距离下降 → 反映在次级 $\gamma$ 射线中 [120–122]。观测结果尚不完全确定 [123]。	R2 核素/希腊字母/单位
47	- **GZK 阈值**（p + γ_CMB → Δ → p + π⁰）：E_p ≳ 5×$10^{19}$ eV。	- **GZK 阈值**（p + $\gamma$_CMB → $\Delta$ → p + $\pi$⁰）：E_p ≳ 5×$10^{19}$ eV。	R2 核素/希腊字母/单位
50	- **EGMF 效应**：偏转 τ_E ∝ E⁻²（rectilinear），E⁻¹（Bohm），E⁻¹/³（Kolmogorov 扩散）。	- **EGMF 效应**：偏转 $\tau$_E ∝ E⁻²（rectilinear），E⁻¹（Bohm），E⁻¹/³（Kolmogorov 扩散）。	R2 核素/希腊字母/单位
71	- DSAM E_max：E_c ~ $10^{17}$ Z (R/kpc)(B/μG) eV（式 49）。	- DSAM E_max：E_c ~ $10^{17}$ Z (R/kpc)(B/$\mu$G) eV（式 49）。	R2 核素/希腊字母/单位
80	| 宇宙弦 loop 碎裂 | 1 | Viable（η ~ $10^{13}$ GeV）|	| 宇宙弦 loop 碎裂 | 1 | Viable（$\eta$ ~ $10^{13}$ GeV）|	R2 核素/希腊字母/单位
83	| Vorton 衰变 | 2 | Viable（η_s ~ $10^{12}$–$10^{14}$ GeV）|	| Vorton 衰变 | 2 | Viable（$\eta$_s ~ $10^{12}$–$10^{14}$ GeV）|	R2 核素/希腊字母/单位
91	| **弥漫 γ-ray** (EGRET) | p = 0 完全排除；p = 1 需 q > 1.7（m_X = $10^{16}$ GeV）；$Q_{0}$ < $10^{-22}$ eV cm⁻³ s⁻¹ |	| **弥漫 $\gamma$-ray** (EGRET) | p = 0 完全排除；p = 1 需 q > 1.7（m_X = $10^{16}$ GeV）；$Q_{0}$ < $10^{-22}$ eV cm⁻³ s⁻¹ |	R2 核素/希腊字母/单位
92	| **BBN / 4He 光致分解** | (³He+D)/H < 5×$10^{-5}$（与 γ 约束独立）|	| **BBN / 4He 光致分解** | ($^{3}{\rm He}$+D)/H < 5×$10^{-5}$（与 $\gamma$ 约束独立）|	R2 核素/希腊字母/单位
94	| **弥漫 ν 通量** | SLBY98 ~ 0.15 yr⁻¹ (1 km³ @ > $10^{19}$ eV)，模型无关上限 (式 105) |	| **弥漫 $\nu$ 通量** | SLBY98 ~ 0.15 yr⁻¹ (1 km³ @ > $10^{19}$ eV)，模型无关上限 (式 105) |	R2 核素/希腊字母/单位
99	2. **硬谱**（α ~ 1.3–1.5）→ GZK 截断后有 **"recovery"**（或 "gap"）。	2. **硬谱**（$\alpha$ ~ 1.3–1.5）→ GZK 截断后有 **"recovery"**（或 "gap"）。	R2 核素/希腊字母/单位
100	3. **γ/CR > 1** 在足够高 EHECR 能区（但 EGMF 或高 URB 可压低）。	3. **$\gamma$/CR > 1** 在足够高 EHECR 能区（但 EGMF 或高 URB 可压低）。	R2 核素/希腊字母/单位
101	4. **弥漫 ν 通量** ~ 0.1–1 event/yr @ 1 km³。	4. **弥漫 $\nu$ 通量** ~ 0.1–1 event/yr @ 1 km³。	R2 核素/希腊字母/单位
111	- **IceCube 2013–2020**：观测到弥漫 ν 通量，与本文 SLBY98 TD 预言的 ~1 PeV ν 事件率量级一致。	- **IceCube 2013–2020**：观测到弥漫 $\nu$ 通量，与本文 SLBY98 TD 预言的 ~1 PeV $\nu$ 事件率量级一致。	R2 核素/希腊字母/单位
112	- **CMB Planck 2018**：宇宙弦 Gμ < $10^{-7}$ → 排除 GUT-scale ($10^{16}$ GeV) 弦 → 与 §10.6 讨论的 η ≲ $10^{13}$ GeV 轻弦场景一致。	- **CMB Planck 2018**：宇宙弦 G$\mu$ < $10^{-7}$ → 排除 GUT-scale ($10^{16}$ GeV) 弦 → 与 §10.6 讨论的 $\eta$ ≲ $10^{13}$ GeV 轻弦场景一致。	R2 核素/希腊字母/单位
113	- **GLAST/Fermi-LAT (2008+)**：弥漫 γ 谱在 10 MeV–100 GeV 比 EGRET 高 → TD 级联约束**更严**（§13.2 讨论的 ω_cas 上限需下调）。	- **GLAST/Fermi-LAT (2008+)**：弥漫 $\gamma$ 谱在 10 MeV–100 GeV 比 EGRET 高 → TD 级联约束**更严**（§13.2 讨论的 $\omega$_cas 上限需下调）。	R2 核素/希腊字母/单位
119	- **MSRP 作为暗物质**（Ω_X h² ~ 1）→ 现代暗物质搜索（LUX, XENON, PandaX, LZ）+ Auger 相关数据 → **超重 MSRP 主导场景受到严重限制**。	- **MSRP 作为暗物质**（$\Omega$_X h² ~ 1）→ 现代暗物质搜索（LUX, XENON, PandaX, LZ）+ Auger 相关数据 → **超重 MSRP 主导场景受到严重限制**。	R2 核素/希腊字母/单位
125	- **Z-burst 机制**：取决于 eV 质量 ν 的宇宙数密度 → 若 ν 是 hot DM → 现代宇宙学（结构形成）**对 eV 质量 ν 极敏感** → Z-burst 场景受到限制。	- **Z-burst 机制**：取决于 eV 质量 $\nu$ 的宇宙数密度 → 若 $\nu$ 是 hot DM → 现代宇宙学（结构形成）**对 eV 质量 $\nu$ 极敏感** → Z-burst 场景受到限制。	R2 核素/希腊字母/单位
126	- **TeV-scale Higgs X**（§6.11）：Fermi-LAT 数据显示 10–100 GeV 弥漫 γ 可能有额外成分 → 部分符合 [418] 预言，但非独特。	- **TeV-scale Higgs X**（§6.11）：Fermi-LAT 数据显示 10–100 GeV 弥漫 $\gamma$ 可能有额外成分 → 部分符合 [418] 预言，但非独特。	R2 核素/希腊字母/单位
61	V1（88 页）则是完整章节级综述，含 8 章、大量公式推导、多频率观测分析、Hα Balmer 线观测细节。**V1 覆盖 V2 全部内容并大幅扩展**，因此本精读聚焦 V1，V2 视为同一作者同一主题下的"压缩版会议报告"。	V1（88 页）则是完整章节级综述，含 8 章、大量公式推导、多频率观测分析、H$\alpha$ Balmer 线观测细节。**V1 覆盖 V2 全部内容并大幅扩展**，因此本精读聚焦 V1，V2 视为同一作者同一主题下的"压缩版会议报告"。	R2 核素/希腊字母/单位
71	> [FACT] Blasi 论证：在 2013 年，超新星遗迹（SNR）作为银河系宇宙线主要源的"SNR 范式"具备充分但尚不确凿的间接证据（π⁰ 衰变 γ 射线、X 射线磁化放大、Hα 线异常），但非线性扩散激波加速（NLDSA）理论预言的粒子谱与观测到的 γ 射线谱和宇宙线各向异性存在系统性矛盾，而磁场放大机制、粒子逃逸过程、SNR 达到膝点能量的能力仍是未解决的"loose ends"。	> [FACT] Blasi 论证：在 2013 年，超新星遗迹（SNR）作为银河系宇宙线主要源的"SNR 范式"具备充分但尚不确凿的间接证据（$\pi$⁰ 衰变 $\gamma$ 射线、X 射线磁化放大、H$\alpha$ 线异常），但非线性扩散激波加速（NLDSA）理论预言的粒子谱与观测到的 $\gamma$ 射线谱和宇宙线各向异性存在系统性矛盾，而磁场放大机制、粒子逃逸过程、SNR 达到膝点能量的能力仍是未解决的"loose ends"。	R2 核素/希腊字母/单位
86	| 07 | `07_h_alpha.md` | §7 Hα line as a cosmic ray calorimeter（58–65 页） |	| 07 | `07_h_alpha.md` | §7 H$\alpha$ line as a cosmic ray calorimeter（58–65 页） |	R2 核素/希腊字母/单位
105	│   ├── B/C 比例 → τ_esc → D(E)	│   ├── B/C 比例 → $\tau$_esc → D(E)	R2 核素/希腊字母/单位
106	│   ├── 所需 CR 加速效率 ξ_CR ~ 2–10%	│   ├── 所需 CR 加速效率 $\xi$_CR ~ 2–10%	R2 核素/希腊字母/单位
127	├── 7. Hα line as cosmic ray calorimeter (pp. 58–65)	├── 7. H$\alpha$ line as cosmic ray calorimeter (pp. 58–65)	R2 核素/希腊字母/单位
140	- **B²FH (1957)** — 宇宙线起源的早期框架（Rev. Mod. Phys. 29, 547）	- **B$^2$FH (1957)** — 宇宙线起源的早期框架（Rev. Mod. Phys. 29, 547）	R2 核素/希腊字母/单位
13	- **全粒子能谱**：低能端 (~30 GeV 以下) 被太阳调制；膝点 knee 在 E_K = 3 × $10^{15}$ eV 处从 γ ≈ 2.7 变到 ≈ 3.1；膝点之上成分趋向重核主导，最高至 ~$10^{17}$ eV 后 Fe 谱可与轻成分相当。	- **全粒子能谱**：低能端 (~30 GeV 以下) 被太阳调制；膝点 knee 在 E_K = 3 × $10^{15}$ eV 处从 $\gamma$ ≈ 2.7 变到 ≈ 3.1；膝点之上成分趋向重核主导，最高至 ~$10^{17}$ eV 后 Fe 谱可与轻成分相当。	R2 核素/希腊字母/单位
14	- **PAMELA / CREAM / AMS-02 硬转折**：p 与 ⁴He 在 230 GV 处硬化（γ₁=2.89→γ₂=2.67）。	- **PAMELA / CREAM / AMS-02 硬转折**：p 与 $^{4}{\rm He}$ 在 230 GV 处硬化（$\gamma$₁=2.89→$\gamma$₂=2.67）。	R2 核素/希腊字母/单位
15	- **正电子分数异常**：>10 GeV 后 Φ(e⁺)/(Φ(e⁺)+Φ(e⁻)) 上升；反质子分数正常下降。	- **正电子分数异常**：>10 GeV 后 $\Phi$(e⁺)/($\Phi$(e⁺)+$\Phi$(e⁻)) 上升；反质子分数正常下降。	R2 核素/希腊字母/单位
17	- **SNR 作为主源的间接证据**：γ 射线 π⁰ 衰变证据（MC 邻近 SNR，Tycho）、X 射线窄磁边缘、DSA 理论。	- **SNR 作为主源的间接证据**：$\gamma$ 射线 $\pi$⁰ 衰变证据（MC 邻近 SNR，Tycho）、X 射线窄磁边缘、DSA 理论。	R2 核素/希腊字母/单位
27	- [FACT] PAMELA："The slope of the proton spectrum below 230 GeV was measured to be γ₁ = 2.89 ± 0.015, while the slope above 230 GeV becomes γ₂ = 2.67 ± 0.03."	- [FACT] PAMELA："The slope of the proton spectrum below 230 GeV was measured to be $\gamma$₁ = 2.89 ± 0.015, while the slope above 230 GeV becomes $\gamma$₂ = 2.67 ± 0.03."	R2 核素/希腊字母/单位
33	- [FACT] Tycho γ 射线："the gamma ray emission detected from the Tycho SNR (Giordano et al, 2012; Acciari et al, 2011) also appears to be most likely of hadronic origin."	- [FACT] Tycho $\gamma$ 射线："the gamma ray emission detected from the Tycho SNR (Giordano et al, 2012; Acciari et al, 2011) also appears to be most likely of hadronic origin."	R2 核素/希腊字母/单位
52	| γ₁（p < 230 GV） | 2.89 ± 0.015 | 低能段斜率 |	| $\gamma$₁（p < 230 GV） | 2.89 ± 0.015 | 低能段斜率 |	R2 核素/希腊字母/单位
53	| γ₂（p > 230 GV） | 2.67 ± 0.03 | 高能段斜率 |	| $\gamma$₂（p > 230 GV） | 2.67 ± 0.03 | 高能段斜率 |	R2 核素/希腊字母/单位
11	- 用 B/C 比例推得银河系 CR 逃逸时间 τ_esc(E)，导出扩散系数 D(E) 与能量（刚度）的依赖。	- 用 B/C 比例推得银河系 CR 逃逸时间 $\tau$_esc(E)，导出扩散系数 D(E) 与能量（刚度）的依赖。	R2 核素/希腊字母/单位
12	- 由 SN 率 R_SN、单次 SN 能量 E_SN、源处注入谱，反推出在地球处测到的质子能谱，进而求得所需的总加速效率 ξ_CR。	- 由 SN 率 R_SN、单次 SN 能量 E_SN、源处注入谱，反推出在地球处测到的质子能谱，进而求得所需的总加速效率 $\xi$_CR。	R2 核素/希腊字母/单位
13	- 结论：ξ_CR ≈ 2.5 × $10^{-3}$ 仅计质子；含重核后 ξ_CR ≈ 5–10%，与 10% 的"10% 定律"吻合。	- 结论：$\xi$_CR ≈ 2.5 × $10^{-3}$ 仅计质子；含重核后 $\xi$_CR ≈ 5–10%，与 10% 的"10% 定律"吻合。	R2 核素/希腊字母/单位
17	- [FACT] "the ratio of boron and carbon fluxes is related to the grammage traversed by CRs, X(E) = n̄·μ·v·τ_esc(E)。"	- [FACT] "the ratio of boron and carbon fluxes is related to the grammage traversed by CRs, X(E) = n̄·$\mu$·v·$\tau$_esc(E)。"	R2 核素/希腊字母/单位
19	- [FACT] "τ* ~ 90 · (H/3 kpc) Myr" (Eq. 1) — 比弹道时间大三至四个量级，"the strongest evidence so far for diffusive motion of CRs in the Galaxy."	- [FACT] "$\tau$* ~ 90 · (H/3 kpc) Myr" (Eq. 1) — 比弹道时间大三至四个量级，"the strongest evidence so far for diffusive motion of CRs in the Galaxy."	R2 核素/希腊字母/单位
21	- [FACT] 高刚度 B/C 数据与 X(R) ∝ R⁻δ 一致，δ = 0.3–0.6。	- [FACT] 高刚度 B/C 数据与 X(R) ∝ R⁻$\delta$ 一致，$\delta$ = 0.3–0.6。	R2 核素/希腊字母/单位
23	- [FACT] 注入谱形式 N(p) = ξ_CR·E_SN / m² · I(γ) · (p/m)⁻ᵞ，其中 I(γ) ≈ 2(3−γ)(γ−2)/(4−γ)。	- [FACT] 注入谱形式 N(p) = $\xi$_CR·E_SN / m² · I($\gamma$) · (p/m)⁻ᵞ，其中 I($\gamma$) ≈ 2(3−$\gamma$)($\gamma$−2)/(4−$\gamma$)。	R2 核素/希腊字母/单位
24	- [FACT] 地球处质子通量：J(E) = (c/4π) · N(E)·R_SN / (π R_d²·(2H)) · τ_esc(E)⁻¹ = 8×$10^{5}$·ξ_CR·I(γ) · (R_SN/30 yr⁻¹) · (E/m)⁻ᵞ⁻ᵟ · (E*/m)ᵟ m⁻²s⁻¹sr⁻¹GeV⁻¹（Eq. 2）	- [FACT] 地球处质子通量：J(E) = (c/4$\pi$) · N(E)·R_SN / ($\pi$ R_d²·(2H)) · $\tau$_esc(E)⁻¹ = 8×$10^{5}$·$\xi$_CR·I($\gamma$) · (R_SN/30 yr⁻¹) · (E/m)⁻ᵞ⁻ᵟ · (E*/m)ᵟ m⁻²s⁻¹sr$^{-1}{\rm Ge}$V⁻¹（Eq. 2）	R2 核素/希腊字母/单位
25	- [FACT] 归一化到 10 GeV 通量后得到 ξ_CR ≈ 2.5 × $10^{-3}$ · I(γ)⁻¹ · (E*/m)ᵞ⁻² · (R_SN/30 yr⁻¹)⁻¹（Eq. 3）。	- [FACT] 归一化到 10 GeV 通量后得到 $\xi$_CR ≈ 2.5 × $10^{-3}$ · I($\gamma$)⁻¹ · (E*/m)ᵞ⁻² · (R_SN/30 yr⁻¹)⁻¹（Eq. 3）。	R2 核素/希腊字母/单位
26	- [FACT] "ξ_CR ≃ 2–3% ... the total CR acceleration efficiency is somewhat higher than the estimate in Eq. 3 ... between 5% and 10% for the bulk of SNRs."	- [FACT] "$\xi$_CR ≃ 2–3% ... the total CR acceleration efficiency is somewhat higher than the estimate in Eq. 3 ... between 5% and 10% for the bulk of SNRs."	R2 核素/希腊字母/单位
33	其中 X~1 g/cm²、μ ≈ 1.4 m_p、n̄ = n_disc·h/H = 5×$10^{-2}$ · (n_disc/1 cm⁻³)·(H/3 kpc)⁻¹ cm⁻³。	其中 X~1 g/cm²、$\mu$ ≈ 1.4 m_p、n̄ = n_disc·h/H = 5×$10^{-2}$ · (n_disc/1 cm⁻³)·(H/3 kpc)⁻¹ cm⁻³。	R2 核素/希腊字母/单位
53	| μ | ~1.4 m_p |	| $\mu$ | ~1.4 m_p |	R2 核素/希腊字母/单位
54	| τ_esc(10 GeV) | ~90 (H/3 kpc) Myr |	| $\tau$_esc(10 GeV) | ~90 (H/3 kpc) Myr |	R2 核素/希腊字母/单位
59	| ξ_CR（仅质子） | 2–3% |	| $\xi$_CR（仅质子） | 2–3% |	R2 核素/希腊字母/单位
60	| ξ_CR（含重核） | 5–10% |	| $\xi$_CR（含重核） | 5–10% |	R2 核素/希腊字母/单位
68	- **链路**：B/C ratio（观测）→ τ_esc（传播）→ D(E) 与 δ → 用 SN 率 + 注入谱反演 ξ_CR。	- **链路**：B/C ratio（观测）→ $\tau$_esc（传播）→ D(E) 与 $\delta$ → 用 SN 率 + 注入谱反演 $\xi$_CR。	R2 核素/希腊字母/单位
70	- [INTERPRETATION] 这里刻意把 ξ_CR 与注入谱斜率 γ 分离，因为下一节（§3）就要讨论 γ 的具体预测。	- [INTERPRETATION] 这里刻意把 $\xi$_CR 与注入谱斜率 $\gamma$ 分离，因为下一节（§3）就要讨论 $\gamma$ 的具体预测。	R2 核素/希腊字母/单位
75	- [INTERPRETATION] ξ_CR ≈ 10% 的"10% 定律"是 SNR 范式的**能量锚点**，但并非直接观测——它是推导值，受 SN 率、源分布、传播模型影响。	- [INTERPRETATION] $\xi$_CR ≈ 10% 的"10% 定律"是 SNR 范式的**能量锚点**，但并非直接观测——它是推导值，受 SN 率、源分布、传播模型影响。	R2 核素/希腊字母/单位
79	- [CRITIQUE] δ = 0.3–0.6 范围过宽，源自 B/C 在高能段的斜率不确定。作者在此未展开，但对后续 §6.2 的**各向异性论证**（需要 δ ≈ 0.7 才能匹配 NLDSA 硬谱）有直接影响。	- [CRITIQUE] $\delta$ = 0.3–0.6 范围过宽，源自 B/C 在高能段的斜率不确定。作者在此未展开，但对后续 §6.2 的**各向异性论证**（需要 $\delta$ ≈ 0.7 才能匹配 NLDSA 硬谱）有直接影响。	R2 核素/希腊字母/单位
80	- [CRITIQUE] 银河系 SN 率 R_SN = 30 yr⁻¹ 存在系统性不确定性（±30%），直接影响 ξ_CR 反演。	- [CRITIQUE] 银河系 SN 率 R_SN = 30 yr⁻¹ 存在系统性不确定性（±30%），直接影响 $\xi$_CR 反演。	R2 核素/希腊字母/单位
81	- **信息缺失**：作者未讨论源分布的径向依赖（如内盘密度高）对 ξ_CR 估算的影响。	- **信息缺失**：作者未讨论源分布的径向依赖（如内盘密度高）对 $\xi$_CR 估算的影响。	R2 核素/希腊字母/单位
14	- **DSA 传输方程**（Skilling 1975a）的推导，得出 test-particle 谱指数 α = 3r/(r−1)，强激波极限 α→4，即微分能量谱 n(ϵ)∝ϵ⁻²。	- **DSA 传输方程**（Skilling 1975a）的推导，得出 test-particle 谱指数 $\alpha$ = 3r/(r−1)，强激波极限 $\alpha$→4，即微分能量谱 n(ϵ)∝ϵ⁻²。	R2 核素/希腊字母/单位
21	- [FACT] Coulomb 热化时间分层：电子自热化 τ_eq,ee 最快，质子自热化 τ_eq,pp 最慢；对典型 SNR 参数 τ_eq,ee ≈ 1200·(n/1 cm⁻³)⁻¹·(T_e/$10^{8}$ K)³/² 年，τ_eq,pp ≈ 2.3×$10^{6}$·(n/1)⁻¹·(T_p/$10^{8}$ K)³/² 年。	- [FACT] Coulomb 热化时间分层：电子自热化 $\tau$_eq,ee 最快，质子自热化 $\tau$_eq,pp 最慢；对典型 SNR 参数 $\tau$_eq,ee ≈ 1200·(n/1 cm⁻³)⁻¹·(T_e/$10^{8}$ K)³/² 年，$\tau$_eq,pp ≈ 2.3×$10^{6}$·(n/1)⁻¹·(T_p/$10^{8}$ K)³/² 年。	R2 核素/希腊字母/单位
29	- [FACT] Fermi 二阶加速：平均能量增益 ⟨ΔE/E⟩ = (4/3)(V/c)²，标度是 (V/c)² → "second order"。	- [FACT] Fermi 二阶加速：平均能量增益 ⟨$\Delta$E/E⟩ = (4/3)(V/c)²，标度是 (V/c)² → "second order"。	R2 核素/希腊字母/单位
30	- [FACT] ISM 中 Alfvén 速度 v_A = B/√(4πρ) = 2 B_µ · n_i,cm⁻³ km/s，太小 → 二阶加速不重要。	- [FACT] ISM 中 Alfvén 速度 v_A = B/√(4$\pi$$\rho$) = 2 B_µ · n_i,cm⁻³ km/s，太小 → 二阶加速不重要。	R2 核素/希腊字母/单位
31	- [FACT] 粒子在均匀 $B_{0}$ + Alfvén 波背景下的运动：Larmor 频率 Ω = $qB_{0}$/(mcγ)，v_z = vµ，回旋半径 r_L = v/Ω。	- [FACT] 粒子在均匀 $B_{0}$ + Alfvén 波背景下的运动：Larmor 频率 $\Omega$ = $qB_{0}$/(mc$\gamma$)，v_z = vµ，回旋半径 r_L = v/$\Omega$。	R2 核素/希腊字母/单位
32	- [FACT] 投掷角扩散系数（Q-LT）：ν = ⟨ΔθΔθ/Δt⟩ = (π/4)(kP(k)/($B_{0}$²/8π))·Ω（Eq. 29/30）。	- [FACT] 投掷角扩散系数（Q-LT）：$\nu$ = ⟨$\Delta$$\theta$$\Delta$$\theta$/$\Delta$t⟩ = ($\pi$/4)(kP(k)/($B_{0}$²/8$\pi$))·$\Omega$（Eq. 29/30）。	R2 核素/希腊字母/单位
33	- [FACT] 空间扩散系数：D(p) ≈ (1/3) r_L v / F，其中 F = kP(k)/($B_{0}$²/8π)（Eq. 32）。	- [FACT] 空间扩散系数：D(p) ≈ (1/3) r_L v / F，其中 F = kP(k)/($B_{0}$²/8$\pi$)（Eq. 32）。	R2 核素/希腊字母/单位
34	- [FACT] CR 在星系被约束 ~$10^{7}$ yr → D ~ $10^{29}$ cm²/s → 共振尺度需 δB/B ~ 6 × $10^{-4}$。	- [FACT] CR 在星系被约束 ~$10^{7}$ yr → D ~ $10^{29}$ cm²/s → 共振尺度需 $\delta$B/B ~ 6 × $10^{-4}$。	R2 核素/希腊字母/单位
41	- [FACT] 注入项（δ 函数近似）：Q(p, x) = η $n_{1}$ $u_{1}$ / (4π p²_inj) · δ(p−p_inj)·δ(z)（Eq. 35）。	- [FACT] 注入项（$\delta$ 函数近似）：Q(p, x) = $\eta$ $n_{1}$ $u_{1}$ / (4$\pi$ p²_inj) · $\delta$(p−p_inj)·$\delta$(z)（Eq. 35）。	R2 核素/希腊字母/单位
52	标度为 β¹ → "first order Fermi"。	标度为 $\beta$¹ → "first order Fermi"。	R2 核素/希腊字母/单位
55	- [FACT] 时间约束（Eq. 48, 49）：τ_acc(p_max) ≤ τ_SNR → 得到条件	- [FACT] 时间约束（Eq. 48, 49）：$\tau$_acc(p_max) ≤ $\tau$_SNR → 得到条件	R2 核素/希腊字母/单位
57	- [FACT] 关键推论：r_L(p_max) = 1 pc · (E/$10^{15}$ eV) · B⁻¹_µ；由于 c/V_s ~ 100 而 r_L/R_SNR ~ 0.1，**必须 F(k_min) ≫ 1**，即 δB/$B_{0}$ ≫ 1。	- [FACT] 关键推论：r_L(p_max) = 1 pc · (E/$10^{15}$ eV) · B⁻¹_µ；由于 c/V_s ~ 100 而 r_L/R_SNR ~ 0.1，**必须 F(k_min) ≫ 1**，即 $\delta$B/$B_{0}$ ≫ 1。	R2 核素/希腊字母/单位
60	1. **时间约束** τ_acc(p_max) ≤ τ_SNR（§3.4 主线）。	1. **时间约束** $\tau$_acc(p_max) ≤ $\tau$_SNR（§3.4 主线）。	R2 核素/希腊字母/单位
61	2. **空间约束** D(p_max)/V_sh ≈ χ·R_sh（Eq. 51），在 Sedov 阶段更严。	2. **空间约束** D(p_max)/V_sh ≈ $\chi$·R_sh（Eq. 51），在 Sedov 阶段更严。	R2 核素/希腊字母/单位
74	| 10 | τ_eq = 3$m_{1}$$m_{2}$k³/²_B / [8(2π)^½ n q⁴ lnΛ] · ($T_{1}$/$m_{1}$+$T_{2}$/$m_{2}$)^3/² | Coulomb 热化时间（Spitzer 1962） |	| 10 | $\tau$_eq = 3$m_{1}$$m_{2}$k³/²_B / [8(2$\pi$)^½ n q⁴ ln$\Lambda$] · ($T_{1}$/$m_{1}$+$T_{2}$/$m_{2}$)^3/² | Coulomb 热化时间（Spitzer 1962） |	R2 核素/希腊字母/单位
80	| 41 | α = 3r/(r−1) → 4 | 动量谱指数 |	| 41 | $\alpha$ = 3r/(r−1) → 4 | 动量谱指数 |	R2 核素/希腊字母/单位
81	| 44 | ⟨ΔE/E⟩ = (4/3)β | 单次循环能量增益 |	| 44 | ⟨$\Delta$E/E⟩ = (4/3)$\beta$ | 单次循环能量增益 |	R2 核素/希腊字母/单位
82	| 47 | τ_acc = 3/($u_{1}$−$u_{2}$) ∫ dp'/p' [$D_{1}$/$u_{1}$ + $D_{2}$/$u_{2}$] | 加速时间 |	| 47 | $\tau$_acc = 3/($u_{1}$−$u_{2}$) ∫ dp'/p' [$D_{1}$/$u_{1}$ + $D_{2}$/$u_{2}$] | 加速时间 |	R2 核素/希腊字母/单位
85	| 51 | D(p_max)/V_sh ≈ χR_sh | 空间约束最大能量 |	| 51 | D(p_max)/V_sh ≈ $\chi$R_sh | 空间约束最大能量 |	R2 核素/希腊字母/单位
95	| τ_eq,ee | ~$10^{3}$ yr |	| $\tau$_eq,ee | ~$10^{3}$ yr |	R2 核素/希腊字母/单位
96	| τ_eq,pp | ~$10^{6}$ yr |	| $\tau$_eq,pp | ~$10^{6}$ yr |	R2 核素/希腊字母/单位
99	| δB/B 约束（$10^{7}$ yr 困住） | ~6×$10^{-4}$ |	| $\delta$B/B 约束（$10^{7}$ yr 困住） | ~6×$10^{-4}$ |	R2 核素/希腊字母/单位
109	- [INTERPRETATION] §3.4 的核心论证是**"SNR 要达到 PeV 必须依赖磁场放大"**——这一步为下一章（§4）非线性理论埋下伏笔：因为 test-particle 理论里 F≪1 的假设在 p_max 处失效，δB≪$B_{0}$ 的准线性理论在最强散射点必然崩溃。	- [INTERPRETATION] §3.4 的核心论证是**"SNR 要达到 PeV 必须依赖磁场放大"**——这一步为下一章（§4）非线性理论埋下伏笔：因为 test-particle 理论里 F≪1 的假设在 p_max 处失效，$\delta$B≪$B_{0}$ 的准线性理论在最强散射点必然崩溃。	R2 核素/希腊字母/单位
113	- [FACT] α=4 意味着动量谱 f(p)∝p⁻⁴，能量谱 dN/dE∝E⁻²（相对论）——这是 SNR 范式的"理论招牌"。	- [FACT] $\alpha$=4 意味着动量谱 f(p)∝p⁻⁴，能量谱 dN/dE∝E⁻²（相对论）——这是 SNR 范式的"理论招牌"。	R2 核素/希腊字母/单位
120	- [CRITIQUE] Test-particle 假设要求 ξ_CR ≪ 1，而 §2 推导出的 ξ_CR ~10% 已接近上限——为 §4 非线性理论的出现提供动因。	- [CRITIQUE] Test-particle 假设要求 $\xi$_CR ≪ 1，而 §2 推导出的 $\xi$_CR ~10% 已接近上限——为 §4 非线性理论的出现提供动因。	R2 核素/希腊字母/单位
15	- 放大磁场的动力学反作用（Λ_B, W）使谱更趋幂律。	- 放大磁场的动力学反作用（$\Lambda$_B, W）使谱更趋幂律。	R2 核素/希腊字母/单位
21	- [FACT] 加速粒子对激波的动量反馈：ξ_CR ~ 10% → CR 压力改变压缩比 r，谱变为刚度依赖。	- [FACT] 加速粒子对激波的动量反馈：$\xi$_CR ~ 10% → CR 压力改变压缩比 r，谱变为刚度依赖。	R2 核素/希腊字母/单位
23	- [FACT] 放大磁场动力学反作用：~100–1000 µG 的磁场压力虽仅为 ρv²_s 的 $10^{-2}$–$10^{-3}$，但可远大于上游热压，进而影响 r。	- [FACT] 放大磁场动力学反作用：~100–1000 µG 的磁场压力虽仅为 $\rho$v²_s 的 $10^{-2}$–$10^{-3}$，但可远大于上游热压，进而影响 r。	R2 核素/希腊字母/单位
28	- [FACT] 守恒方程（Eq. 53–60）：质量 ρu = const；动量 ρu² + P_g + P_c = const；能量 ρε + P_g + E_c = const（含 CR 能量通量）。	- [FACT] 守恒方程（Eq. 53–60）：质量 $\rho$u = const；动量 $\rho$u² + P_g + P_c = const；能量 $\rho$$\epsilon$ + P_g + E_c = const（含 CR 能量通量）。	R2 核素/希腊字母/单位
29	- [FACT] CR 能量方程（Eq. 64）：∂E_c/∂t + ∇·(γ_c/(γ_c−1)·uP_c) = ∇·(D̄∇E_c) + u∇P_c，其中 D̄ 是能量加权平均扩散系数。	- [FACT] CR 能量方程（Eq. 64）：∂E_c/∂t + ∇·($\gamma$_c/($\gamma$_c−1)·uP_c) = ∇·(D̄∇E_c) + u∇P_c，其中 D̄ 是能量加权平均扩散系数。	R2 核素/希腊字母/单位
31	- [FACT] CR 诱导 precursor 的深度：ξ_CR(z) ≈ P_c(z)/(ρ₀$u_{0}$²) ≈ 1 − u(z)/$u_{0}$（Eq. 70）。	- [FACT] CR 诱导 precursor 的深度：$\xi$_CR(z) ≈ P_c(z)/($\rho$₀$u_{0}$²) ≈ 1 − u(z)/$u_{0}$（Eq. 70）。	R2 核素/希腊字母/单位
37	- [FACT] X 射线窄边缘观测：电子同步辐射给出 E_e ≈ 8(E_γ/100 eV)^½ · B⁻¹/²_100 TeV。	- [FACT] X 射线窄边缘观测：电子同步辐射给出 E_e ≈ 8(E_$\gamma$/100 eV)^½ · B⁻¹/²_100 TeV。	R2 核素/希腊字母/单位
38	- [FACT] Bohm 极限下加速时间（Eq. 71）：τ_acc ≈ 3.3×$10^{7}$ E_TeV · B⁻¹_100 · V⁻²_sh,8 s。	- [FACT] Bohm 极限下加速时间（Eq. 71）：$\tau$_acc ≈ 3.3×$10^{7}$ E_TeV · B⁻¹_100 · V⁻²_sh,8 s。	R2 核素/希腊字母/单位
39	- [FACT] 同步辐射损失时间（Eq. 72）：τ_syn = 4×$10^{10}$ B⁻²_100 · E⁻¹_TeV s。	- [FACT] 同步辐射损失时间（Eq. 72）：$\tau$_syn = 4×$10^{10}$ B⁻²_100 · E⁻¹_TeV s。	R2 核素/希腊字母/单位
41	- [FACT] 最大光子能量（Eq. 74）：E_γ,max ≈ 1.7 V²_sh,8 keV —— **与 B 无关**（Bohm 假设下）。	- [FACT] 最大光子能量（Eq. 74）：E_$\gamma$,max ≈ 1.7 V²_sh,8 keV —— **与 B 无关**（Bohm 假设下）。	R2 核素/希腊字母/单位
42	- [FACT] 特征宽度（Eq. 75）：√(D·τ_syn) ≈ 3.7×$10^{-2}$ B⁻³/²_100 pc → 观测到的 ~$10^{-2}$ pc 窄边缘需要 B~几百 µG。	- [FACT] 特征宽度（Eq. 75）：√(D·$\tau$_syn) ≈ 3.7×$10^{-2}$ B⁻³/²_100 pc → 观测到的 ~$10^{-2}$ pc 窄边缘需要 B~几百 µG。	R2 核素/希腊字母/单位
44	- [FACT] 若 D(E) 取 ISM 值（3×$10^{28}$ (E/10 GeV)^δ cm²/s），τ_acc 远超自由膨胀期（Eq. 76）。	- [FACT] 若 D(E) 取 ISM 值（3×$10^{28}$ (E/10 GeV)^$\delta$ cm²/s），$\tau$_acc 远超自由膨胀期（Eq. 76）。	R2 核素/希腊字母/单位
47	ω_I(k) = (π/8)·Ω*_p·(V_sh/v_A)·[n_CR(p>pres(k))/n_i]	$\omega$_I(k) = ($\pi$/8)·$\Omega$*_p·(V_sh/v_A)·[n_CR(p>pres(k))/n_i]	R2 核素/希腊字母/单位
48	- [FACT] 共振不稳定性适用条件（Eq. 86, 88）：n_CR/n_i ≪ v_A²/(V_sh c)，即 ξ_CR ≪ 8×$10^{-4}$ · (V_sh/5×$10^{8}$ cm/s)⁻³ —— **对 ξ_CR ~ 10% 完全不成立**。	- [FACT] 共振不稳定性适用条件（Eq. 86, 88）：n_CR/n_i ≪ v_A²/(V_sh c)，即 $\xi$_CR ≪ 8×$10^{-4}$ · (V_sh/5×$10^{8}$ cm/s)⁻³ —— **对 $\xi$_CR ~ 10% 完全不成立**。	R2 核素/希腊字母/单位
49	- [FACT] **CR modified regime**（ξ_CR 大，Eq. 89）：ω_I ≈ ω_R = [ (π/8)Ω*_p k V_sh n_CR(p>pres)/n_i ]^½，相位速度 v_φ ≫ v_A。	- [FACT] **CR modified regime**（$\xi$_CR 大，Eq. 89）：$\omega$_I ≈ $\omega$_R = [ ($\pi$/8)$\Omega$*_p k V_sh n_CR(p>pres)/n_i ]^½，相位速度 v_$\phi$ ≫ v_A。	R2 核素/希腊字母/单位
50	- [FACT] 此条件下 $F_{0}$ ≤ 1（Eq. 90）：$F_{0}$(k) = (π/6)^½ (ξ_CR/Λ)^½ (c/V_sh)^½，即"efficient CR acceleration ... reduces the growth of the waves and limits the value of the self-generated magnetic field to the same order of magnitude as the pre-existing magnetic field."	- [FACT] 此条件下 $F_{0}$ ≤ 1（Eq. 90）：$F_{0}$(k) = ($\pi$/6)^½ ($\xi$_CR/$\Lambda$)^½ (c/V_sh)^½，即"efficient CR acceleration ... reduces the growth of the waves and limits the value of the self-generated magnetic field to the same order of magnitude as the pre-existing magnetic field."	R2 核素/希腊字母/单位
51	- [FACT] **Bell 非共振小尺度模**（Bell 2004, 2005）：ξ_CR 大时，右手极化模在 k r_L,0 > 1 出现非共振分支，增长率 ∝ k^½，峰值在 k* r_L,0 = 3 ξ_CR γ_min / Λ · (V_sh/v_A)² · (V_sh/c) > 1（Eq. 92），比共振模快 (k* r_L,0)^½ 倍。	- [FACT] **Bell 非共振小尺度模**（Bell 2004, 2005）：$\xi$_CR 大时，右手极化模在 k r_L,0 > 1 出现非共振分支，增长率 ∝ k^½，峰值在 k* r_L,0 = 3 $\xi$_CR $\gamma$_min / $\Lambda$ · (V_sh/v_A)² · (V_sh/c) > 1（Eq. 92），比共振模快 (k* r_L,0)^½ 倍。	R2 核素/希腊字母/单位
56	- [FACT] **大尺度非共振 firehose 模**（§4.2.4）：Γ_FH(k) ≈ ξ_CR^½ · V_sh² k / c（Eq. 93）；对于 k ≪ 1/r_L,max，Γ_FH·τ_adv(p_max) ≪ ξ_CR^½ < 1，时间不够。	- [FACT] **大尺度非共振 firehose 模**（§4.2.4）：$\Gamma$_FH(k) ≈ $\xi$_CR^½ · V_sh² k / c（Eq. 93）；对于 k ≪ 1/r_L,max，$\Gamma$_FH·$\tau$_adv(p_max) ≪ $\xi$_CR^½ < 1，时间不够。	R2 核素/希腊字母/单位
60	- [FACT] 磁动量方程增加 P_w 项（Eq. 95）：ρu² + P_g + P_c + P_w = const。	- [FACT] 磁动量方程增加 P_w 项（Eq. 95）：$\rho$u² + P_g + P_c + P_w = const。	R2 核素/希腊字母/单位
61	- [FACT] Alfvén 波通量（Eq. 98）：F_w = Σ (δB²_i)/(4π) · (u + H c_i v_A) + P_w u，H = ±1 为波螺旋度。	- [FACT] Alfvén 波通量（Eq. 98）：F_w = $\Sigma$ ($\delta$B²_i)/(4$\pi$) · (u + H c_i v_A) + P_w u，H = ±1 为波螺旋度。	R2 核素/希腊字母/单位
62	- [FACT] R_tot–R_sub 关系（Eq. 99）：R_tot^(γ_g+1) = $M_{0}$² R_sub^γ_g / [2 · (γ_g+1 − R_sub(γ_g−1))/(1+Λ_B)]，Λ_B = W [1 + R_sub(2/γ_g − 1)]，W = P_w,1/P_g,1。	- [FACT] R_tot–R_sub 关系（Eq. 99）：R_tot^($\gamma$_g+1) = $M_{0}$² R_sub^$\gamma$_g / [2 · ($\gamma$_g+1 − R_sub($\gamma$_g−1))/(1+$\Lambda$_B)]，$\Lambda$_B = W [1 + R_sub(2/$\gamma$_g − 1)]，W = P_w,1/P_g,1。	R2 核素/希腊字母/单位
69	- [FACT] 共振不稳定性增长过慢（δB~B）；Bell 非共振模增长快但尺度太小；下游放大不影响上游散射；filamentation 有希望但尚需验证。	- [FACT] 共振不稳定性增长过慢（$\delta$B~B）；Bell 非共振模增长快但尺度太小；下游放大不影响上游散射；filamentation 有希望但尚需验证。	R2 核素/希腊字母/单位
76	| 53 | ∂ρ/∂t + ∇(ρu) = 0 | 质量守恒 |	| 53 | ∂$\rho$/∂t + ∇($\rho$u) = 0 | 质量守恒 |	R2 核素/希腊字母/单位
77	| 55 | ∇(ρu²+P_g+P_c) = 0 | 含 CR 的动量守恒 |	| 55 | ∇($\rho$u²+P_g+P_c) = 0 | 含 CR 的动量守恒 |	R2 核素/希腊字母/单位
78	| 60 | ∇(½ρu³ + γ_g/(γ_g−1)·uP_g) = −u∇P_c | 含 CR 能量守恒 |	| 60 | ∇(½$\rho$u³ + $\gamma$_g/($\gamma$_g−1)·uP_g) = −u∇P_c | 含 CR 能量守恒 |	R2 核素/希腊字母/单位
83	| 70 | ξ_CR(z) ≈ 1 − u(z)/$u_{0}$ | precursor 深度 |	| 70 | $\xi$_CR(z) ≈ 1 − u(z)/$u_{0}$ | precursor 深度 |	R2 核素/希腊字母/单位
84	| 71 | τ_acc (Bohm) | 加速时间（磁化放大情形） |	| 71 | $\tau$_acc (Bohm) | 加速时间（磁化放大情形） |	R2 核素/希腊字母/单位
86	| 74 | E_γ,max ≈ 1.7 V²_sh,8 keV | 最大同步辐射光子能量 |	| 74 | E_$\gamma$,max ≈ 1.7 V²_sh,8 keV | 最大同步辐射光子能量 |	R2 核素/希腊字母/单位
88	| 81 | $F_{0}$(k) = (π/4)·ξ_CR·(V_sh/v_A)·(1/Λ) | 共振 streaming 功率谱 |	| 81 | $F_{0}$(k) = ($\pi$/4)·$\xi$_CR·(V_sh/v_A)·(1/$\Lambda$) | 共振 streaming 功率谱 |	R2 核素/希腊字母/单位
89	| 86, 88 | ξ_CR ≪ 8×$10^{-4}$(V_sh/5×$10^{8}$)⁻³ | 共振不稳定性适用条件 |	| 86, 88 | $\xi$_CR ≪ 8×$10^{-4}$(V_sh/5×$10^{8}$)⁻³ | 共振不稳定性适用条件 |	R2 核素/希腊字母/单位
90	| 87 | ω_I(k) = (π/8)Ω*_p(V_sh/v_A)(n_CR/n_i) | 低 ξ_CR 共振增长率 |	| 87 | $\omega$_I(k) = ($\pi$/8)$\Omega$*_p(V_sh/v_A)(n_CR/n_i) | 低 $\xi$_CR 共振增长率 |	R2 核素/希腊字母/单位
91	| 89 | ω_I ≈ ω_R = [(π/8)Ω*_p k V_sh n_CR/n_i]^½ | 高 ξ_CR 增长率 |	| 89 | $\omega$_I ≈ $\omega$_R = [($\pi$/8)$\Omega$*_p k V_sh n_CR/n_i]^½ | 高 $\xi$_CR 增长率 |	R2 核素/希腊字母/单位
92	| 90 | $F_{0}$(k) = (π/6)^½ (ξ_CR/Λ)^½ (c/V_sh)^½ | 高 ξ_CR 情况下的 $F_{0}$ |	| 90 | $F_{0}$(k) = ($\pi$/6)^½ ($\xi$_CR/$\Lambda$)^½ (c/V_sh)^½ | 高 $\xi$_CR 情况下的 $F_{0}$ |	R2 核素/希腊字母/单位
93	| 92 | k* r_L,0 = 3 ξ_CR γ_min/Λ · (V_sh/v_A)² · (V_sh/c) | Bell 非共振模峰值尺度 |	| 92 | k* r_L,0 = 3 $\xi$_CR $\gamma$_min/$\Lambda$ · (V_sh/v_A)² · (V_sh/c) | Bell 非共振模峰值尺度 |	R2 核素/希腊字母/单位
94	| 93 | Γ_FH(k) ≈ ξ_CR^½ · V_sh² k/c | 大尺度 firehose 增长率 |	| 93 | $\Gamma$_FH(k) ≈ $\xi$_CR^½ · V_sh² k/c | 大尺度 firehose 增长率 |	R2 核素/希腊字母/单位
95	| 95 | ∇(ρu² + P_g + P_c + P_w) = 0 | 含波动的动量守恒 |	| 95 | ∇($\rho$u² + P_g + P_c + P_w) = 0 | 含波动的动量守恒 |	R2 核素/希腊字母/单位
96	| 99 | R_tot^(γ+1) 与 R_sub 关系 | 磁反作用下的压缩比 |	| 99 | R_tot^($\gamma$+1) 与 R_sub 关系 | 磁反作用下的压缩比 |	R2 核素/希腊字母/单位
97	| 100 | Λ_B = W[1 + R_sub(2/γ − 1)] | 磁动力学反作用参量 |	| 100 | $\Lambda$_B = W[1 + R_sub(2/$\gamma$ − 1)] | 磁动力学反作用参量 |	R2 核素/希腊字母/单位
125	- [CRITIQUE] 作者对共振不稳定性在 ξ_CR ~ 10% 时失效的论证（§4.2.1）是**决定性**的：如果这一论证正确，那么传统 "δB/B ~ 1 饱和" 的教科书结论在 SNR 强加速情形下不适用。	- [CRITIQUE] 作者对共振不稳定性在 $\xi$_CR ~ 10% 时失效的论证（§4.2.1）是**决定性**的：如果这一论证正确，那么传统 "$\delta$B/B ~ 1 饱和" 的教科书结论在 SNR 强加速情形下不适用。	R2 核素/希腊字母/单位
127	- [INTERPRETATION] §4.3 的磁动力学反作用是**"软化"谱凹性的关键物理**——它解释了为何实际观测到的 γ 射线谱比纯 NLDSA 预言更软（但作者也指出，即使加上这一机制，仍需引入散射中心速度假设才能完全解释 Tycho）。	- [INTERPRETATION] §4.3 的磁动力学反作用是**"软化"谱凹性的关键物理**——它解释了为何实际观测到的 $\gamma$ 射线谱比纯 NLDSA 预言更软（但作者也指出，即使加上这一机制，仍需引入散射中心速度假设才能完全解释 Tycho）。	R2 核素/希腊字母/单位
132	- **潜在不一致性**：Eq. 74（E_γ,max 与 B 无关）只在 Bohm 假设下成立，作者明确指出"not a general result"——但后文多次使用 Bohm 假设进行能量估计。	- **潜在不一致性**：Eq. 74（E_$\gamma$,max 与 B 无关）只在 Bohm 假设下成立，作者明确指出"not a general result"——但后文多次使用 Bohm 假设进行能量估计。	R2 核素/希腊字母/单位
15	- Fermi-LAT 首次在 Cygnus 区（OB 联合体，1.4 kpc）探测到硬 γ 谱，支持超泡 CR 加速假说。	- Fermi-LAT 首次在 Cygnus 区（OB 联合体，1.4 kpc）探测到硬 $\gamma$ 谱，支持超泡 CR 加速假说。	R2 核素/希腊字母/单位
23	- [FACT] 超泡的**重元素富集**可解释 CR 中难熔元素和 ²²Ne 的超丰（Higdon & Lingenfelter 2005, 2006, 2013）。	- [FACT] 超泡的**重元素富集**可解释 CR 中难熔元素和 $^{22}{\rm Ne}$ 的超丰（Higdon & Lingenfelter 2005, 2006, 2013）。	R2 核素/希腊字母/单位
42	| Cygnus γ 谱 | 明显硬于平均银河系 γ 谱 |	| Cygnus $\gamma$ 谱 | 明显硬于平均银河系 $\gamma$ 谱 |	R2 核素/希腊字母/单位
60	- **信息缺失**：超泡中 CR 的**化学组成**（是否富含难熔元素？²²Ne 比例？）未在本文展开。	- **信息缺失**：超泡中 CR 的**化学组成**（是否富含难熔元素？$^{22}{\rm Ne}$ 比例？）未在本文展开。	R2 核素/希腊字母/单位
11	- 综合多波段观测证据（射电、X 射线、γ 射线）对 SNR CR 加速的检验。	- 综合多波段观测证据（射电、X 射线、$\gamma$ 射线）对 SNR CR 加速的检验。	R2 核素/希腊字母/单位
12	- 关键议题：(1) CR 逃逸机制与逃逸谱形状；(2) SNR 加速谱的凹性与 γ 射线谱、各向异性的冲突；(3) 孤立 SNR（RX J1713.7–3946, Tycho）的多波段分析；(4) 邻近分子云的 SNR（π⁰ 鼓包）。	- 关键议题：(1) CR 逃逸机制与逃逸谱形状；(2) SNR 加速谱的凹性与 $\gamma$ 射线谱、各向异性的冲突；(3) 孤立 SNR（RX J1713.7–3946, Tycho）的多波段分析；(4) 邻近分子云的 SNR（$\pi$⁰ 鼓包）。	R2 核素/希腊字母/单位
19	- [FACT] 射电同步辐射：ν ≃ 3.7 MHz · B_µ · E(GeV)²。	- [FACT] 射电同步辐射：$\nu$ ≃ 3.7 MHz · B_µ · E(GeV)²。	R2 核素/希腊字母/单位
33	- [FACT] Sedov 阶段时间积分（Eq. 103, 104）：**在 ξ_esc 与时间无关的假设下，逃逸谱 ∝ p⁻⁴**——与 DSA 的瞬时谱斜率无关，只依赖"逃逸发生在自相似阶段"这一前提。	- [FACT] Sedov 阶段时间积分（Eq. 103, 104）：**在 $\xi$_esc 与时间无关的假设下，逃逸谱 ∝ p⁻⁴**——与 DSA 的瞬时谱斜率无关，只依赖"逃逸发生在自相似阶段"这一前提。	R2 核素/希腊字母/单位
34	- [FACT] 若 ξ_esc 随时间下降，逃逸谱硬于 p⁻⁴。	- [FACT] 若 $\xi$_esc 随时间下降，逃逸谱硬于 p⁻⁴。	R2 核素/希腊字母/单位
39	- [FACT] 问题 (1)：硬于多数 SNR 的 γ 射线观测（Caprioli 2011）。	- [FACT] 问题 (1)：硬于多数 SNR 的 $\gamma$ 射线观测（Caprioli 2011）。	R2 核素/希腊字母/单位
52	- [FACT] 首个明确探测到 TeV γ 射线的 SNR（Aharonian et al. 2004, 2006, 2007），后被 Fermi-LAT 在 GeV 段探测到（Abdo et al. 2011）。	- [FACT] 首个明确探测到 TeV $\gamma$ 射线的 SNR（Aharonian et al. 2004, 2006, 2007），后被 Fermi-LAT 在 GeV 段探测到（Abdo et al. 2011）。	R2 核素/希腊字母/单位
53	- [FACT] 若为强子源：需要 ~160 µG 解释 X 射线边缘和 γ 谱；若电子与质子同温，将预测强热 X 射线——未探测到。	- [FACT] 若为强子源：需要 ~160 µG 解释 X 射线边缘和 $\gamma$ 谱；若电子与质子同温，将预测强热 X 射线——未探测到。	R2 核素/希腊字母/单位
54	- [FACT] Ellison et al. (2010)：即使慢速 Coulomb 散射也可使电子升温至 >1 keV，激发氧线；未探测到 → 气体密度上限过严 → π 产生不足 → Ellison 等结论为**轻子起源**。	- [FACT] Ellison et al. (2010)：即使慢速 Coulomb 散射也可使电子升温至 >1 keV，激发氧线；未探测到 → 气体密度上限过严 → $\pi$ 产生不足 → Ellison 等结论为**轻子起源**。	R2 核素/希腊字母/单位
55	- [FACT] Fermi-LAT 硬 γ 谱同样**与 π 衰变不兼容**。	- [FACT] Fermi-LAT 硬 $\gamma$ 谱同样**与 $\pi$ 衰变不兼容**。	R2 核素/希腊字母/单位
62	- [FACT] Fermi-LAT（Giordano et al. 2012，GeV）和 VERITAS（Acciari et al. 2011，TeV）γ 谱只与**强子起源**兼容（Morlino & Caprioli 2012）。	- [FACT] Fermi-LAT（Giordano et al. 2012，GeV）和 VERITAS（Acciari et al. 2011，TeV）$\gamma$ 谱只与**强子起源**兼容（Morlino & Caprioli 2012）。	R2 核素/希腊字母/单位
64	- [FACT] Berezhko et al. (2013)：γ 谱的陡化归因于**环境效应**（两个组分：均匀介质 + 密集团块，后者 p_max 更低）。	- [FACT] Berezhko et al. (2013)：$\gamma$ 谱的陡化归因于**环境效应**（两个组分：均匀介质 + 密集团块，后者 p_max 更低）。	R2 核素/希腊字母/单位
71	- [FACT] AGILE（Giuliani et al. 2011, 2010）与 Fermi-LAT（Ackermann et al. 2013）**首次明确探测到 π 鼓包**（pion bump），证实 pp→π⁰→2γ。	- [FACT] AGILE（Giuliani et al. 2011, 2010）与 Fermi-LAT（Ackermann et al. 2013）**首次明确探测到 $\pi$ 鼓包**（pion bump），证实 pp→$\pi$⁰→2$\gamma$。	R2 核素/希腊字母/单位
73	- [FACT] 分子云内密度 n=$10^{3}$ cm⁻³、几何截面 σ~$10^{-14}$ cm² → λ~$10^{11}$ cm —— **SNR 激波撞击分子云时可能从碰撞less 变为碰撞型**。	- [FACT] 分子云内密度 n=$10^{3}$ cm⁻³、几何截面 $\sigma$~$10^{-14}$ cm² → $\lambda$~$10^{11}$ cm —— **SNR 激波撞击分子云时可能从碰撞less 变为碰撞型**。	R2 核素/希腊字母/单位
75	- [FACT] 逃逸 CR 到达分子云的**低能截止**条件：[D(E)·τ_SNR]^½ ≃ R_MC。	- [FACT] 逃逸 CR 到达分子云的**低能截止**条件：[D(E)·$\tau$_SNR]^½ ≃ R_MC。	R2 核素/希腊字母/单位
76	- [FACT] π 产生截面 ~ 1/E_π → 低能 γ 谱 ~ E_γ⁻¹ 是低能截止的特征。	- [FACT] $\pi$ 产生截面 ~ 1/E_$\pi$ → 低能 $\gamma$ 谱 ~ E_$\gamma$⁻¹ 是低能截止的特征。	R2 核素/希腊字母/单位
80	- [FACT] 若 MC 位于 SNR 的磁通管上，可被 CR 照亮；否则几乎无 γ 发射（Nava & Gabici 2013；Giacinti et al. 2013）。	- [FACT] 若 MC 位于 SNR 的磁通管上，可被 CR 照亮；否则几乎无 $\gamma$ 发射（Nava & Gabici 2013；Giacinti et al. 2013）。	R2 核素/希腊字母/单位
89	| 103 | dε = 4πp²dp·pc·N_esc(p) = ξ_esc · ½ρV³_sh · 4πR²_sh dt | 逃逸能量守恒 |	| 103 | d$\epsilon$ = 4$\pi$p²dp·pc·N_esc(p) = $\xi$_esc · ½$\rho$V³_sh · 4$\pi$R²_sh dt | 逃逸能量守恒 |	R2 核素/希腊字母/单位
90	| 104 | N_esc(p) ∝ p⁻⁴ ξ_esc(t) | Sedov 阶段积分后逃逸谱 |	| 104 | N_esc(p) ∝ p⁻⁴ $\xi$_esc(t) | Sedov 阶段积分后逃逸谱 |	R2 核素/希腊字母/单位
91	| 105 | α = (r̃+2)/(r̃−1)，r̃ = ($u_{1}$ ± v_W,1)/($u_{2}$ ± v_W,2) | 含移动散射中心的谱指数 |	| 105 | $\alpha$ = (r̃+2)/(r̃−1)，r̃ = ($u_{1}$ ± v_W,1)/($u_{2}$ ± v_W,2) | 含移动散射中心的谱指数 |	R2 核素/希腊字母/单位
97	| ν_sync (GeV e⁻) | 3.7 MHz · B_µ · E²(GeV) |	| $\nu$_sync (GeV e⁻) | 3.7 MHz · B_µ · E²(GeV) |	R2 核素/希腊字母/单位
108	| 分子云碰撞长度 λ | $10^{11}$ cm |	| 分子云碰撞长度 $\lambda$ | $10^{11}$ cm |	R2 核素/希腊字母/单位
113	参见 `09_figures_tables.md`（Figure 10 逃逸谱、Figure 11 Tycho 多波段、Figure 12 IC 443/W44 π 鼓包）。	参见 `09_figures_tables.md`（Figure 10 逃逸谱、Figure 11 Tycho 多波段、Figure 12 IC 443/W44 $\pi$ 鼓包）。	R2 核素/希腊字母/单位
118	- [INTERPRETATION] 每个小节都在**测试 SNR 范式的一条腿**：§6.1 测试"谱的形状"，§6.2 测试"谱的硬软"，§6.3 测试"加速源-辐射源的耦合"，§6.4 测试"π 产生通道的确凿性"。	- [INTERPRETATION] 每个小节都在**测试 SNR 范式的一条腿**：§6.1 测试"谱的形状"，§6.2 测试"谱的硬软"，§6.3 测试"加速源-辐射源的耦合"，§6.4 测试"$\pi$ 产生通道的确凿性"。	R2 核素/希腊字母/单位
123	- [CRITIQUE] §6.1 的 N_esc(p) ∝ p⁻⁴ 结果值得**强调**：它**与注入谱斜率无关**，只要求"自相似阶段逃逸"。这为理解"地球处观测谱为何是 E⁻²·⁷（比 p⁻⁴ 软 0.7 个指数）"提供自然路径——只要 ξ_esc 随时间下降即可。	- [CRITIQUE] §6.1 的 N_esc(p) ∝ p⁻⁴ 结果值得**强调**：它**与注入谱斜率无关**，只要求"自相似阶段逃逸"。这为理解"地球处观测谱为何是 E⁻²·⁷（比 p⁻⁴ 软 0.7 个指数）"提供自然路径——只要 $\xi$_esc 随时间下降即可。	R2 核素/希腊字母/单位
125	- [INTERPRETATION] §6.3 中 Tycho vs RX J1713 的对比是本文的**"双案例教学"**：Tycho 支持强子（有 π 鼓包证据）+ 高 B + 有限 p_max；RX J1713 则暴露"谱 vs 环境"的复杂性。	- [INTERPRETATION] §6.3 中 Tycho vs RX J1713 的对比是本文的**"双案例教学"**：Tycho 支持强子（有 $\pi$ 鼓包证据）+ 高 B + 有限 p_max；RX J1713 则暴露"谱 vs 环境"的复杂性。	R2 核素/希腊字母/单位
1	# 7. Hα line as a cosmic ray calorimeter in SNRs	# 7. H$\alpha$ line as a cosmic ray calorimeter in SNRs	R2 核素/希腊字母/单位
20	- [FACT] "Hα optical emission from Balmer dominated SNR shocks is a powerful indicator of the conditions around the shock (Chevalier and Raymond, 1978; Chevalier et al, 1980)."	- [FACT] "H$\alpha$ optical emission from Balmer dominated SNR shocks is a powerful indicator of the conditions around the shock (Chevalier and Raymond, 1978; Chevalier et al, 1980)."	R2 核素/希腊字母/单位
37	- [FACT] **中间 Balmer 线**：在激波前 ~几倍碰撞长度内的离子被中性回流预热，与之电荷交换产生的 Hα 线宽 ~100–300 km/s。	- [FACT] **中间 Balmer 线**：在激波前 ~几倍碰撞长度内的离子被中性回流预热，与之电荷交换产生的 H$\alpha$ 线宽 ~100–300 km/s。	R2 核素/希腊字母/单位
46	- 有加速（ξ_inj=3.5）：宽线变窄，窄线变宽。	- 有加速（$\xi$_inj=3.5）：宽线变窄，窄线变宽。	R2 核素/希腊字母/单位
47	- 湍流加热 η_TH 越大，中间线越明显（几百 km/s 宽）。	- 湍流加热 $\eta$_TH 越大，中间线越明显（几百 km/s 宽）。	R2 核素/希腊字母/单位
55	- [FACT] Helder 使用 van Adelsberg et al. (2008) 计算推断加速效率——但 Morlino et al. (2013a) 指出其对快激波的**中性氢分布函数假设**可能严重高估 ξ_CR。	- [FACT] Helder 使用 van Adelsberg et al. (2008) 计算推断加速效率——但 Morlino et al. (2013a) 指出其对快激波的**中性氢分布函数假设**可能严重高估 $\xi$_CR。	R2 核素/希腊字母/单位
57	- [FACT] **修正后**（Morlino et al. 2013b，Fig. 15）：若 V_sh=4000 km/s、h_N=10%、β_down≪1（快激波时电子-离子未平衡），测得 FWHM 支持 **ξ_CR ~ 10–20%**。	- [FACT] **修正后**（Morlino et al. 2013b，Fig. 15）：若 V_sh=4000 km/s、h_N=10%、$\beta$_down≪1（快激波时电子-离子未平衡），测得 FWHM 支持 **$\xi$_CR ~ 10–20%**。	R2 核素/希腊字母/单位
58	- [FACT] 参数 β_down = T_e/T_p 是关键不确定性：β_down=1（完全平衡）时即使 V_sh=4000 km/s，测得 FWHM 仍与无加速兼容；β_down ≪ 1 时才支持高效加速。	- [FACT] 参数 $\beta$_down = T_e/T_p 是关键不确定性：$\beta$_down=1（完全平衡）时即使 V_sh=4000 km/s，测得 FWHM 仍与无加速兼容；$\beta$_down ≪ 1 时才支持高效加速。	R2 核素/希腊字母/单位
62	- [FACT] Helder et al. (2009) 报告宽 Balmer 线 FWHM = 1100 ± 63 km/s，V_sh = 6000 ± 2800 km/s，推断 **ξ_CR ~ 80%**——异常高。	- [FACT] Helder et al. (2009) 报告宽 Balmer 线 FWHM = 1100 ± 63 km/s，V_sh = 6000 ± 2800 km/s，推断 **$\xi$_CR ~ 80%**——异常高。	R2 核素/希腊字母/单位
64	- [FACT] RCW86 形态复杂、距离不确定 → ξ_CR 估算难度高。	- [FACT] RCW86 形态复杂、距离不确定 → $\xi$_CR 估算难度高。	R2 核素/希腊字母/单位
82	- Balmer 窄线宽：Δv_narrow ~ √(2kT_upstream/m_H) ~ 21 km/s (T_up = $10^{4}$ K)	- Balmer 窄线宽：$\Delta$v_narrow ~ √(2kT_upstream/m_H) ~ 21 km/s (T_up = $10^{4}$ K)	R2 核素/希腊字母/单位
83	- Balmer 宽线宽：Δv_broad ~ √(2kT_downstream/m_H)	- Balmer 宽线宽：$\Delta$v_broad ~ √(2kT_downstream/m_H)	R2 核素/希腊字母/单位
84	- 中性回流激波预热距离：~几倍 λ_cx + λ_ion	- 中性回流激波预热距离：~几倍 $\lambda$_cx + $\lambda$_ion	R2 核素/希腊字母/单位
99	| SNR 0509 支持 ξ_CR | ~10–20%（β_down ≪ 1 时）|	| SNR 0509 支持 $\xi$_CR | ~10–20%（$\beta$_down ≪ 1 时）|	R2 核素/希腊字母/单位
102	| RCW86（初测）ξ_CR | ~80%（后被撤回）|	| RCW86（初测）$\xi$_CR | ~80%（后被撤回）|	R2 核素/希腊字母/单位
107	参见 `09_figures_tables.md`（Figure 13 部分电离介质谱斜率、Figure 14 Balmer 线形状、Figure 15 SNR 0509 FWHM-ξ_CR 关系）。	参见 `09_figures_tables.md`（Figure 13 部分电离介质谱斜率、Figure 14 Balmer 线形状、Figure 15 SNR 0509 FWHM-$\xi$_CR 关系）。	R2 核素/希腊字母/单位
117	- [CRITIQUE] 但作者也承认**β_down 的不确定性**是最大障碍：若电子-离子平衡（β_down=1），SNR 0509 的 FWHM 与无加速兼容；只有 β_down ≪ 1 时才支持 10–20% 加速效率。这一不确定性**无法通过 Balmer 观测单独解决**，需要 X 射线热辐射的独立测量。	- [CRITIQUE] 但作者也承认**$\beta$_down 的不确定性**是最大障碍：若电子-离子平衡（$\beta$_down=1），SNR 0509 的 FWHM 与无加速兼容；只有 $\beta$_down ≪ 1 时才支持 10–20% 加速效率。这一不确定性**无法通过 Balmer 观测单独解决**，需要 X 射线热辐射的独立测量。	R2 核素/希腊字母/单位
123	- **潜在不一致性**：SNR 0509 的 SW 边缘速度在不同文献中不一致（Helder 用 5000 km/s；Morlino 用 4000 km/s），直接影响 ξ_CR 推断。	- **潜在不一致性**：SNR 0509 的 SW 边缘速度在不同文献中不一致（Helder 用 5000 km/s；Morlino 用 4000 km/s），直接影响 $\xi$_CR 推断。	R2 核素/希腊字母/单位
11	- 作者对 SNR 范式的**"三支柱"**总结：γ 射线（50–500 TeV 加速）、X 射线边缘（磁化放大）、Balmer 线（加速效率）。	- 作者对 SNR 范式的**"三支柱"**总结：$\gamma$ 射线（50–500 TeV 加速）、X 射线边缘（磁化放大）、Balmer 线（加速效率）。	R2 核素/希腊字母/单位
14	- 谱-各向异性-γ 射线观测的**三重矛盾**：理论谱过硬 → D(E)∝E^0.7 → 各向异性过大 + 与 SNR γ 谱不匹配。	- 谱-各向异性-$\gamma$ 射线观测的**三重矛盾**：理论谱过硬 → D(E)∝E^0.7 → 各向异性过大 + 与 SNR $\gamma$ 谱不匹配。	R2 核素/希腊字母/单位
22	1. γ 射线："prove that SNRs accelerate particles up to at least 50–500 TeV"（Aharonian 2013；Brandt et al. 2013a,b；Holder 2012）；Tycho 的 γ 射线最可能是 π⁰ 衰变。	1. $\gamma$ 射线："prove that SNRs accelerate particles up to at least 50–500 TeV"（Aharonian 2013；Brandt et al. 2013a,b；Holder 2012）；Tycho 的 $\gamma$ 射线最可能是 $\pi$⁰ 衰变。	R2 核素/希腊字母/单位
30	- NLDSA 和 test-particle 谱都**与 SNR γ 射线观测不符**（Caprioli 2011）。	- NLDSA 和 test-particle 谱都**与 SNR $\gamma$ 射线观测不符**（Caprioli 2011）。	R2 核素/希腊字母/单位
34	- [FACT] **CTA 展望**（Acharya et al. 2013）：增加灵敏度 → 发现更多正在加速的 SNR；高角分辨 → 测量同一 SNR 不同区域的 γ 谱，揭示加速对环境的依赖。	- [FACT] **CTA 展望**（Acharya et al. 2013）：增加灵敏度 → 发现更多正在加速的 SNR；高角分辨 → 测量同一 SNR 不同区域的 $\gamma$ 谱，揭示加速对环境的依赖。	R2 核素/希腊字母/单位
48	| γ 射线直接证明的加速上限 | 50–500 TeV |	| $\gamma$ 射线直接证明的加速上限 | 50–500 TeV |	R2 核素/希腊字母/单位
68	- §6 γ 射线 & 逃逸 → §8 "需要 CTA + 环境依赖"	- §6 $\gamma$ 射线 & 逃逸 → §8 "需要 CTA + 环境依赖"	R2 核素/希腊字母/单位
76	- [INTERPRETATION] §8 中"过渡区额外分量"的表述为**银河系 PeVatron + 河外 CR**两源叠加模型提供了理论入口——这正是 2017 年 LHAASO 首次探测到银河系 PeV γ 射线（来自 LMC / Crab / Monogem 等）后**回潮**的理论需求。	- [INTERPRETATION] §8 中"过渡区额外分量"的表述为**银河系 PeVatron + 河外 CR**两源叠加模型提供了理论入口——这正是 2017 年 LHAASO 首次探测到银河系 PeV $\gamma$ 射线（来自 LMC / Crab / Monogem 等）后**回潮**的理论需求。	R2 核素/希腊字母/单位
59	- Y：Φ(B)/Φ(C)	- Y：$\Phi$(B)/$\Phi$(C)	R2 核素/希腊字母/单位
66	- 高刚度段斜率不确定（δ = 0.3–0.6）	- 高刚度段斜率不确定（$\delta$ = 0.3–0.6）	R2 核素/希腊字母/单位
73	B/C 数据支持 X(R) ∝ R⁻δ，δ = 0.3–0.6。	B/C 数据支持 X(R) ∝ R⁻$\delta$，$\delta$ = 0.3–0.6。	R2 核素/希腊字母/单位
76	§2 中 τ_esc、D(E) 的观测基础。	§2 中 $\tau$_esc、D(E) 的观测基础。	R2 核素/希腊字母/单位
93	- Y：E³·Φ	- Y：E³·$\Phi$	R2 核素/希腊字母/单位
106	用作 §2 的 ξ_CR 反演归一化点。	用作 §2 的 $\xi$_CR 反演归一化点。	R2 核素/希腊字母/单位
112	ξ_CR ~ 10% 结论的观测基石。	$\xi$_CR ~ 10% 结论的观测基石。	R2 核素/希腊字母/单位
125	- 颜色：H.E.S.S. 高能 γ 射线发射	- 颜色：H.E.S.S. 高能 $\gamma$ 射线发射	R2 核素/希腊字母/单位
163	$B_{0}$ 沿 ẑ；粒子以螺距角 θ 运动，v∥=vµ 恒定，v⊥ 做圆运动。	$B_{0}$ 沿 ẑ；粒子以螺距角 $\theta$ 运动，v∥=vµ 恒定，v⊥ 做圆运动。	R2 核素/希腊字母/单位
166	- 回旋频率 Ω = $qB_{0}$/(mcγ)	- 回旋频率 $\Omega$ = $qB_{0}$/(mc$\gamma$)	R2 核素/希腊字母/单位
243	- $u_{0}$ = 5×$10^{8}$ cm/s，p_max = $10^{5}$ m_p c，ξ = 3.5（Blasi et al. 2005）	- $u_{0}$ = 5×$10^{8}$ cm/s，p_max = $10^{5}$ m_p c，$\xi$ = 3.5（Blasi et al. 2005）	R2 核素/希腊字母/单位
268	## Figure 9 — Real and imaginary parts of ω(k) for resonant (top) and non-resonant (bottom) modes	## Figure 9 — Real and imaginary parts of $\omega$(k) for resonant (top) and non-resonant (bottom) modes	R2 核素/希腊字母/单位
275	- Y：ω 与 ω_I（单位 V²_sh/(c·r_L,0)）	- Y：$\omega$ 与 $\omega$_I（单位 V²_sh/(c·r_L,0)）	R2 核素/希腊字母/单位
280	- 实线：Re(ω)，虚线：Im(ω)	- 实线：Re($\omega$)，虚线：Im($\omega$)	R2 核素/希腊字母/单位
281	- 参数：V_sh=$10^{9}$ cm/s, $B_{0}$=1 µG, n=1 cm⁻³, ξ_CR=10%, p_max=$10^{5}$ m_p c	- 参数：V_sh=$10^{9}$ cm/s, $B_{0}$=1 µG, n=1 cm⁻³, $\xi$_CR=10%, p_max=$10^{5}$ m_p c	R2 核素/希腊字母/单位
284	- 共振模：k r_L,0 ≤ 1 增长，饱和 δB~B	- 共振模：k r_L,0 ≤ 1 增长，饱和 $\delta$B~B	R2 核素/希腊字母/单位
285	- 非共振模：k r_L,0 > 1 出现**快速纯增长**（Re(ω) 很小）	- 非共振模：k r_L,0 > 1 出现**快速纯增长**（Re($\omega$) 很小）	R2 核素/希腊字母/单位
318	- 参数：$n_{0}$=0.1 cm⁻³, $T_{0}$=$10^{5}$ K, ξ_inj=3.9，逃逸边界 0.15 R_sh（Caprioli et al. 2010）	- 参数：$n_{0}$=0.1 cm⁻³, $T_{0}$=$10^{5}$ K, $\xi$_inj=3.9，逃逸边界 0.15 R_sh（Caprioli et al. 2010）	R2 核素/希腊字母/单位
345	- 元素：同步辐射、热电子轫致辐射、π⁰ 衰变、总辐射	- 元素：同步辐射、热电子轫致辐射、$\pi$⁰ 衰变、总辐射	R2 核素/希腊字母/单位
355	- 单一 B~300 µG 同时解释：射电、X 射线边缘、γ 射线谱	- 单一 B~300 µG 同时解释：射电、X 射线边缘、$\gamma$ 射线谱	R2 核素/希腊字母/单位
380	Fermi-LAT 观测到的 π 鼓包，**确凿的强子起源证据**。	Fermi-LAT 观测到的 $\pi$ 鼓包，**确凿的强子起源证据**。	R2 核素/希腊字母/单位
384	- 曲线：强子模型拟合（含 π 鼓包 ~70 MeV 处）	- 曲线：强子模型拟合（含 $\pi$ 鼓包 ~70 MeV 处）	R2 核素/希腊字母/单位
387	- π 鼓包在 ~70 MeV 处清晰可见	- $\pi$ 鼓包在 ~70 MeV 处清晰可见	R2 核素/希腊字母/单位
388	- 高能 γ 谱陡 → 加速过程已不太活跃（老 SNR）	- 高能 $\gamma$ 谱陡 → 加速过程已不太活跃（老 SNR）	R2 核素/希腊字母/单位
391	π 鼓包是 pp→π⁰→2γ 的**直接证据**，证实 SNR 加速的是**质子**。	$\pi$ 鼓包是 pp→$\pi$⁰→2$\gamma$ 的**直接证据**，证实 SNR 加速的是**质子**。	R2 核素/希腊字母/单位
408	- Y：谱指数 α	- Y：谱指数 $\alpha$	R2 核素/希腊字母/单位
415	- V_sh > 3000 km/s：恢复标准 α ~ 2	- V_sh > 3000 km/s：恢复标准 $\alpha$ ~ 2	R2 核素/希腊字母/单位
438	- 其他：ξ_inj = 3.5，不同湍流加热 η_TH	- 其他：$\xi$_inj = 3.5，不同湍流加热 $\eta$_TH	R2 核素/希腊字母/单位
445	- η_TH 增加 → **中间线**（~几百 km/s）出现	- $\eta$_TH 增加 → **中间线**（~几百 km/s）出现	R2 核素/希腊字母/单位
454	**唯一可直接测量下游离子温度**（进而约束 ξ_CR）的观测手段。	**唯一可直接测量下游离子温度**（进而约束 $\xi$_CR）的观测手段。	R2 核素/希腊字母/单位
461	## Figure 15 — FWHM of broad Balmer line vs ξ_CR (SNR 0509–67.5)	## Figure 15 — FWHM of broad Balmer line vs $\xi$_CR (SNR 0509–67.5)	R2 核素/希腊字母/单位
464	将 SNR 0509 SW 边缘的宽 Balmer 线 FWHM 观测值与 NLDSA 计算对比，**推断 ξ_CR**。	将 SNR 0509 SW 边缘的宽 Balmer 线 FWHM 观测值与 NLDSA 计算对比，**推断 $\xi$_CR**。	R2 核素/希腊字母/单位
467	- X：ξ_CR	- X：$\xi$_CR	R2 核素/希腊字母/单位
474	- 不同 β_down = 0.01, 0.1, 0.5, 1（自下而上）	- 不同 $\beta$_down = 0.01, 0.1, 0.5, 1（自下而上）	R2 核素/希腊字母/单位
475	- 阴影区：Helder et al. (2010) 观测值 ± 1σ	- 阴影区：Helder et al. (2010) 观测值 ± 1$\sigma$	R2 核素/希腊字母/单位
478	- β_down = 1 时：观测 FWHM 与 ξ_CR=0 兼容（无加速也可解释）	- $\beta$_down = 1 时：观测 FWHM 与 $\xi$_CR=0 兼容（无加速也可解释）	R2 核素/希腊字母/单位
479	- β_down ≪ 1（快激波时实际情形）：**ξ_CR ~ 10–20%** 与观测兼容	- $\beta$_down ≪ 1（快激波时实际情形）：**$\xi$_CR ~ 10–20%** 与观测兼容	R2 核素/希腊字母/单位
491	**首次通过 Balmer 线直接测量的 ξ_CR**——这是 SNR 范式的**实证高潮**。	**首次通过 Balmer 线直接测量的 $\xi$_CR**——这是 SNR 范式的**实证高潮**。	R2 核素/希腊字母/单位
494	- β_down 是关键不确定性，无 Balmer 观测无法单独解决	- $\beta$_down 是关键不确定性，无 Balmer 观测无法单独解决	R2 核素/希腊字母/单位
495	- V_sh 选择（4000 vs 5000 km/s）影响 ξ_CR 推断 2–3 倍	- V_sh 选择（4000 vs 5000 km/s）影响 $\xi$_CR 推断 2–3 倍	R2 核素/希腊字母/单位
82	| Aharonian et al. | 2004, 2006, 2007 | RX J1713.7–3946 TeV γ 射线首次探测（H.E.S.S.）|	| Aharonian et al. | 2004, 2006, 2007 | RX J1713.7–3946 TeV $\gamma$ 射线首次探测（H.E.S.S.）|	R2 核素/希腊字母/单位
84	| Giordano et al. | 2012 | Fermi-LAT Tycho GeV γ |	| Giordano et al. | 2012 | Fermi-LAT Tycho GeV $\gamma$ |	R2 核素/希腊字母/单位
85	| Acciari et al. | 2011 | VERITAS Tycho TeV γ |	| Acciari et al. | 2011 | VERITAS Tycho TeV $\gamma$ |	R2 核素/希腊字母/单位
86	| Ackermann et al. | 2013 | Fermi-LAT IC 443/W44 π 鼓包 |	| Ackermann et al. | 2013 | Fermi-LAT IC 443/W44 $\pi$ 鼓包 |	R2 核素/希腊字母/单位
88	| Abdo et al. | 2011 | Fermi-LAT RX J1713 GeV γ |	| Abdo et al. | 2011 | Fermi-LAT RX J1713 GeV $\gamma$ |	R2 核素/希腊字母/单位
90	| Holder | 2012 | SNR γ 射线综述 |	| Holder | 2012 | SNR $\gamma$ 射线综述 |	R2 核素/希腊字母/单位
120	| Gabici et al. | 2007, 2009 | SNR-MC γ 射线模型 |	| Gabici et al. | 2007, 2009 | SNR-MC $\gamma$ 射线模型 |	R2 核素/希腊字母/单位
13	| 因此 | 因此 | therefore / consequently | adv. | "- [FACT] 作者用 "escape time normalized to B/C at E* makes J(E) independent of H" 强调了一个**重要的不敏感性**：简单扩散模型里 CR 通量和 grammage 都按 H/D(E) 标度，因此 halo 大小可以被消去。 - [INTERPRETATION] ξ_CR ≈ 10% 的"10% 定律"是 SNR 范式的**能量锚点**，但并非直接观测——它是推导" | 因果 |	| 因此 | 因此 | therefore / consequently | adv. | "- [FACT] 作者用 "escape time normalized to B/C at E* makes J(E) independent of H" 强调了一个**重要的不敏感性**：简单扩散模型里 CR 通量和 grammage 都按 H/D(E) 标度，因此 halo 大小可以被消去。 - [INTERPRETATION] $\xi$_CR ≈ 10% 的"10% 定律"是 SNR 范式的**能量锚点**，但并非直接观测——它是推导" | 因果 |	R2 核素/希腊字母/单位
14	| 虽然 | 虽然 | although / though | conj. | "- **潜在不一致性**：Eq. 74（E_γ,max 与 B 无关）只在 Bohm 假设下成立，作者明确指出"not a general result"——但后文多次使用 Bohm 假设进行能量估计。 - **信息缺失**：磁化放大的**时间演化**（随 SNR 演化）未讨论；不同 SNR 演化阶段（自由膨胀期 vs Sedov 期 vs 压强驱动期）对应的磁化状态可能不同。 - [CRITIQUE] §4.4 结尾的批判总结写得相当" | 让步 |	| 虽然 | 虽然 | although / though | conj. | "- **潜在不一致性**：Eq. 74（E_$\gamma$,max 与 B 无关）只在 Bohm 假设下成立，作者明确指出"not a general result"——但后文多次使用 Bohm 假设进行能量估计。 - **信息缺失**：磁化放大的**时间演化**（随 SNR 演化）未讨论；不同 SNR 演化阶段（自由膨胀期 vs Sedov 期 vs 压强驱动期）对应的磁化状态可能不同。 - [CRITIQUE] §4.4 结尾的批判总结写得相当" | 让步 |	R2 核素/希腊字母/单位
16	| 而 | 而 | whereas / while / and | conj. | "- [FACT] NLDSA 计算的逃逸谱（Caprioli et al. 2010，Fig. 10）在最高能段呈**"bump-like"** 结构，由硬逃逸通量主导。 - [FACT] 问题 (1)：硬于多数 SNR 的 γ 射线观测（Caprioli 2011）。 - [FACT] 问题 (2)：若在地球处匹配观测谱，需 D(E) ∝ E^0.7，而此能量依赖导致 **CR 各向异性远超观测**（Ptuskin 2006；Blas" | 对比/转折 |	| 而 | 而 | whereas / while / and | conj. | "- [FACT] NLDSA 计算的逃逸谱（Caprioli et al. 2010，Fig. 10）在最高能段呈**"bump-like"** 结构，由硬逃逸通量主导。 - [FACT] 问题 (1)：硬于多数 SNR 的 $\gamma$ 射线观测（Caprioli 2011）。 - [FACT] 问题 (2)：若在地球处匹配观测谱，需 D(E) ∝ E^0.7，而此能量依赖导致 **CR 各向异性远超观测**（Ptuskin 2006；Blas" | 对比/转折 |	R2 核素/希腊字母/单位
18	| 进而 | 进而 | furthermore / subsequently | adv. | "- **test-particle DSA**（Skilling 1975a 传输方程）：给出 α=3r/(r−1)→4 的幂律谱，但**与 D 无关、不能给出 p_max**。 - **非线性 DSA**（Malkov & Drury 2001 框架）：自洽求解加速粒子对激波的反馈（precursor + subshock），给出**凹谱**预言。 - **等离子体不稳定性理论**：系统比较共振 streaming、Bell 非共振、" | 递进 |	| 进而 | 进而 | furthermore / subsequently | adv. | "- **test-particle DSA**（Skilling 1975a 传输方程）：给出 $\alpha$=3r/(r−1)→4 的幂律谱，但**与 D 无关、不能给出 p_max**。 - **非线性 DSA**（Malkov & Drury 2001 框架）：自洽求解加速粒子对激波的反馈（precursor + subshock），给出**凹谱**预言。 - **等离子体不稳定性理论**：系统比较共振 streaming、Bell 非共振、" | 递进 |	R2 核素/希腊字母/单位
20	| 最终 | 最终 | eventually | adv. | "- 从**抽象的逃逸机制**（§6.1）→ 到**逃逸谱的积分形状**（§6.2）→ 到**具体 SNR 的多波段检验**（§6.3，两个案例）→ 到**源-MC 复合系统的传播**（§6.4）。 - [INTERPRETATION] 每个小节都在**测试 SNR 范式的一条腿**：§6.1 测试"谱的形状"，§6.2 测试"谱的硬软"，§6.3 测试"加速源-辐射源的耦合"，§6.4 测试"π 产生通道的确凿性"。 - [INTERP" | 顺序 |	| 最终 | 最终 | eventually | adv. | "- 从**抽象的逃逸机制**（§6.1）→ 到**逃逸谱的积分形状**（§6.2）→ 到**具体 SNR 的多波段检验**（§6.3，两个案例）→ 到**源-MC 复合系统的传播**（§6.4）。 - [INTERPRETATION] 每个小节都在**测试 SNR 范式的一条腿**：§6.1 测试"谱的形状"，§6.2 测试"谱的硬软"，§6.3 测试"加速源-辐射源的耦合"，§6.4 测试"$\pi$ 产生通道的确凿性"。 - [INTERP" | 顺序 |	R2 核素/希腊字母/单位
23	| 据 | 据 | according to / based on | prep. | "- 从 Hess（1912）的宇宙线发现与 Rossi（1964）书的 50 周年回顾，引出"一个世纪后仍未完全解决"的主题。 - 给出银河系宇宙线的基本图像：质子为主（~90%）、氦核（~10%），能量密度约 1 eV/cm³。 - **全粒子能谱**：低能端 (~30 GeV 以下) 被太阳调制；膝点 knee 在 E_K = 3 × $10^{15}$ eV 处从 γ ≈ 2.7 变到 ≈ 3.1；膝点之上成分趋向重核主导，最高至 ~$10^{1}$" | 因果 |	| 据 | 据 | according to / based on | prep. | "- 从 Hess（1912）的宇宙线发现与 Rossi（1964）书的 50 周年回顾，引出"一个世纪后仍未完全解决"的主题。 - 给出银河系宇宙线的基本图像：质子为主（~90%）、氦核（~10%），能量密度约 1 eV/cm³。 - **全粒子能谱**：低能端 (~30 GeV 以下) 被太阳调制；膝点 knee 在 E_K = 3 × $10^{15}$ eV 处从 $\gamma$ ≈ 2.7 变到 ≈ 3.1；膝点之上成分趋向重核主导，最高至 ~$10^{1}$" | 因果 |	R2 核素/希腊字母/单位
35	| γ 射线 | γ 射线 | 35 | §00 |	| $\gamma$ 射线 | $\gamma$ 射线 | 35 | §00 |	R2 核素/希腊字母/单位
63	| pion | π 介子 | 3 | §00 |	| pion | $\pi$ 介子 | 3 | §00 |	R2 核素/希腊字母/单位
65	| gamma-ray | γ 射线 | 3 | §00 |	| gamma-ray | $\gamma$ 射线 | 3 | §00 |	R2 核素/希腊字母/单位
68	| gamma ray | γ 射线 | 2 | §01 |	| gamma ray | $\gamma$ 射线 | 2 | §01 |	R2 核素/希腊字母/单位
83	| 伽马射线 | γ 射线 | 1 | §05 |	| 伽马射线 | $\gamma$ 射线 | 1 | §05 |	R2 核素/希腊字母/单位
95	1. γ 射线："prove that SNRs accelerate particles up to at least 50–500 TeV"（Aharonian 2013；Brandt et al. 2013a,b；Holder 2012）；Tycho 的 γ 射线最可能是 π⁰ 衰变。	1. $\gamma$ 射线："prove that SNRs accelerate particles up to at least 50–500 TeV"（Aharonian 2013；Brandt et al. 2013a,b；Holder 2012）；Tycho 的 $\gamma$ 射线最可能是 $\pi$⁰ 衰变。	R2 核素/希腊字母/单位
103	> - [FACT] X 射线窄边缘观测：电子同步辐射给出 E_e ≈ 8(E_γ/100 eV)^½ · B⁻¹/²_100 TeV。	> - [FACT] X 射线窄边缘观测：电子同步辐射给出 E_e ≈ 8(E_$\gamma$/100 eV)^½ · B⁻¹/²_100 TeV。	R2 核素/希腊字母/单位
104	- [FACT] Bohm 极限下加速时间（Eq. 71）：τ_acc ≈ 3.3×$10^{7}$ E_TeV · B⁻¹_100 · V⁻²_sh,8 s。	- [FACT] Bohm 极限下加速时间（Eq. 71）：$\tau$_acc ≈ 3.3×$10^{7}$ E_TeV · B⁻¹_100 · V⁻²_sh,8 s。	R2 核素/希腊字母/单位
105	- [FACT] 同步辐射损失时间（Eq. 72）：τ_syn = 4×$10^{10}$ B⁻²_100 · E⁻¹_TeV s。	- [FACT] 同步辐射损失时间（Eq. 72）：$\tau$_syn = 4×$10^{10}$ B⁻²_100 · E⁻¹_TeV s。	R2 核素/希腊字母/单位
107	- [FACT] 最大光子能量（Eq. 74）：E_γ,max ≈ 1.7 V²_sh,8 keV —— **与 B 无关**（Bohm 假设下）。	- [FACT] 最大光子能量（Eq. 74）：E_$\gamma$,max ≈ 1.7 V²_sh,8 keV —— **与 B 无关**（Bohm 假设下）。	R2 核素/希腊字母/单位
108	- [FACT] 特征宽度（Eq. 75）：√(D·τ_syn) ≈ 3.7×$10^{-2}$ B⁻³/²_100 pc → 观测到的 ~$10^{-2}$ pc 窄边缘需要 B~几百 µG。	- [FACT] 特征宽度（Eq. 75）：√(D·$\tau$_syn) ≈ 3.7×$10^{-2}$ B⁻³/²_100 pc → 观测到的 ~$10^{-2}$ pc 窄边缘需要 B~几百 µG。	R2 核素/希腊字母/单位
124	> - [FACT] AGILE（Giuliani et al. 2011, 2010）与 Fermi-LAT（Ackermann et al. 2013）**首次明确探测到 π 鼓包**（pion bump），证实 pp→π⁰→2γ。	> - [FACT] AGILE（Giuliani et al. 2011, 2010）与 Fermi-LAT（Ackermann et al. 2013）**首次明确探测到 $\pi$ 鼓包**（pion bump），证实 pp→$\pi$⁰→2$\gamma$。	R2 核素/希腊字母/单位
126	- [FACT] 分子云内密度 n=$10^{3}$ cm⁻³、几何截面 σ~$10^{-14}$ cm² → λ~$10^{11}$ cm —— **SNR 激波撞击分子云时可能从碰撞less 变为碰撞型**。	- [FACT] 分子云内密度 n=$10^{3}$ cm⁻³、几何截面 $\sigma$~$10^{-14}$ cm² → $\lambda$~$10^{11}$ cm —— **SNR 激波撞击分子云时可能从碰撞less 变为碰撞型**。	R2 核素/希腊字母/单位
128	- [FACT] 逃逸 CR 到达分子云的**低能截止**条件：[D(E)·τ_SNR]^½ ≃ R_MC。	- [FACT] 逃逸 CR 到达分子云的**低能截止**条件：[D(E)·$\tau$_SNR]^½ ≃ R_MC。	R2 核素/希腊字母/单位
129	- [FACT] π 产生截面 ~ 1/E_π → 低能 γ 谱 ~ E_γ⁻¹ 是低能截止的特征。	- [FACT] $\pi$ 产生截面 ~ 1/E_$\pi$ → 低能 $\gamma$ 谱 ~ E_$\gamma$⁻¹ 是低能截止的特征。	R2 核素/希腊字母/单位
143	- [FACT] **中间 Balmer 线**：在激波前 ~几倍碰撞长度内的离子被中性回流预热，与之电荷交换产生的 Hα 线宽 ~100–300 km/s。	- [FACT] **中间 Balmer 线**：在激波前 ~几倍碰撞长度内的离子被中性回流预热，与之电荷交换产生的 H$\alpha$ 线宽 ~100–300 km/s。	R2 核素/希腊字母/单位
11	> [FACT] 本文是 Pasquale Blasi 撰写的 88 页综述，系统论述**超新星遗迹（SNR）作为银河系宇宙线主源**的"SNR 范式"：test-particle DSA 的清洁预测（p⁻⁴ 谱、α→4）与观测在能量学上一致（ξ_CR ~ 10%），但非线性 DSA（NLDSA）引入的谱凹性、磁化放大、粒子逃逸等机制与 γ 射线谱、CR 各向异性、膝点能量存在**系统性矛盾**，截至 2013 年尚无任何单个 SNR 被证明可加速至膝点。	> [FACT] 本文是 Pasquale Blasi 撰写的 88 页综述，系统论述**超新星遗迹（SNR）作为银河系宇宙线主源**的"SNR 范式"：test-particle DSA 的清洁预测（p⁻⁴ 谱、$\alpha$→4）与观测在能量学上一致（$\xi$_CR ~ 10%），但非线性 DSA（NLDSA）引入的谱凹性、磁化放大、粒子逃逸等机制与 $\gamma$ 射线谱、CR 各向异性、膝点能量存在**系统性矛盾**，截至 2013 年尚无任何单个 SNR 被证明可加速至膝点。	R2 核素/希腊字母/单位
27	- **test-particle DSA**（Skilling 1975a 传输方程）：给出 α=3r/(r−1)→4 的幂律谱，但**与 D 无关、不能给出 p_max**。	- **test-particle DSA**（Skilling 1975a 传输方程）：给出 $\alpha$=3r/(r−1)→4 的幂律谱，但**与 D 无关、不能给出 p_max**。	R2 核素/希腊字母/单位
30	- **多波段拟合**：用射电、X 射线、γ 射线联合约束 B 场、p_max、K_ep、ξ_CR。	- **多波段拟合**：用射电、X 射线、$\gamma$ 射线联合约束 B 场、p_max、K_ep、$\xi$_CR。	R2 核素/希腊字母/单位
31	- **Balmer 线诊断**：部分电离介质中 Balmer 线宽是下游离子温度（进而 ξ_CR）的**唯一直接探针**。	- **Balmer 线诊断**：部分电离介质中 Balmer 线宽是下游离子温度（进而 $\xi$_CR）的**唯一直接探针**。	R2 核素/希腊字母/单位
40	| ξ_CR ≈ 10%（能量学论证） | [FACT] | §2 |	| $\xi$_CR ≈ 10%（能量学论证） | [FACT] | §2 |	R2 核素/希腊字母/单位
41	| α = 3r/(r−1) → 4（test-particle） | [FACT] | §3.3 |	| $\alpha$ = 3r/(r−1) → 4（test-particle） | [FACT] | §3.3 |	R2 核素/希腊字母/单位
43	| SNR 达 PeV 需 δB/$B_{0}$ ≫ 1 | [FACT] | §3.4 |	| SNR 达 PeV 需 $\delta$B/$B_{0}$ ≫ 1 | [FACT] | §3.4 |	R2 核素/希腊字母/单位
49	| Tycho γ 射线强子起源（B~300µG, p_max~500 TeV）| [FACT] | §6.3 |	| Tycho $\gamma$ 射线强子起源（B~300µG, p_max~500 TeV）| [FACT] | §6.3 |	R2 核素/希腊字母/单位
50	| IC 443, W44 π 鼓包（pp→π⁰ 直接证据） | [FACT] | §6.4 |	| IC 443, W44 $\pi$ 鼓包（pp→$\pi$⁰ 直接证据） | [FACT] | §6.4 |	R2 核素/希腊字母/单位
51	| SNR 0509–67.5 ξ_CR ~ 10–20%（Balmer） | [FACT] | §7.2 |	| SNR 0509–67.5 $\xi$_CR ~ 10–20%（Balmer） | [FACT] | §7.2 |	R2 核素/希腊字母/单位
53	| 硬谱与 SNR γ 谱不兼容 | [FACT] | §6.2 |	| 硬谱与 SNR $\gamma$ 谱不兼容 | [FACT] | §6.2 |	R2 核素/希腊字母/单位
60	- [FACT] 系统梳理**四种磁化放大机制**并逐一评估其适用性，明确排除共振 streaming 在 ξ_CR ~ 10% 时的有效性。	- [FACT] 系统梳理**四种磁化放大机制**并逐一评估其适用性，明确排除共振 streaming 在 $\xi$_CR ~ 10% 时的有效性。	R2 核素/希腊字母/单位
61	- [FACT] 明确给出 SNR 范式的**"三支柱证据"**（γ 射线 50–500 TeV、X 射线磁边缘、Balmer 异常），同时诚实指出**三重矛盾**（谱硬、各向异性大、膝点未达）。	- [FACT] 明确给出 SNR 范式的**"三支柱证据"**（$\gamma$ 射线 50–500 TeV、X 射线磁边缘、Balmer 异常），同时诚实指出**三重矛盾**（谱硬、各向异性大、膝点未达）。	R2 核素/希腊字母/单位
68	- [CRITIQUE] 本文是**2013 年时的快照**：PAMELA 230 GV 硬化当时仍为新结果；AMS-02 数据仅初步；CTA 尚未运行；LHAASO、HAWC 等更近期 SNR γ 射线观测（含 PeV γ 探测）未涉及。	- [CRITIQUE] 本文是**2013 年时的快照**：PAMELA 230 GV 硬化当时仍为新结果；AMS-02 数据仅初步；CTA 尚未运行；LHAASO、HAWC 等更近期 SNR $\gamma$ 射线观测（含 PeV $\gamma$ 探测）未涉及。	R2 核素/希腊字母/单位
69	- [CRITIQUE] 作者**未量化**"SNR 能量学能否满足膝点通量"——仅给出 ξ_CR ~ 10% 的单 SNR 估计。	- [CRITIQUE] 作者**未量化**"SNR 能量学能否满足膝点通量"——仅给出 $\xi$_CR ~ 10% 的单 SNR 估计。	R2 核素/希腊字母/单位
71	- [CRITIQUE] Balmer 线诊断的关键不确定性 β_down（电子-离子平衡度）无 Balmer 观测之外的直接约束。	- [CRITIQUE] Balmer 线诊断的关键不确定性 $\beta$_down（电子-离子平衡度）无 Balmer 观测之外的直接约束。	R2 核素/希腊字母/单位
79	1. **SNR 范式的"三支柱"**：γ 射线 50–500 TeV、X 射线窄边缘（~$10^{-2}$ pc）、Balmer 异常。	1. **SNR 范式的"三支柱"**：$\gamma$ 射线 50–500 TeV、X 射线窄边缘（~$10^{-2}$ pc）、Balmer 异常。	R2 核素/希腊字母/单位
81	3. **test-particle DSA 给出 α=4（p⁻⁴），与 D 无关**，但无 p_max。	3. **test-particle DSA 给出 $\alpha$=4（p⁻⁴），与 D 无关**，但无 p_max。	R2 核素/希腊字母/单位
82	4. **SNR 达 PeV 需 δB/$B_{0}$ ≫ 1**（§3.4 核心论证）。	4. **SNR 达 PeV 需 $\delta$B/$B_{0}$ ≫ 1**（§3.4 核心论证）。	R2 核素/希腊字母/单位
85	7. **ξ_CR ~ 10% 使共振 streaming 不稳定性失效**（§4.2.1 关键论证）。	7. **$\xi$_CR ~ 10% 使共振 streaming 不稳定性失效**（§4.2.1 关键论证）。	R2 核素/希腊字母/单位
91	13. **RX J1713.7–3946** 是"环境复杂性主导"的典型案例，γ 谱成因仍争议。	13. **RX J1713.7–3946** 是"环境复杂性主导"的典型案例，$\gamma$ 谱成因仍争议。	R2 核素/希腊字母/单位
92	14. **IC 443、W44 π 鼓包**是 pp→π⁰ 的**直接强子证据**。	14. **IC 443、W44 $\pi$ 鼓包**是 pp→$\pi$⁰ 的**直接强子证据**。	R2 核素/希腊字母/单位
93	15. **SNR 0509–67.5 Balmer 线**支持 ξ_CR ~ 10–20%（需 β_down ≪ 1）——**首次直接测量 ξ_CR**。	15. **SNR 0509–67.5 Balmer 线**支持 $\xi$_CR ~ 10–20%（需 $\beta$_down ≪ 1）——**首次直接测量 $\xi$_CR**。	R2 核素/希腊字母/单位
100	- **与 H.E.S.S./Fermi-LAT 观测的关系**：本文是 2013 年 γ 射线天文学对 SNR 加速证据的**理论整合**，为 Brandt et al. 2013a,b、Holder 2012 等观测综述提供理论对照。	- **与 H.E.S.S./Fermi-LAT 观测的关系**：本文是 2013 年 $\gamma$ 射线天文学对 SNR 加速证据的**理论整合**，为 Brandt et al. 2013a,b、Holder 2012 等观测综述提供理论对照。	R2 核素/希腊字母/单位
101	- **与 2017 年后 PeV γ 射线发现的关系**：LHAASO 首次发现 1.4 PeV γ（2020）直接回答了本文提出的"SNR 是否可达 PeV"问题——**是**（但具体源仍在确认）。	- **与 2017 年后 PeV $\gamma$ 射线发现的关系**：LHAASO 首次发现 1.4 PeV $\gamma$（2020）直接回答了本文提出的"SNR 是否可达 PeV"问题——**是**（但具体源仍在确认）。	R2 核素/希腊字母/单位
112	- **多波段自洽拟合**（Morlino & Caprioli Tycho）：单一 B 场同时解释射电/X/γ。	- **多波段自洽拟合**（Morlino & Caprioli Tycho）：单一 B 场同时解释射电/X/$\gamma$。	R2 核素/希腊字母/单位
116	- Eq. 2：地球处 CR 质子谱（用于 ξ_CR 反演）。	- Eq. 2：地球处 CR 质子谱（用于 $\xi$_CR 反演）。	R2 核素/希腊字母/单位
117	- Eq. 3：ξ_CR 与 (γ, δ, R_SN) 的依赖关系。	- Eq. 3：$\xi$_CR 与 ($\gamma$, $\delta$, R_SN) 的依赖关系。	R2 核素/希腊字母/单位
118	- Eq. 41：α = 3r/(r−1)（test-particle 谱指数）。	- Eq. 41：$\alpha$ = 3r/(r−1)（test-particle 谱指数）。	R2 核素/希腊字母/单位
119	- Eq. 47：τ_acc（加速时间，含上下游扩散）。	- Eq. 47：$\tau$_acc（加速时间，含上下游扩散）。	R2 核素/希腊字母/单位
126	- **Balmer 线高精度观测**（同时测窄+宽+中间组分）是**唯一直接约束 ξ_CR** 的方案。	- **Balmer 线高精度观测**（同时测窄+宽+中间组分）是**唯一直接约束 $\xi$_CR** 的方案。	R2 核素/希腊字母/单位
127	- **空间分辨 γ 射线**（CTA）用于解析同一 SNR 不同区域的加速差异。	- **空间分辨 $\gamma$ 射线**（CTA）用于解析同一 SNR 不同区域的加速差异。	R2 核素/希腊字母/单位
128	- **π 鼓包测量**是**确凿的强子证据**。	- **$\pi$ 鼓包测量**是**确凿的强子证据**。	R2 核素/希腊字母/单位
134	- **多波段 SED 分解**（同步辐射 + 轫致 + π⁰ + ICS）：Tycho 案例的范式。	- **多波段 SED 分解**（同步辐射 + 轫致 + $\pi$⁰ + ICS）：Tycho 案例的范式。	R2 核素/希腊字母/单位
138	- **β_down 不确定性**：SNR 0509 案例表明 Balmer 诊断的 ξ_CR 有 2–10 倍不确定性，需同时测热 X 射线。	- **$\beta$_down 不确定性**：SNR 0509 案例表明 Balmer 诊断的 $\xi$_CR 有 2–10 倍不确定性，需同时测热 X 射线。	R2 核素/希腊字母/单位
140	- **D(E) 斜率 δ = 0.3–0.6**：B/C 数据本身有 2 倍不确定性，下游推论需谨慎。	- **D(E) 斜率 $\delta$ = 0.3–0.6**：B/C 数据本身有 2 倍不确定性，下游推论需谨慎。	R2 核素/希腊字母/单位
144	（此处可由读者自定义：若研究宇宙线传播、γ 射线天文学、PIC 模拟、CR 源识别、暗物质间接探测等，本文均提供关键理论背景。）	（此处可由读者自定义：若研究宇宙线传播、$\gamma$ 射线天文学、PIC 模拟、CR 源识别、暗物质间接探测等，本文均提供关键理论背景。）	R2 核素/希腊字母/单位
158	- **Aharonian (2020)** — 银河系 PeV γ 射线新综述	- **Aharonian (2020)** — 银河系 PeV $\gamma$ 射线新综述	R2 核素/希腊字母/单位
159	- **LHAASO Collaboration (2020+)** — 首个 PeV γ 射线发现	- **LHAASO Collaboration (2020+)** — 首个 PeV $\gamma$ 射线发现	R2 核素/希腊字母/单位
197	目录 `0004_aharonian-2013` 的命名**与实际论文作者不符**——本文作者是 **Pasquale Blasi**，非 Aharonian。Aharonian 的相关文献在 §6.3（RX J1713.7–3946 TeV γ 射线首次探测）与 §8（Aharonian 2013 H.E.S.S. 观测综述）中被**作为关键观测引用**出现，但并非本文作者。建议在后续文献管理中修正目录命名。	目录 `0004_aharonian-2013` 的命名**与实际论文作者不符**——本文作者是 **Pasquale Blasi**，非 Aharonian。Aharonian 的相关文献在 §6.3（RX J1713.7–3946 TeV $\gamma$ 射线首次探测）与 §8（Aharonian 2013 H.E.S.S. 观测综述）中被**作为关键观测引用**出现，但并非本文作者。建议在后续文献管理中修正目录命名。	R2 核素/希腊字母/单位
42	| **主题** | 银河系宇宙线起源（侧重 NLDSA + 观测验证 + MFA 修订） | 银河系宇宙线起源（侧重 SNR 范式完整理论 + 磁场放大 + Hα 观测） |	| **主题** | 银河系宇宙线起源（侧重 NLDSA + 观测验证 + MFA 修订） | 银河系宇宙线起源（侧重 SNR 范式完整理论 + 磁场放大 + H$\alpha$ 观测） |	R2 核素/希腊字母/单位
99	7. Hα line as a cosmic-ray calorimeter in SNRs	7. H$\alpha$ line as a cosmic-ray calorimeter in SNRs	R2 核素/希腊字母/单位
120	8. Hα line as a cosmic-ray calorimeter	8. H$\alpha$ line as a cosmic-ray calorimeter	R2 核素/希腊字母/单位
130	- **Blasi (2013)**：理论更系统、公式更完整（包含完整的色散关系推导、色散关系 (85) 式、非线性动理学方程组），观测部分覆盖 SNR + 分子云 + Hα；更偏"教科书式"综述。	- **Blasi (2013)**：理论更系统、公式更完整（包含完整的色散关系推导、色散关系 (85) 式、非线性动理学方程组），观测部分覆盖 SNR + 分子云 + H$\alpha$；更偏"教科书式"综述。	R2 核素/希腊字母/单位
131	- **Amato (2014)**：更突出**最新**（2013-2014）进展——PAMELA 质子谱硬化、AMS-02 正电子分数、Fermi-LAT 分子云 π⁰ 鼓包、W44/IC443 强证据；对 NLDSA + MFA 的理论修订讨论更深（特别是"强流区"色散关系的完整推导和"标准"增长率的错误使用问题）。	- **Amato (2014)**：更突出**最新**（2013-2014）进展——PAMELA 质子谱硬化、AMS-02 正电子分数、Fermi-LAT 分子云 $\pi$⁰ 鼓包、W44/IC443 强证据；对 NLDSA + MFA 的理论修订讨论更深（特别是"强流区"色散关系的完整推导和"标准"增长率的错误使用问题）。	R2 核素/希腊字母/单位
145	| ξ_CR | CR 加速效率（能量份额） |	| $\xi$_CR | CR 加速效率（能量份额） |	R2 核素/希腊字母/单位
146	| α / γ_p | 谱斜率（动量谱） |	| $\alpha$ / $\gamma$_p | 谱斜率（动量谱） |	R2 核素/希腊字母/单位
152	| Hα | Balmer-α 谱线 |	| H$\alpha$ | Balmer-$\alpha$ 谱线 |	R2 核素/希腊字母/单位
153	| π⁰ | neutral pion（强子 γ 射线示踪） |	| $\pi$⁰ | neutral pion（强子 $\gamma$ 射线示踪） |	R2 核素/希腊字母/单位
33	- 若 **ξ_CR ≈ 10%** 的爆发动能转化为加速粒子，即可满足 CR 能量需求	- 若 **$\xi$_CR ≈ 10%** 的爆发动能转化为加速粒子，即可满足 CR 能量需求	R2 核素/希腊字母/单位
54	1. SNR 与分子云相互作用时，Fermi-LAT / AGILE 探测到 **π⁰ 衰变鼓包**（pi bump）→ 直接强子示踪（IC443、W44、W51C）；	1. SNR 与分子云相互作用时，Fermi-LAT / AGILE 探测到 **$\pi$⁰ 衰变鼓包**（pi bump）→ 直接强子示踪（IC443、W44、W51C）；	R2 核素/希腊字母/单位
55	2. 几乎所有年轻 SNR 的**亮窄 X 射线边缘**→ 磁场放大 ~100–1000 μG；	2. 几乎所有年轻 SNR 的**亮窄 X 射线边缘**→ 磁场放大 ~100–1000 $\mu$G；	R2 核素/希腊字母/单位
56	3. Tycho SNR 的 γ 射线可能主要源于强子。	3. Tycho SNR 的 $\gamma$ 射线可能主要源于强子。	R2 核素/希腊字母/单位
71	- 质子低能斜率：γ₁ = 2.89 ± 0.015	- 质子低能斜率：$\gamma$₁ = 2.89 ± 0.015	R2 核素/希腊字母/单位
72	- 质子高能斜率：γ₂ = 2.67 ± 0.03	- 质子高能斜率：$\gamma$₂ = 2.67 ± 0.03	R2 核素/希腊字母/单位
14	2. **B/C 比 + 银河系几何 + CR 通量 → 单个 SN 需提供的加速效率 ξ_CR**；	2. **B/C 比 + 银河系几何 + CR 通量 → 单个 SN 需提供的加速效率 $\xi$_CR**；	R2 核素/希腊字母/单位
40	**[FACT]** B/C 高能行为与 power law $X(R) \propto R^{-\delta}$ 一致，**δ = 0.3 – 0.6**。	**[FACT]** B/C 高能行为与 power law $X(R) \propto R^{-\delta}$ 一致，**$\delta$ = 0.3 – 0.6**。	R2 核素/希腊字母/单位
55	## 2.4 加速效率 ξ_CR 的直接约束（Blasi 式 (3)）	## 2.4 加速效率 $\xi$_CR 的直接约束（Blasi 式 (3)）	R2 核素/希腊字母/单位
62	- **ξ_CR ~ 2–3%**（仅计质子）	- **$\xi$_CR ~ 2–3%**（仅计质子）	R2 核素/希腊字母/单位
70	**[FACT]** 若 ξ_CR ~ 10%，粒子对激波有动力学反作用，会改变：	**[FACT]** 若 $\xi$_CR ~ 10%，粒子对激波有动力学反作用，会改变：	R2 核素/希腊字母/单位
71	- 压缩比 R（因此谱斜率 α 不再是简单的 p⁻⁴）	- 压缩比 R（因此谱斜率 $\alpha$ 不再是简单的 p⁻⁴）	R2 核素/希腊字母/单位
76	**[CRITIQUE]** 从 B/C 反推 δ 时，**δ = 0.3–0.6 的不确定性**（约 2 倍）反映了 B/C 高能测量的误差（Blasi Fig.2）。这直接影响对**注入谱斜率 γ_inj** 的推断（Amato §5 进一步讨论）。	**[CRITIQUE]** 从 B/C 反推 $\delta$ 时，**$\delta$ = 0.3–0.6 的不确定性**（约 2 倍）反映了 B/C 高能测量的误差（Blasi Fig.2）。这直接影响对**注入谱斜率 $\gamma$_inj** 的推断（Amato §5 进一步讨论）。	R2 核素/希腊字母/单位
23	其中 γ_g = 5/3（绝热指数）	其中 $\gamma$_g = 5/3（绝热指数）	R2 核素/希腊字母/单位
76	**[FACT]** 引入 Alfvén 波扰动（δB 沿 x̂ 偏振），共振散射率（Blasi 式 (28)）：	**[FACT]** 引入 Alfvén 波扰动（$\delta$B 沿 x̂ 偏振），共振散射率（Blasi 式 (28)）：	R2 核素/希腊字母/单位
84	**[FACT]** 量级估计：H²/D(p) ~ $10^{7}$ yr 对应 D ~ $10^{29}$ cm²/s → δB/B ~ 6×$10^{-4}$（共振波长处），即**微量的 Alfvén 波功率即可满足银河系尺度上的 CR 约束**。	**[FACT]** 量级估计：H²/D(p) ~ $10^{7}$ yr 对应 D ~ $10^{29}$ cm²/s → $\delta$B/B ~ 6×$10^{-4}$（共振波长处），即**微量的 Alfvén 波功率即可满足银河系尺度上的 CR 约束**。	R2 核素/希腊字母/单位
108	- r 为压缩比，强激波时 r → 4 → α → 4	- r 为压缩比，强激波时 r → 4 → $\alpha$ → 4	R2 核素/希腊字母/单位
110	- 亚相对论：n(ε) ∝ ε⁻³/²	- 亚相对论：n($\epsilon$) ∝ $\epsilon$⁻³/²	R2 核素/希腊字母/单位
123	其中 β = ($u_{1}$−$u_{2}$)/c → **一阶 Fermi 加速**（∝ β¹，对比二阶 Fermi 的 ∝ β²）	其中 $\beta$ = ($u_{1}$−$u_{2}$)/c → **一阶 Fermi 加速**（∝ $\beta$¹，对比二阶 Fermi 的 ∝ $\beta$²）	R2 核素/希腊字母/单位
133	| (1) 时标 | τ_acc(E_max) = τ_SNR | 主要，粒子在 SNR 年龄内被加速 |	| (1) 时标 | $\tau$_acc(E_max) = $\tau$_SNR | 主要，粒子在 SNR 年龄内被加速 |	R2 核素/希腊字母/单位
134	| (2) 逃逸 | D(p_max)/V_sh ≈ χ R_sh，χ < 1 | Sedov-Taylor 相 |	| (2) 逃逸 | D(p_max)/V_sh ≈ $\chi$ R_sh，$\chi$ < 1 | Sedov-Taylor 相 |	R2 核素/希腊字母/单位
143	**[FACT]** **PeVatron 条件**（Blasi）：为使 SNR 能到 $10^{15}$ eV，必须 $F(k_{min}) \gg 1$，即 δB/$B_{0}$ ≫ 1 → **必须磁场放大 ~10–100 倍**。若用 ISM 的 B/C 反推扩散系数，则 E_max 远不及 GeV。	**[FACT]** **PeVatron 条件**（Blasi）：为使 SNR 能到 $10^{15}$ eV，必须 $F(k_{min}) \gg 1$，即 $\delta$B/$B_{0}$ ≫ 1 → **必须磁场放大 ~10–100 倍**。若用 ISM 的 B/C 反推扩散系数，则 E_max 远不及 GeV。	R2 核素/希腊字母/单位
145	**[FACT]** Amato 明确给出：若 ISM 湍流（Kolmogorov）不放大 → $E_{Max} \sim$ few GeV；若场放大到 δB ≈ $B_{0}$ → $E_{Max} \sim 10^4$–$10^5$ GeV，仍差 30–100 倍；因此**放大是必需的**。	**[FACT]** Amato 明确给出：若 ISM 湍流（Kolmogorov）不放大 → $E_{Max} \sim$ few GeV；若场放大到 $\delta$B ≈ $B_{0}$ → $E_{Max} \sim 10^4$–$10^5$ GeV，仍差 30–100 倍；因此**放大是必需的**。	R2 核素/希腊字母/单位
151	2. δB/$B_{0}$ ≫ 1 时准线性理论失效；	2. $\delta$B/$B_{0}$ ≫ 1 时准线性理论失效；	R2 核素/希腊字母/单位
152	3. 各向异性/垂直扩散在 δB/$B_{0}$ → 1 时成为主导（NLGC 理论，Matthaeus 2003）。	3. 各向异性/垂直扩散在 $\delta$B/$B_{0}$ → 1 时成为主导（NLGC 理论，Matthaeus 2003）。	R2 核素/希腊字母/单位
13	1. **加速粒子的动力学反作用**：ξ_CR ~ 10% → 加速粒子压力显著影响激波结构，通过改变压缩比 → 谱不再是单幂律，且依赖刚度。	1. **加速粒子的动力学反作用**：$\xi$_CR ~ 10% → 加速粒子压力显著影响激波结构，通过改变压缩比 → 谱不再是单幂律，且依赖刚度。	R2 核素/希腊字母/单位
15	3. **放大磁场的动力学反作用**：100–1000 μG 场的磁压虽只是 ρv²_s 的 $10^{-2}$–$10^{-3}$，但可**超过**上游热压 → 影响压缩比 → 进一步耦合回分布函数。	3. **放大磁场的动力学反作用**：100–1000 $\mu$G 场的磁压虽只是 $\rho$v²_s 的 $10^{-2}$–$10^{-3}$，但可**超过**上游热压 → 影响压缩比 → 进一步耦合回分布函数。	R2 核素/希腊字母/单位
44	其中 $E_c = P_c/(\gamma_c - 1)$ 是 CR 能量密度，γ_c 是 CR 的绝热指数。	其中 $E_c = P_c/(\gamma_c - 1)$ 是 CR 能量密度，$\gamma$_c 是 CR 的绝热指数。	R2 核素/希腊字母/单位
71	**[FACT]** Blasi Fig.8（Blasi et al. 2005）：$M_{0}$ = 10, 50, 100 三个 Mach 数下的粒子分布函数（热+非热）× p⁴ 图。p_max = $10^{5}$ GeV/c，ξ = 3.5。Mach 越高，凹性越强，下游热峰越左移（温度越低）。	**[FACT]** Blasi Fig.8（Blasi et al. 2005）：$M_{0}$ = 10, 50, 100 三个 Mach 数下的粒子分布函数（热+非热）× p⁴ 图。p_max = $10^{5}$ GeV/c，$\xi$ = 3.5。Mach 越高，凹性越强，下游热峰越左移（温度越低）。	R2 核素/希腊字母/单位
85	**[FACT]** Amato 强调"thermal leakage"注入：$p_{inj} = \xi_{inj}\, p_{th,2}$，其中 $p_{th,2} = \sqrt{2m_p k_B T_2}$。典型 ξ_inj = 3.5。	**[FACT]** Amato 强调"thermal leakage"注入：$p_{inj} = \xi_{inj}\, p_{th,2}$，其中 $p_{th,2} = \sqrt{2m_p k_B T_2}$。典型 $\xi$_inj = 3.5。	R2 核素/希腊字母/单位
94	2. **下游温度低于 Rankine-Hugoniot 预期**（在 RCW86 Hα 观测中首次得到支持）；	2. **下游温度低于 Rankine-Hugoniot 预期**（在 RCW86 H$\alpha$ 观测中首次得到支持）；	R2 核素/希腊字母/单位
96	4. **放大磁场**（Chandra X 射线窄边缘 → ~100 μG）。	4. **放大磁场**（Chandra X 射线窄边缘 → ~100 $\mu$G）。	R2 核素/希腊字母/单位
98	**[CRITIQUE]** 预测 #3（凹形谱，高能端比 E⁻² 硬）与观测到的 γ 射线谱（见第 7 章）存在**系统性张力**——几乎所有已测 SNR 的推断粒子谱比 E⁻² 更陡。	**[CRITIQUE]** 预测 #3（凹形谱，高能端比 E⁻² 硬）与观测到的 $\gamma$ 射线谱（见第 7 章）存在**系统性张力**——几乎所有已测 SNR 的推断粒子谱比 E⁻² 更陡。	R2 核素/希腊字母/单位
13	**[FACT]** X 射线边缘厚度量级 **~$10^{-2}$ pc** → 要求局部 B ~ **100–1000 μG**（对比 ISM 的 1–6 μG）→ 放大因子 ~10–100。	**[FACT]** X 射线边缘厚度量级 **~$10^{-2}$ pc** → 要求局部 B ~ **100–1000 $\mu$G**（对比 ISM 的 1–6 $\mu$G）→ 放大因子 ~10–100。	R2 核素/希腊字母/单位
16	- 100 eV X 光子同步辐射要求电子能量 E_e ≈ 8 (E_γ/100 eV)^{1/2} $B_{100}$^{-1/2} TeV；	- 100 eV X 光子同步辐射要求电子能量 E_e ≈ 8 (E_$\gamma$/100 eV)^{1/2} $B_{100}$^{-1/2} TeV；	R2 核素/希腊字母/单位
23	**[FACT]** Amato §4.5 独立推导：$\sqrt{D\tau_{syn}} \approx 0.04\, B_{-4}^{-3/2}$（B₋₄ 单位为 100 μG）→ 一致。	**[FACT]** Amato §4.5 独立推导：$\sqrt{D\tau_{syn}} \approx 0.04\, B_{-4}^{-3/2}$（B₋₄ 单位为 100 $\mu$G）→ 一致。	R2 核素/希腊字母/单位
31	| **Shock corrugation / Richtmyer-Meshkov**（Giacalone & Jokipii 2007；Sano 2012） | 下游 | 密度不均匀 δρ/ρ ~ 1 | 上游散射不变；只对**垂直激波**几何加速有帮助 |	| **Shock corrugation / Richtmyer-Meshkov**（Giacalone & Jokipii 2007；Sano 2012） | 下游 | 密度不均匀 $\delta$$\rho$/$\rho$ ~ 1 | 上游散射不变；只对**垂直激波**几何加速有帮助 |	R2 核素/希腊字母/单位
32	| **加速粒子 streaming 不稳定**（Blasi 主流观点） | **上游** | CR 电流 | 上游 δB 增大 → 加速时间缩短 → PeVatron 可能 |	| **加速粒子 streaming 不稳定**（Blasi 主流观点） | **上游** | CR 电流 | 上游 $\delta$B 增大 → 加速时间缩短 → PeVatron 可能 |	R2 核素/希腊字母/单位
49	**[FACT]** 条件（Blasi 式 (86)）：$n_{CR}/n_i \ll v_A^2/V_{sh}^2$ → 对应 ξ_CR ≪ $10^{-3}$	**[FACT]** 条件（Blasi 式 (86)）：$n_{CR}/n_i \ll v_A^2/V_{sh}^2$ → 对应 $\xi$_CR ≪ $10^{-3}$	R2 核素/希腊字母/单位
57	典型参数（ξ_CR=0.1, V_sh=5000 km/s, v_A=3 km/s, Λ~10）→ **$F_{0}$ ≫ 1**，即弱流极限给出极强的放大。	典型参数（$\xi$_CR=0.1, V_sh=5000 km/s, v_A=3 km/s, $\Lambda$~10）→ **$F_{0}$ ≫ 1**，即弱流极限给出极强的放大。	R2 核素/希腊字母/单位
61	**[FACT]** 实际 SNR 中 ξ_CR ~ 10% ≫ $10^{-3}$ → 弱流条件**不成立**。此时（Blasi 式 (89)）：	**[FACT]** 实际 SNR 中 $\xi$_CR ~ 10% ≫ $10^{-3}$ → 弱流条件**不成立**。此时（Blasi 式 (89)）：	R2 核素/希腊字母/单位
67	**[FACT]** Amato §7 独立推导相同结果（式 (29)、(30)），指出**相速度 Re(ω)/k ≈ 2% V_sh**——这是散射中心速度的关键修正，见下。	**[FACT]** Amato §7 独立推导相同结果（式 (29)、(30)），指出**相速度 Re($\omega$)/k ≈ 2% V_sh**——这是散射中心速度的关键修正，见下。	R2 核素/希腊字母/单位
73	**[FACT]** Blasi Fig.9（Amato & Blasi 2009）：V_sh = $10^{9}$ cm/s, $B_{0}$ = 1 μG, n = 1 cm⁻³, ξ_CR = 10%, p_max = $10^{5}$ m_p c。上图左手极化、下图右手极化；实线 Re(ω)、虚线 Im(ω)。显示非共振模式在 k*r_L,0 ~ $10^{4}$ 处达到最大增长率。	**[FACT]** Blasi Fig.9（Amato & Blasi 2009）：V_sh = $10^{9}$ cm/s, $B_{0}$ = 1 $\mu$G, n = 1 cm⁻³, $\xi$_CR = 10%, p_max = $10^{5}$ m_p c。上图左手极化、下图右手极化；实线 Re($\omega$)、虚线 Im($\omega$)。显示非共振模式在 k*r_L,0 ~ $10^{4}$ 处达到最大增长率。	R2 核素/希腊字母/单位
79	**[FACT]** Bell (2004, 2005) 发现：当 ξ_CR 超过式 (91) 的阈值时，右旋模式在 k*r_L,0 > 1（**比所有加速粒子的回旋半径更小**）出现**非共振支**，增长率随 k^{1/2} 增加，达到最大（Blasi 式 (92)）：	**[FACT]** Bell (2004, 2005) 发现：当 $\xi$_CR 超过式 (91) 的阈值时，右旋模式在 k*r_L,0 > 1（**比所有加速粒子的回旋半径更小**）出现**非共振支**，增长率随 k^{1/2} 增加，达到最大（Blasi 式 (92)）：	R2 核素/希腊字母/单位
85	- **几乎纯增长**（Re(ω) ≪ Im(ω)）；	- **几乎纯增长**（Re($\omega$) ≪ Im($\omega$)）；	R2 核素/希腊字母/单位
90	**[CRITIQUE]** Bell 模式虽能解释 X 射线边缘的 ~100 μG 磁场，但**不能直接解决 PeVatron 散射问题**（尺度不匹配）。	**[CRITIQUE]** Bell 模式虽能解释 X 射线边缘的 ~100 $\mu$G 磁场，但**不能直接解决 PeVatron 散射问题**（尺度不匹配）。	R2 核素/希腊字母/单位
131	- 共振 Alfvén 波（强流区）：放大被限制在 δB ~ $B_{0}$；	- 共振 Alfvén 波（强流区）：放大被限制在 $\delta$B ~ $B_{0}$；	R2 核素/希腊字母/单位
28	**[FACT]** 假设 p_max(t) ∝ (t/T_s)^{-α}，能量守恒（Blasi 式 (102)）：	**[FACT]** 假设 p_max(t) ∝ (t/T_s)^{-$\alpha$}，能量守恒（Blasi 式 (102)）：	R2 核素/希腊字母/单位
34	**[INTERPRETATION]** 这个 p⁻⁴ 与 test-particle DSA 的 p⁻⁴ **无关**——它纯粹是 Sedov-Taylor 自相似演化 + 峰状逃逸的直接后果。若 ξ_esc 随时间下降，逃逸谱**比 p⁻⁴ 更硬**。	**[INTERPRETATION]** 这个 p⁻⁴ 与 test-particle DSA 的 p⁻⁴ **无关**——它纯粹是 Sedov-Taylor 自相似演化 + 峰状逃逸的直接后果。若 $\xi$_esc 随时间下降，逃逸谱**比 p⁻⁴ 更硬**。	R2 核素/希腊字母/单位
38	**[FACT]** Amato 给出更一般的推导（Amato 式 (17)-(18)）：假设 R_S ∝ t^α, V_S ∝ t^{α-1}, p_max ∐ t^β，则：	**[FACT]** Amato 给出更一般的推导（Amato 式 (17)-(18)）：假设 R_S ∝ t^$\alpha$, V_S ∝ t^{$\alpha$-1}, p_max ∐ t^$\beta$，则：	R2 核素/希腊字母/单位
41	**[FACT]** 当 α = 2/5（Sedov-Taylor）：$N_{esc}(p) \propto f_{esc}\, p^{-4}$ → 与 Blasi 结果完全一致。	**[FACT]** 当 $\alpha$ = 2/5（Sedov-Taylor）：$N_{esc}(p) \propto f_{esc}\, p^{-4}$ → 与 Blasi 结果完全一致。	R2 核素/希腊字母/单位
51	**[FACT]** Blasi Fig.10（Caprioli et al. 2010a）：$n_{0}$ = 0.1 cm⁻³, $T_{0}$ = $10^{5}$ K, ξ_inj = 3.9, 逃逸边界 χ=0.15 R_sh。	**[FACT]** Blasi Fig.10（Caprioli et al. 2010a）：$n_{0}$ = 0.1 cm⁻³, $T_{0}$ = $10^{5}$ K, $\xi$_inj = 3.9, 逃逸边界 $\chi$=0.15 R_sh。	R2 核素/希腊字母/单位
58	1. **γ 射线观测**：SNR 的推断粒子谱比 E⁻² **更陡**（Caprioli 2011）；	1. **$\gamma$ 射线观测**：SNR 的推断粒子谱比 E⁻² **更陡**（Caprioli 2011）；	R2 核素/希腊字母/单位
62	- 从 B/C 反推 δ 的不确定性 → 注入谱斜率 **2 < γ_inj < 2.4**；	- 从 B/C 反推 $\delta$ 的不确定性 → 注入谱斜率 **2 < $\gamma$_inj < 2.4**；	R2 核素/希腊字母/单位
65	- γ_inj = 2.34, δ = 1/3（Kolmogorov）→ 谱与各向异性**都**符合；	- $\gamma$_inj = 2.34, $\delta$ = 1/3（Kolmogorov）→ 谱与各向异性**都**符合；	R2 核素/希腊字母/单位
66	- γ_inj = 2.07, δ = 0.6 → 谱符合但各向异性**过大**（Amato Fig.7-8）；	- $\gamma$_inj = 2.07, $\delta$ = 0.6 → 谱符合但各向异性**过大**（Amato Fig.7-8）；	R2 核素/希腊字母/单位
67	- **结论**：SNR 注入的 CR 谱比 E⁻² 更陡（γ_inj ~ 2.3–2.4），与 NLDSA 的"凹形硬谱"预测**严重矛盾**。	- **结论**：SNR 注入的 CR 谱比 E⁻² 更陡（$\gamma$_inj ~ 2.3–2.4），与 NLDSA 的"凹形硬谱"预测**严重矛盾**。	R2 核素/希腊字母/单位
1	# 7. γ 射线观测与 SNR（Isolated SNRs & SNR-MC 复合体）	# 7. $\gamma$ 射线观测与 SNR（Isolated SNRs & SNR-MC 复合体）	R2 核素/希腊字母/单位
11	**[FACT]** 主要 γ 射线实验：	**[FACT]** 主要 $\gamma$ 射线实验：	R2 核素/希腊字母/单位
16	- **Multi-messenger 突破**：Ackermann et al. 2013（Science 339:807）首次确认 **π⁰ 鼓包**（pi bump）在 IC443 和 W44	- **Multi-messenger 突破**：Ackermann et al. 2013（Science 339:807）首次确认 **$\pi$⁰ 鼓包**（pi bump）在 IC443 和 W44	R2 核素/希腊字母/单位
22	1. **2004–2009**：HESS 发现 TeV γ 射线 + Chandra 亮窄 X 射线边缘（B ~ 160 μG） → 早期倾向**强子起源**（Morlino et al. 2009）；	1. **2004–2009**：HESS 发现 TeV $\gamma$ 射线 + Chandra 亮窄 X 射线边缘（B ~ 160 $\mu$G） → 早期倾向**强子起源**（Morlino et al. 2009）；	R2 核素/希腊字母/单位
23	2. **Ellison et al. 2010**：精细热 X 射线分析 → 若电子与质子同温则应有强热发射，未观测到 → 暗示电子温度低；但即使慢速库仑散射也会激发氧线，未观测到 → 气体密度上限很低 → π⁰ 产率不足 → **转向轻子**；	2. **Ellison et al. 2010**：精细热 X 射线分析 → 若电子与质子同温则应有强热发射，未观测到 → 暗示电子温度低；但即使慢速库仑散射也会激发氧线，未观测到 → 气体密度上限很低 → $\pi$⁰ 产率不足 → **转向轻子**；	R2 核素/希腊字母/单位
24	3. **Fermi-LAT (Abdo 2011)**：MeV-GeV 谱**过硬**，无法用 π⁰ 衰变解释 → 确认轻子起源更可能；	3. **Fermi-LAT (Abdo 2011)**：MeV-GeV 谱**过硬**，无法用 $\pi$⁰ 衰变解释 → 确认轻子起源更可能；	R2 核素/希腊字母/单位
25	4. **Fukui et al. 2012**：$H_{2}$ 分布与 TeV γ 射线空间相关 → 又暗示强子起源。	4. **Fukui et al. 2012**：$H_{2}$ 分布与 TeV $\gamma$ 射线空间相关 → 又暗示强子起源。	R2 核素/希腊字母/单位
29	- 需要弱 B ~ 10 μG，与 X 射线边缘矛盾。	- 需要弱 B ~ 10 $\mu$G，与 X 射线边缘矛盾。	R2 核素/希腊字母/单位
31	**[CRITIQUE]** RXJ1713.7-3946 是典型的"**环境复杂性**"案例：观测本身不足以唯一判定强子/轻子起源，未来需 CTA 高分辨率 γ 射线观测。	**[CRITIQUE]** RXJ1713.7-3946 是典型的"**环境复杂性**"案例：观测本身不足以唯一判定强子/轻子起源，未来需 CTA 高分辨率 $\gamma$ 射线观测。	R2 核素/希腊字母/单位
37	- 亮窄 X 射线边缘 → B ~ **300 μG**；	- 亮窄 X 射线边缘 → B ~ **300 $\mu$G**；	R2 核素/希腊字母/单位
43	**[FACT]** 但：**γ 射线谱陡峭**，需要**修正** NLDSA 谱（式 (104) 散射中心速度）才能解释。	**[FACT]** 但：**$\gamma$ 射线谱陡峭**，需要**修正** NLDSA 谱（式 (104) 散射中心速度）才能解释。	R2 核素/希腊字母/单位
47	## 7.4 SNR 与分子云（MC）— π⁰ 鼓包的"smoking gun"	## 7.4 SNR 与分子云（MC）— $\pi$⁰ 鼓包的"smoking gun"	R2 核素/希腊字母/单位
49	**[FACT]** **Ackermann et al. (2013, Science 339:807)** 首次直接探测到 IC443 和 W44 中的 π⁰ 衰变特征鼓包（~70 MeV）。	**[FACT]** **Ackermann et al. (2013, Science 339:807)** 首次直接探测到 IC443 和 W44 中的 $\pi$⁰ 衰变特征鼓包（~70 MeV）。	R2 核素/希腊字母/单位
51	**[FACT]** Blasi Fig.12：IC443（左）与 W44（右）的 γ 射线谱，π⁰ 鼓包明显。	**[FACT]** Blasi Fig.12：IC443（左）与 W44（右）的 $\gamma$ 射线谱，$\pi$⁰ 鼓包明显。	R2 核素/希腊字母/单位
57	- γ 射线亮度来自**高靶密度**，而非高 CR 通量；	- $\gamma$ 射线亮度来自**高靶密度**，而非高 CR 通量；	R2 核素/希腊字母/单位
58	- γ 射线谱陡峭 → 推断 CR 谱在所有能量 > few GeV 上都比 E⁻² 陡（γ_e ~ 2.5–3）。	- $\gamma$ 射线谱陡峭 → 推断 CR 谱在所有能量 > few GeV 上都比 E⁻² 陡（$\gamma$_e ~ 2.5–3）。	R2 核素/希腊字母/单位
61	1. 激波**直接冲击 MC**（n ~ $10^{3}$ cm⁻³，分子碰撞长度 λ ~ $10^{11}$ cm，激波可能退化为**有碰撞**激波）；	1. 激波**直接冲击 MC**（n ~ $10^{3}$ cm⁻³，分子碰撞长度 $\lambda$ ~ $10^{11}$ cm，激波可能退化为**有碰撞**激波）；	R2 核素/希腊字母/单位
64	**[FACT]** 情形 2 中的**低能截断**现象：CR 谱在 [D(E)·τ_SNR]^{1/2} ~ R_MC 处有低能截断 → 高能粒子先到达 MC。	**[FACT]** 情形 2 中的**低能截断**现象：CR 谱在 [D(E)·$\tau$_SNR]^{1/2} ~ R_MC 处有低能截断 → 高能粒子先到达 MC。	R2 核素/希腊字母/单位
66	**[FACT]** 该截断在 γ 射线谱中表现为低能端近似 ∝ E_γ^{-1} 的谱（π 产额截面 ∝ 1/E）。	**[FACT]** 该截断在 $\gamma$ 射线谱中表现为低能端近似 ∝ E_$\gamma$^{-1} 的谱（$\pi$ 产额截面 ∝ 1/E）。	R2 核素/希腊字母/单位
76	**[FACT]** 若 MC 与 SNR **沿同一磁力管**相连，被照射；否则几乎无 γ 射线——这为**未来观测**提供了明确的"开/关"判据。	**[FACT]** 若 MC 与 SNR **沿同一磁力管**相连，被照射；否则几乎无 $\gamma$ 射线——这为**未来观测**提供了明确的"开/关"判据。	R2 核素/希腊字母/单位
78	**[INTERPRETATION]** 该图像比"各向同性扩散"更复杂，但对**高分辨率 γ 射线 + 磁场取向**观测敏感。	**[INTERPRETATION]** 该图像比"各向同性扩散"更复杂，但对**高分辨率 $\gamma$ 射线 + 磁场取向**观测敏感。	R2 核素/希腊字母/单位
86	2. 下游温度低于 RH 预期（RCW86 Hα）✓	2. 下游温度低于 RH 预期（RCW86 H$\alpha$）✓	R2 核素/希腊字母/单位
88	4. 空间发射轮廓（SN1006 X 射线 → ξ ~ 30%；Tycho → ξ ~ 10%）✓	4. 空间发射轮廓（SN1006 X 射线 → $\xi$ ~ 30%；Tycho → $\xi$ ~ 10%）✓	R2 核素/希腊字母/单位
89	5. 放大磁场（X 射线窄边缘 ~0.01 pc → B ~ 100 μG）✓	5. 放大磁场（X 射线窄边缘 ~0.01 pc → B ~ 100 $\mu$G）✓	R2 核素/希腊字母/单位
90	6. γ 射线强子示踪（W44、IC443 π⁰ 鼓包）✓	6. $\gamma$ 射线强子示踪（W44、IC443 $\pi$⁰ 鼓包）✓	R2 核素/希腊字母/单位
1	# 8. Superbubble 假说 + Hα 线作为 CR 量热器	# 8. Superbubble 假说 + H$\alpha$ 线作为 CR 量热器	R2 核素/希腊字母/单位
18	- 风携带**重元素**污染环境 → 可能解释 CR 中难熔元素过丰、²²Ne 过丰（Higdon & Lingenfelter 2005, 2006, 2013）；	- 风携带**重元素**污染环境 → 可能解释 CR 中难熔元素过丰、$^{22}{\rm Ne}$ 过丰（Higdon & Lingenfelter 2005, 2006, 2013）；	R2 核素/希腊字母/单位
24	- Fermi-LAT 首次探测到"**新鲜加速 CR 的 γ 射线茧**"；	- Fermi-LAT 首次探测到"**新鲜加速 CR 的 $\gamma$ 射线茧**"；	R2 核素/希腊字母/单位
25	- γ 射线谱**比银河系平均 γ 射线谱更硬** → 支持"近距离产生 CR"假说。	- $\gamma$ 射线谱**比银河系平均 $\gamma$ 射线谱更硬** → 支持"近距离产生 CR"假说。	R2 核素/希腊字母/单位
29	## 8.2 Hα 线作为 CR 加速示踪（Blasi §7 & Amato §8）	## 8.2 H$\alpha$ 线作为 CR 加速示踪（Blasi §7 & Amato §8）	R2 核素/希腊字母/单位
34	- **宽 Balmer 线**：热离子（被加热到下游温度 T_p）与快中性原子发生**电荷交换** → 产生"热原子"，发射多普勒展宽的 Hα → 线宽反映 T_p；	- **宽 Balmer 线**：热离子（被加热到下游温度 T_p）与快中性原子发生**电荷交换** → 产生"热原子"，发射多普勒展宽的 H$\alpha$ → 线宽反映 T_p；	R2 核素/希腊字母/单位
37	**[FACT]** 关键关系：宽线宽 ∝ √T_p → **Hα 线宽是"质子温度量热器"**，因为 X 射线测的是电子温度 T_e ≪ T_p。	**[FACT]** 关键关系：宽线宽 ∝ √T_p → **H$\alpha$ 线宽是"质子温度量热器"**，因为 X 射线测的是电子温度 T_e ≪ T_p。	R2 核素/希腊字母/单位
57	- V_sh ~ 1000 km/s → 谱可极陡（γ_e ≫ 2），能量由注入能量而非粒子质量主导 → **实际无有效加速**。	- V_sh ~ 1000 km/s → 谱可极陡（$\gamma$_e ≫ 2），能量由注入能量而非粒子质量主导 → **实际无有效加速**。	R2 核素/希腊字母/单位
59	**[FACT]** Blasi Fig.13：V_sh 与谱斜率的关系（1、10、100、1000 GeV 粒子），密度 0.1 cm⁻³，B=10 μG，电离度 50%。	**[FACT]** Blasi Fig.13：V_sh 与谱斜率的关系（1、10、100、1000 GeV 粒子），密度 0.1 cm⁻³，B=10 $\mu$G，电离度 50%。	R2 核素/希腊字母/单位
65	**[FACT]** Blasi Fig.14（Morlino et al. 2013c）：V_sh = 4000 km/s, n=0.1 cm⁻³, p_max=50 TeV/c, ξ_inj=3.5：	**[FACT]** Blasi Fig.14（Morlino et al. 2013c）：V_sh = 4000 km/s, n=0.1 cm⁻³, p_max=50 TeV/c, $\xi$_inj=3.5：	R2 核素/希腊字母/单位
67	- 有加速 + 不同湍流加热 η_TH：**宽线收窄 + 窄线展宽**；	- 有加速 + 不同湍流加热 $\eta$_TH：**宽线收窄 + 窄线展宽**；	R2 核素/希腊字母/单位
77	**[FACT]** Blasi Fig.15（Morlino et al. 2013b）：V_sh = 4000 km/s 和 5000 km/s 两种情形下的 FWHM vs. ξ_CR（h_N = 10%，β_down = 0.01/0.1/0.5/1）：	**[FACT]** Blasi Fig.15（Morlino et al. 2013b）：V_sh = 4000 km/s 和 5000 km/s 两种情形下的 FWHM vs. $\xi$_CR（h_N = 10%，$\beta$_down = 0.01/0.1/0.5/1）：	R2 核素/希腊字母/单位
78	- 低 V_sh + 完全电子-质子平衡（β_down=1）：观测 FWHM **兼容无加速**；	- 低 V_sh + 完全电子-质子平衡（$\beta$_down=1）：观测 FWHM **兼容无加速**；	R2 核素/希腊字母/单位
79	- **快速激波（β_down ≪ 1，Ghavamian 2007, 2013 支持）**：FWHM 指示 ξ_CR ~ **10–20%**。	- **快速激波（$\beta$_down ≪ 1，Ghavamian 2007, 2013 支持）**：FWHM 指示 $\xi$_CR ~ **10–20%**。	R2 核素/希腊字母/单位
82	- van Adelsberg et al. (2008) 用过的中性氢分布假设可能**高估** ξ_CR；	- van Adelsberg et al. (2008) 用过的中性氢分布假设可能**高估** $\xi$_CR；	R2 核素/希腊字母/单位
83	- SW 缘实际 V_sh 可能低至 ~4000 km/s → ξ_CR 更低。	- SW 缘实际 V_sh 可能低至 ~4000 km/s → $\xi$_CR 更低。	R2 核素/希腊字母/单位
87	**[FACT]** Helder et al. (2009) 初测：FWHM = 1100 ± 63 km/s, V_sh = 6000 ± 2800 km/s → 宣称 ξ_CR ~ **80%**（异常高）；	**[FACT]** Helder et al. (2009) 初测：FWHM = 1100 ± 63 km/s, V_sh = 6000 ± 2800 km/s → 宣称 $\xi$_CR ~ **80%**（异常高）；	R2 核素/希腊字母/单位
91	**[CRITIQUE]** RCW86 案例警示：**距离不确定** + **激波速度局部依赖** + **β_down 不确定** → ξ_CR 推断极其敏感。	**[CRITIQUE]** RCW86 案例警示：**距离不确定** + **激波速度局部依赖** + **$\beta$_down 不确定** → $\xi$_CR 推断极其敏感。	R2 核素/希腊字母/单位
102	**[FACT]** 要定量推断 ξ_CR，**必须在同一位置同时测量**：	**[FACT]** 要定量推断 $\xi$_CR，**必须在同一位置同时测量**：	R2 核素/希腊字母/单位
106	- 热 X 射线（约束 T_e → β_down）。	- 热 X 射线（约束 T_e → $\beta$_down）。	R2 核素/希腊字母/单位
22	**关键观察**：高能区误差棒大 → δ = 0.3–0.6 有 ~2 倍不确定度。	**关键观察**：高能区误差棒大 → $\delta$ = 0.3–0.6 有 ~2 倍不确定度。	R2 核素/希腊字母/单位
28	**用途**：为 ξ_CR 反推提供 E_*² J(E_*) ~ 2×$10^{3}$ GeV m⁻² s⁻¹ sr⁻¹。	**用途**：为 $\xi$_CR 反推提供 E_*² J(E_*) ~ 2×$10^{3}$ GeV m⁻² s⁻¹ sr⁻¹。	R2 核素/希腊字母/单位
31	**左**：RX J1713.7-3946 —— HESS γ 射线（色） + ASCA X 射线轮廓 → 不规则（核心塌缩型）；	**左**：RX J1713.7-3946 —— HESS $\gamma$ 射线（色） + ASCA X 射线轮廓 → 不规则（核心塌缩型）；	R2 核素/希腊字母/单位
37	**元素**：螺线轨迹，标注 θ（极角）。	**元素**：螺线轨迹，标注 $\theta$（极角）。	R2 核素/希腊字母/单位
40	**目的**：图示激波坐标系中粒子上游-下游穿越，标注 μ, μ'。	**目的**：图示激波坐标系中粒子上游-下游穿越，标注 $\mu$, $\mu$'。	R2 核素/希腊字母/单位
47	**参数**：$M_{0}$=10/50/100, $u_{0}$=5×$10^{8}$ cm/s, p_max=$10^{5}$ m_p c, ξ=3.5。	**参数**：$M_{0}$=10/50/100, $u_{0}$=5×$10^{8}$ cm/s, p_max=$10^{5}$ m_p c, $\xi$=3.5。	R2 核素/希腊字母/单位
55	**参数**：V_sh=$10^{9}$ cm/s, $B_{0}$=1 μG, n=1 cm⁻³, ξ_CR=10%, p_max=$10^{5}$ m_p c。	**参数**：V_sh=$10^{9}$ cm/s, $B_{0}$=1 $\mu$G, n=1 cm⁻³, $\xi$_CR=10%, p_max=$10^{5}$ m_p c。	R2 核素/希腊字母/单位
60	**参数**：$n_{0}$=0.1 cm⁻³, $T_{0}$=$10^{5}$ K, ξ_inj=3.9, 逃逸边界 0.15 R_sh。	**参数**：$n_{0}$=0.1 cm⁻³, $T_{0}$=$10^{5}$ K, $\xi$_inj=3.9, 逃逸边界 0.15 R_sh。	R2 核素/希腊字母/单位
63	**张力**：总谱比 E⁻² 硬，与 γ 射线观测矛盾。	**张力**：总谱比 E⁻² 硬，与 $\gamma$ 射线观测矛盾。	R2 核素/希腊字母/单位
66	**左**：多频 SED，含同步辐射、热轫致、π⁰ 衰变；	**左**：多频 SED，含同步辐射、热轫致、$\pi$⁰ 衰变；	R2 核素/希腊字母/单位
68	**含义**：300 μG 磁场一致性描述同步、边缘、500 TeV 质子上限。	**含义**：300 $\mu$G 磁场一致性描述同步、边缘、500 TeV 质子上限。	R2 核素/希腊字母/单位
70	### Figure 12 — π⁰ 鼓包（Ackermann et al. 2013, Blasi §6.4）	### Figure 12 — $\pi$⁰ 鼓包（Ackermann et al. 2013, Blasi §6.4）	R2 核素/希腊字母/单位
71	**左右**：IC443、W44 的 γ 射线谱；π⁰ 鼓包 ~70 MeV 清晰。	**左右**：IC443、W44 的 $\gamma$ 射线谱；$\pi$⁰ 鼓包 ~70 MeV 清晰。	R2 核素/希腊字母/单位
75	**参数**：n=0.1 cm⁻³, B=10 μG, 电离度 50%。	**参数**：n=0.1 cm⁻³, B=10 $\mu$G, 电离度 50%。	R2 核素/希腊字母/单位
80	**参数**：V_sh=4000 km/s, n=0.1 cm⁻³, p_max=50 TeV/c, ξ_inj=3.5。	**参数**：V_sh=4000 km/s, n=0.1 cm⁻³, p_max=50 TeV/c, $\xi$_inj=3.5。	R2 核素/希腊字母/单位
83	### Figure 15 — SNR 0509-67.5 FWHM vs. ξ_CR（Morlino et al. 2013b, Blasi §7.2）	### Figure 15 — SNR 0509-67.5 FWHM vs. $\xi$_CR（Morlino et al. 2013b, Blasi §7.2）	R2 核素/希腊字母/单位
84	**参数**：V_sh=4000/5000 km/s, h_N=10%，β_down=0.01/0.1/0.5/1。	**参数**：V_sh=4000/5000 km/s, h_N=10%，$\beta$_down=0.01/0.1/0.5/1。	R2 核素/希腊字母/单位
85	**关键**：若 β_down≪1（快激波）+ V_sh~5000 km/s → ξ_CR ~ 10–20%。	**关键**：若 $\beta$_down≪1（快激波）+ V_sh~5000 km/s → $\xi$_CR ~ 10–20%。	R2 核素/希腊字母/单位
97	**左**：CR 压力/流体速度（$u_{0}$=5×$10^{8}$ cm/s, ξ=3.5），$M_{0}$=100/30/5；	**左**：CR 压力/流体速度（$u_{0}$=5×$10^{8}$ cm/s, $\xi$=3.5），$M_{0}$=100/30/5；	R2 核素/希腊字母/单位
105	**右 Tycho**：质子 E_max = 500 TeV，γ ≈ 2.2–2.3。	**右 Tycho**：质子 E_max = 500 TeV，$\gamma$ ≈ 2.2–2.3。	R2 核素/希腊字母/单位
108	同 Blasi Fig.2，δ = 1/3–0.7 不确定度。	同 Blasi Fig.2，$\delta$ = 1/3–0.7 不确定度。	R2 核素/希腊字母/单位
111	**左**：γ_inj=2.34, δ=1/3（Kolmogorov）→ 谱与数据吻合；	**左**：$\gamma$_inj=2.34, $\delta$=1/3（Kolmogorov）→ 谱与数据吻合；	R2 核素/希腊字母/单位
112	**右**：γ_inj=2.07, δ=0.6 → 谱也吻合。	**右**：$\gamma$_inj=2.07, $\delta$=0.6 → 谱也吻合。	R2 核素/希腊字母/单位
116	**左**：γ_inj=2.34 → 各向异性符合观测；	**左**：$\gamma$_inj=2.34 → 各向异性符合观测；	R2 核素/希腊字母/单位
117	**右**：γ_inj=2.07 → 各向异性**严重超估**。	**右**：$\gamma$_inj=2.07 → 各向异性**严重超估**。	R2 核素/希腊字母/单位
118	**结论**：**γ_inj ~ 2.3–2.4 + Kolmogorov δ=1/3 是最佳拟合**。	**结论**：**$\gamma$_inj ~ 2.3–2.4 + Kolmogorov $\delta$=1/3 是最佳拟合**。	R2 核素/希腊字母/单位
121	**左右**：GeV 与 TeV 能段 SNR 的推断谱斜率 vs. ξ_CR；使用**放大磁场中的 Alfvén 速度**作为散射中心速度。	**左右**：GeV 与 TeV 能段 SNR 的推断谱斜率 vs. $\xi$_CR；使用**放大磁场中的 Alfvén 速度**作为散射中心速度。	R2 核素/希腊字母/单位
130	### Fig. 12/13 — Balmer 线 + Hα 观测（Amato §8）	### Fig. 12/13 — Balmer 线 + H$\alpha$ 观测（Amato §8）	R2 核素/希腊字母/单位
56	| **Ackermann et al. (2013, Science 339:807)** | **IC443/W44 π⁰ 鼓包——里程碑** |	| **Ackermann et al. (2013, Science 339:807)** | **IC443/W44 $\pi$⁰ 鼓包——里程碑** |	R2 核素/希腊字母/单位
60	| Helder et al. (2010, 2011) | SNR 0509-67.5 Hα |	| Helder et al. (2010, 2011) | SNR 0509-67.5 H$\alpha$ |	R2 核素/希腊字母/单位
61	| Helder et al. (2009, 2013) | RCW86 Hα |	| Helder et al. (2009, 2013) | RCW86 H$\alpha$ |	R2 核素/希腊字母/单位
62	| Nikolić et al. (2013) | SN1006 Hα |	| Nikolić et al. (2013) | SN1006 H$\alpha$ |	R2 核素/希腊字母/单位
83	2. **SNR 范式**有足够间接证据：γ 射线强子示踪、MFA 磁边、Hα 异常；	2. **SNR 范式**有足够间接证据：$\gamma$ 射线强子示踪、MFA 磁边、H$\alpha$ 异常；	R2 核素/希腊字母/单位
87	6. **未来关键实验**：CTA（高分辨率 γ 射线）、AMS-02/PAMELA 后续数据、Balmer 线高精度测量。	6. **未来关键实验**：CTA（高分辨率 $\gamma$ 射线）、AMS-02/PAMELA 后续数据、Balmer 线高精度测量。	R2 核素/希腊字母/单位
96	5. Balmer 线是"CR 量热器"——**最有望的定量 ξ_CR 测量工具**，但仍需完备观测。	5. Balmer 线是"CR 量热器"——**最有望的定量 $\xi$_CR 测量工具**，但仍需完备观测。	R2 核素/希腊字母/单位
103	- ξ_CR ~ 10% 是**能量学必需**；	- $\xi$_CR ~ 10% 是**能量学必需**；	R2 核素/希腊字母/单位
106	- 未来 CTA、高分辨率 Balmer 线、Galactic γ 射线空间分布是**关键突破口**。	- 未来 CTA、高分辨率 Balmer 线、Galactic $\gamma$ 射线空间分布是**关键突破口**。	R2 核素/希腊字母/单位
115	| SNR γ 射线综述 | Aharonian 2013 (Astropart Phys 43:71) |	| SNR $\gamma$ 射线综述 | Aharonian 2013 (Astropart Phys 43:71) |	R2 核素/希腊字母/单位
13	| 因此 | 因此 | therefore / consequently | adv. | "1. **加速粒子的动力学反作用**：ξ_CR ~ 10% → 加速粒子压力显著影响激波结构，通过改变压缩比 → 谱不再是单幂律，且依赖刚度。 2. **加速粒子诱导的等离子体不稳定性**：MFA（磁场放大）必须在**上游**发生（否则不能缩短加速时间），极可能是加速粒子自身驱动（streaming 不稳定）；因此扩散系数本身依赖于分布函数。 3. **放大磁场的动力学反作用**：100–1000 μG 场的磁压虽只是 ρv²_s 的" | 因果 |	| 因此 | 因此 | therefore / consequently | adv. | "1. **加速粒子的动力学反作用**：$\xi$_CR ~ 10% → 加速粒子压力显著影响激波结构，通过改变压缩比 → 谱不再是单幂律，且依赖刚度。 2. **加速粒子诱导的等离子体不稳定性**：MFA（磁场放大）必须在**上游**发生（否则不能缩短加速时间），极可能是加速粒子自身驱动（streaming 不稳定）；因此扩散系数本身依赖于分布函数。 3. **放大磁场的动力学反作用**：100–1000 $\mu$G 场的磁压虽只是 $\rho$v²_s 的" | 因果 |	R2 核素/希腊字母/单位
14	| 即使 | 即使 | even if | conj. | "1. **CR 能量学**：ξ_CR ~ 10% → 非线性理论必需； 2. **test-particle 谱**：α = 3r/(r-1)，强激波 α → 4 → E⁻²； 3. **加速时间** τ_acc ∝ D/($u_{1}$-$u_{2}$) → 需缩短 D； 4. **PeVatron 必要条件**：δB/$B_{0}$ ≫ 1； 5. **无碰撞激波**：粒子库仑碰撞不足以热化 → 靠集体电磁不稳定性； 6. **电子-质子不平衡**：T_e ~" | 让步 |	| 即使 | 即使 | even if | conj. | "1. **CR 能量学**：$\xi$_CR ~ 10% → 非线性理论必需； 2. **test-particle 谱**：$\alpha$ = 3r/(r-1)，强激波 $\alpha$ → 4 → E⁻²； 3. **加速时间** $\tau$_acc ∝ D/($u_{1}$-$u_{2}$) → 需缩短 D； 4. **PeVatron 必要条件**：$\delta$B/$B_{0}$ ≫ 1； 5. **无碰撞激波**：粒子库仑碰撞不足以热化 → 靠集体电磁不稳定性； 6. **电子-质子不平衡**：T_e ~" | 让步 |	R2 核素/希腊字母/单位
15	| 而 | 而 | whereas / while / and | conj. | "**[FACT]** 关键特征（Blasi）： - 这些是**中年龄 SNR**（~$10^{4}$ yr），加速已不活跃 → 谱陡峭； - γ 射线亮度来自**高靶密度**，而非高 CR 通量； - γ 射线谱陡峭 → 推断 CR 谱在所有能量 > few GeV 上都比 E⁻² 陡（γ_e ~ 2.5–3）。" | 对比/转折 |	| 而 | 而 | whereas / while / and | conj. | "**[FACT]** 关键特征（Blasi）： - 这些是**中年龄 SNR**（~$10^{4}$ yr），加速已不活跃 → 谱陡峭； - $\gamma$ 射线亮度来自**高靶密度**，而非高 CR 通量； - $\gamma$ 射线谱陡峭 → 推断 CR 谱在所有能量 > few GeV 上都比 E⁻² 陡（$\gamma$_e ~ 2.5–3）。" | 对比/转折 |	R2 核素/希腊字母/单位
16	| 同时 | 同时 | meanwhile / simultaneously | adv. | "1. **无 direct proof**——单个 SNR 加速到膝未证实； 2. **谱斜率张力**——理论硬谱 vs 观测陡谱 vs 各向异性约束三者同时满足困难； 3. **MFA 微观机制**不完整（Bell 模式尺度不匹配；丝状模式需要年轻 SNR 能量学不足）； 4. **注入物理**不确定（thermal leakage vs momentum-independent；hybrid 模拟新结果挑战传统）； 5. **ξ_C" | 递进/顺序 |	| 同时 | 同时 | meanwhile / simultaneously | adv. | "1. **无 direct proof**——单个 SNR 加速到膝未证实； 2. **谱斜率张力**——理论硬谱 vs 观测陡谱 vs 各向异性约束三者同时满足困难； 3. **MFA 微观机制**不完整（Bell 模式尺度不匹配；丝状模式需要年轻 SNR 能量学不足）； 4. **注入物理**不确定（thermal leakage vs momentum-independent；hybrid 模拟新结果挑战传统）； 5. **$\xi$_C" | 递进/顺序 |	R2 核素/希腊字母/单位
18	| 特别是 | 特别是 | in particular / specifically | phrase | "**[FACT]** Blasi 结尾强调： 1. **CR 起源 = 加速 + 逃逸 + 传播** 三重卷积，每层非线性； 2. **SNR 范式**有足够间接证据：γ 射线强子示踪、MFA 磁边、Hα 异常； 3. **膝区问题**仍开放——单个 SNR 加速到膝尚无直接证据； 4. **MFA 微观机制**尚不完整——特别是 PeV 粒子散射的**尺度**问题； 5. **谱斜率张力**——NLDSA 硬谱 vs 观测陡谱 vs" | 举例 |	| 特别是 | 特别是 | in particular / specifically | phrase | "**[FACT]** Blasi 结尾强调： 1. **CR 起源 = 加速 + 逃逸 + 传播** 三重卷积，每层非线性； 2. **SNR 范式**有足够间接证据：$\gamma$ 射线强子示踪、MFA 磁边、H$\alpha$ 异常； 3. **膝区问题**仍开放——单个 SNR 加速到膝尚无直接证据； 4. **MFA 微观机制**尚不完整——特别是 PeV 粒子散射的**尺度**问题； 5. **谱斜率张力**——NLDSA 硬谱 vs 观测陡谱 vs" | 举例 |	R2 核素/希腊字母/单位
20	| 即 | 即 | namely / i.e. | adv. | "1. **CR 能量学**：ξ_CR ~ 10% → 非线性理论必需； 2. **test-particle 谱**：α = 3r/(r-1)，强激波 α → 4 → E⁻²； 3. **加速时间** τ_acc ∝ D/($u_{1}$-$u_{2}$) → 需缩短 D； 4. **PeVatron 必要条件**：δB/$B_{0}$ ≫ 1； 5. **无碰撞激波**：粒子库仑碰撞不足以热化 → 靠集体电磁不稳定性； 6. **电子-质子不平衡**：T_e ~" | 举例 |	| 即 | 即 | namely / i.e. | adv. | "1. **CR 能量学**：$\xi$_CR ~ 10% → 非线性理论必需； 2. **test-particle 谱**：$\alpha$ = 3r/(r-1)，强激波 $\alpha$ → 4 → E⁻²； 3. **加速时间** $\tau$_acc ∝ D/($u_{1}$-$u_{2}$) → 需缩短 D； 4. **PeVatron 必要条件**：$\delta$B/$B_{0}$ ≫ 1； 5. **无碰撞激波**：粒子库仑碰撞不足以热化 → 靠集体电磁不稳定性； 6. **电子-质子不平衡**：T_e ~" | 举例 |	R2 核素/希腊字母/单位
21	| 据 | 据 | according to / based on | prep. | "1. **加速效率 ξ_CR ~ 5–10%**（能量学必需）； 2. **谱指数**：test-particle 强激波 α = 3r/(r-1) → 4；NLDSA → 凹谱； 3. **磁场放大**：δB/$B_{0}$ ~ 10–100（X 射线窄边缘证据）； 4. **PeVatron 条件**：需 δB/$B_{0}$ ≫ 1（否则 E_max ~ GeV）； 5. **Bell 非共振模式**：生长快但尺度 < r_L,0； 6. **π⁰" | 因果 |	| 据 | 据 | according to / based on | prep. | "1. **加速效率 $\xi$_CR ~ 5–10%**（能量学必需）； 2. **谱指数**：test-particle 强激波 $\alpha$ = 3r/(r-1) → 4；NLDSA → 凹谱； 3. **磁场放大**：$\delta$B/$B_{0}$ ~ 10–100（X 射线窄边缘证据）； 4. **PeVatron 条件**：需 $\delta$B/$B_{0}$ ≫ 1（否则 E_max ~ GeV）； 5. **Bell 非共振模式**：生长快但尺度 < r_L,0； 6. **$\pi$⁰" | 因果 |	R2 核素/希腊字母/单位
33	| γ 射线 | γ 射线 | 30 | §00 |	| $\gamma$ 射线 | $\gamma$ 射线 | 30 | §00 |	R2 核素/希腊字母/单位
66	| pion | π 介子 | 1 | §00 |	| pion | $\pi$ 介子 | 1 | §00 |	R2 核素/希腊字母/单位
69	| gamma-ray | γ 射线 | 1 | §00 |	| gamma-ray | $\gamma$ 射线 | 1 | §00 |	R2 核素/希腊字母/单位
85	> 1. **CR 能量学**：ξ_CR ~ 10% → 非线性理论必需；	> 1. **CR 能量学**：$\xi$_CR ~ 10% → 非线性理论必需；	R2 核素/希腊字母/单位
86	2. **test-particle 谱**：α = 3r/(r-1)，强激波 α → 4 → E⁻²；	2. **test-particle 谱**：$\alpha$ = 3r/(r-1)，强激波 $\alpha$ → 4 → E⁻²；	R2 核素/希腊字母/单位
87	3. **加速时间** τ_acc ∝ D/($u_{1}$-$u_{2}$) → 需缩短 D；	3. **加速时间** $\tau$_acc ∝ D/($u_{1}$-$u_{2}$) → 需缩短 D；	R2 核素/希腊字母/单位
88	4. **PeVatron 必要条件**：δB/$B_{0}$ ≫ 1；	4. **PeVatron 必要条件**：$\delta$B/$B_{0}$ ≫ 1；	R2 核素/希腊字母/单位
92	8. **MFA 强流 vs 弱流**：强流区共振 Alfvén 波增长被**限制在 δB ~ $B_{0}$**（过去被高估）；	8. **MFA 强流 vs 弱流**：强流区共振 Alfvén 波增长被**限制在 $\delta$B ~ $B_{0}$**（过去被高估）；	R2 核素/希腊字母/单位
96	12. **π⁰ 鼓包**（~70 MeV）：强子起源的"smoking gun"（Fermi-LAT 2013）；	12. **$\pi$⁰ 鼓包**（~70 MeV）：强子起源的"smoking gun"（Fermi-LAT 2013）；	R2 核素/希腊字母/单位
111	- [x] γ 射线观测 — 覆盖（RXJ1713.7-3946、Tycho、W44、IC443、W28、W51C、Cygnus）	- [x] $\gamma$ 射线观测 — 覆盖（RXJ1713.7-3946、Tycho、W44、IC443、W28、W51C、Cygnus）	R2 核素/希腊字母/单位
112	- [x] Balmer 线 / Hα — 覆盖（含 SNR 0509-67.5、RCW86、SN1006）	- [x] Balmer 线 / H$\alpha$ — 覆盖（含 SNR 0509-67.5、RCW86、SN1006）	R2 核素/希腊字母/单位
126	> 1. **加速粒子的动力学反作用**：ξ_CR ~ 10% → 加速粒子压力显著影响激波结构，通过改变压缩比 → 谱不再是单幂律，且依赖刚度。	> 1. **加速粒子的动力学反作用**：$\xi$_CR ~ 10% → 加速粒子压力显著影响激波结构，通过改变压缩比 → 谱不再是单幂律，且依赖刚度。	R2 核素/希腊字母/单位
128	3. **放大磁场的动力学反作用**：100–1000 μG 场的磁压虽只是 ρv²_s 的 $10^{-2}$–$10^{-3}$，但可**超过**上游热压 → 影响压缩比 → 进一步耦合回分布函数。	3. **放大磁场的动力学反作用**：100–1000 $\mu$G 场的磁压虽只是 $\rho$v²_s 的 $10^{-2}$–$10^{-3}$，但可**超过**上游热压 → 影响压缩比 → 进一步耦合回分布函数。	R2 核素/希腊字母/单位
139	5. **ξ_CR 的 Balmer 线推断**依赖 V_sh、β_down、湍流加热等不确定参数；	5. **$\xi$_CR 的 Balmer 线推断**依赖 V_sh、$\beta$_down、湍流加热等不确定参数；	R2 核素/希腊字母/单位
147	> 1. **2004–2009**：HESS 发现 TeV γ 射线 + Chandra 亮窄 X 射线边缘（B ~ 160 μG） → 早期倾向**强子起源**（Morlino et al. 2009）；	> 1. **2004–2009**：HESS 发现 TeV $\gamma$ 射线 + Chandra 亮窄 X 射线边缘（B ~ 160 $\mu$G） → 早期倾向**强子起源**（Morlino et al. 2009）；	R2 核素/希腊字母/单位
148	2. **Ellison et al. 2010**：精细热 X 射线分析 → 若电子与质子同温则应有强热发射，未观测到 → 暗示电子温度低；但即使慢速库仑散射也会激发氧线，未观测到 → 气体密度上限很低 → π⁰ 产率不足 → **转向轻子**；	2. **Ellison et al. 2010**：精细热 X 射线分析 → 若电子与质子同温则应有强热发射，未观测到 → 暗示电子温度低；但即使慢速库仑散射也会激发氧线，未观测到 → 气体密度上限很低 → $\pi$⁰ 产率不足 → **转向轻子**；	R2 核素/希腊字母/单位
149	3. **Fermi-LAT (Abdo 2011)**：MeV-GeV 谱**过硬**，无法用 π⁰ 衰变解释 → 确认轻子起源更可能；	3. **Fermi-LAT (Abdo 2011)**：MeV-GeV 谱**过硬**，无法用 $\pi$⁰ 衰变解释 → 确认轻子起源更可能；	R2 核素/希腊字母/单位
150	4. **Fukui et al. 2012**：$H_{2}$ 分布与 TeV γ 射线空间相关 → 又暗示强子起源。	4. **Fukui et al. 2012**：$H_{2}$ 分布与 TeV $\gamma$ 射线空间相关 → 又暗示强子起源。	R2 核素/希腊字母/单位
9	两篇综述（Amato 2014；Blasi 2013，**并非 Padovani & Protheroe 2013**）系统梳理了"SNR 范式"——银河系宇宙线起源于超新星遗迹扩散激波加速（DSA）——从能量学基座、test-particle DSA 到非线性理论（NLDSA + 磁场放大 MFA），并与 2013 年前的最新观测（π⁰ 鼓包、Tycho γ 射线、Hα 宽线、PAMELA/AMS-02 直接测量）逐一比对，指出**证据强有力但仍是间接的**，**单个 SNR 加速到膝区**和**理论硬谱 vs 观测陡谱**两个核心问题仍未解决。	两篇综述（Amato 2014；Blasi 2013，**并非 Padovani & Protheroe 2013**）系统梳理了"SNR 范式"——银河系宇宙线起源于超新星遗迹扩散激波加速（DSA）——从能量学基座、test-particle DSA 到非线性理论（NLDSA + 磁场放大 MFA），并与 2013 年前的最新观测（$\pi$⁰ 鼓包、Tycho $\gamma$ 射线、H$\alpha$ 宽线、PAMELA/AMS-02 直接测量）逐一比对，指出**证据强有力但仍是间接的**，**单个 SNR 加速到膝区**和**理论硬谱 vs 观测陡谱**两个核心问题仍未解决。	R2 核素/希腊字母/单位
15	- **磁场放大**：如何放大 δB/$B_{0}$ ~ 10–100 倍？	- **磁场放大**：如何放大 $\delta$B/$B_{0}$ ~ 10–100 倍？	R2 核素/希腊字母/单位
22	- **观测**：多波段（射电、X 射线、γ 射线、光学 Balmer 线）；直接宇宙线测量（PAMELA、AMS-02、CREAM、KASCADE-Grande）	- **观测**：多波段（射电、X 射线、$\gamma$ 射线、光学 Balmer 线）；直接宇宙线测量（PAMELA、AMS-02、CREAM、KASCADE-Grande）	R2 核素/希腊字母/单位
27	1. **加速效率 ξ_CR ~ 5–10%**（能量学必需）；	1. **加速效率 $\xi$_CR ~ 5–10%**（能量学必需）；	R2 核素/希腊字母/单位
28	2. **谱指数**：test-particle 强激波 α = 3r/(r-1) → 4；NLDSA → 凹谱；	2. **谱指数**：test-particle 强激波 $\alpha$ = 3r/(r-1) → 4；NLDSA → 凹谱；	R2 核素/希腊字母/单位
29	3. **磁场放大**：δB/$B_{0}$ ~ 10–100（X 射线窄边缘证据）；	3. **磁场放大**：$\delta$B/$B_{0}$ ~ 10–100（X 射线窄边缘证据）；	R2 核素/希腊字母/单位
30	4. **PeVatron 条件**：需 δB/$B_{0}$ ≫ 1（否则 E_max ~ GeV）；	4. **PeVatron 条件**：需 $\delta$B/$B_{0}$ ≫ 1（否则 E_max ~ GeV）；	R2 核素/希腊字母/单位
32	6. **π⁰ 鼓包**（Ackermann 2013）：**强子起源直接证据**（IC443、W44）；	6. **$\pi$⁰ 鼓包**（Ackermann 2013）：**强子起源直接证据**（IC443、W44）；	R2 核素/希腊字母/单位
34	8. **Balmer 线**（SNR 0509-67.5）：若 β_down ≪ 1 → ξ_CR ~ 10–20%；	8. **Balmer 线**（SNR 0509-67.5）：若 $\beta$_down ≪ 1 → $\xi$_CR ~ 10–20%；	R2 核素/希腊字母/单位
35	9. **注入谱斜率** γ_inj ~ 2.3–2.4（结合 B/C + 各向异性）——**比 NLDSA 预测陡**；	9. **注入谱斜率** $\gamma$_inj ~ 2.3–2.4（结合 B/C + 各向异性）——**比 NLDSA 预测陡**；	R2 核素/希腊字母/单位
50	5. **ξ_CR 的 Balmer 线推断**依赖 V_sh、β_down、湍流加热等不确定参数；	5. **$\xi$_CR 的 Balmer 线推断**依赖 V_sh、$\beta$_down、湍流加热等不确定参数；	R2 核素/希腊字母/单位
56	1. **CR 能量学**：ξ_CR ~ 10% → 非线性理论必需；	1. **CR 能量学**：$\xi$_CR ~ 10% → 非线性理论必需；	R2 核素/希腊字母/单位
57	2. **test-particle 谱**：α = 3r/(r-1)，强激波 α → 4 → E⁻²；	2. **test-particle 谱**：$\alpha$ = 3r/(r-1)，强激波 $\alpha$ → 4 → E⁻²；	R2 核素/希腊字母/单位
58	3. **加速时间** τ_acc ∝ D/($u_{1}$-$u_{2}$) → 需缩短 D；	3. **加速时间** $\tau$_acc ∝ D/($u_{1}$-$u_{2}$) → 需缩短 D；	R2 核素/希腊字母/单位
59	4. **PeVatron 必要条件**：δB/$B_{0}$ ≫ 1；	4. **PeVatron 必要条件**：$\delta$B/$B_{0}$ ≫ 1；	R2 核素/希腊字母/单位
63	8. **MFA 强流 vs 弱流**：强流区共振 Alfvén 波增长被**限制在 δB ~ $B_{0}$**（过去被高估）；	8. **MFA 强流 vs 弱流**：强流区共振 Alfvén 波增长被**限制在 $\delta$B ~ $B_{0}$**（过去被高估）；	R2 核素/希腊字母/单位
67	12. **π⁰ 鼓包**（~70 MeV）：强子起源的"smoking gun"（Fermi-LAT 2013）；	12. **$\pi$⁰ 鼓包**（~70 MeV）：强子起源的"smoking gun"（Fermi-LAT 2013）；	R2 核素/希腊字母/单位
69	14. **Hα Balmer 线**：窄宽线 + 宽窄线 = CR 加速；需要 V_sh、β_down 完备测量；	14. **H$\alpha$ Balmer 线**：窄宽线 + 宽窄线 = CR 加速；需要 V_sh、$\beta$_down 完备测量；	R2 核素/希腊字母/单位
70	15. **注入谱斜率** γ_inj ~ 2.3–2.4（B/C + 各向异性约束）——**比 E⁻² 陡**，是最大未解张力。	15. **注入谱斜率** $\gamma$_inj ~ 2.3–2.4（B/C + 各向异性约束）——**比 E⁻² 陡**，是最大未解张力。	R2 核素/希腊字母/单位
84	- Balmer 线多分量测量 — 定量 ξ_CR。	- Balmer 线多分量测量 — 定量 $\xi$_CR。	R2 核素/希腊字母/单位
87	- 谱斜率 α = 3r/(r-1)（test-particle）；	- 谱斜率 $\alpha$ = 3r/(r-1)（test-particle）；	R2 核素/希腊字母/单位
88	- 加速时间 τ_acc = 3/($u_{1}$-$u_{2}$) · [$D_{1}$/$u_{1}$ + $D_{2}$/$u_{2}$]；	- 加速时间 $\tau$_acc = 3/($u_{1}$-$u_{2}$) · [$D_{1}$/$u_{1}$ + $D_{2}$/$u_{2}$]；	R2 核素/希腊字母/单位
108	- [x] γ 射线观测 — 覆盖（RXJ1713.7-3946、Tycho、W44、IC443、W28、W51C、Cygnus）	- [x] $\gamma$ 射线观测 — 覆盖（RXJ1713.7-3946、Tycho、W44、IC443、W28、W51C、Cygnus）	R2 核素/希腊字母/单位
109	- [x] Balmer 线 / Hα — 覆盖（含 SNR 0509-67.5、RCW86、SN1006）	- [x] Balmer 线 / H$\alpha$ — 覆盖（含 SNR 0509-67.5、RCW86、SN1006）	R2 核素/希腊字母/单位
42	- **Keywords:** γ rays, interstellar medium, interstellar chemistry, dust, superbubbles	- **Keywords:** $\gamma$ rays, interstellar medium, interstellar chemistry, dust, superbubbles	R2 核素/希腊字母/单位
72	│   ├── 4.3 CR in the Inner Galaxy (4.3.1 未分辨 γ 源, 4.3.2 Fermi Bubbles & GC)	│   ├── 4.3 CR in the Inner Galaxy (4.3.1 未分辨 $\gamma$ 源, 4.3.2 Fermi Bubbles & GC)	R2 核素/希腊字母/单位
96	│   └── 8.5 γ Rays in Extragalactic Space	│   └── 8.5 $\gamma$ Rays in Extragalactic Space	R2 核素/希腊字母/单位
106	- **Figure 4** — γ-ray emissivity qγ_H per H 的银河系半径分布 + 局部云对比	- **Figure 4** — $\gamma$-ray emissivity q$\gamma$_H per H 的银河系半径分布 + 局部云对比	R2 核素/希腊字母/单位
107	- **Figure 5** — 全天图：Fermi-LAT γ 强度（1 GeV 以上） vs Planck+IRAS 尘埃光学深度	- **Figure 5** — 全天图：Fermi-LAT $\gamma$ 强度（1 GeV 以上） vs Planck+IRAS 尘埃光学深度	R2 核素/希腊字母/单位
108	- **Figure 6** — 银河系内部 γ-ray 能谱（INTEGRAL+COMPTEL+Fermi-LAT）	- **Figure 6** — 银河系内部 $\gamma$-ray 能谱（INTEGRAL+COMPTEL+Fermi-LAT）	R2 核素/希腊字母/单位
109	- **Figure 7** — 银河系多波段光度谱（射电→γ，含 CR 功率分解）	- **Figure 7** — 银河系多波段光度谱（射电→$\gamma$，含 CR 功率分解）	R2 核素/希腊字母/单位
115	- **Figure 13** — Cygnus X：8 μm 图 + Fermi-LAT γ-ray cocoon	- **Figure 13** — Cygnus X：8 $\mu$m 图 + Fermi-LAT $\gamma$-ray cocoon	R2 核素/希腊字母/单位
134	**[FACT]** 近年来宇宙线天体物理进展迅速，对其它天文分支的影响不断扩大。众多新实验通过大气中/太空中的直接测量以及 γ 射线、同步辐射的间接测量，拓宽了对宇宙线起源、传播和相互作用信息的获取范围。低能宇宙线对星际化学的影响是一个快速发展的方向，包括这些粒子如何在发生化学反应的云中传播。宇宙线通过其 γ 射线产生，也成为探测星际气体含量的强力方式。宇宙线与星际介质相互作用的观测和建模取得了重大进展。	**[FACT]** 近年来宇宙线天体物理进展迅速，对其它天文分支的影响不断扩大。众多新实验通过大气中/太空中的直接测量以及 $\gamma$ 射线、同步辐射的间接测量，拓宽了对宇宙线起源、传播和相互作用信息的获取范围。低能宇宙线对星际化学的影响是一个快速发展的方向，包括这些粒子如何在发生化学反应的云中传播。宇宙线通过其 $\gamma$ 射线产生，也成为探测星际气体含量的强力方式。宇宙线与星际介质相互作用的观测和建模取得了重大进展。	R2 核素/希腊字母/单位
11	**[FACT]** 宇宙线（CRs）泛指能量从 1 MeV 到约 $10^{21}$ eV 的粒子，包括从质子到锕系的核、反质子、电子和正电子。能量密度在银河系内由 GeV 质子主导，与热气体、磁场、恒星辐射和 CMB 的能量密度相当。银河系 CR 的 Larmor 半径从最低能量时的 $10^{5}$ km 到接近 $10^{15}$ eV 时的 $10^{-1}$ pc，因此方向信息在传播中完全丢失，γ 射线和射电同步辐射观测对于研究银河系 CR 的大尺度分布和谱不可或缺。	**[FACT]** 宇宙线（CRs）泛指能量从 1 MeV 到约 $10^{21}$ eV 的粒子，包括从质子到锕系的核、反质子、电子和正电子。能量密度在银河系内由 GeV 质子主导，与热气体、磁场、恒星辐射和 CMB 的能量密度相当。银河系 CR 的 Larmor 半径从最低能量时的 $10^{5}$ km 到接近 $10^{15}$ eV 时的 $10^{-1}$ pc，因此方向信息在传播中完全丢失，$\gamma$ 射线和射电同步辐射观测对于研究银河系 CR 的大尺度分布和谱不可或缺。	R2 核素/希腊字母/单位
29	- **[FACT]** 在日球层（heliosphere）由两艘 Voyager 探测器直接揭示，同时通过向太阳方向的 γ 射线观测。	- **[FACT]** 在日球层（heliosphere）由两艘 Voyager 探测器直接揭示，同时通过向太阳方向的 $\gamma$ 射线观测。	R2 核素/希腊字母/单位
48	- **[FACT]** Fermi Bubbles 直径约 50°，跨越数 kpc，功率 2×$10^{30}$ W 的 γ 射线辐射；与巨射电瓣重叠，磁场高达 1.5 nT，将 $10^{48}$ J 输送到 halo。	- **[FACT]** Fermi Bubbles 直径约 50°，跨越数 kpc，功率 2×$10^{30}$ W 的 $\gamma$ 射线辐射；与巨射电瓣重叠，磁场高达 1.5 nT，将 $10^{48}$ J 输送到 halo。	R2 核素/希腊字母/单位
59	- **[FACT]** 银河系中心分子区（CMZ）的电离率 ζ_$H_{2}$^CR ≈ (2–7)×$10^{-15}$ s⁻¹（约是银河系盘 10 倍）；Arp 220 中 >$10^{-13}$ s⁻¹（比 CMZ 又高 $10^{2}$ 倍）。	- **[FACT]** 银河系中心分子区（CMZ）的电离率 $\zeta$_$H_{2}$^CR ≈ (2–7)×$10^{-15}$ s⁻¹（约是银河系盘 10 倍）；Arp 220 中 >$10^{-13}$ s⁻¹（比 CMZ 又高 $10^{2}$ 倍）。	R2 核素/希腊字母/单位
61	### 角色 8 — 让星际云在 γ 射线中发光（气体示踪）	### 角色 8 — 让星际云在 $\gamma$ 射线中发光（气体示踪）	R2 核素/希腊字母/单位
62	- **[FACT]** CR 使星际云在 γ 射线中明亮发光，揭示云的总气体含量，与化学和热力学状态无关。	- **[FACT]** CR 使星际云在 $\gamma$ 射线中明亮发光，揭示云的总气体含量，与化学和热力学状态无关。	R2 核素/希腊字母/单位
63	- **[FACT]** 这使得 γ 射线示踪所有"隐藏"气体（HI 自吸收、CO-dark $H_{2}$、暗中性介质 DNM）。	- **[FACT]** 这使得 $\gamma$ 射线示踪所有"隐藏"气体（HI 自吸收、CO-dark $H_{2}$、暗中性介质 DNM）。	R2 核素/希腊字母/单位
64	- **[FACT]** γ 射线 + 尘埃联合追踪揭示了 DNM 质量约为 CO-bright 质量的 30–164%。	- **[FACT]** $\gamma$ 射线 + 尘埃联合追踪揭示了 DNM 质量约为 CO-bright 质量的 30–164%。	R2 核素/希腊字母/单位
80	3. 用 Fermi-LAT 对银河系内 CR 的成功 γ 射线"远程成像"	3. 用 Fermi-LAT 对银河系内 CR 的成功 $\gamma$ 射线"远程成像"	R2 核素/希腊字母/单位
82	5. 用 CR 及其 γ 射线示踪 ISM 全部气体的快速进展	5. 用 CR 及其 $\gamma$ 射线示踪 ISM 全部气体的快速进展	R2 核素/希腊字母/单位
83	6. 星暴区域年轻 CR 的"困住"效应及其 γ 射线观测的首次实现	6. 星暴区域年轻 CR 的"困住"效应及其 $\gamma$ 射线观测的首次实现	R2 核素/希腊字母/单位
95	| Fermi Bubbles γ 功率 | 2×$10^{30}$ W | |	| Fermi Bubbles $\gamma$ 功率 | 2×$10^{30}$ W | |	R2 核素/希腊字母/单位
99	> 提出"九种角色"的框架 → 分别用直接测量、传播理论、银河内 γ 射线、分子化学、星系际等五类观测支柱支撑 → 以"能量级联 + 反馈回路"为主线的综述。	> 提出"九种角色"的框架 → 分别用直接测量、传播理论、银河内 $\gamma$ 射线、分子化学、星系际等五类观测支柱支撑 → 以"能量级联 + 反馈回路"为主线的综述。	R2 核素/希腊字母/单位
11	**[FACT]** 直接测量：由气球（大气中）与卫星（日球层内）完成的测量，与利用 γ 射线、同步辐射等的间接方法形成互补。实验技术改进显著提升质量，部分情况下实验不确定度已基本消除，理论家的解读问题被明确定义。	**[FACT]** 直接测量：由气球（大气中）与卫星（日球层内）完成的测量，与利用 $\gamma$ 射线、同步辐射等的间接方法形成互补。实验技术改进显著提升质量，部分情况下实验不确定度已基本消除，理论家的解读问题被明确定义。	R2 核素/希腊字母/单位
54	- 核子：电离 + 库仑作用（低能），强子 π 产生（高能）。	- 核子：电离 + 库仑作用（低能），强子 $\pi$ 产生（高能）。	R2 核素/希腊字母/单位
73	- **²²Ne/²⁰Ne 同位素比**：CR 中比太阳系高 5.3±0.3 倍；约束加速时间限于 SN 遗迹膨胀的早期（Sedov 期之前）。	- **$^{22}{\rm Ne}$/$^{20}{\rm Ne}$ 同位素比**：CR 中比太阳系高 5.3±0.3 倍；约束加速时间限于 SN 遗迹膨胀的早期（Sedov 期之前）。	R2 核素/希腊字母/单位
74	- **⁵⁹Ni 缺失**：约束 CR 加速在 SN 爆炸后约 0.1 Myr 发生，以避免加速新合成的 ⁵⁹Ni（Wiedenbeck 1999）。	- **$^{59}{\rm Ni}$ 缺失**：约束 CR 加速在 SN 爆炸后约 0.1 Myr 发生，以避免加速新合成的 $^{59}{\rm Ni}$（Wiedenbeck 1999）。	R2 核素/希腊字母/单位
109	### 2.5.3 CR 在日球层内部（γ 射线示踪）	### 2.5.3 CR 在日球层内部（$\gamma$ 射线示踪）	R2 核素/希腊字母/单位
111	**[FACT]** CR 电子逆散射阳光/星光可产生可探测 γ 射线（Moskalenko 2006; Orlando & Strong 2007），由 CGRO-EGRET 证实（Orlando & Strong 2008）——形成以太阳为中心的数度 γ 射线晕。	**[FACT]** CR 电子逆散射阳光/星光可产生可探测 $\gamma$ 射线（Moskalenko 2006; Orlando & Strong 2007），由 CGRO-EGRET 证实（Orlando & Strong 2008）——形成以太阳为中心的数度 $\gamma$ 射线晕。	R2 核素/希腊字母/单位
113	**[FACT]** 太阳盘本身也是 γ 射线源：CR 核与光球气体相互作用。Fermi-LAT 每日监测可实现太阳调制与轨道内 CR 传输的系统性研究（Abdo 2011）。	**[FACT]** 太阳盘本身也是 $\gamma$ 射线源：CR 核与光球气体相互作用。Fermi-LAT 每日监测可实现太阳调制与轨道内 CR 传输的系统性研究（Abdo 2011）。	R2 核素/希腊字母/单位
117	**[FACT]** 近年最令人惊讶的结果：高能正电子超出预期（Adriani 2009; AMS-02; Fermi-LAT）。预期来自银河系内 CR 核与星际气体的强子 π⁺ 衰变。	**[FACT]** 近年最令人惊讶的结果：高能正电子超出预期（Adriani 2009; AMS-02; Fermi-LAT）。预期来自银河系内 CR 核与星际气体的强子 $\pi$⁺ 衰变。	R2 核素/希腊字母/单位
137	- 灰色带：从 ISM 气体平均 γ-ray emissivity 反推的 Local ISM 质子谱范围（Dermer 2013b）	- 灰色带：从 ISM 气体平均 $\gamma$-ray emissivity 反推的 Local ISM 质子谱范围（Dermer 2013b）	R2 核素/希腊字母/单位
143	- **[FACT]** 灰色带（γ-ray 反推）与太阳调制去调后的数据在 TeV 能段一致。	- **[FACT]** 灰色带（$\gamma$-ray 反推）与太阳调制去调后的数据在 TeV 能段一致。	R2 核素/希腊字母/单位
146	支撑 §2.3.1、§2.3.2、§4.1 的讨论，是连接直接测量与 γ 射线示踪的关键桥。	支撑 §2.3.1、§2.3.2、§4.1 的讨论，是连接直接测量与 $\gamma$ 射线示踪的关键桥。	R2 核素/希腊字母/单位
162	- **[CRITIQUE]** Voyager 1 数据是否真正代表 LIS 仍存在争议；γ-ray 反推的 LIS 在低动量段被电子韧致辐射扣除的不确定性影响。	- **[CRITIQUE]** Voyager 1 数据是否真正代表 LIS 仍存在争议；$\gamma$-ray 反推的 LIS 在低动量段被电子韧致辐射扣除的不确定性影响。	R2 核素/希腊字母/单位
170	- ²²Ne/²⁰Ne：CR/Solar = 5.3 ± 0.3	- $^{22}{\rm Ne}$/$^{20}{\rm Ne}$：CR/Solar = 5.3 ± 0.3	R2 核素/希腊字母/单位
26	**[FACT]** 放射性次级 **¹⁰Be**（1.6 Myr 半衰期）对银河系内停留时间敏感。10Be/9Be 约束 **CR halo 标高高 4–10 kpc**（Strong 2007; Putze 2010; Trotta 2011）。ISOMAX 测量（Hams 2004）在 ≤2 GeV 给出略高于模型预测的 10Be/9Be 值，但**尚未被重复**（第二次飞行失败）。	**[FACT]** 放射性次级 **$^{10}{\rm Be}$**（1.6 Myr 半衰期）对银河系内停留时间敏感。10Be/9Be 约束 **CR halo 标高高 4–10 kpc**（Strong 2007; Putze 2010; Trotta 2011）。ISOMAX 测量（Hams 2004）在 ≤2 GeV 给出略高于模型预测的 10Be/9Be 值，但**尚未被重复**（第二次飞行失败）。	R2 核素/希腊字母/单位
50	**[FACT]** B/C 对模型约束对太阳调制水平敏感：通常采用 Φ ~ 500 MV；若调制较低（Lave 2013 用 250 MV），张力可缓解。	**[FACT]** B/C 对模型约束对太阳调制水平敏感：通常采用 $\Phi$ ~ 500 MV；若调制较低（Lave 2013 用 250 MV），张力可缓解。	R2 核素/希腊字母/单位
76	**[FACT]** 观测表明 >1 GeV CR 的扩散长度超过典型云尺寸（Abdo 2010b; Ackermann 2011b），但 <1 GeV 能区（对电离和化学关键、γ 射线不可见）可被多种机制调节。	**[FACT]** 观测表明 >1 GeV CR 的扩散长度超过典型云尺寸（Abdo 2010b; Ackermann 2011b），但 <1 GeV 能区（对电离和化学关键、$\gamma$ 射线不可见）可被多种机制调节。	R2 核素/希腊字母/单位
87	**[FACT]** CR 在致密核心间的磁场瓶中被困住 → 局部 γ-ray emissivity qγ_H 可能增加：	**[FACT]** CR 在致密核心间的磁场瓶中被困住 → 局部 $\gamma$-ray emissivity q$\gamma$_H 可能增加：	R2 核素/希腊字母/单位
91	**[FACT]** >1 GeV 时所有聚集/排除过程均未在当前 γ 射线数据中显示能量依赖特征 → **支持用 CR 强子作用 + γ 射线示踪所有形式气体**。	**[FACT]** >1 GeV 时所有聚集/排除过程均未在当前 $\gamma$ 射线数据中显示能量依赖特征 → **支持用 CR 强子作用 + $\gamma$ 射线示踪所有形式气体**。	R2 核素/希腊字母/单位
111	**[FACT]** 核截面精度限制次级研究：Moskalenko (2011) 改进倡议；Coste (2012) 处理轻核（Z≤2）复杂过程；反质子产生需改进（Kappl & Winkler 2014）；强子 γ 射线与轻子产生也有挑战（Dermer 2013a）。	**[FACT]** 核截面精度限制次级研究：Moskalenko (2011) 改进倡议；Coste (2012) 处理轻核（Z≤2）复杂过程；反质子产生需改进（Kappl & Winkler 2014）；强子 $\gamma$ 射线与轻子产生也有挑战（Dermer 2013a）。	R2 核素/希腊字母/单位
135	- ¹⁰Be 半衰期：**1.6 Myr**	- $^{10}{\rm Be}$ 半衰期：**1.6 Myr**	R2 核素/希腊字母/单位
137	- 太阳调制 Φ：250–500 MV	- 太阳调制 $\Phi$：250–500 MV	R2 核素/希腊字母/单位
13	- **远程**：在与星际气体的相互作用中，通过 qγ_H（每 H 核的 γ 射线 emissivity 率）变化。	- **远程**：在与星际气体的相互作用中，通过 q$\gamma$_H（每 H 核的 $\gamma$ 射线 emissivity 率）变化。	R2 核素/希腊字母/单位
27	**[FACT]** Fermi-LAT γ 数据分析显示 qγ_H 在 Gould Belt 与本地臂中**相当均匀**（Abdo 2009, 2010b; Ackermann 2011b, 2012b,d,e; Casandjian 2012）。	**[FACT]** Fermi-LAT $\gamma$ 数据分析显示 q$\gamma$_H 在 Gould Belt 与本地臂中**相当均匀**（Abdo 2009, 2010b; Ackermann 2011b, 2012b,d,e; Casandjian 2012）。	R2 核素/希腊字母/单位
29	**[FACT]** 图 4 的 emissivity 谱：在 γ 射线能带（探测 CR 能量 0.5–$10^{3}$ GeV）振幅变化 <30%，无谱形变化；变化与 N_H 与 Fermi-LAT 曝光的不确定度相当（Ackermann 2012a）。	**[FACT]** 图 4 的 emissivity 谱：在 $\gamma$ 射线能带（探测 CR 能量 0.5–$10^{3}$ GeV）振幅变化 <30%，无谱形变化；变化与 N_H 与 Fermi-LAT 曝光的不确定度相当（Ackermann 2012a）。	R2 核素/希腊字母/单位
35	**[FACT]** 均匀 qγ_H → **本地星际谱（LIS）** 参考（Casandjian 2012; Dermer 2013b; Casandjian 2013）。图 1 灰色带显示初步的质子谱；强子产生截面不确定度 ~30%。	**[FACT]** 均匀 q$\gamma$_H → **本地星际谱（LIS）** 参考（Casandjian 2012; Dermer 2013b; Casandjian 2013）。图 1 灰色带显示初步的质子谱；强子产生截面不确定度 ~30%。	R2 核素/希腊字母/单位
39	- Voyager 1 数据可能仍受太阳调制减速；γ-ray LIS 在低动量处被低能 γ 射线中电子韧致辐射扣除的不确定性影响。	- Voyager 1 数据可能仍受太阳调制减速；$\gamma$-ray LIS 在低动量处被低能 $\gamma$ 射线中电子韧致辐射扣除的不确定性影响。	R2 核素/希腊字母/单位
41	## 4.4 电离率 ζ_H^CR 与 CR 能量密度的估计	## 4.4 电离率 $\zeta$_H^CR 与 CR 能量密度的估计	R2 核素/希腊字母/单位
43	**[FACT]** 作者计算本地 ISM 的 ζ_H^CR 与 CR 能量密度：	**[FACT]** 作者计算本地 ISM 的 $\zeta$_H^CR 与 CR 能量密度：	R2 核素/希腊字母/单位
50	- **ζ_H^CR ≈ 1.4 × $10^{-17}$ s⁻¹**	- **$\zeta$_H^CR ≈ 1.4 × $10^{-17}$ s⁻¹**	R2 核素/希腊字母/单位
53	**[FACT]** 使用 γ-ray LIS 下推到 1 MeV（高能同 p 谱）：	**[FACT]** 使用 $\gamma$-ray LIS 下推到 1 MeV（高能同 p 谱）：	R2 核素/希腊字母/单位
54	- **ζ_H^CR < 2.8 × $10^{-14}$ s⁻¹**（上限）	- **$\zeta$_H^CR < 2.8 × $10^{-14}$ s⁻¹**（上限）	R2 核素/希腊字母/单位
60	- 与 100–200 pc Sco-Oph 星的 ζ_H^CR 上限 (2–12)×$10^{-17}$ s⁻¹ 一致。	- 与 100–200 pc Sco-Oph 星的 $\zeta$_H^CR 上限 (2–12)×$10^{-17}$ s⁻¹ 一致。	R2 核素/希腊字母/单位
68	**[FACT]** Fermi-LAT 数据显示 qγ_H 从 Local 到 outer spiral arms **仅下降 20%–40%**，无显著谱变化。	**[FACT]** Fermi-LAT 数据显示 q$\gamma$_H 从 Local 到 outer spiral arms **仅下降 20%–40%**，无显著谱变化。	R2 核素/希腊字母/单位
70	**[FACT]** 这确认**长存"CR 梯度问题"**（首先由 Cosmic-B 观测提出，Strong 1988；CGRO-EGRET 后 Digel 2001）：外银 qγ_H 梯度与 10Be/9Be 允许的最大 halo 大小 ~10 kpc 之间勉强一致（均匀扩散、源在内部峰值）。	**[FACT]** 这确认**长存"CR 梯度问题"**（首先由 Cosmic-B 观测提出，Strong 1988；CGRO-EGRET 后 Digel 2001）：外银 q$\gamma$_H 梯度与 10Be/9Be 允许的最大 halo 大小 ~10 kpc 之间勉强一致（均匀扩散、源在内部峰值）。	R2 核素/希腊字母/单位
72	**[FACT]** Local 与 Perseus 臂间 vs 臂内 qγ_H 对比 <10–20%，尽管 ISM 与恒星环境不同。	**[FACT]** Local 与 Perseus 臂间 vs 臂内 q$\gamma$_H 对比 <10–20%，尽管 ISM 与恒星环境不同。	R2 核素/希腊字母/单位
74	**[FACT]** 图 4 中 qγ_H 剖面与气体质量面密度的对应**看似**表明 CR-ISM 线性耦合——但方位平均不尊重螺旋结构。Hunter et al. (1997) 建模的此类耦合被数据否定（例如在 14–16 kpc 给出两倍于测量值的 emissivity）。	**[FACT]** 图 4 中 q$\gamma$_H 剖面与气体质量面密度的对应**看似**表明 CR-ISM 线性耦合——但方位平均不尊重螺旋结构。Hunter et al. (1997) 建模的此类耦合被数据否定（例如在 14–16 kpc 给出两倍于测量值的 emissivity）。	R2 核素/希腊字母/单位
78	**[FACT]** 替代方案：**外银缺失气体**（γ 射线示踪 CR×气体积）。	**[FACT]** 替代方案：**外银缺失气体**（$\gamma$ 射线示踪 CR×气体积）。	R2 核素/希腊字母/单位
79	- CNM 冷 HI 更容易自吸收 → 8.5 到 10 kpc 内 CNM 分数减半不足以抚平 qγ_H 剖面。	- CNM 冷 HI 更容易自吸收 → 8.5 到 10 kpc 内 CNM 分数减半不足以抚平 q$\gamma$_H 剖面。	R2 核素/希腊字母/单位
82	- γ 射线分析含 γ-ray + dust 图来考虑缺失 DNM，但只有视线积分，且尘埃/气体比径向随金属度下降而下降 → 向下偏差（Sandstrom 2013）。	- $\gamma$ 射线分析含 $\gamma$-ray + dust 图来考虑缺失 DNM，但只有视线积分，且尘埃/气体比径向随金属度下降而下降 → 向下偏差（Sandstrom 2013）。	R2 核素/希腊字母/单位
86	**[FACT]** 图 5（全天图）：Fermi-LAT γ 强度（>1 GeV，6 年）与 Planck+IRAS 353 GHz 尘埃光学深度——两者大体示踪相同总气体柱密度（γ 射线加权 CR 密度，尘埃加权 dust-to-gas 与星光加热），细节上高度相似。	**[FACT]** 图 5（全天图）：Fermi-LAT $\gamma$ 强度（>1 GeV，6 年）与 Planck+IRAS 353 GHz 尘埃光学深度——两者大体示踪相同总气体柱密度（$\gamma$ 射线加权 CR 密度，尘埃加权 dust-to-gas 与星光加热），细节上高度相似。	R2 核素/希腊字母/单位
88	**[FACT]** 展示总 ISM 在 γ 射线与尘埃之间紧密协同 → 即使朝向活跃内区，GeV–TeV 核的 CR 密度**无大变化**。	**[FACT]** 展示总 ISM 在 $\gamma$ 射线与尘埃之间紧密协同 → 即使朝向活跃内区，GeV–TeV 核的 CR 密度**无大变化**。	R2 核素/希腊字母/单位
92	**[FACT]** 图 6：内银河 20 keV – 100 GeV γ 射线谱（INTEGRAL-SPI + COMPTEL + Fermi-LAT）+ 组分分解（π 衰变、逆 Compton、韧致 + 正电子素）——GALPROP 模型与 Fermi-LAT 数据在宽天空区域与各种能谱上**全局一致**（Ackermann 2012g）。	**[FACT]** 图 6：内银河 20 keV – 100 GeV $\gamma$ 射线谱（INTEGRAL-SPI + COMPTEL + Fermi-LAT）+ 组分分解（$\pi$ 衰变、逆 Compton、韧致 + 正电子素）——GALPROP 模型与 Fermi-LAT 数据在宽天空区域与各种能谱上**全局一致**（Ackermann 2012g）。	R2 核素/希腊字母/单位
96	- 1–30 MeV 范围发射高于预测（或许 MeV γ 射线源群体）。	- 1–30 MeV 范围发射高于预测（或许 MeV $\gamma$ 射线源群体）。	R2 核素/希腊字母/单位
99	## 4.7 §4.3.1 未分辨 γ 射线源群体	## 4.7 §4.3.1 未分辨 $\gamma$ 射线源群体	R2 核素/希腊字母/单位
101	**[FACT]** 扩展 SNR 可能贡献"看似"弥漫的 γ 射线与 GeV 超出（Völk & Berezhko 2013）。	**[FACT]** 扩展 SNR 可能贡献"看似"弥漫的 $\gamma$ 射线与 GeV 超出（Völk & Berezhko 2013）。	R2 核素/希腊字母/单位
105	**[FACT]** 中间/老脉冲星在空间上**不与气体结构强关联** → qγ_H 的测量（基于 γ 射线与气体柱密度空间关联）只要气体与污染源分布不强烈空间相关，就不受影响。在螺旋臂相切方向与银河中心拥挤区域这一条件可能失效。	**[FACT]** 中间/老脉冲星在空间上**不与气体结构强关联** → q$\gamma$_H 的测量（基于 $\gamma$ 射线与气体柱密度空间关联）只要气体与污染源分布不强烈空间相关，就不受影响。在螺旋臂相切方向与银河中心拥挤区域这一条件可能失效。	R2 核素/希腊字母/单位
115	- **[FACT]** Bubbles γ 射线辐射功率 **2×$10^{30}$ W**；粒子性质（强子/轻子）未知。	- **[FACT]** Bubbles $\gamma$ 射线辐射功率 **2×$10^{30}$ W**；粒子性质（强子/轻子）未知。	R2 核素/希腊字母/单位
119	- HESS 漫射 TeV 发射归因于 π 衰变（Aharonian 2006）	- HESS 漫射 TeV 发射归因于 $\pi$ 衰变（Aharonian 2006）	R2 核素/希腊字母/单位
124	- **[FACT]** 1 GeV（Fermi-LAT）到 40 TeV（HESS）两个明亮 γ 射线源，谱匹配但复杂（Chernyakova 2011）。	- **[FACT]** 1 GeV（Fermi-LAT）到 40 TeV（HESS）两个明亮 $\gamma$ 射线源，谱匹配但复杂（Chernyakova 2011）。	R2 核素/希腊字母/单位
130	**[FACT]** 图 7：银河系从射电到 γ 的多波段光度谱（Strong 2010）——一个银河系外（如 M31）观测者看到的。	**[FACT]** 图 7：银河系从射电到 $\gamma$ 的多波段光度谱（Strong 2010）——一个银河系外（如 M31）观测者看到的。	R2 核素/希腊字母/单位
132	- 强子与轻子过程**功率相当**；轻子发射在同步辐射与 γ 射线带大致相等。	- 强子与轻子过程**功率相当**；轻子发射在同步辐射与 $\gamma$ 射线带大致相等。	R2 核素/希腊字母/单位
142	### Figure 4 — γ-ray emissivity qγ_H	### Figure 4 — $\gamma$-ray emissivity q$\gamma$_H	R2 核素/希腊字母/单位
143	- **Panels (a,b,d)**：不同云/区域内 qγ_H 谱，错误条包含统计误差 + HI 光学深度 + Fermi-LAT 曝光不确定度。	- **Panels (a,b,d)**：不同云/区域内 q$\gamma$_H 谱，错误条包含统计误差 + HI 光学深度 + Fermi-LAT 曝光不确定度。	R2 核素/希腊字母/单位
144	- **Panel (c)**：银河系半径分布——qγ_H 积分（>400 MeV）作为 CR 密度代理 + 总气体质量面密度 + GALPROP 建模 CR 密度（halo 高 10, 4, 2 kpc，源分布按 pulsar Lorimer 2006 模型 C）。	- **Panel (c)**：银河系半径分布——q$\gamma$_H 积分（>400 MeV）作为 CR 密度代理 + 总气体质量面密度 + GALPROP 建模 CR 密度（halo 高 10, 4, 2 kpc，源分布按 pulsar Lorimer 2006 模型 C）。	R2 核素/希腊字母/单位
145	- **[FACT]** qγ_H 从 Local 到外臂仅降 20–40% → CR 梯度问题；与 halo 10 kpc 上下限勉强相容。	- **[FACT]** q$\gamma$_H 从 Local 到外臂仅降 20–40% → CR 梯度问题；与 halo 10 kpc 上下限勉强相容。	R2 核素/希腊字母/单位
147	### Figure 5 — 全天 γ 射线 vs 尘埃	### Figure 5 — 全天 $\gamma$ 射线 vs 尘埃	R2 核素/希腊字母/单位
148	- **[FACT]** 展示总气体在 γ 与尘埃之间的强相关 → CR 密度在银河系内广泛均匀。	- **[FACT]** 展示总气体在 $\gamma$ 与尘埃之间的强相关 → CR 密度在银河系内广泛均匀。	R2 核素/希腊字母/单位
150	### Figure 6 — 内银河 γ 谱	### Figure 6 — 内银河 $\gamma$ 谱	R2 核素/希腊字母/单位
155	- **[FACT]** 强子（π 衰变）与轻子（逆 Compton, 同步辐射）相当；质子仅 10% 损失；总 CR 光度 ~$10^{41}$ erg/s。	- **[FACT]** 强子（$\pi$ 衰变）与轻子（逆 Compton, 同步辐射）相当；质子仅 10% 损失；总 CR 光度 ~$10^{41}$ erg/s。	R2 核素/希腊字母/单位
164	| 本地 ISM ζ_H^CR | 1.4×$10^{-17}$ s⁻¹（Voyager 1） |	| 本地 ISM $\zeta$_H^CR | 1.4×$10^{-17}$ s⁻¹（Voyager 1） |	R2 核素/希腊字母/单位
166	| ζ_H^CR 上限 | 2.8×$10^{-14}$ s⁻¹ |	| $\zeta$_H^CR 上限 | 2.8×$10^{-14}$ s⁻¹ |	R2 核素/希腊字母/单位
167	| qγ_H 外臂降幅 | 20–40% |	| q$\gamma$_H 外臂降幅 | 20–40% |	R2 核素/希腊字母/单位
171	| Bubbles γ 功率 | 2×$10^{30}$ W |	| Bubbles $\gamma$ 功率 | 2×$10^{30}$ W |	R2 核素/希腊字母/单位
23	**[FACT]** 电离光子限制在电离源近邻（电离界定光致电离星云）。外部 UV 星光 (hν <13.6 eV) 可穿透气体，电离 C、S、Si、Mg、Fe 等低电离势元素，直到尘埃屏蔽。	**[FACT]** 电离光子限制在电离源近邻（电离界定光致电离星云）。外部 UV 星光 (h$\nu$ <13.6 eV) 可穿透气体，电离 C、S、Si、Mg、Fe 等低电离势元素，直到尘埃屏蔽。	R2 核素/希腊字母/单位
50	**[FACT]** CR 在中性气体中的加热率：~$10^{-27}$ (ζ_H^CR / $10^{-16}$) erg s⁻¹ 每 H。	**[FACT]** CR 在中性气体中的加热率：~$10^{-27}$ ($\zeta$_H^CR / $10^{-16}$) erg s⁻¹ 每 H。	R2 核素/希腊字母/单位
58	**[FACT]** $H_{2}$ 气体放电产生特征 UV 发射谱 λ <200 nm。CR 电离 $H_{2}$ 的次级电子可在分子云深处产生**内部 UV 源**（星光不穿透的区域）。	**[FACT]** $H_{2}$ 气体放电产生特征 UV 发射谱 $\lambda$ <200 nm。CR 电离 $H_{2}$ 的次级电子可在分子云深处产生**内部 UV 源**（星光不穿透的区域）。	R2 核素/希腊字母/单位
66	**[FACT]** 多数星际分子由**连续吸收过程**光解 → CR 诱导 UV 光解速率与 ζ_$H_{2}$^CR 线性相关，依赖尘埃散射/吸收的平均概率。	**[FACT]** 多数星际分子由**连续吸收过程**光解 → CR 诱导 UV 光解速率与 $\zeta$_$H_{2}$^CR 线性相关，依赖尘埃散射/吸收的平均概率。	R2 核素/希腊字母/单位
70	**[FACT]** 例如 ζ_$H_{2}$^CR = $10^{-16}$ s⁻¹ 时 $N_{2}$ 光解速率 ~$10^{-15}$ s⁻¹，而 ¹⁴N¹⁵N 同位素不同（Heays 2014）。这是星际空间 $N_{2}$ 重同位素富集的过程之一。	**[FACT]** 例如 $\zeta$_$H_{2}$^CR = $10^{-16}$ s⁻¹ 时 $N_{2}$ 光解速率 ~$10^{-15}$ s⁻¹，而 $^{14}{\rm N}$$^{15}{\rm N}$ 同位素不同（Heays 2014）。这是星际空间 $N_{2}$ 重同位素富集的过程之一。	R2 核素/希腊字母/单位
74	**[FACT]** 尘埃颗粒 ~占总星际物质的 **1%**。星际尘埃典型直径 ~0.1 μm，几何截面 ~$10^{-21}$ cm² 每 H。	**[FACT]** 尘埃颗粒 ~占总星际物质的 **1%**。星际尘埃典型直径 ~0.1 $\mu$m，几何截面 ~$10^{-21}$ cm² 每 H。	R2 核素/希腊字母/单位
88	- 丰度由**散裂**控制：银河系 CR p 与 α 粒子在 C、N、O 上产生 ⁶Li、⁷Li、⁹Be、¹⁰B、¹¹B。	- 丰度由**散裂**控制：银河系 CR p 与 $\alpha$ 粒子在 C、N、O 上产生 $^{6}{\rm Li}$、$^{7}{\rm Li}$、$^{9}{\rm Be}$、$^{10}{\rm B}$、$^{11}{\rm B}$。	R2 核素/希腊字母/单位
95	- **⁶Li、⁹Be、¹⁰B**：主要由 ISM CR 散裂产生。	- **$^{6}{\rm Li}$、$^{9}{\rm Be}$、$^{10}{\rm B}$**：主要由 ISM CR 散裂产生。	R2 核素/希腊字母/单位
96	- **⁷Li**：散裂 + (ν,He) 超新星 + Big Bang + AGB + novae。	- **$^{7}{\rm Li}$**：散裂 + ($\nu$,He) 超新星 + Big Bang + AGB + novae。	R2 核素/希腊字母/单位
97	- **¹¹B**：散裂 + (ν,C) 超新星 + AGB + novae。	- **$^{11}{\rm B}$**：散裂 + ($\nu$,C) 超新星 + AGB + novae。	R2 核素/希腊字母/单位
101	**[FACT]** ⁷Li/⁶Li 在星际介质可直接测量：	**[FACT]** $^{7}{\rm Li}$/$^{6}{\rm Li}$ 在星际介质可直接测量：	R2 核素/希腊字母/单位
103	- 在 IC 443 附近观测到的低 ⁷Li/⁶Li 提供最近 CR 散裂产生 Li 的进一步证据，并表明**超新星事件中微子诱导散裂在 Li 产生中次要**（Taylor 2012）。	- 在 IC 443 附近观测到的低 $^{7}{\rm Li}$/$^{6}{\rm Li}$ 提供最近 CR 散裂产生 Li 的进一步证据，并表明**超新星事件中微子诱导散裂在 Li 产生中次要**（Taylor 2012）。	R2 核素/希腊字母/单位
107	**[FACT]** B 与 ¹⁰B/¹¹B 在星际气体中的丰度已有研究（Lambert 1998; Howk 2000; Ritchey 2011）。	**[FACT]** B 与 $^{10}{\rm B}$/$^{11}{\rm B}$ 在星际气体中的丰度已有研究（Lambert 1998; Howk 2000; Ritchey 2011）。	R2 核素/希腊字母/单位
111	**[FACT]** 高红移星系（z = 2.0–2.6）damped Lα 系统吸收光谱已检测到 B（Prochaska 2003; Berg 2013）。**逆散裂**（星际 H、He 作靶）在贫金属 ISM 中可能主导 → 应随红移增强。	**[FACT]** 高红移星系（z = 2.0–2.6）damped L$\alpha$ 系统吸收光谱已检测到 B（Prochaska 2003; Berg 2013）。**逆散裂**（星际 H、He 作靶）在贫金属 ISM 中可能主导 → 应随红移增强。	R2 核素/希腊字母/单位
156	| CR 加热率 | ~$10^{-27}$ (ζ_H^CR/$10^{-16}$) erg s⁻¹ 每 H |	| CR 加热率 | ~$10^{-27}$ ($\zeta$_H^CR/$10^{-16}$) erg s⁻¹ 每 H |	R2 核素/希腊字母/单位
159	| ⁷Li/⁶Li (星际) | ~2 |	| $^{7}{\rm Li}$/$^{6}{\rm Li}$ (星际) | ~2 |	R2 核素/希腊字母/单位
160	| ⁷Li/⁶Li (太阳系) | 12.3 |	| $^{7}{\rm Li}$/$^{6}{\rm Li}$ (太阳系) | 12.3 |	R2 核素/希腊字母/单位
15	**[FACT]** 17 个显著 SNR 的 GeV（Fermi-LAT）与 TeV（HESS、MAGIC、VERITAS）γ 射线发射与它们关联，若干情况下有令人信服但非确定的 in situ 加速 CR 核证据。	**[FACT]** 17 个显著 SNR 的 GeV（Fermi-LAT）与 TeV（HESS、MAGIC、VERITAS）$\gamma$ 射线发射与它们关联，若干情况下有令人信服但非确定的 in situ 加速 CR 核证据。	R2 核素/希腊字母/单位
27	**[FACT]** 少数 γ 射线发射 SNR 追赶周围的云 → 云作为量热器估计逃逸 CR 总能量。	**[FACT]** 少数 $\gamma$ 射线发射 SNR 追赶周围的云 → 云作为量热器估计逃逸 CR 总能量。	R2 核素/希腊字母/单位
32	- 激波在致密云中的减速 + 致密气体中离子-中性碰撞的 Alfvén 波增强耗散 → 如何影响 CR/γ 谱未知（Ellison & Bykov 2011; Fang & Zhang 2013）。	- 激波在致密云中的减速 + 致密气体中离子-中性碰撞的 Alfvén 波增强耗散 → 如何影响 CR/$\gamma$ 谱未知（Ellison & Bykov 2011; Fang & Zhang 2013）。	R2 核素/希腊字母/单位
33	- 现有银河 CR 在碎云中被慢激波**再加速**的可能性；或早前 SNR 加速的粒子被留在相互作用区产生 π 衰变（即使激波加速当前不活跃，Uchiyama 2010; Tang & Chevalier 2014）。	- 现有银河 CR 在碎云中被慢激波**再加速**的可能性；或早前 SNR 加速的粒子被留在相互作用区产生 $\pi$ 衰变（即使激波加速当前不活跃，Uchiyama 2010; Tang & Chevalier 2014）。	R2 核素/希腊字母/单位
43	**[FACT]** 在 W51C（Ceccarelli 2011）与 W28（Vaupré 2014）的 γ 射线 SNR 附近分子气体中，电离率提高**高达 $10^{2}$ 倍**（基于 HCO⁺、DCO⁺ 毫米波谱）。	**[FACT]** 在 W51C（Ceccarelli 2011）与 W28（Vaupré 2014）的 $\gamma$ 射线 SNR 附近分子气体中，电离率提高**高达 $10^{2}$ 倍**（基于 HCO⁺、DCO⁺ 毫米波谱）。	R2 核素/希腊字母/单位
46	- H¹²C¹⁶O⁺ 主同位素丰度因饱和无法定 → 温度/密度分布未知。	- H$^{12}{\rm C}$$^{16}{\rm O}$⁺ 主同位素丰度因饱和无法定 → 温度/密度分布未知。	R2 核素/希腊字母/单位
49	**[FACT]** $H_{3}$⁺ 是更直接超热电离示踪：Indriolo 2010 沿穿过 IC 443 附近的六条视线测得 ζ_$H_{2}$^CR ≈ **2×$10^{-15}$ s⁻¹**（两情况）。	**[FACT]** $H_{3}$⁺ 是更直接超热电离示踪：Indriolo 2010 沿穿过 IC 443 附近的六条视线测得 $\zeta$_$H_{2}$^CR ≈ **2×$10^{-15}$ s⁻¹**（两情况）。	R2 核素/希腊字母/单位
51	**[FACT]** $H_{2}$⁺ 可能在极端情况（积分 ζ_$H_{2}$^CR × n($H_{2}$) dℓ = η ≥ $10^{9}$ s⁻¹ cm⁻²）在 IR/射电波长可探测（Becker 2011）。η ~$10^{9}$ s⁻¹ cm⁻² 时 $H_{3}$⁺ 远 IR 变形诱导转动跃迁也可能探测（Pan & Oka 1986; Black 1998）。	**[FACT]** $H_{2}$⁺ 可能在极端情况（积分 $\zeta$_$H_{2}$^CR × n($H_{2}$) dℓ = $\eta$ ≥ $10^{9}$ s⁻¹ cm⁻²）在 IR/射电波长可探测（Becker 2011）。$\eta$ ~$10^{9}$ s⁻¹ cm⁻² 时 $H_{3}$⁺ 远 IR 变形诱导转动跃迁也可能探测（Pan & Oka 1986; Black 1998）。	R2 核素/希腊字母/单位
60	- H⁺ + O ⇌ H⁺O⁺ 近共振电荷转移（T <300 K 温度敏感）。	- H⁺ + O ⇌ H$^{+}{\rm O}$⁺ 近共振电荷转移（T <300 K 温度敏感）。	R2 核素/希腊字母/单位
101	- ζ_$H_{2}$^CR 范围 (1.7±1.3)×$10^{-16}$ < ζ_$H_{2}$^CR < (10.6±8.2)×$10^{-16}$ s⁻¹	- $\zeta$_$H_{2}$^CR 范围 (1.7±1.3)×$10^{-16}$ < $\zeta$_$H_{2}$^CR < (10.6±8.2)×$10^{-16}$ s⁻¹	R2 核素/希腊字母/单位
102	- 上界可低至 ζ_$H_{2}$^CR < 0.4×$10^{-16}$ s⁻¹	- 上界可低至 $\zeta$_$H_{2}$^CR < 0.4×$10^{-16}$ s⁻¹	R2 核素/希腊字母/单位
103	- **平均值 ⟨ζ_$H_{2}$^CR⟩ = 3.5 (+5.3 / −3.0) × $10^{-16}$ s⁻¹**	- **平均值 ⟨$\zeta$_$H_{2}$^CR⟩ = 3.5 (+5.3 / −3.0) × $10^{-16}$ s⁻¹**	R2 核素/希腊字母/单位
106	**[FACT]** Indriolo (2012) 结合 IR $H_{3}$⁺ 与亚毫米 OH⁺、$H_{2}$O⁺（W51 弥漫云）→ f($H_{2}$) 与 ζ_$H_{2}$^CR = (4.8±3.4)×$10^{-16}$ s⁻¹。	**[FACT]** Indriolo (2012) 结合 IR $H_{3}$⁺ 与亚毫米 OH⁺、$H_{2}$O⁺（W51 弥漫云）→ f($H_{2}$) 与 $\zeta$_$H_{2}$^CR = (4.8±3.4)×$10^{-16}$ s⁻¹。	R2 核素/希腊字母/单位
117	- **CMZ 电离率 ζ_$H_{2}$^CR ≈ (2–7)×$10^{-15}$ s⁻¹**（Oka 2005; Goto 2013）——约是银河系盘的 **10 倍**。	- **CMZ 电离率 $\zeta$_$H_{2}$^CR ≈ (2–7)×$10^{-15}$ s⁻¹**（Oka 2005; Goto 2013）——约是银河系盘的 **10 倍**。	R2 核素/希腊字母/单位
121	- ζ_$H_{2}$^CR > 1.6×$10^{-15}$ s⁻¹（Goto 2014）。	- $\zeta$_$H_{2}$^CR > 1.6×$10^{-15}$ s⁻¹（Goto 2014）。	R2 核素/希腊字母/单位
135	- CMZ 外此气体成分的 ζ_H^CR **对数正态分布**，均值 **ζ_H^CR = 1.8×$10^{-16}$ s⁻¹**，标准差（log 空间）**0.29**。	- CMZ 外此气体成分的 $\zeta$_H^CR **对数正态分布**，均值 **$\zeta$_H^CR = 1.8×$10^{-16}$ s⁻¹**，标准差（log 空间）**0.29**。	R2 核素/希腊字母/单位
137	- 因 ζ_H^CR ≈ 0.65 ζ_$H_{2}$^CR，与 §6.3 从 $H_{3}$⁺ 得的一致。	- 因 $\zeta$_H^CR ≈ 0.65 $\zeta$_$H_{2}$^CR，与 §6.3 从 $H_{3}$⁺ 得的一致。	R2 核素/希腊字母/单位
158	| IC 443 ζ_$H_{2}$^CR ($H_{3}$⁺) | ~2×$10^{-15}$ s⁻¹ |	| IC 443 $\zeta$_$H_{2}$^CR ($H_{3}$⁺) | ~2×$10^{-15}$ s⁻¹ |	R2 核素/希腊字母/单位
159	| $H_{2}$⁺ 探测阈值 η | ≥$10^{9}$ s⁻¹ cm⁻² |	| $H_{2}$⁺ 探测阈值 $\eta$ | ≥$10^{9}$ s⁻¹ cm⁻² |	R2 核素/希腊字母/单位
160	| 弥漫云 ⟨ζ_$H_{2}$^CR⟩ ($H_{3}$⁺) | 3.5 (+5.3 / −3.0) × $10^{-16}$ s⁻¹ |	| 弥漫云 ⟨$\zeta$_$H_{2}$^CR⟩ ($H_{3}$⁺) | 3.5 (+5.3 / −3.0) × $10^{-16}$ s⁻¹ |	R2 核素/希腊字母/单位
161	| CMZ ζ_$H_{2}$^CR | (2–7)×$10^{-15}$ s⁻¹ |	| CMZ $\zeta$_$H_{2}$^CR | (2–7)×$10^{-15}$ s⁻¹ |	R2 核素/希腊字母/单位
162	| 中心星团 ζ_$H_{2}$^CR | >1.6×$10^{-15}$ s⁻¹ |	| 中心星团 $\zeta$_$H_{2}$^CR | >1.6×$10^{-15}$ s⁻¹ |	R2 核素/希腊字母/单位
164	| ζ_H^CR 均值（CMZ 外） | 1.8×$10^{-16}$ s⁻¹ |	| $\zeta$_H^CR 均值（CMZ 外） | 1.8×$10^{-16}$ s⁻¹ |	R2 核素/希腊字母/单位
165	| ζ_H^CR ↔ ζ_$H_{2}$^CR 关系 | ζ_H ≈ 0.65 ζ_$H_{2}$ |	| $\zeta$_H^CR ↔ $\zeta$_$H_{2}$^CR 关系 | $\zeta$_H ≈ 0.65 $\zeta$_$H_{2}$ |	R2 核素/希腊字母/单位
11	**[FACT]** 准确示踪所有云尺度的气体质量是理解星系演化与恒星形成效率的关键。γ 射线与尘埃发射示踪**整个气体**（不论化学/热状态），但缺点是沿视线积分 N_H 全银河。	**[FACT]** 准确示踪所有云尺度的气体质量是理解星系演化与恒星形成效率的关键。$\gamma$ 射线与尘埃发射示踪**整个气体**（不论化学/热状态），但缺点是沿视线积分 N_H 全银河。	R2 核素/希腊字母/单位
17	**[FACT]** γ-ray 与尘埃**空间相关性**是关键：排除 dust-to-gas 比、尘埃不透明度或 CR 流的局部变化（Planck & Fermi Collab. 2015）。	**[FACT]** $\gamma$-ray 与尘埃**空间相关性**是关键：排除 dust-to-gas 比、尘埃不透明度或 CR 流的局部变化（Planck & Fermi Collab. 2015）。	R2 核素/希腊字母/单位
20	- 首次 γ+dust 研究：~30% CO-bright（Grenier 2005）	- 首次 $\gamma$+dust 研究：~30% CO-bright（Grenier 2005）	R2 核素/希腊字母/单位
26	**[FACT]** HI 自旋温度选择改变 N_HI 图中峰谷对比 → 可用 γ 射线检验（Abdo 2010b; Ackermann 2012e; Planck & Fermi Collab. 2015）。	**[FACT]** HI 自旋温度选择改变 N_HI 图中峰谷对比 → 可用 $\gamma$ 射线检验（Abdo 2010b; Ackermann 2012e; Planck & Fermi Collab. 2015）。	R2 核素/希腊字母/单位
45	**[FACT]** 图 9(b)：γ-ray 估算 DNM 中 A_V/N_H 与 HI 气体相当。	**[FACT]** 图 9(b)：$\gamma$-ray 估算 DNM 中 A_V/N_H 与 HI 气体相当。	R2 核素/希腊字母/单位
56	**[FACT]** 图 9(a)：γ 射线在本地 ISM 与外银河的 X_CO 测量 vs CO 辐射转移结果（[C]/[H] 丰度梯度，Pineda 2013）。	**[FACT]** 图 9(a)：$\gamma$ 射线在本地 ISM 与外银河的 X_CO 测量 vs CO 辐射转移结果（[C]/[H] 丰度梯度，Pineda 2013）。	R2 核素/希腊字母/单位
58	**[FACT]** γ 射线方法**无需金属度或 CR 密度梯度**假设，只需同一复合体中 HI 与 CO-bright 之间 CR 均匀穿透。	**[FACT]** $\gamma$ 射线方法**无需金属度或 CR 密度梯度**假设，只需同一复合体中 HI 与 CO-bright 之间 CR 均匀穿透。	R2 核素/希腊字母/单位
63	- γ 射线在 Gould Belt 云（pc 尺度）平均 X_CO = **0.9 × $10^{20}$ cm⁻² K⁻¹ km⁻¹ s**	- $\gamma$ 射线在 Gould Belt 云（pc 尺度）平均 X_CO = **0.9 × $10^{20}$ cm⁻² K⁻¹ km⁻¹ s**	R2 核素/希腊字母/单位
86	**[FACT]** 进一步比较 γ-ray 与尘埃吸收 X_CO 至关重要，判断云间变化源于气体示踪选择、云内采样尺度还是环境差异。	**[FACT]** 进一步比较 $\gamma$-ray 与尘埃吸收 X_CO 至关重要，判断云间变化源于气体示踪选择、云内采样尺度还是环境差异。	R2 核素/希腊字母/单位
90	**[FACT]** 同步辐射（CR e⁻/e⁺）是 γ 射线示踪核子的**重要补充**，联合分析 γ 与同步辐射可解除"粒子分布 vs 磁场"简并。	**[FACT]** 同步辐射（CR e⁻/e⁺）是 $\gamma$ 射线示踪核子的**重要补充**，联合分析 $\gamma$ 与同步辐射可解除"粒子分布 vs 磁场"简并。	R2 核素/希腊字母/单位
118	- 银河系半径分布上：X_CO 的 γ 射线测量 vs CO ¹²CO/¹³CO 线辐射转移（[C]/[H] 丰度梯度，Pineda 2013）+ 尘埃发射/吸收测量示例。	- 银河系半径分布上：X_CO 的 $\gamma$ 射线测量 vs CO $^{12}{\rm C}$O/$^{13}{\rm C}$O 线辐射转移（[C]/[H] 丰度梯度，Pineda 2013）+ 尘埃发射/吸收测量示例。	R2 核素/希腊字母/单位
119	- **[FACT]** 尘埃发射估计（Chamaeleon 粉色矩形，Planck & Fermi 2015）与 |b|>10° 绿色矩形（Planck 2011b）**超过** γ-ray 值。	- **[FACT]** 尘埃发射估计（Chamaeleon 粉色矩形，Planck & Fermi 2015）与 |b|>10° 绿色矩形（Planck 2011b）**超过** $\gamma$-ray 值。	R2 核素/希腊字母/单位
120	- **[FACT]** 尘埃吸收（Paradis 2012）与 100 μm 流量（Dame 2001）**与 γ 平均值一致**。	- **[FACT]** 尘埃吸收（Paradis 2012）与 100 $\mu$m 流量（Dame 2001）**与 $\gamma$ 平均值一致**。	R2 核素/希腊字母/单位
133	**Panel (a)**：N_Hγ 与 τ_353 或 R 的 2D 直方图相关。	**Panel (a)**：N_H$\gamma$ 与 $\tau$_353 或 R 的 2D 直方图相关。	R2 核素/希腊字母/单位
134	**Panel (b)**：τ_353/N_H 与 4πR/N_H 随 N_H mλ 的变化。	**Panel (b)**：$\tau$_353/N_H 与 4$\pi$R/N_H 随 N_H m$\lambda$ 的变化。	R2 核素/希腊字母/单位
136	- **[FACT]** τ_353/N_H 上升 2–4.6 倍；4πR/N_H 下降 ~2 倍。	- **[FACT]** $\tau$_353/N_H 上升 2–4.6 倍；4$\pi$R/N_H 下降 ~2 倍。	R2 核素/希腊字母/单位
15	**[FACT]** ²²Ne/²⁰Ne、Si/Fe、N–Sr 丰度给出银河系本地螺旋臂 1–20 Myr 的积分记录（Lingenfelter & Higdon 2007）。	**[FACT]** $^{22}{\rm Ne}$/$^{20}{\rm Ne}$、Si/Fe、N–Sr 丰度给出银河系本地螺旋臂 1–20 Myr 的积分记录（Lingenfelter & Higdon 2007）。	R2 核素/希腊字母/单位
19	**[FACT]** ⁵⁹Ni 缺失 → SN 合成到重核加速之间 **≥0.1 Myr**（Wiedenbeck 1999; Binns 2007）。0.1 Myr 是 ⁵⁹Ni 电子俘获衰变所需时间（被剥离电子的裸核加速时会存活）。	**[FACT]** $^{59}{\rm Ni}$ 缺失 → SN 合成到重核加速之间 **≥0.1 Myr**（Wiedenbeck 1999; Binns 2007）。0.1 Myr 是 $^{59}{\rm Ni}$ 电子俘获衰变所需时间（被剥离电子的裸核加速时会存活）。	R2 核素/希腊字母/单位
21	**[FACT]** 论证：OB 群中 SN 平均时间间隔相对 ⁵⁹Ni 半衰期足够长，防止最近合成的 ⁵⁹Ni 在衰变前被加速。	**[FACT]** 论证：OB 群中 SN 平均时间间隔相对 $^{59}{\rm Ni}$ 半衰期足够长，防止最近合成的 $^{59}{\rm Ni}$ 在衰变前被加速。	R2 核素/希腊字母/单位
23	**[FACT]** 未知：**⁵⁹Ni 被恒星风激波加速**（衰变前）的可能性；以及多激波在星暴区高度湍动介质中的集体作用（Bykov & Toptygin 2001; Ferrand & Marcowith 2010）。	**[FACT]** 未知：**$^{59}{\rm Ni}$ 被恒星风激波加速**（衰变前）的可能性；以及多激波在星暴区高度湍动介质中的集体作用（Bykov & Toptygin 2001; Ferrand & Marcowith 2010）。	R2 核素/希腊字母/单位
39	**[FACT]** 硬 γ 射线不能由以下解释：	**[FACT]** 硬 $\gamma$ 射线不能由以下解释：	R2 核素/希腊字母/单位
55	- 磁湍动近饱和 → CR 扩散长度比正常 ISM 小 100 倍 → 质子高效困住 100 kyr（与 ⁵⁹Ni 时标一致）。	- 磁湍动近饱和 → CR 扩散长度比正常 ISM 小 100 倍 → 质子高效困住 100 kyr（与 $^{59}{\rm Ni}$ 时标一致）。	R2 核素/希腊字母/单位
61	**[FACT]** 邻近外部星系提供从外部研究 CR 分布的机会（射电 + γ 射线）。	**[FACT]** 邻近外部星系提供从外部研究 CR 分布的机会（射电 + $\gamma$ 射线）。	R2 核素/希腊字母/单位
84	**[FACT]** 类似：FIR–γ 相关（若星系是好质子量热器）。	**[FACT]** 类似：FIR–$\gamma$ 相关（若星系是好质子量热器）。	R2 核素/希腊字母/单位
88	**[FACT]** 星暴星系提供极端测试案例。Fermi-LAT 已探测 4 个（M82、NGC 253、NGC 1068、NGC 4945），γ 光度与 FIR/射电连续量化的 SFR 标度（Abdo 2010a; Ackermann 2012c）。	**[FACT]** 星暴星系提供极端测试案例。Fermi-LAT 已探测 4 个（M82、NGC 253、NGC 1068、NGC 4945），$\gamma$ 光度与 FIR/射电连续量化的 SFR 标度（Abdo 2010a; Ackermann 2012c）。	R2 核素/希腊字母/单位
92	**[FACT]** 缩放律与射电+γ 谱的首次诠释（Abramowski 2012; Ackermann 2012c; Paglione & Abrahams 2012; Yoast-Hull 2013）：	**[FACT]** 缩放律与射电+$\gamma$ 谱的首次诠释（Abramowski 2012; Ackermann 2012c; Paglione & Abrahams 2012; Yoast-Hull 2013）：	R2 核素/希腊字母/单位
96	**[FACT]** 至 TeV 的硬/平谱支持 CR 核的**能量无关损失机制**优于形成静默星系 γ 谱的扩散损失。	**[FACT]** 至 TeV 的硬/平谱支持 CR 核的**能量无关损失机制**优于形成静默星系 $\gamma$ 谱的扩散损失。	R2 核素/希腊字母/单位
100	**[FACT]** 射电与 γ 谱联合诠释约束气体密度、磁场强度、电离率，**独立于最小能量假设**（Paglione & Abrahams 2012）。	**[FACT]** 射电与 $\gamma$ 谱联合诠释约束气体密度、磁场强度、电离率，**独立于最小能量假设**（Paglione & Abrahams 2012）。	R2 核素/希腊字母/单位
104	**[FACT]** NGC 253 中心弱星暴 SN 率上限 <0.2 yr⁻¹（Rampadarath 2014）——可能约束那里的 γ 射线诠释。	**[FACT]** NGC 253 中心弱星暴 SN 率上限 <0.2 yr⁻¹（Rampadarath 2014）——可能约束那里的 $\gamma$ 射线诠释。	R2 核素/希腊字母/单位
108	**[FACT]** 分子离子观测 → Arp 220 中 ζ_$H_{2}$^CR > **$10^{-13}$ s⁻¹**（González-Alfonso 2013）——**比 CMZ 高 ~$10^{2}$ 倍**，并可示踪巨大星系风。	**[FACT]** 分子离子观测 → Arp 220 中 $\zeta$_$H_{2}$^CR > **$10^{-13}$ s⁻¹**（González-Alfonso 2013）——**比 CMZ 高 ~$10^{2}$ 倍**，并可示踪巨大星系风。	R2 核素/希腊字母/单位
110	## 8.5 §8.5 γ Rays in Extragalactic Space	## 8.5 §8.5 $\gamma$ Rays in Extragalactic Space	R2 核素/希腊字母/单位
112	**[FACT]** 河外 γ 射线背景（EGB）是基本可观测量，与射电、IR、光学、X 射线互补。	**[FACT]** 河外 $\gamma$ 射线背景（EGB）是基本可观测量，与射电、IR、光学、X 射线互补。	R2 核素/希腊字母/单位
118	**[FACT]** 真实 EGB = 真正星际 γ 射线流，需扣除：	**[FACT]** 真实 EGB = 真正星际 $\gamma$ 射线流，需扣除：	R2 核素/希腊字母/单位
125	**[FACT]** 普通 + 星暴星系的未分辨群体可能在 **几 GeV 处主导 EGB**（因强子 π 发射，Ackermann 2012c）。	**[FACT]** 普通 + 星暴星系的未分辨群体可能在 **几 GeV 处主导 EGB**（因强子 $\pi$ 发射，Ackermann 2012c）。	R2 核素/希腊字母/单位
129	**Panel (a)**：MSX 8-μm 图像，示 PDR 发射，红点 = OB 星，红圈 = OB 群。蓝色等值线 = γ 射线 excess 0.2 γ/bin 叠加。绿色圆 = γ Cygni SNR（盘已扣除）。	**Panel (a)**：MSX 8-$\mu$m 图像，示 PDR 发射，红点 = OB 星，红圈 = OB 群。蓝色等值线 = $\gamma$ 射线 excess 0.2 $\gamma$/bin 叠加。绿色圆 = $\gamma$ Cygni SNR（盘已扣除）。	R2 核素/希腊字母/单位
131	**Panel (c)**：Fermi-LAT 10–100 GeV γ 射线光子 excess。	**Panel (c)**：Fermi-LAT 10–100 GeV $\gamma$ 射线光子 excess。	R2 核素/希腊字母/单位
132	- **[FACT]** γ excess 揭示**年轻 CR 扩散于 OB 群雕刻的电离腔**中。	- **[FACT]** $\gamma$ excess 揭示**年轻 CR 扩散于 OB 群雕刻的电离腔**中。	R2 核素/希腊字母/单位
156	| Arp 220 ζ_$H_{2}$^CR | >$10^{-13}$ s⁻¹ |	| Arp 220 $\zeta$_$H_{2}$^CR | >$10^{-13}$ s⁻¹ |	R2 核素/希腊字母/单位
160	- **[CRITIQUE]** 星暴星系 γ 射线的 CR vs AGN 贡献在若干情况下仍不清楚（Yoast-Hull 2014b）。	- **[CRITIQUE]** 星暴星系 $\gamma$ 射线的 CR vs AGN 贡献在若干情况下仍不清楚（Yoast-Hull 2014b）。	R2 核素/希腊字母/单位
17	2. **多波长数据**（γ、亚毫米、低频射电、化学化合物发射线）快速扩展我们在能量跨越数十倍、环境从星暴核到银河系外围的 CR 群体远程探测能力。	2. **多波长数据**（$\gamma$、亚毫米、低频射电、化学化合物发射线）快速扩展我们在能量跨越数十倍、环境从星暴核到银河系外围的 CR 群体远程探测能力。	R2 核素/希腊字母/单位
40	| Planck & Fermi Collab. 2015 | γ-ray + dust 联合 DNM |	| Planck & Fermi Collab. 2015 | $\gamma$-ray + dust 联合 DNM |	R2 核素/希腊字母/单位
87	├─ 10% 通过强子作用损失 → π⁰ 衰变 γ 射线（气体示踪）	├─ 10% 通过强子作用损失 → $\pi$⁰ 衰变 $\gamma$ 射线（气体示踪）	R2 核素/希腊字母/单位
88	├─ 60% 电子通过同步/IC 损失 → 同步辐射 + IC γ（电子示踪 + 磁场探针）	├─ 60% 电子通过同步/IC 损失 → 同步辐射 + IC $\gamma$（电子示踪 + 磁场探针）	R2 核素/希腊字母/单位
90	│    ├─ ζ_$H_{2}$^CR ~$10^{-16}$ s⁻¹（弥漫）→ 驱动离子化学	│    ├─ $\zeta$_$H_{2}$^CR ~$10^{-16}$ s⁻¹（弥漫）→ 驱动离子化学	R2 核素/希腊字母/单位
103	| GeV–TeV 核 | 强子 π⁰ 衰变 | γ 射线（Fermi-LAT, HESS） |	| GeV–TeV 核 | 强子 $\pi$⁰ 衰变 | $\gamma$ 射线（Fermi-LAT, HESS） |	R2 核素/希腊字母/单位
105	| GeV 电子 | 逆 Compton | γ 射线 |	| GeV 电子 | 逆 Compton | $\gamma$ 射线 |	R2 核素/希腊字母/单位
107	| 全部 | 与气体作用积分 | qγ_H  emissivity 分布 |	| 全部 | 与气体作用积分 | q$\gamma$_H  emissivity 分布 |	R2 核素/希腊字母/单位
13	| 因此 | 因此 | therefore / consequently | adv. | "**[FACT]** 宇宙线（CRs）泛指能量从 1 MeV 到约 $10^{21}$ eV 的粒子，包括从质子到锕系的核、反质子、电子和正电子。能量密度在银河系内由 GeV 质子主导，与热气体、磁场、恒星辐射和 CMB 的能量密度相当。银河系 CR 的 Larmor 半径从最低能量时的 $10^{5}$ km 到接近 $10^{15}$ eV 时的 $10^{-1}$ pc，因此方向信息在传播中完全丢失，γ 射线和射电同步辐射观测对于研究银河系 CR 的大尺度分布和谱不可或" | 因果 |	| 因此 | 因此 | therefore / consequently | adv. | "**[FACT]** 宇宙线（CRs）泛指能量从 1 MeV 到约 $10^{21}$ eV 的粒子，包括从质子到锕系的核、反质子、电子和正电子。能量密度在银河系内由 GeV 质子主导，与热气体、磁场、恒星辐射和 CMB 的能量密度相当。银河系 CR 的 Larmor 半径从最低能量时的 $10^{5}$ km 到接近 $10^{15}$ eV 时的 $10^{-1}$ pc，因此方向信息在传播中完全丢失，$\gamma$ 射线和射电同步辐射观测对于研究银河系 CR 的大尺度分布和谱不可或" | 因果 |	R2 核素/希腊字母/单位
17	| 而 | 而 | whereas / while / and | conj. | "**[FACT]** 替代方案：**外银缺失气体**（γ 射线示踪 CR×气体积）。 - CNM 冷 HI 更容易自吸收 → 8.5 到 10 kpc 内 CNM 分数减半不足以抚平 qγ_H 剖面。 - >10 kpc，15–20% CNM 均匀（Dickey 2009; Pineda 2013）。 - **暗中性介质（DNM）**：HI-bright 与 CO-bright 之间的界面，大量气体在射电巡天中遗失；超出太阳圈 DNM" | 对比/转折 |	| 而 | 而 | whereas / while / and | conj. | "**[FACT]** 替代方案：**外银缺失气体**（$\gamma$ 射线示踪 CR×气体积）。 - CNM 冷 HI 更容易自吸收 → 8.5 到 10 kpc 内 CNM 分数减半不足以抚平 q$\gamma$_H 剖面。 - >10 kpc，15–20% CNM 均匀（Dickey 2009; Pineda 2013）。 - **暗中性介质（DNM）**：HI-bright 与 CO-bright 之间的界面，大量气体在射电巡天中遗失；超出太阳圈 DNM" | 对比/转折 |	R2 核素/希腊字母/单位
21	| 例如 | 例如 | for instance / for example / e.g. | phrase | "**[FACT]** 图 4 中 qγ_H 剖面与气体质量面密度的对应**看似**表明 CR-ISM 线性耦合——但方位平均不尊重螺旋结构。Hunter et al. (1997) 建模的此类耦合被数据否定（例如在 14–16 kpc 给出两倍于测量值的 emissivity）。" | 举例 |	| 例如 | 例如 | for instance / for example / e.g. | phrase | "**[FACT]** 图 4 中 q$\gamma$_H 剖面与气体质量面密度的对应**看似**表明 CR-ISM 线性耦合——但方位平均不尊重螺旋结构。Hunter et al. (1997) 建模的此类耦合被数据否定（例如在 14–16 kpc 给出两倍于测量值的 emissivity）。" | 举例 |	R2 核素/希腊字母/单位
35	| γ 射线 | γ 射线 | 67 | §00 |	| $\gamma$ 射线 | $\gamma$ 射线 | 67 | §00 |	R2 核素/希腊字母/单位
100	4. ²²Ne/²⁰Ne 比 CR/Solar = 5.3 ± 0.3；⁵⁹Ni 缺失约束加速在 SN 后 ~0.1 Myr。	4. $^{22}{\rm Ne}$/$^{20}{\rm Ne}$ 比 CR/Solar = 5.3 ± 0.3；$^{59}{\rm Ni}$ 缺失约束加速在 SN 后 ~0.1 Myr。	R2 核素/希腊字母/单位
101	5. B/C 约束扩散 D_xx ∝ p^0.3–0.8；¹⁰Be 半衰期 1.6 Myr 定 halo 标高 4–10 kpc。	5. B/C 约束扩散 D_xx ∝ p^0.3–0.8；$^{10}{\rm Be}$ 半衰期 1.6 Myr 定 halo 标高 4–10 kpc。	R2 核素/希腊字母/单位
103	7. ζ_H^CR 本地 ~1.4×$10^{-17}$ s⁻¹；CMZ ~2–7×$10^{-15}$ s⁻¹；Arp 220 >$10^{-13}$ s⁻¹。	7. $\zeta$_H^CR 本地 ~1.4×$10^{-17}$ s⁻¹；CMZ ~2–7×$10^{-15}$ s⁻¹；Arp 220 >$10^{-13}$ s⁻¹。	R2 核素/希腊字母/单位
106	10. qγ_H 在银河系半径 0–17 kpc 变化 <40% → CR 梯度问题。	10. q$\gamma$_H 在银河系半径 0–17 kpc 变化 <40% → CR 梯度问题。	R2 核素/希腊字母/单位
137	- **Figure 4** — γ-ray emissivity qγ_H per H 的银河系半径分布 + 局部云对比	- **Figure 4** — $\gamma$-ray emissivity q$\gamma$_H per H 的银河系半径分布 + 局部云对比	R2 核素/希腊字母/单位
138	- **Figure 5** — 全天图：Fermi-LAT γ 强度（1 GeV 以上） vs Planck+IRAS 尘埃光学深度	- **Figure 5** — 全天图：Fermi-LAT $\gamma$ 强度（1 GeV 以上） vs Planck+IRAS 尘埃光学深度	R2 核素/希腊字母/单位
139	- **Figure 6** — 银河系内部 γ-ray 能谱（INTEGRAL+COMPTEL+Fermi-LAT）	- **Figure 6** — 银河系内部 $\gamma$-ray 能谱（INTEGRAL+COMPTEL+Fermi-LAT）	R2 核素/希腊字母/单位
140	- **Figure 7** — 银河系多波段光度谱（射电→γ，含 CR 功率分解）	- **Figure 7** — 银河系多波段光度谱（射电→$\gamma$，含 CR 功率分解）	R2 核素/希腊字母/单位
149	2. **Fermi Bubbles**：~50° 双对称 γ 射线气泡，2×$10^{30}$ W，与巨射电瓣（$10^{48}$ J、B ≤1.5 nT）重叠，速度 >900 km/s 的外流。	2. **Fermi Bubbles**：~50° 双对称 $\gamma$ 射线气泡，2×$10^{30}$ W，与巨射电瓣（$10^{48}$ J、B ≤1.5 nT）重叠，速度 >900 km/s 的外流。	R2 核素/希腊字母/单位
150	3. **本地 ISM 谱反推**：从 γ-ray qγ_H 得到 ζ_H^CR ≈ 1.4×$10^{-17}$ s⁻¹，CR 能量密度 1.9 eV cm⁻³。	3. **本地 ISM 谱反推**：从 $\gamma$-ray q$\gamma$_H 得到 $\zeta$_H^CR ≈ 1.4×$10^{-17}$ s⁻¹，CR 能量密度 1.9 eV cm⁻³。	R2 核素/希腊字母/单位
151	4. **CR 梯度问题**：外银河 qγ_H 仅下降 20–40%，与 halo 10 kpc 上限勉强一致。	4. **CR 梯度问题**：外银河 q$\gamma$_H 仅下降 20–40%，与 halo 10 kpc 上限勉强一致。	R2 核素/希腊字母/单位
154	7. **星暴星系 CR 反馈**：Arp 220 ζ_$H_{2}$^CR >$10^{-13}$ s⁻¹（比 CMZ 高 $10^{2}$ 倍），质子量热效率 <50%。	7. **星暴星系 CR 反馈**：Arp 220 $\zeta$_$H_{2}$^CR >$10^{-13}$ s⁻¹（比 CMZ 高 $10^{2}$ 倍），质子量热效率 <50%。	R2 核素/希腊字母/单位
160	> - **多信使观测**：直接（PAMELA, AMS-02, Voyager 1）+ 间接（γ 射线 Fermi-LAT/HESS，射电同步辐射，亚毫米分子离子谱）。	> - **多信使观测**：直接（PAMELA, AMS-02, Voyager 1）+ 间接（$\gamma$ 射线 Fermi-LAT/HESS，射电同步辐射，亚毫米分子离子谱）。	R2 核素/希腊字母/单位
161	- **γ 射线 emissivity qγ_H** 作为 CR 密度与气体的空间映射。	- **$\gamma$ 射线 emissivity q$\gamma$_H** 作为 CR 密度与气体的空间映射。	R2 核素/希腊字母/单位
162	- **次级/一次核比**（B/C、¹⁰Be/⁹Be、反质子、正电子）约束扩散系数 D_xx(p) 与再加速。	- **次级/一次核比**（B/C、$^{10}{\rm Be}$/$^{9}{\rm Be}$、反质子、正电子）约束扩散系数 D_xx(p) 与再加速。	R2 核素/希腊字母/单位
164	- **尘埃发射 + γ 射线联合** 示踪暗中性介质（DNM）。	- **尘埃发射 + $\gamma$ 射线联合** 示踪暗中性介质（DNM）。	R2 核素/希腊字母/单位
16	4. CR 如何通过 γ 射线示踪所有"隐藏"气体（DNM、CO-dark $H_{2}$）？	4. CR 如何通过 $\gamma$ 射线示踪所有"隐藏"气体（DNM、CO-dark $H_{2}$）？	R2 核素/希腊字母/单位
22	- **多信使观测**：直接（PAMELA, AMS-02, Voyager 1）+ 间接（γ 射线 Fermi-LAT/HESS，射电同步辐射，亚毫米分子离子谱）。	- **多信使观测**：直接（PAMELA, AMS-02, Voyager 1）+ 间接（$\gamma$ 射线 Fermi-LAT/HESS，射电同步辐射，亚毫米分子离子谱）。	R2 核素/希腊字母/单位
23	- **γ 射线 emissivity qγ_H** 作为 CR 密度与气体的空间映射。	- **$\gamma$ 射线 emissivity q$\gamma$_H** 作为 CR 密度与气体的空间映射。	R2 核素/希腊字母/单位
24	- **次级/一次核比**（B/C、¹⁰Be/⁹Be、反质子、正电子）约束扩散系数 D_xx(p) 与再加速。	- **次级/一次核比**（B/C、$^{10}{\rm Be}$/$^{9}{\rm Be}$、反质子、正电子）约束扩散系数 D_xx(p) 与再加速。	R2 核素/希腊字母/单位
26	- **尘埃发射 + γ 射线联合** 示踪暗中性介质（DNM）。	- **尘埃发射 + $\gamma$ 射线联合** 示踪暗中性介质（DNM）。	R2 核素/希腊字母/单位
33	2. **Fermi Bubbles**：~50° 双对称 γ 射线气泡，2×$10^{30}$ W，与巨射电瓣（$10^{48}$ J、B ≤1.5 nT）重叠，速度 >900 km/s 的外流。	2. **Fermi Bubbles**：~50° 双对称 $\gamma$ 射线气泡，2×$10^{30}$ W，与巨射电瓣（$10^{48}$ J、B ≤1.5 nT）重叠，速度 >900 km/s 的外流。	R2 核素/希腊字母/单位
34	3. **本地 ISM 谱反推**：从 γ-ray qγ_H 得到 ζ_H^CR ≈ 1.4×$10^{-17}$ s⁻¹，CR 能量密度 1.9 eV cm⁻³。	3. **本地 ISM 谱反推**：从 $\gamma$-ray q$\gamma$_H 得到 $\zeta$_H^CR ≈ 1.4×$10^{-17}$ s⁻¹，CR 能量密度 1.9 eV cm⁻³。	R2 核素/希腊字母/单位
35	4. **CR 梯度问题**：外银河 qγ_H 仅下降 20–40%，与 halo 10 kpc 上限勉强一致。	4. **CR 梯度问题**：外银河 q$\gamma$_H 仅下降 20–40%，与 halo 10 kpc 上限勉强一致。	R2 核素/希腊字母/单位
38	7. **星暴星系 CR 反馈**：Arp 220 ζ_$H_{2}$^CR >$10^{-13}$ s⁻¹（比 CMZ 高 $10^{2}$ 倍），质子量热效率 <50%。	7. **星暴星系 CR 反馈**：Arp 220 $\zeta$_$H_{2}$^CR >$10^{-13}$ s⁻¹（比 CMZ 高 $10^{2}$ 倍），质子量热效率 <50%。	R2 核素/希腊字母/单位
43	- 首次将 CR 化学示踪（$H_{3}$⁺、OH⁺ 等）与 γ 射线气体示踪、同步辐射磁场示踪并列讨论。	- 首次将 CR 化学示踪（$H_{3}$⁺、OH⁺ 等）与 $\gamma$ 射线气体示踪、同步辐射磁场示踪并列讨论。	R2 核素/希腊字母/单位
60	4. ²²Ne/²⁰Ne 比 CR/Solar = 5.3 ± 0.3；⁵⁹Ni 缺失约束加速在 SN 后 ~0.1 Myr。	4. $^{22}{\rm Ne}$/$^{20}{\rm Ne}$ 比 CR/Solar = 5.3 ± 0.3；$^{59}{\rm Ni}$ 缺失约束加速在 SN 后 ~0.1 Myr。	R2 核素/希腊字母/单位
61	5. B/C 约束扩散 D_xx ∝ p^0.3–0.8；¹⁰Be 半衰期 1.6 Myr 定 halo 标高 4–10 kpc。	5. B/C 约束扩散 D_xx ∝ p^0.3–0.8；$^{10}{\rm Be}$ 半衰期 1.6 Myr 定 halo 标高 4–10 kpc。	R2 核素/希腊字母/单位
63	7. ζ_H^CR 本地 ~1.4×$10^{-17}$ s⁻¹；CMZ ~2–7×$10^{-15}$ s⁻¹；Arp 220 >$10^{-13}$ s⁻¹。	7. $\zeta$_H^CR 本地 ~1.4×$10^{-17}$ s⁻¹；CMZ ~2–7×$10^{-15}$ s⁻¹；Arp 220 >$10^{-13}$ s⁻¹。	R2 核素/希腊字母/单位
66	10. qγ_H 在银河系半径 0–17 kpc 变化 <40% → CR 梯度问题。	10. q$\gamma$_H 在银河系半径 0–17 kpc 变化 <40% → CR 梯度问题。	R2 核素/希腊字母/单位
85	- **γ 射线 emissivity qγ_H** 作为 CR 密度示踪的空间映射方法。	- **$\gamma$ 射线 emissivity q$\gamma$_H** 作为 CR 密度示踪的空间映射方法。	R2 核素/希腊字母/单位
89	- **γ + 尘埃联合示踪**暗气体（DNM）。	- **$\gamma$ + 尘埃联合示踪**暗气体（DNM）。	R2 核素/希腊字母/单位
90	- **化学时钟**（⁵⁹Ni 缺失、²²Ne/²⁰Ne 富集）约束 CR 加速时间尺度。	- **化学时钟**（$^{59}{\rm Ni}$ 缺失、$^{22}{\rm Ne}$/$^{20}{\rm Ne}$ 富集）约束 CR 加速时间尺度。	R2 核素/希腊字母/单位
95	- **次级电子级联加热率**（中性气体）：~$10^{-27}$ (ζ_H^CR / $10^{-16}$) erg s⁻¹ 每 H。	- **次级电子级联加热率**（中性气体）：~$10^{-27}$ ($\zeta$_H^CR / $10^{-16}$) erg s⁻¹ 每 H。	R2 核素/希腊字母/单位
96	- **扩散系数幂律**：D_xx(p) ∝ p^δ, δ ∈ [0.3, 0.8]（Kolmogorov δ=1/3）。	- **扩散系数幂律**：D_xx(p) ∝ p^$\delta$, $\delta$ ∈ [0.3, 0.8]（Kolmogorov $\delta$=1/3）。	R2 核素/希腊字母/单位
97	- **ζ_H 与 ζ_$H_{2}$ 关系**：ζ_H ≈ 0.65 ζ_$H_{2}$。	- **$\zeta$_H 与 $\zeta$_$H_{2}$ 关系**：$\zeta$_H ≈ 0.65 $\zeta$_$H_{2}$。	R2 核素/希腊字母/单位
103	（此处留给使用者填写——本综述提供的核心工具是：**γ-ray 示踪 CR + 气体**、**分子离子示踪电离率**、**传播模型**、**CR 反馈能量学**——任何研究星系 CR 与 ISM 反馈、星系风、冷化学、隐藏气体示踪、超新星遗迹-云相互作用的主题均可引用。）	（此处留给使用者填写——本综述提供的核心工具是：**$\gamma$-ray 示踪 CR + 气体**、**分子离子示踪电离率**、**传播模型**、**CR 反馈能量学**——任何研究星系 CR 与 ISM 反馈、星系风、冷化学、隐藏气体示踪、超新星遗迹-云相互作用的主题均可引用。）	R2 核素/希腊字母/单位
108	- **强推荐**：Crocker 2011/2014（银河系 CR 风）；Ackermann 2014（Fermi Bubbles）；Planck & Fermi Collab. 2015（γ+dust 联合）；Murphy 2012（30 Doradus 扩散）；Ackermann 2011a（Cygnus X）；Indriolo & McCall 2012/2015（$H_{3}$⁺, OH⁺ 化学示踪）；Gaggero 2014（DRAGON 传播）；Hanasz 2012b / Wóltański 2013（CR 流体+MHD）；Parizot 2004（超泡集体效应）。	- **强推荐**：Crocker 2011/2014（银河系 CR 风）；Ackermann 2014（Fermi Bubbles）；Planck & Fermi Collab. 2015（$\gamma$+dust 联合）；Murphy 2012（30 Doradus 扩散）；Ackermann 2011a（Cygnus X）；Indriolo & McCall 2012/2015（$H_{3}$⁺, OH⁺ 化学示踪）；Gaggero 2014（DRAGON 传播）；Hanasz 2012b / Wóltański 2013（CR 流体+MHD）；Parizot 2004（超泡集体效应）。	R2 核素/希腊字母/单位
73	- $q \approx 4$ 的幂律谱在 SNR 中由费米 LAT 观测到的 π⁰ 衰变 γ 射线证实（Mori et al. 2016, SNR IC 443）	- $q \approx 4$ 的幂律谱在 SNR 中由费米 LAT 观测到的 $\pi$⁰ 衰变 $\gamma$ 射线证实（Mori et al. 2016, SNR IC 443）	R2 核素/希腊字母/单位
106	1. **¹⁰Be 放射性时钟**：$t_{1/2} \sim 3$ Myr，观测丰度 → 年龄 $\sim 20$ Myr	1. **$^{10}{\rm Be}$ 放射性时钟**：$t_{1/2} \sim 3$ Myr，观测丰度 → 年龄 $\sim 20$ Myr	R2 核素/希腊字母/单位
159	| CR 平均年龄 | $\sim 20$ Myr | ¹⁰Be + 同步损失 |	| CR 平均年龄 | $\sim 20$ Myr | $^{10}{\rm Be}$ + 同步损失 |	R2 核素/希腊字母/单位
163	| ¹⁰Be 半衰期 | $\sim 3$ Myr | |	| $^{10}{\rm Be}$ 半衰期 | $\sim 3$ Myr | |	R2 核素/希腊字母/单位
169	→ 时间依赖：建立时间 ~ r²/(νu₋²)	→ 时间依赖：建立时间 ~ r²/($\nu$u₋²)	R2 核素/希腊字母/单位
127	→ 自激发：CR streaming 产生 Alfvén 波（生长率 γ）	→ 自激发：CR streaming 产生 Alfvén 波（生长率 $\gamma$）	R2 核素/希腊字母/单位
35	| ¹⁰Be 时钟 20 Myr | 加速时间 ~ $10^6$ yr | 一致 |	| $^{10}{\rm Be}$ 时钟 20 Myr | 加速时间 ~ $10^6$ yr | 一致 |	R2 核素/希腊字母/单位
71	4. **多波段观测约束**——γ 射线、中微子、射电联合	4. **多波段观测约束**——$\gamma$ 射线、中微子、射电联合	R2 核素/希腊字母/单位
