65	[FACT] 这是一篇**理论综述 (Theoretical Review)**，重点聚焦于 EHECR (E ≳ 10²⁰ eV) 的 **"top-down" 衰变起源模型**，同时简要回顾 "bottom-up" 加速机制。作者明确表示："this is primarily a theoretical review; we do not discuss the experimental issues (for the obvious reason of lack of expertise)"，但仍简要回顾实验现状。	[FACT] 这是一篇**理论综述 (Theoretical Review)**，重点聚焦于 EHECR (E ≳ $10^{20}$ eV) 的 **"top-down" 衰变起源模型**，同时简要回顾 "bottom-up" 加速机制。作者明确表示："this is primarily a theoretical review; we do not discuss the experimental issues (for the obvious reason of lack of expertise)"，但仍简要回顾实验现状。	R1 参数下标/科学记数法
161	- 能量单位：1 EeV = 10¹⁸ eV；UHE 指 E ≳ 1 EeV；**EHE 指 E ≳ 10²⁰ eV**（作者特意区分）。	- 能量单位：1 EeV = $10^{18}$ eV；UHE 指 E ≳ 1 EeV；**EHE 指 E ≳ $10^{20}$ eV**（作者特意区分）。	R1 参数下标/科学记数法
162	- 主要背景光子场：CMB (ε ~ 10⁻³ eV), Extragalactic IR/Optical Background (EIB)。	- 主要背景光子场：CMB (ε ~ $10^{-3}$ eV), Extragalactic IR/Optical Background (EIB)。	R1 参数下标/科学记数法
163	- 关键质量标度：GUT 标度 M_X ~ 10¹⁶ GeV；SUSY 标度 ~ 1 TeV。	- 关键质量标度：GUT 标度 M_X ~ $10^{16}$ GeV；SUSY 标度 ~ 1 TeV。	R1 参数下标/科学记数法
198	- **Gaisser (1990)** — 膝部 (10¹⁵ eV) 以下宇宙线组分（AIP Conf. Proc. 203, 168）	- **Gaisser (1990)** — 膝部 ($10^{15}$ eV) 以下宇宙线组分（AIP Conf. Proc. 203, 168）	R1 参数下标/科学记数法
13	- EHECR (E ≳ 10²⁰ eV) 已被多个实验探测到 [FACT]，其起源是粒子物理与天体物理的重大难题。	- EHECR (E ≳ $10^{20}$ eV) 已被多个实验探测到 [FACT]，其起源是粒子物理与天体物理的重大难题。	R1 参数下标/科学记数法
22	[FACT] 作者在开篇引用多组实验数据：Vela [1]、Akeno/SUGAR [2,6]、Fly's Eye [7]、AGASA [8] 等，指出 **能量超过 10²⁰ eV 的宇宙线已被探测到**。这些观测对传统加速理论构成严重挑战。	[FACT] 作者在开篇引用多组实验数据：Vela [1]、Akeno/SUGAR [2,6]、Fly's Eye [7]、AGASA [8] 等，指出 **能量超过 $10^{20}$ eV 的宇宙线已被探测到**。这些观测对传统加速理论构成严重挑战。	R1 参数下标/科学记数法
36	**Top-down 衰变场景**：EHECR 来自早期宇宙产生的超重粒子（质量 m_X ≫ 10²⁰ eV）的衰变。	**Top-down 衰变场景**：EHECR 来自早期宇宙产生的超重粒子（质量 m_X ≫ $10^{20}$ eV）的衰变。	R1 参数下标/科学记数法
42	[FACT] Boldt 和 Ghosh [27] 最近提出：旋转超大质量黑洞（不活跃类星体遗迹）的事件视界附近可将粒子加速到 ~10²¹ eV；本地 GZK 距离内的此类天体数量足以解释观测到的 EHECR 通量。	[FACT] Boldt 和 Ghosh [27] 最近提出：旋转超大质量黑洞（不活跃类星体遗迹）的事件视界附近可将粒子加速到 ~$10^{21}$ eV；本地 GZK 距离内的此类天体数量足以解释观测到的 EHECR 通量。	R1 参数下标/科学记数法
50	| **EHE** (Extremely High Energy) | E ≳ 10²⁰ eV（本文专有用法） |	| **EHE** (Extremely High Energy) | E ≳ $10^{20}$ eV（本文专有用法） |	R1 参数下标/科学记数法
51	| **UHE** (Ultra-High Energy) | E ≳ 1 EeV = 10¹⁸ eV（含 EHE，反之不然） |	| **UHE** (Ultra-High Energy) | E ≳ 1 EeV = $10^{18}$ eV（含 EHE，反之不然） |	R1 参数下标/科学记数法
14	- 给出**全宇宙线能谱**（10¹² eV – 10²⁰⁺ eV）的整体图像，指出关键特征：**膝点** (knee, ~4×10¹⁵ eV)、**踝点** (ankle, ~5×10¹⁸ eV)、**深点** (dip, ~3×10¹⁸ eV) 以及 10²⁰ eV 以上的过量。	- 给出**全宇宙线能谱**（$10^{12}$ eV – $10^{20+}$ eV）的整体图像，指出关键特征：**膝点** (knee, ~4×$10^{15}$ eV)、**踝点** (ankle, ~5×$10^{18}$ eV)、**深点** (dip, ~3×$10^{18}$ eV) 以及 $10^{20}$ eV 以上的过量。	R1 参数下标/科学记数法
15	- 综述 10²⁰ eV 以上**已报道的事件**与最高能量世界纪录（Fly's Eye 3.2×10²⁰ eV）。	- 综述 $10^{20}$ eV 以上**已报道的事件**与最高能量世界纪录（Fly's Eye 3.2×$10^{20}$ eV）。	R1 参数下标/科学记数法
17	- 报告**各向异性**测量结果：~10¹⁸ eV 上 ~4% 的各向异性；>10²⁰ eV 大尺度各向同性，小尺度聚团。	- 报告**各向异性**测量结果：~$10^{18}$ eV 上 ~4% 的各向异性；>$10^{20}$ eV 大尺度各向同性，小尺度聚团。	R1 参数下标/科学记数法
24	- **能量上限**：因能谱陡降 (dN/dE ∝ E⁻²·⁷ up to ~2×10¹⁶ eV)，统计量在 ~100 TeV 处耗尽。	- **能量上限**：因能谱陡降 (dN/dE ∝ E⁻²·⁷ up to ~2×$10^{16}$ eV)，统计量在 ~100 TeV 处耗尽。	R1 参数下标/科学记数法
76	- 膝点：**E ≈ 4×10¹⁵ eV**；能谱在此出现显著转折（锐度存在实验争议）。	- 膝点：**E ≈ 4×$10^{15}$ eV**；能谱在此出现显著转折（锐度存在实验争议）。	R1 参数下标/科学记数法
77	- 膝到 ~4×10¹⁷ eV：谱指数 γ ≈ 3.0。	- 膝到 ~4×$10^{17}$ eV：谱指数 γ ≈ 3.0。	R1 参数下标/科学记数法
78	- ~4×10¹⁷ – 3×10¹⁸ eV：谱陡化到 γ ≈ 3.2。	- ~4×$10^{17}$ – 3×$10^{18}$ eV：谱陡化到 γ ≈ 3.2。	R1 参数下标/科学记数法
79	- **深点 (dip)**：E ≈ 3×10¹⁸ eV。	- **深点 (dip)**：E ≈ 3×$10^{18}$ eV。	R1 参数下标/科学记数法
80	- 踝点：E ≈ 5×10¹⁸ eV（Fly's Eye 首详述 [7]）。	- 踝点：E ≈ 5×$10^{18}$ eV（Fly's Eye 首详述 [7]）。	R1 参数下标/科学记数法
83	### 2.3.2 高能端（>10¹⁹ eV）[FACT]	### 2.3.2 高能端（>$10^{19}$ eV）[FACT]	R1 参数下标/科学记数法
85	- 数据在 10²⁰ eV 附近出现**再次陡化**，但超过 10²⁰ eV 的**事件数明显多于 GZK 截断外推**所预期 [FACT]。	- 数据在 $10^{20}$ eV 附近出现**再次陡化**，但超过 $10^{20}$ eV 的**事件数明显多于 GZK 截断外推**所预期 [FACT]。	R1 参数下标/科学记数法
86	- 作者认为这是 UHECR 物理中**最迷惑、最有趣**的方面，因为至少对于河外质子初级，GZK 截断在 ~10²⁰ eV 处是**独立于产生机制**必然存在的（见 §4.1）。	- 作者认为这是 UHECR 物理中**最迷惑、最有趣**的方面，因为至少对于河外质子初级，GZK 截断在 ~$10^{20}$ eV 处是**独立于产生机制**必然存在的（见 §4.1）。	R1 参数下标/科学记数法
95	## 2.4 §2.3 Events above 10²⁰ eV [FACT]	## 2.4 §2.3 Events above $10^{20}$ eV [FACT]	R1 参数下标/科学记数法
97	| 实验 | 10²⁰ eV 以上事件数 | 最高能量 |	| 实验 | $10^{20}$ eV 以上事件数 | 最高能量 |	R1 参数下标/科学记数法
99	| Volcano Ranch | 首次报道 >10²⁰ eV 事件 | — |	| Volcano Ranch | 首次报道 >$10^{20}$ eV 事件 | — |	R1 参数下标/科学记数法
100	| Haverah Park | 8 | ~10²⁰ eV |	| Haverah Park | 8 | ~$10^{20}$ eV |	R1 参数下标/科学记数法
101	| Yakutsk | 1 | >10²⁰ eV |	| Yakutsk | 1 | >$10^{20}$ eV |	R1 参数下标/科学记数法
102	| SUGAR | 8 | 2×10²⁰ eV |	| SUGAR | 8 | 2×$10^{20}$ eV |	R1 参数下标/科学记数法
103	| **Fly's Eye** | 1 | **3.2×10²⁰ eV** (1991-10-15) 世界纪录 |	| **Fly's Eye** | 1 | **3.2×$10^{20}$ eV** (1991-10-15) 世界纪录 |	R1 参数下标/科学记数法
104	| **AGASA** | 6 | ~2.1×10²⁰ eV |	| **AGASA** | 6 | ~2.1×$10^{20}$ eV |	R1 参数下标/科学记数法
153	- Fly's Eye [77] 与 AGASA [78] 在 E ≳ 10¹⁷ eV：	- Fly's Eye [77] 与 AGASA [78] 在 E ≳ $10^{17}$ eV：	R1 参数下标/科学记数法
154	- ~10¹⁸ eV 处向**银河面**方向存在 **~4% 的小但统计显著**的各向异性。	- ~$10^{18}$ eV 处向**银河面**方向存在 **~4% 的小但统计显著**的各向异性。	R1 参数下标/科学记数法
156	- E > 10²⁰ eV：~15 事件下与**大尺度各向同性一致** [82]；同时存在**小尺度聚团** [83]。	- E > $10^{20}$ eV：~15 事件下与**大尺度各向同性一致** [82]；同时存在**小尺度聚团** [83]。	R1 参数下标/科学记数法
164	| 实验 | 技术 | 有效孔径 | 阈值 | 事件率 (E>10²⁰ eV) |	| 实验 | 技术 | 有效孔径 | 阈值 | 事件率 (E>$10^{20}$ eV) |	R1 参数下标/科学记数法
166	| HiRes (High Res Fly's Eye), Utah | 荧光 | ~600 km² sr (~10×AGASA) | ~10¹⁷ eV | — |	| HiRes (High Res Fly's Eye), Utah | 荧光 | ~600 km² sr (~10×AGASA) | ~$10^{17}$ eV | — |	R1 参数下标/科学记数法
167	| Telescope Array (日) | 荧光 + 切伦科夫 | ~15–20×AGASA | 10¹⁷ eV | — |	| Telescope Array (日) | 荧光 + 切伦科夫 | ~15–20×AGASA | $10^{17}$ eV | — |	R1 参数下标/科学记数法
168	| **Pierre Auger** (阿根廷 + Utah) | 地面 1700 探测器 (3000 km², 1.5 km 间距) + 荧光 | ~200×AGASA | ~10¹⁹ eV | **50–100/年** |	| **Pierre Auger** (阿根廷 + Utah) | 地面 1700 探测器 (3000 km², 1.5 km 间距) + 荧光 | ~200×AGASA | ~$10^{19}$ eV | **50–100/年** |	R1 参数下标/科学记数法
169	| **OWL** (NASA, 太空) | 荧光 | ~50×Auger | 10¹⁹–10²⁰ eV | **~10³/年** |	| **OWL** (NASA, 太空) | 荧光 | ~50×Auger | $10^{19}$–$10^{20}$ eV | **~$10^{3}$/年** |	R1 参数下标/科学记数法
170	| AIRWATCH, MASS | 概念 | — | 10¹⁹–10²⁰ eV | — |	| AIRWATCH, MASS | 概念 | — | $10^{19}$–$10^{20}$ eV | — |	R1 参数下标/科学记数法
183	- 有效截面可扩至 10⁴ km² [105]	- 有效截面可扩至 $10^{4}$ km² [105]	R1 参数下标/科学记数法
191	- **Fig. 1**：全宇宙线能谱（10¹² – 10²⁰⁺ eV）—— 显示膝点、踝点、GZK 外推	- **Fig. 1**：全宇宙线能谱（$10^{12}$ – $10^{20+}$ eV）—— 显示膝点、踝点、GZK 外推	R1 参数下标/科学记数法
192	- **Fig. 2–6**：>10¹⁷ eV 的 CR 数据（不同实验）	- **Fig. 2–6**：>$10^{17}$ eV 的 CR 数据（不同实验）	R1 参数下标/科学记数法
199	| 膝点 | 4×10¹⁵ eV |	| 膝点 | 4×$10^{15}$ eV |	R1 参数下标/科学记数法
200	| 踝点 | 5×10¹⁸ eV |	| 踝点 | 5×$10^{18}$ eV |	R1 参数下标/科学记数法
201	| 深点 | 3×10¹⁸ eV |	| 深点 | 3×$10^{18}$ eV |	R1 参数下标/科学记数法
202	| 膝–4×10¹⁷ eV 谱指数 | ~3.0 |	| 膝–4×$10^{17}$ eV 谱指数 | ~3.0 |	R1 参数下标/科学记数法
204	| 最高能量事件 | 3.2×10²⁰ eV (Fly's Eye, 1991-10-15) |	| 最高能量事件 | 3.2×$10^{20}$ eV (Fly's Eye, 1991-10-15) |	R1 参数下标/科学记数法
205	| AGASA 10²⁰ eV 以上 | 6 事件 |	| AGASA $10^{20}$ eV 以上 | 6 事件 |	R1 参数下标/科学记数法
206	| 各向异性（E~10¹⁸ eV） | ~4%，向银道面 |	| 各向异性（E~$10^{18}$ eV） | ~4%，向银道面 |	R1 参数下标/科学记数法
209	| Auger 事件率 (>10²⁰ eV) | 50–100/年 |	| Auger 事件率 (>$10^{20}$ eV) | 50–100/年 |	R1 参数下标/科学记数法
13	- **能量学论证**：银河系 CR 总光度 L_CR ~ 1.5×10⁴¹ erg/s，约等于银河系超新星总动能输出的 10%，支持 SNR 是膝点以下主要源。	- **能量学论证**：银河系 CR 总光度 L_CR ~ 1.5×$10^{41}$ erg/s，约等于银河系超新星总动能输出的 10%，支持 SNR 是膝点以下主要源。	R1 参数下标/科学记数法
46	| M_g (银河气体总质量) | ~4.8×10⁹ M⊙ |	| M_g (银河气体总质量) | ~4.8×$10^{9}$ M⊙ |	R1 参数下标/科学记数法
47	| L_CR (CR 总光度) | ~1.5×10⁴¹ erg s⁻¹ |	| L_CR (CR 总光度) | ~1.5×$10^{41}$ erg s⁻¹ |	R1 参数下标/科学记数法
57	- B ~ 10⁻⁶ G（银河磁场）	- B ~ $10^{-6}$ G（银河磁场）	R1 参数下标/科学记数法
73	- <10¹⁴ eV：各向异性 ~10⁻³，统计显著，基本能量无关 → Compton-Getting 效应 [126]。	- <$10^{14}$ eV：各向异性 ~$10^{-3}$，统计显著，基本能量无关 → Compton-Getting 效应 [126]。	R1 参数下标/科学记数法
74	- >10¹⁸ eV：无显著与银道面相关的各向异性 → **暗示高能端河外起源**。	- >$10^{18}$ eV：无显著与银道面相关的各向异性 → **暗示高能端河外起源**。	R1 参数下标/科学记数法
75	5. **电子成分**：>~10¹¹ eV 电子因同步辐射/IC 损失，射程 < t_CR → 无可置疑的银河起源（占强子流的 ~1%）。	5. **电子成分**：>~$10^{11}$ eV 电子因同步辐射/IC 损失，射程 < t_CR → 无可置疑的银河起源（占强子流的 ~1%）。	R1 参数下标/科学记数法
80	- 拟合得到：t_CR ~ 10⁷ yr（E < 10¹⁶ eV），能量依赖弱。	- 拟合得到：t_CR ~ $10^{7}$ yr（E < $10^{16}$ eV），能量依赖弱。	R1 参数下标/科学记数法
95	- 效率低；加速时间 ≫ 逃逸时间 (~10⁷ yr)；	- 效率低；加速时间 ≫ 逃逸时间 (~$10^{7}$ yr)；	R1 参数下标/科学记数法
117	| Biermann [16] | 全部来自一阶 Fermi：SNR（ISM，10¹⁵ eV）、SNR（恒星风，10¹⁷ eV）、射电星系热斑（最高） | 声称通过所有观测检验 |	| Biermann [16] | 全部来自一阶 Fermi：SNR（ISM，$10^{15}$ eV）、SNR（恒星风，$10^{17}$ eV）、射电星系热斑（最高） | 声称通过所有观测检验 |	R1 参数下标/科学记数法
126	Ω ≡ dE/dt ≃ (3/5π) · Γ² · ω₀⁵ / m_N ≲ 10¹³ eV s⁻¹	Ω ≡ dE/dt ≃ (3/5π) · Γ² · ω₀⁵ / m_N ≲ $10^{13}$ eV s⁻¹	R1 参数下标/科学记数法
135	- 但 UHECR（>~10¹⁷ eV）是完全未解决的独立问题；	- 但 UHECR（>~$10^{17}$ eV）是完全未解决的独立问题；	R1 参数下标/科学记数法
140	- [CRITIQUE] 1999 年后，**Auger 数据**（2017 起）显示 UHECR 谱在 ~5×10¹⁹ eV 处有明显陡化（与 GZK 一致），且 E > 5.7×10¹⁹ eV 事件的到达方向与**近邻星团（尤其是 Centaurus A）**有显著相关。这些发展部分支持了 §5.2.1 中的射电星系/AGN 类 Bottom-up 模型。	- [CRITIQUE] 1999 年后，**Auger 数据**（2017 起）显示 UHECR 谱在 ~5×$10^{19}$ eV 处有明显陡化（与 GZK 一致），且 E > 5.7×$10^{19}$ eV 事件的到达方向与**近邻星团（尤其是 Centaurus A）**有显著相关。这些发展部分支持了 §5.2.1 中的射电星系/AGN 类 Bottom-up 模型。	R1 参数下标/科学记数法
16	展示 10¹²–10²⁰⁺ eV 整个观测能段的宇宙线微分能谱，标出**膝点、踝点、深点**等关键结构特征。	展示 $10^{12}$–$10^{20+}$ eV 整个观测能段的宇宙线微分能谱，标出**膝点、踝点、深点**等关键结构特征。	R1 参数下标/科学记数法
22	- 标注：Knee（~4×10¹⁵ eV）、Ankle（~5×10¹⁸ eV）、Dip（~3×10¹⁸ eV）	- 标注：Knee（~4×$10^{15}$ eV）、Ankle（~5×$10^{18}$ eV）、Dip（~3×$10^{18}$ eV）	R1 参数下标/科学记数法
32	## 2. Fig. 2–6 — 各实验的 >10¹⁷ eV 能谱（p118–122）	## 2. Fig. 2–6 — 各实验的 >$10^{17}$ eV 能谱（p118–122）	R1 参数下标/科学记数法
35	分别展示各主要实验在 10¹⁷–10²⁰⁺ eV 能段的能谱测量结果，供比较。	分别展示各主要实验在 $10^{17}$–$10^{20+}$ eV 能段的能谱测量结果，供比较。	R1 参数下标/科学记数法
45	[FACT] 各实验在 10¹⁷–10¹⁹ eV 能段基本一致，但 >10²⁰ eV 处统计量极低（仅几十个事件）。Fly's Eye 首次详细描绘踝点结构。Xmax 数据支持踝点以上组成变轻。	[FACT] 各实验在 $10^{17}$–$10^{19}$ eV 能段基本一致，但 >$10^{20}$ eV 处统计量极低（仅几十个事件）。Fly's Eye 首次详细描绘踝点结构。Xmax 数据支持踝点以上组成变轻。	R1 参数下标/科学记数法
76	- 横轴：质子能量 E（eV，log 标度，10¹⁸–10²¹ eV）	- 横轴：质子能量 E（eV，log 标度，$10^{18}$–$10^{21}$ eV）	R1 参数下标/科学记数法
81	[FACT] 在 E < 3×10¹⁹ eV 时，PPP 主导，l_E ~ 1000 Mpc；E ~ 6×10¹⁹ eV 时，π产生阈值被触发，l_E 在 ~6×10¹⁹ eV 处急剧下降到 ~6 Mpc。这就是 GZK 截止的直接表现。	[FACT] 在 E < 3×$10^{19}$ eV 时，PPP 主导，l_E ~ 1000 Mpc；E ~ 6×$10^{19}$ eV 时，π产生阈值被触发，l_E 在 ~6×$10^{19}$ eV 处急剧下降到 ~6 Mpc。这就是 GZK 截止的直接表现。	R1 参数下标/科学记数法
84	GZK 截止是 EHECR 研究中最核心的传播约束：>6×10¹⁹ eV 的质子只能从 ~100 Mpc 内的源到达地球。这限制了源空间密度、筛选了候选源，并催生了 Top-down 场景（X 粒子可在银河晕内衰变，不依赖单源距离）[FACT]。	GZK 截止是 EHECR 研究中最核心的传播约束：>6×$10^{19}$ eV 的质子只能从 ~100 Mpc 内的源到达地球。这限制了源空间密度、筛选了候选源，并催生了 Top-down 场景（X 粒子可在银河晕内衰变，不依赖单源距离）[FACT]。	R1 参数下标/科学记数法
94	- 横轴：频率 ν（Hz，log 标度，10⁵–10¹⁰ Hz）	- 横轴：频率 ν（Hz，log 标度，$10^{5}$–$10^{10}$ Hz）	R1 参数下标/科学记数法
103	URB 是 UHE 光子传播的第二重要背景（仅次于 CMB）。在 E > 10²¹ eV 时，DPP 在强 URB 下可超过 PP 成为主导能量损失机制 [FACT]。URB 的不确定性是 TD 模型预测的主要系统误差来源之一。	URB 是 UHE 光子传播的第二重要背景（仅次于 CMB）。在 E > $10^{21}$ eV 时，DPP 在强 URB 下可超过 PP 成为主导能量损失机制 [FACT]。URB 的不确定性是 TD 模型预测的主要系统误差来源之一。	R1 参数下标/科学记数法
118	[FACT] DPP 在 E ≳ 10²¹–10²³ eV 处开始主导 PP，具体转折能量取决于 URB 强度（强URB 对应更低转折能量）。这对 UHE γ 射线的传播距离有决定性影响。	[FACT] DPP 在 E ≳ $10^{21}$–$10^{23}$ eV 处开始主导 PP，具体转折能量取决于 URB 强度（强URB 对应更低转折能量）。这对 UHE γ 射线的传播距离有决定性影响。	R1 参数下标/科学记数法
136	[FACT] 在 √s ~ M_Z 处，s-channel Z⁰ 共振截面达到 ~10⁻³² cm²（比 t-channel 高 6 个量级）。νγ→lW⁺ 在 √s > 80 GeV 时与 νν 过程可比。νN 截面随 E⁰·⁴ 增长，但在 UHE 能区仍远小于 νν 过程（因 RNB 粒子数密度高 ~10¹⁰ 倍）。	[FACT] 在 √s ~ M_Z 处，s-channel Z⁰ 共振截面达到 ~$10^{-32}$ cm²（比 t-channel 高 6 个量级）。νγ→lW⁺ 在 √s > 80 GeV 时与 νν 过程可比。νN 截面随 E⁰·⁴ 增长，但在 UHE 能区仍远小于 νν 过程（因 RNB 粒子数密度高 ~$10^{10}$ 倍）。	R1 参数下标/科学记数法
139	这些截面决定了 Z-burst 场景（UHE ν + relic ν → Z⁰ → EHECR）的可行性。Z⁰ 共振产生的次级粒子能量 ~M_Z/2，可解释 >10²⁰ eV 事件 [FACT]。这是 EHECR 起源理论中唯一不要求超高能粒子在源处产生、而是通过共振产生的机制。	这些截面决定了 Z-burst 场景（UHE ν + relic ν → Z⁰ → EHECR）的可行性。Z⁰ 共振产生的次级粒子能量 ~M_Z/2，可解释 >$10^{20}$ eV 事件 [FACT]。这是 EHECR 起源理论中唯一不要求超高能粒子在源处产生、而是通过共振产生的机制。	R1 参数下标/科学记数法
149	- 横轴：能量 E（eV，log 标度，10⁶–10¹⁶ GeV）	- 横轴：能量 E（eV，log 标度，$10^{6}$–$10^{16}$ GeV）	R1 参数下标/科学记数法
155	[FACT] 在 ~10¹⁴–10¹⁶ eV 能段，l_E 显著低于纯 PP 预言（因级联再循环降低了净能量损失）。EGMF 的存在通过同步冷却进一步缩短 l_E。在 >10¹⁶ eV 能段，l_E 再次上升（DPP 效应使 cascade 更"透明"）。	[FACT] 在 ~$10^{14}$–$10^{16}$ eV 能段，l_E 显著低于纯 PP 预言（因级联再循环降低了净能量损失）。EGMF 的存在通过同步冷却进一步缩短 l_E。在 >$10^{16}$ eV 能段，l_E 再次上升（DPP 效应使 cascade 更"透明"）。	R1 参数下标/科学记数法
174	[FACT] 低能粒子因偏转更大，到达时间显著延迟（τE ∝ E⁻²）。事件在时间-能量平面上形成特征性的"抛物线"形状。对于 d ~ 50 Mpc 的源，τ100 可跨越数年到 ~10⁴ 年量级。	[FACT] 低能粒子因偏转更大，到达时间显著延迟（τE ∝ E⁻²）。事件在时间-能量平面上形成特征性的"抛物线"形状。对于 d ~ 50 Mpc 的源，τ100 可跨越数年到 ~$10^{4}$ 年量级。	R1 参数下标/科学记数法
192	[FACT] 三个扩散能段从高能到低能依次出现，τE 对能量的依赖指数逐渐减小。在 ~10¹⁹–10²⁰ eV 能段，大多数候选源处于 rectilinear 与扩散之间的过渡区。	[FACT] 三个扩散能段从高能到低能依次出现，τE 对能量的依赖指数逐渐减小。在 ~$10^{19}$–$10^{20}$ eV 能段，大多数候选源处于 rectilinear 与扩散之间的过渡区。	R1 参数下标/科学记数法
223	- 横轴：源尺寸 R（cm，log 标度，10⁵–10²⁵ cm）	- 横轴：源尺寸 R（cm，log 标度，$10^{5}$–$10^{25}$ cm）	R1 参数下标/科学记数法
224	- 纵轴：磁场强度 B（G，log 标度，10⁻⁶–10¹⁶ G）	- 纵轴：磁场强度 B（G，log 标度，$10^{-6}$–$10^{16}$ G）	R1 参数下标/科学记数法
225	- 对角线：E_max = ZeBR 等值线，标注 Z=1, Z=26 的 E_max = 10²⁰ eV 线	- 对角线：E_max = ZeBR 等值线，标注 Z=1, Z=26 的 E_max = $10^{20}$ eV 线	R1 参数下标/科学记数法
229	[FACT] 能加速质子到 10²⁰ eV 的源必须位于图右上角（大 R × 大 B 区域）。仅射电星系 hot spots、GRB、AGN 核心（但核心有逃逸问题）等少数候选源满足条件。脉冲星（NS）的 R·B 乘积虽大，但粒子逃逸时同步辐射损失严重。	[FACT] 能加速质子到 $10^{20}$ eV 的源必须位于图右上角（大 R × 大 B 区域）。仅射电星系 hot spots、GRB、AGN 核心（但核心有逃逸问题）等少数候选源满足条件。脉冲星（NS）的 R·B 乘积虽大，但粒子逃逸时同步辐射损失严重。	R1 参数下标/科学记数法
242	- 横轴：能量 E（eV，log 标度，10⁶–10¹⁶ GeV）	- 横轴：能量 E（eV，log 标度，$10^{6}$–$10^{16}$ GeV）	R1 参数下标/科学记数法
246	- 标注：m_X = 10¹⁶ GeV，URB 版本（最强版），pp 和 PP 吸收标注	- 标注：m_X = $10^{16}$ GeV，URB 版本（最强版），pp 和 PP 吸收标注	R1 参数下标/科学记数法
256	## 14. Fig. 29 — TD 场景 γ 通量（强 EGMF ~10⁻⁹ G）（p86 / p145）	## 14. Fig. 29 — TD 场景 γ 通量（强 EGMF ~$10^{-9}$ G）（p86 / p145）	R1 参数下标/科学记数法
259	展示与 Fig. 28 相同的 TD 场景，但引入**强河外磁场 ~10⁻⁹ G** 的影响。	展示与 Fig. 28 相同的 TD 场景，但引入**强河外磁场 ~$10^{-9}$ G** 的影响。	R1 参数下标/科学记数法
281	- 横轴：能量 E（eV，log 标度，10⁶–10¹⁶ GeV）	- 横轴：能量 E（eV，log 标度，$10^{6}$–$10^{16}$ GeV）	R1 参数下标/科学记数法
284	- TD 模型（同 Fig. 28 参数）→ **主导** >10¹⁹ eV	- TD 模型（同 Fig. 28 参数）→ **主导** >$10^{19}$ eV	R1 参数下标/科学记数法
285	- 大气中微子通量（<10¹² eV 主导）	- 大气中微子通量（<$10^{12}$ eV 主导）	R1 参数下标/科学记数法
292	[FACT] TD 模型的中微子通量在 >10¹⁹ eV 处**明显高于**所有其他中微子源。宇宙成因中微子通量（来自 UHE 质子与 CMB 作用）在 ~10¹⁹ eV 处达到峰值，但比 TD 通量低 ~1–2 个量级。1999 年时，大多数实验上限在 ~10¹²–10¹⁴ eV 处，尚未覆盖 >10¹⁹ eV 能段。	[FACT] TD 模型的中微子通量在 >$10^{19}$ eV 处**明显高于**所有其他中微子源。宇宙成因中微子通量（来自 UHE 质子与 CMB 作用）在 ~$10^{19}$ eV 处达到峰值，但比 TD 通量低 ~1–2 个量级。1999 年时，大多数实验上限在 ~$10^{12}$–$10^{14}$ eV 处，尚未覆盖 >$10^{19}$ eV 能段。	R1 参数下标/科学记数法
57	j(E) = (3/(8πt₀)) · ∫₀^{z_i,max} dz_i · (1+z_i)⁻^(11/2) · (dE_i(E,z_i)/dE) · Φ(E, z_i)	j(E) = (3/(8π$t_{0}$)) · ∫₀^{z_i,max} dz_i · (1+z_i)⁻^(11/2) · (dE_i(E,z_i)/dE) · Φ(E, z_i)	R1 参数下标/科学记数法
59	- t₀：宇宙年龄	- $t_{0}$：宇宙年龄	R1 参数下标/科学记数法
79	E_th = m_π(m_N + m_π/2)/ε ≃ 6.8 × 10¹⁶ · (ε / eV)⁻¹  eV	E_th = m_π(m_N + m_π/2)/ε ≃ 6.8 × $10^{16}$ · (ε / eV)⁻¹  eV	R1 参数下标/科学记数法
81	- CMB 典型 ε ~ 10⁻³ eV → **GZK cutoff** 出现在"数十 EeV"处（即 ~5×10¹⁹ eV），此时质子相互作用长度降至 **~6 Mpc**。	- CMB 典型 ε ~ $10^{-3}$ eV → **GZK cutoff** 出现在"数十 EeV"处（即 ~5×$10^{19}$ eV），此时质子相互作用长度降至 **~6 Mpc**。	R1 参数下标/科学记数法
93	E_th = m_e(m_N + m_e)/ε ≃ 4.8 × 10¹⁴ · (ε / eV)⁻¹  eV	E_th = m_e(m_N + m_e)/ε ≃ 4.8 × $10^{14}$ · (ε / eV)⁻¹  eV	R1 参数下标/科学记数法
95	- CMB 中 PPP 发生于 E ~ 5×10¹⁷ eV。	- CMB 中 PPP 发生于 E ~ 5×$10^{17}$ eV。	R1 参数下标/科学记数法
103	R_n = τ_n · E/m_N ≃ 0.9 · (E / 10²⁰ eV)  Mpc	R_n = τ_n · E/m_N ≃ 0.9 · (E / $10^{20}$ eV)  Mpc	R1 参数下标/科学记数法
106	- 对 E ≲ 10²⁰ eV 的中子主导损失。	- 对 E ≲ $10^{20}$ eV 的中子主导损失。	R1 参数下标/科学记数法
109	- 对 E ≳ 10¹⁹ eV 的核是主导损失。	- 对 E ≳ $10^{19}$ eV 的核是主导损失。	R1 参数下标/科学记数法
112	- 最新 MC 模拟 [167–169]：降低 IRB 后，CMB 成为主导 → **E ~ 2×10²⁰ eV 处衰减长度 ~10 Mpc**。	- 最新 MC 模拟 [167–169]：降低 IRB 后，CMB 成为主导 → **E ~ 2×$10^{20}$ eV 处衰减长度 ~10 Mpc**。	R1 参数下标/科学记数法
121	**这是 §2.2 中"最高能过量事件"为什么是 UHECR 物理最核心谜题的关键**：若 GZK 是"无加速机制无关"的必然结果，而观测到 >10²⁰ eV 事件超出 GZK 预期 → 必须用新物理（新粒子、新传播机制或 top-down 场景）解释。	**这是 §2.2 中"最高能过量事件"为什么是 UHECR 物理最核心谜题的关键**：若 GZK 是"无加速机制无关"的必然结果，而观测到 >$10^{20}$ eV 事件超出 GZK 预期 → 必须用新物理（新粒子、新传播机制或 top-down 场景）解释。	R1 参数下标/科学记数法
132	E_th = m_e²/ε ≃ 2.6 × 10¹¹ · (ε / eV)⁻¹  eV	E_th = m_e²/ε ≃ 2.6 × $10^{11}$ · (ε / eV)⁻¹  eV	R1 参数下标/科学记数法
150	- 关键背景：ε ≲ 10⁻⁶ eV（~100 MHz），即**射电背景**。	- 关键背景：ε ≲ $10^{-6}$ eV（~100 MHz），即**射电背景**。	R1 参数下标/科学记数法
167	- DPP 主导 PP 的能区：**E > 10²¹–10²³ eV**（强 URB 时取较高值）。	- DPP 主导 PP 的能区：**E > $10^{21}$–$10^{23}$ eV**（强 URB 时取较高值）。	R1 参数下标/科学记数法
174	- 尽管 σ_TPP ~ σ_ICS 在 E ~ 10¹⁷ eV 就已可比，但因 η ≲ 10⁻³，能量衰减直到 **~10²² eV** 才重要。	- 尽管 σ_TPP ~ σ_ICS 在 E ~ $10^{17}$ eV 就已可比，但因 η ≲ $10^{-3}$，能量衰减直到 **~$10^{22}$ eV** 才重要。	R1 参数下标/科学记数法
176	- 若 B_rms > ~10⁻¹² G → 同步冷却主导 TPP → 可忽略。	- 若 B_rms > ~$10^{-12}$ G → 同步冷却主导 TPP → 可忽略。	R1 参数下标/科学记数法
184	- γ B → e⁺e⁻（银河系强度 ~10⁻⁶ G 需 E > ~10²⁴ eV；EGMF 下更高）	- γ B → e⁺e⁻（银河系强度 ~$10^{-6}$ G 需 E > ~$10^{24}$ eV；EGMF 下更高）	R1 参数下标/科学记数法
191	| GZK 质子阈值 | ~6.8×10¹⁹ eV |	| GZK 质子阈值 | ~6.8×$10^{19}$ eV |	R1 参数下标/科学记数法
193	| PPP 质子阈值 | ~5×10¹⁷ eV |	| PPP 质子阈值 | ~5×$10^{17}$ eV |	R1 参数下标/科学记数法
194	| 中子衰变范围 | 0.9 Mpc (E=10²⁰ eV) |	| 中子衰变范围 | 0.9 Mpc (E=$10^{20}$ eV) |	R1 参数下标/科学记数法
195	| 核光致分裂长度 (2×10²⁰ eV) | ~10 Mpc (低 IRB) |	| 核光致分裂长度 (2×$10^{20}$ eV) | ~10 Mpc (低 IRB) |	R1 参数下标/科学记数法
196	| UHE γ PP 阈值 | 2.6×10¹¹ (ε/eV)⁻¹ eV |	| UHE γ PP 阈值 | 2.6×$10^{11}$ (ε/eV)⁻¹ eV |	R1 参数下标/科学记数法
197	| DPP 主导能区 | 10²¹–10²³ eV |	| DPP 主导能区 | $10^{21}$–$10^{23}$ eV |	R1 参数下标/科学记数法
198	| TPP 主导 EGMF 下限 | B_rms > 10⁻¹² G |	| TPP 主导 EGMF 下限 | B_rms > $10^{-12}$ G |	R1 参数下标/科学记数法
203	- [FACT] 2017 年 Pierre Auger 合作组首次确认 E > 5×10¹⁹ eV 处**能谱陡化**（与 GZK 预期一致）[Nature 551, 56–62 (2017)]。	- [FACT] 2017 年 Pierre Auger 合作组首次确认 E > 5×$10^{19}$ eV 处**能谱陡化**（与 GZK 预期一致）[Nature 551, 56–62 (2017)]。	R1 参数下标/科学记数法
204	- [CRITIQUE] 1999 年的"最高能过量"谜题在 Auger 时代得到部分澄清：Fly's Eye 与 AGASA 数据在 ~10²⁰ eV 附近有统计量差异；Auger 数据支持"明显 GZK 截断"，但 UHE 端仍有少量极端事件。	- [CRITIQUE] 1999 年的"最高能过量"谜题在 Auger 时代得到部分澄清：Fly's Eye 与 AGASA 数据在 ~$10^{20}$ eV 附近有统计量差异；Auger 数据支持"明显 GZK 截断"，但 UHE 端仍有少量极端事件。	R1 参数下标/科学记数法
205	- [FACT] 目前仍存在的谜题：若 GZK 成立，>10²⁰ eV 事件需极近源（<~100 Mpc），而 100 Mpc 内缺乏明确加速器源——这正是 Bhattacharjee & Sigl 提出 top-down 的动机。	- [FACT] 目前仍存在的谜题：若 GZK 成立，>$10^{20}$ eV 事件需极近源（<~100 Mpc），而 100 Mpc 内缺乏明确加速器源——这正是 Bhattacharjee & Sigl 提出 top-down 的动机。	R1 参数下标/科学记数法
26	⟨s⟩ ≃ (45 GeV)² · (ε/10⁻³ eV) · (E/10¹⁵ GeV)   (公式 21)	⟨s⟩ ≃ (45 GeV)² · (ε/$10^{-3}$ eV) · (E/$10^{15}$ GeV)   (公式 21)	R1 参数下标/科学记数法
28	- relativistic relic ν: ε ≃ 3T_ν(1+η_b/4)，T_ν ≃ 1.9(1+z) K = 1.6×10⁻⁴(1+z) eV	- relativistic relic ν: ε ≃ 3T_ν(1+η_b/4)，T_ν ≃ 1.9(1+z) K = 1.6×$10^{-4}$(1+z) eV	R1 参数下标/科学记数法
45	σ_t(E,ε) ~ min[10⁻³⁴, 3×10⁻³⁹ · (ε/10⁻³ eV) · (E/10²⁰ eV)]  cm²	σ_t(E,ε) ~ min[$10^{-34}$, 3×$10^{-39}$ · (ε/$10^{-3}$ eV) · (E/$10^{20}$ eV)]  cm²	R1 参数下标/科学记数法
51	σ_νN(E) ~ 10⁻³¹ (E/10²⁰ eV)^0.4  cm²    for E ≳ 10¹⁵ eV	σ_νN(E) ~ $10^{-31}$ (E/$10^{20}$ eV)^0.4  cm²    for E ≳ $10^{15}$ eV	R1 参数下标/科学记数法
53	- 尽管 σ_νN > σ_νν (RNB)，但 RNB 粒子数密度比重子密度高 **~10¹⁰** → RNB 相互作用仍占主导（除 GUT 尺度能量外）。	- 尽管 σ_νN > σ_νν (RNB)，但 RNB 粒子数密度比重子密度高 **~$10^{10}$** → RNB 相互作用仍占主导（除 GUT 尺度能量外）。	R1 参数下标/科学记数法
60	σ ≃ 9×10⁻⁵⁶ (s/MeV²)⁵  cm²    valid up to s ≲ 10 MeV²	σ ≃ 9×$10^{-56}$ (s/MeV²)⁵  cm²    valid up to s ≲ 10 MeV²	R1 参数下标/科学记数法
62	- 若 s⁵ 行为持续到 s ~几百 MeV²，则此过程在 E ~ 3×10¹⁷ (ε/10⁻³ eV) eV 开始主导 [199]。	- 若 s⁵ 行为持续到 s ~几百 MeV²，则此过程在 E ~ 3×$10^{17}$ (ε/$10^{-3}$ eV) eV 开始主导 [199]。	R1 参数下标/科学记数法
67	- E = M_Z²/(2m_ν) = **4×10²¹ (eV/m_ν) eV** 处，Z⁰ 共振湮灭概率增大。	- E = M_Z²/(2m_ν) = **4×$10^{21}$ (eV/m_ν) eV** 处，Z⁰ 共振湮灭概率增大。	R1 参数下标/科学记数法
69	- 若 UHE ν 是加速质子的次级产物 → 需要**加速到 ≥ 几 10²² eV** → 更可能来自 non-acceleration (top-down) 场景。	- 若 UHE ν 是加速质子的次级产物 → 需要**加速到 ≥ 几 $10^{22}$ eV** → 更可能来自 non-acceleration (top-down) 场景。	R1 参数下标/科学记数法
75	- 若 L_γ ~ L_ν（多数模型）：f_ν ≳ 10³ (l_ν/5 Mpc)⁻¹	- 若 L_γ ~ L_ν（多数模型）：f_ν ≳ $10^{3}$ (l_ν/5 Mpc)⁻¹	R1 参数下标/科学记数法
80	- m_ν ≃ 0.07 eV, Ω_ν ≃ 0.01，源 z ~ 几 → 需 ν 源产生 E ≥ 10²² eV。	- m_ν ≃ 0.07 eV, Ω_ν ≃ 0.01，源 z ~ 几 → 需 ν 源产生 E ≥ $10^{22}$ eV。	R1 参数下标/科学记数法
84	Super-K 结果：μ-τ 近最大混合，|Δm²| ≃ 5×10⁻³ eV² [212]：	Super-K 结果：μ-τ 近最大混合，|Δm²| ≃ 5×$10^{-3}$ eV² [212]：	R1 参数下标/科学记数法
86	L_osc = 2E/|Δm²| = 2.6×10⁻⁶ (E/PeV) (|Δm²|/5×10⁻³ eV²)⁻¹ pc	L_osc = 2E/|Δm²| = 2.6×$10^{-6}$ (E/PeV) (|Δm²|/5×$10^{-3}$ eV²)⁻¹ pc	R1 参数下标/科学记数法
99	σ_νN(E) ≃ 2.36×10⁻³² (E/10¹⁹ eV)^0.363  cm²    (10¹⁶ eV ≲ E ≲ 10²¹ eV)	σ_νN(E) ≃ 2.36×$10^{-32}$ (E/$10^{19}$ eV)^0.363  cm²    ($10^{16}$ eV ≲ E ≲ $10^{21}$ eV)	R1 参数下标/科学记数法
102	- 非主导 1/x 对数贡献 [231]：与 [227,230] 差异 <1.5 倍（至 10²¹ eV）。	- 非主导 1/x 对数贡献 [231]：与 [227,230] 差异 <1.5 倍（至 $10^{21}$ eV）。	R1 参数下标/科学记数法
104	- Glashow 共振：ν̄_e e → W⁻，E = 6.3×10¹⁵ eV。	- Glashow 共振：ν̄_e e → W⁻，E = 6.3×$10^{15}$ eV。	R1 参数下标/科学记数法
129	σ_g ≃ 4πs/M_{4+n}⁴ ≃ 10⁻²⁷ (M_{4+n}/TeV)⁻⁴ (E/10²⁰ eV)  cm²   (公式 26)	σ_g ≃ 4πs/M_{4+n}⁴ ≃ $10^{-27}$ (M_{4+n}/TeV)⁻⁴ (E/$10^{20}$ eV)  cm²   (公式 26)	R1 参数下标/科学记数法
131	- 中微子 σ_νN > 10⁻²⁷ cm² 开始在大气中作用 → 中微子成为 EHECR 事件候选！	- 中微子 σ_νN > $10^{-27}$ cm² 开始在大气中作用 → 中微子成为 EHECR 事件候选！	R1 参数下标/科学记数法
144	r_n ≃ M_{4+n}⁻¹ (M_Pl/M_{4+n})^{2/n} ≃ 2×10⁻¹⁷ (TeV/M_{4+n}) (M_Pl/M_{4+n})^{2/n}  cm	r_n ≃ M_{4+n}⁻¹ (M_Pl/M_{4+n})^{2/n} ≃ 2×$10^{-17}$ (TeV/M_{4+n}) (M_Pl/M_{4+n})^{2/n}  cm	R1 参数下标/科学记数法
146	- 对应上限：r_6 ≲ 3×10⁻⁴ mm, r_7 ≲ 4×10⁻⁷ mm, r_8 ≲ 2×10⁻⁸ mm。	- 对应上限：r_6 ≲ 3×$10^{-4}$ mm, r_7 ≲ 4×$10^{-7}$ mm, r_8 ≲ 2×$10^{-8}$ mm。	R1 参数下标/科学记数法
169	- S⁰ 需作为加速质子与物质作用的次级产物 → 质子需加速到 ≥ 10²¹ eV。	- S⁰ 需作为加速质子与物质作用的次级产物 → 质子需加速到 ≥ $10^{21}$ eV。	R1 参数下标/科学记数法
179	- **有效 GZK 截断 ~7.3×10²⁰ eV**（比核子高）。	- **有效 GZK 截断 ~7.3×$10^{20}$ eV**（比核子高）。	R1 参数下标/科学记数法
186	| ⟨s⟩ for UHE ν on RNB | (45 GeV)² (ε/10⁻³ eV)(E/10¹⁵ GeV) |	| ⟨s⟩ for UHE ν on RNB | (45 GeV)² (ε/$10^{-3}$ eV)(E/$10^{15}$ GeV) |	R1 参数下标/科学记数法
187	| σ_t(E,ε) (t-channel) | min[10⁻³⁴, 3×10⁻³⁹(ε/10⁻³ eV)(E/10²⁰ eV)] cm² |	| σ_t(E,ε) (t-channel) | min[$10^{-34}$, 3×$10^{-39}$(ε/$10^{-3}$ eV)(E/$10^{20}$ eV)] cm² |	R1 参数下标/科学记数法
188	| σ_νN (CC, 公式 25) | 2.36×10⁻³² (E/10¹⁹ eV)^0.363 cm² |	| σ_νN (CC, 公式 25) | 2.36×$10^{-32}$ (E/$10^{19}$ eV)^0.363 cm² |	R1 参数下标/科学记数法
189	| Z-burst 阈值 | 4×10²¹ (eV/m_ν) eV |	| Z-burst 阈值 | 4×$10^{21}$ (eV/m_ν) eV |	R1 参数下标/科学记数法
190	| Super-K |Δm²| | 5×10⁻³ eV² |	| Super-K |Δm²| | 5×$10^{-3}$ eV² |	R1 参数下标/科学记数法
191	| ADD σ_g (公式 26) | 10⁻²⁷ (M/TeV)⁻⁴ (E/10²⁰ eV) cm² |	| ADD σ_g (公式 26) | $10^{-27}$ (M/TeV)⁻⁴ (E/$10^{20}$ eV) cm² |	R1 参数下标/科学记数法
197	| H-dibaryon GZK 阈值 | 7.3×10²⁰ eV |	| H-dibaryon GZK 阈值 | 7.3×$10^{20}$ eV |	R1 参数下标/科学记数法
13	- **同步辐射与级联**：EGMF 通过同步冷却抑制 EM cascade；临界转移能量 E_tr ~ 10²⁰ (B/10⁻¹⁰ G)⁻¹ eV。	- **同步辐射与级联**：EGMF 通过同步冷却抑制 EM cascade；临界转移能量 E_tr ~ $10^{20}$ (B/$10^{-10}$ G)⁻¹ eV。	R1 参数下标/科学记数法
29	E_tr ~ 10²⁰ (B/10⁻¹⁰ G)⁻¹ eV	E_tr ~ $10^{20}$ (B/$10^{-10}$ G)⁻¹ eV	R1 参数下标/科学记数法
38	E_syn ≃ 6.8×10¹³ (E/10²¹ eV)² (B/10⁻⁹ G)  eV	E_syn ≃ 6.8×$10^{13}$ (E/$10^{21}$ eV)² (B/$10^{-9}$ G)  eV	R1 参数下标/科学记数法
44	- CASA-MIA 6×10¹⁴ – 6×10¹⁶ eV [258]	- CASA-MIA 6×$10^{14}$ – 6×$10^{16}$ eV [258]	R1 参数下标/科学记数法
45	- **具体例子**：强 discrete UHE γ 源（如拓扑缺陷，近单能注入谱，EGMF ~10⁻⁹ G）→ 在某些 E > ~10¹⁶ eV 处预言 γ 通量 > 带电 CR 通量 → **已被排除** [259]。	- **具体例子**：强 discrete UHE γ 源（如拓扑缺陷，近单能注入谱，EGMF ~$10^{-9}$ G）→ 在某些 E > ~$10^{16}$ eV 处预言 γ 通量 > 带电 CR 通量 → **已被排除** [259]。	R1 参数下标/科学记数法
53	θ(E,d) ≃ d/r_g ≃ 0.52° · q · (E/10²⁰ eV)⁻¹ · (d/1 Mpc) · (B_⊥/10⁻⁹ G)	θ(E,d) ≃ d/r_g ≃ 0.52° · q · (E/$10^{20}$ eV)⁻¹ · (d/1 Mpc) · (B_⊥/$10^{-9}$ G)	R1 参数下标/科学记数法
61	≃ 0.8° · q · (E/10²⁰ eV)⁻¹ · (d/10 Mpc)^(1/2) · (l_c/1 Mpc)^(1/2) · (B/10⁻⁹ G)	≃ 0.8° · q · (E/$10^{20}$ eV)⁻¹ · (d/10 Mpc)^(1/2) · (l_c/1 Mpc)^(1/2) · (B/$10^{-9}$ G)	R1 参数下标/科学记数法
73	τ(E,d) ≃ d·θ²/4 ≃ 1.5×10³ q² · (E/10²⁰ eV)⁻² · (d/10 Mpc)² · (l_c/1 Mpc) · (B/10⁻⁹ G)²  yr	τ(E,d) ≃ d·θ²/4 ≃ 1.5×$10^{3}$ q² · (E/$10^{20}$ eV)⁻² · (d/10 Mpc)² · (l_c/1 Mpc) · (B/$10^{-9}$ G)²  yr	R1 参数下标/科学记数法
78	τ(E₀, d) ≃ (观测时刻 − 零延迟到达时刻)	τ($E_{0}$, d) ≃ (观测时刻 − 零延迟到达时刻)	R1 参数下标/科学记数法
80	处出现**谱峰 E₀**；高能粒子已过，低能粒子未至。	处出现**谱峰 $E_{0}$**；高能粒子已过，低能粒子未至。	R1 参数下标/科学记数法
83	- d < 相互作用长度 且 dθ ≪ l_c → 谱宽 ≪ E₀。	- d < 相互作用长度 且 dθ ≪ l_c → 谱宽 ≪ $E_{0}$。	R1 参数下标/科学记数法
84	- 其他情形 → 谱宽 ~ E₀。	- 其他情形 → 谱宽 ~ $E_{0}$。	R1 参数下标/科学记数法
96	**原版本**：B l_c^(1/2) ≲ 10⁻⁹ G Mpc^(1/2) [262,263]。	**原版本**：B l_c^(1/2) ≲ $10^{-9}$ G Mpc^(1/2) [262,263]。	R1 参数下标/科学记数法
100	B ≲ 3×10⁻⁷ (Ω_b h²/0.02)⁻¹ (h/0.65) (l_c/Mpc)⁻^(1/2)  G	B ≲ 3×$10^{-7}$ (Ω_b h²/0.02)⁻¹ (h/0.65) (l_c/Mpc)⁻^(1/2)  G	R1 参数下标/科学记数法
106	B ≲ 10⁻⁹ – 10⁻⁸ G     (公式 34)	B ≲ $10^{-9}$ – $10^{-8}$ G     (公式 34)	R1 参数下标/科学记数法
114	- 但**超星系面强磁化**、或**近邻星团**（场强 10⁻⁶ G [262–263,270]）、或**重核（如 Fe）** → 可能强烈偏转 [26]。	- 但**超星系面强磁化**、或**近邻星团**（场强 $10^{-6}$ G [262–263,270]）、或**重核（如 Fe）** → 可能强烈偏转 [26]。	R1 参数下标/科学记数法
121	**Fly's Eye 300 EeV 事件**（3.2×10²⁰ eV）[26]：	**Fly's Eye 300 EeV 事件**（3.2×$10^{20}$ eV）[26]：	R1 参数下标/科学记数法
131	- 中微子假设问题：σ_νN 在 10²⁰ eV 大气相互作用概率 ~10⁻⁵。	- 中微子假设问题：σ_νN 在 $10^{20}$ eV 大气相互作用概率 ~$10^{-5}$。	R1 参数下标/科学记数法
142	| Haverah Park + AGASA + VR + Yakutsk | Supergalactic Plane | **~3σ** 正相关（E > 4×10¹⁹ eV）[79] |	| Haverah Park + AGASA + VR + Yakutsk | Supergalactic Plane | **~3σ** 正相关（E > 4×$10^{19}$ eV）[79] |	R1 参数下标/科学记数法
158	- Yakutsk EAS: UHECR (0.8–4)×10¹⁹ eV 与**银道面脉冲星沿磁感线方向**统计显著相关 [283]。	- Yakutsk EAS: UHECR (0.8–4)×$10^{19}$ eV 与**银道面脉冲星沿磁感线方向**统计显著相关 [283]。	R1 参数下标/科学记数法
170	| E_tr (同步冷却转移能) | 10²⁰ (B/10⁻¹⁰ G)⁻¹ eV |	| E_tr (同步冷却转移能) | $10^{20}$ (B/$10^{-10}$ G)⁻¹ eV |	R1 参数下标/科学记数法
171	| E_syn 典型值 | 6.8×10¹³ (E/10²¹ eV)² (B/10⁻⁹ G) eV |	| E_syn 典型值 | 6.8×$10^{13}$ (E/$10^{21}$ eV)² (B/$10^{-9}$ G) eV |	R1 参数下标/科学记数法
172	| θ (均匀场) | 0.52° q (E/10²⁰ eV)⁻¹ (d/1 Mpc) (B/10⁻⁹ G) |	| θ (均匀场) | 0.52° q (E/$10^{20}$ eV)⁻¹ (d/1 Mpc) (B/$10^{-9}$ G) |	R1 参数下标/科学记数法
173	| θ (随机场) | 0.8° q (E/10²⁰ eV)⁻¹ (d/10 Mpc)^(1/2) (l_c/1 Mpc)^(1/2) (B/10⁻⁹ G) |	| θ (随机场) | 0.8° q (E/$10^{20}$ eV)⁻¹ (d/10 Mpc)^(1/2) (l_c/1 Mpc)^(1/2) (B/$10^{-9}$ G) |	R1 参数下标/科学记数法
174	| τ (随机场) | 1.5×10³ q² (E/10²⁰ eV)⁻² (d/10 Mpc)² (l_c/1 Mpc) (B/10⁻⁹ G)² yr |	| τ (随机场) | 1.5×$10^{3}$ q² (E/$10^{20}$ eV)⁻² (d/10 Mpc)² (l_c/1 Mpc) (B/$10^{-9}$ G)² yr |	R1 参数下标/科学记数法
175	| EGMF (Faraday, 原) | Bl_c^(1/2) ≲ 10⁻⁹ G Mpc^(1/2) |	| EGMF (Faraday, 原) | Bl_c^(1/2) ≲ $10^{-9}$ G Mpc^(1/2) |	R1 参数下标/科学记数法
176	| EGMF (修正) | B ≲ 10⁻⁹ – 10⁻⁸ G |	| EGMF (修正) | B ≲ $10^{-9}$ – $10^{-8}$ G |	R1 参数下标/科学记数法
31	| EM cascade | Hybrid MC + matrix doubling [296] 或隐式数值 [156,205,206]；能量覆盖 100 MeV – 10¹⁶ GeV (GUT scale) | [259,295] |	| EM cascade | Hybrid MC + matrix doubling [296] 或隐式数值 [156,205,206]；能量覆盖 100 MeV – $10^{16}$ GeV (GUT scale) | [259,295] |	R1 参数下标/科学记数法
45	大尺度磁场（10⁻⁸ – 10⁻⁶ G，如星系团内）→ 扩散近似适用。	大尺度磁场（$10^{-8}$ – $10^{-6}$ G，如星系团内）→ 扩散近似适用。	R1 参数下标/科学记数法
53	- 应用于 EGMF ~几×10⁻⁸ G，E 至 ~10²⁰ eV。	- 应用于 EGMF ~几×$10^{-8}$ G，E 至 ~$10^{20}$ eV。	R1 参数下标/科学记数法
78	- N₀：源到探测器的总 fluence。	- $N_{0}$：源到探测器的总 fluence。	R1 参数下标/科学记数法
82	B ≲ 2×10⁻¹¹ · (l_c/1 Mpc)⁻^(1/2) · (d/30 Mpc)⁻¹  G	B ≲ 2×$10^{-11}$ · (l_c/1 Mpc)⁻^(1/2) · (d/30 Mpc)⁻¹  G	R1 参数下标/科学记数法
95	3×10³ (Δθ/1°)² (d/10 Mpc) yr ≲ T_S ≃ τ_E ≲ 10⁴ – 10⁷ (E/100 EeV)⁻² yr	3×$10^{3}$ (Δθ/1°)² (d/10 Mpc) yr ≲ T_S ≃ τ_E ≲ $10^{4}$ – $10^{7}$ (E/100 EeV)⁻² yr	R1 参数下标/科学记数法
115	- Fig. 20：最优场强（源 d=10 Mpc, B_max = 10⁻⁷ G）对 E > 10 EeV 数据的最佳拟合。	- Fig. 20：最优场强（源 d=10 Mpc, B_max = $10^{-7}$ G）对 E > 10 EeV 数据的最佳拟合。	R1 参数下标/科学记数法
130	- 若 10²⁰ eV 事件是质子 → (c_p − c) < 10⁻²³（否则质子会在 ~几百 cm 内通过 Cherenkov 辐射损失能量）。	- 若 $10^{20}$ eV 事件是质子 → (c_p − c) < $10^{-23}$（否则质子会在 ~几百 cm 内通过 Cherenkov 辐射损失能量）。	R1 参数下标/科学记数法
132	- **VPE (Violation of Equivalence Principle) 等效** → 质子与光子的引力耦合差异 < 10⁻¹⁹（比 Eötvös 实验精确 5 个量级）。	- **VPE (Violation of Equivalence Principle) 等效** → 质子与光子的引力耦合差异 < $10^{-19}$（比 Eötvös 实验精确 5 个量级）。	R1 参数下标/科学记数法
137	c²k² ≃ E² + χ E³/E₀	c²k² ≃ E² + χ E³/$E_{0}$	R1 参数下标/科学记数法
139	- 对应光子群速度 ∂E/∂k = c[1 − χ E/E₀ + O(E²/E₀²)]	- 对应光子群速度 ∂E/∂k = c[1 − χ E/$E_{0}$ + O(E²/$E_{0}$²)]	R1 参数下标/科学记数法
140	- χ = ±1；E₀ = 量子引力尺度	- χ = ±1；$E_{0}$ = 量子引力尺度	R1 参数下标/科学记数法
143	ε ≃ E/4 · [m_e²/(E₁E₂ + θ₁θ₂)] + χ E²/(4E₀)	ε ≃ E/4 · [m_e²/($E_{1}$$E_{2}$ + θ₁θ₂)] + χ E²/(4$E_{0}$)	R1 参数下标/科学记数法
147	- **χ < 0 (c_γ > c_p)**：E > E_c 时光子可自发衰变 → 河外光子传播受阻 → 观测 > 20 TeV 河外光子 [328,329] 约束 **E₀ >~ M_Pl** 或 (c²_i − c²) > ~ −2×10⁻¹⁷。	- **χ < 0 (c_γ > c_p)**：E > E_c 时光子可自发衰变 → 河外光子传播受阻 → 观测 > 20 TeV 河外光子 [328,329] 约束 **$E_{0}$ >~ M_Pl** 或 (c²_i − c²) > ~ −2×$10^{-17}$。	R1 参数下标/科学记数法
152	Δt ≃ (d/c)(E/E₀) ≃ 1 (d/100 Mpc)(E/TeV)(E₀/M_Pl)⁻¹ s	Δt ≃ (d/c)(E/$E_{0}$) ≃ 1 (d/100 Mpc)(E/TeV)($E_{0}$/M_Pl)⁻¹ s	R1 参数下标/科学记数法
154	- Mrk 421 > 2 TeV γ 在 300 s 内到达 → E₀ > 4×10¹⁶ GeV [331]。	- Mrk 421 > 2 TeV γ 在 300 s 内到达 → $E_{0}$ > 4×$10^{16}$ GeV [331]。	R1 参数下标/科学记数法
155	- HEGRA 若观测到 > 200 TeV GRB γ 在 200 s 内 → E₀ ≃ M_Pl。	- HEGRA 若观测到 > 200 TeV GRB γ 在 200 s 内 → $E_{0}$ ≃ M_Pl。	R1 参数下标/科学记数法
161	- 自由质子：Eth ≃ 1.7×10¹⁵/(|m_νe|/eV) eV。	- 自由质子：Eth ≃ 1.7×$10^{15}$/(|m_νe|/eV) eV。	R1 参数下标/科学记数法
171	| AGASA 约束 (公式 38) | B ≲ 2×10⁻¹¹ G (l_c/Mpc)^(-1/2) (d/30 Mpc)^-1 |	| AGASA 约束 (公式 38) | B ≲ 2×$10^{-11}$ G (l_c/Mpc)^(-1/2) (d/30 Mpc)^-1 |	R1 参数下标/科学记数法
172	| VLI 约束 (10²⁰ eV 质子) | (c_p−c) < 10⁻²³ |	| VLI 约束 ($10^{20}$ eV 质子) | (c_p−c) < $10^{-23}$ |	R1 参数下标/科学记数法
173	| VPE 约束 | (g_p/g_γ)−1 < 10⁻¹⁹ |	| VPE 约束 | (g_p/g_γ)−1 < $10^{-19}$ |	R1 参数下标/科学记数法
174	| 量子引力色散 E₀ 下限 (Mrk 421) | E₀ > 4×10¹⁶ GeV |	| 量子引力色散 $E_{0}$ 下限 (Mrk 421) | $E_{0}$ > 4×$10^{16}$ GeV |	R1 参数下标/科学记数法
175	| M_Pl | 2.4×10¹⁸ GeV |	| M_Pl | 2.4×$10^{18}$ GeV |	R1 参数下标/科学记数法
15	- AGN/Radio-galaxy 作为 UHECR 源的论证：**AGN 核心**被排除（能量损失严重）；**FR-II 射电星系 hot spots** 是主要候选（E_max 可达 ~10²¹ eV），但受**距离**问题困扰。	- AGN/Radio-galaxy 作为 UHECR 源的论证：**AGN 核心**被排除（能量损失严重）；**FR-II 射电星系 hot spots** 是主要候选（E_max 可达 ~$10^{21}$ eV），但受**距离**问题困扰。	R1 参数下标/科学记数法
16	- 脉冲星加速：除 magnetar 与 Fe 风模型外，绝大多数不超过 ~10¹⁵ eV。	- 脉冲星加速：除 magnetar 与 Fe 风模型外，绝大多数不超过 ~$10^{15}$ eV。	R1 参数下标/科学记数法
26	T_acc = (3/(u₁−u₂)) · (D₁/u₁ + D₂/u₂)            (45)	T_acc = (3/($u_{1}$−$u_{2}$)) · ($D_{1}$/$u_{1}$ + $D_{2}$/$u_{2}$)            (45)	R1 参数下标/科学记数法
27	D₁,₂ ~ λ/3 > gE/(3ZeB)                            (46)	$D_{1}$,₂ ~ λ/3 > gE/(3ZeB)                            (46)	R1 参数下标/科学记数法
43	E_c ≡ E_{q=3} ~ 10¹⁷ · Z · (R/kpc) · (B/μG)  eV	E_c ≡ E_{q=3} ~ $10^{17}$ · Z · (R/kpc) · (B/μG)  eV	R1 参数下标/科学记数法
49	E_max = Ze u₁ B R ~ 10¹⁸ · Z u₁ · (R/kpc) · (B/μG)  eV	E_max = Ze $u_{1}$ B R ~ $10^{18}$ · Z $u_{1}$ · (R/kpc) · (B/μG)  eV	R1 参数下标/科学记数法
51	- 比 (49) 高 ~10×（u₁ → c 时），但需要特殊条件（plasma 效应使 E 场更小）。	- 比 (49) 高 ~10×（$u_{1}$ → c 时），但需要特殊条件（plasma 效应使 E 场更小）。	R1 参数下标/科学记数法
63	(B/μG) · (R/kpc) > 2 · (E/10¹⁸ eV) · 1/(Z β)	(B/μG) · (R/kpc) > 2 · (E/$10^{18}$ eV) · 1/(Z β)	R1 参数下标/科学记数法
66	- **Hillas 图 (Fig. 25)**：只有 AGN、射电星系、脉冲星等少数源满足 ~10²⁰ eV 加速条件。	- **Hillas 图 (Fig. 25)**：只有 AGN、射电星系、脉冲星等少数源满足 ~$10^{20}$ eV 加速条件。	R1 参数下标/科学记数法
74	2. EGRET diffuse γ-ray 能量密度 ~ E⁻² 质子注入谱到 10²⁰ eV 所需能量 → 支持河外质子加速。	2. EGRET diffuse γ-ray 能量密度 ~ E⁻² 质子注入谱到 $10^{20}$ eV 所需能量 → 支持河外质子加速。	R1 参数下标/科学记数法
77	- AGN 核心典型 R ~ 0.02 pc, B ~ 5 G → 公式 (49)：E_c ~ 10¹⁹ eV。	- AGN 核心典型 R ~ 0.02 pc, B ~ 5 G → 公式 (49)：E_c ~ $10^{19}$ eV。	R1 参数下标/科学记数法
79	- 同时考虑加速与能量损失 → 质子或核在 **E > ~10¹⁶ eV 无法逃出核心**。	- 同时考虑加速与能量损失 → 质子或核在 **E > ~$10^{16}$ eV 无法逃出核心**。	R1 参数下标/科学记数法
84	- 若 B 场足够强 → **E_max 可达 ~10²¹ eV**。	- 若 B 场足够强 → **E_max 可达 ~$10^{21}$ eV**。	R1 参数下标/科学记数法
86	- **结论**：射电星系 hot spots 可能是 UHECR (>10¹⁷ eV) 源，但**难以解释 10²⁰ eV 以上事件**。	- **结论**：射电星系 hot spots 可能是 UHECR (>$10^{17}$ eV) 源，但**难以解释 $10^{20}$ eV 以上事件**。	R1 参数下标/科学记数法
88	**Boldt–Ghosh [27] 建议**：自旋超大质量黑洞（不活跃 quasar 遗迹）事件视界附近加速 → E_max ~ 10²¹ eV；本地 50 Mpc 内足够多候选 → 可解释 EHECR 通量。	**Boldt–Ghosh [27] 建议**：自旋超大质量黑洞（不活跃 quasar 遗迹）事件视界附近加速 → E_max ~ $10^{21}$ eV；本地 50 Mpc 内足够多候选 → 可解释 EHECR 通量。	R1 参数下标/科学记数法
92	- [218]：比较 UHECR 通量 (E ~ 10¹⁹ eV) → 对 diffuse ν 通量给出更强上界。	- [218]：比较 UHECR 通量 (E ~ $10^{19}$ eV) → 对 diffuse ν 通量给出更强上界。	R1 参数下标/科学记数法
93	- Mannheim, Protheroe, Rachen [353] 声称存在 loophole（仅 10¹⁶ – 10¹⁸ eV 适用）。	- Mannheim, Protheroe, Rachen [353] 声称存在 loophole（仅 $10^{16}$ – $10^{18}$ eV 适用）。	R1 参数下标/科学记数法
99	- **简单脉冲星直接加速**：~10²¹ eV 势差，但 **pair-cascade 短路** → 实际 < 10¹⁵ eV。	- **简单脉冲星直接加速**：~$10^{21}$ eV 势差，但 **pair-cascade 短路** → 实际 < $10^{15}$ eV。	R1 参数下标/科学记数法
100	- **吸积盘**：能量损失限制 ~10¹⁵ eV。	- **吸积盘**：能量损失限制 ~$10^{15}$ eV。	R1 参数下标/科学记数法
101	- **Magnetar** (SGR 1900+14)：表面 B ~ 10¹⁵ G → 能量预算提高 2–3 个量级，但损失问题未解决。	- **Magnetar** (SGR 1900+14)：表面 B ~ $10^{15}$ G → 能量预算提高 2–3 个量级，但损失问题未解决。	R1 参数下标/科学记数法
102	- **Fe 离子 MHD 风** [355]：新形成强磁化脉冲星（初始 P < 4(B_s/10¹³ G)^(1/2) ms）→ 可加速 Fe 离子 > 10²⁰ eV，预言 EHECR 组成以 Fe 为主（可检验）。	- **Fe 离子 MHD 风** [355]：新形成强磁化脉冲星（初始 P < 4(B_s/$10^{13}$ G)^(1/2) ms）→ 可加速 Fe 离子 > $10^{20}$ eV，预言 EHECR 组成以 Fe 为主（可检验）。	R1 参数下标/科学记数法
113	一般难以超过 10²⁰ eV。	一般难以超过 $10^{20}$ eV。	R1 参数下标/科学记数法
120	- 预言谱与观测谱 E > ~10¹⁹ eV 一致（质子注入 E⁻²·³±⁰·⁵ [288]，Fermi 加速）。	- 预言谱与观测谱 E > ~$10^{19}$ eV 一致（质子注入 E⁻²·³±⁰·⁵ [288]，Fermi 加速）。	R1 参数下标/科学记数法
126	B >~ 10⁻¹⁰ · (E/10²⁰ eV) · (d/30 Mpc)⁻¹ · (l_c/1 Mpc)⁻^(1/2)  G	B >~ $10^{-10}$ · (E/$10^{20}$ eV) · (d/30 Mpc)⁻¹ · (l_c/1 Mpc)⁻^(1/2)  G	R1 参数下标/科学记数法
141	B >~ (E/erg) ≃ 3×10⁴ · (E/10²⁰ eV) · (r_d/10¹³ cm)⁻¹  G	B >~ (E/erg) ≃ 3×$10^{4}$ · (E/$10^{20}$ eV) · (r_d/$10^{13}$ cm)⁻¹  G	R1 参数下标/科学记数法
145	B >~ 20 · (L_γ/10⁵¹ erg/s) · (r_d/10¹³ cm)⁻² · (γ/300)⁻²  G	B >~ 20 · (L_γ/$10^{51}$ erg/s) · (r_d/$10^{13}$ cm)⁻² · (γ/300)⁻²  G	R1 参数下标/科学记数法
149	B <~ 3×10⁵ · (γ/300)² · (E/10²⁰ eV)⁻²	B <~ 3×$10^{5}$ · (γ/300)² · (E/$10^{20}$ eV)⁻²	R1 参数下标/科学记数法
152	**同时满足**：需 r_d > 10¹² (γ/300)⁻² (E/10²⁰ eV)³ cm（公式 56），以及 **γ > 40 (E/10²⁰ eV)^(3/4) (t_GRB/s)⁻^(1/4)**。	**同时满足**：需 r_d > $10^{12}$ (γ/300)⁻² (E/$10^{20}$ eV)³ cm（公式 56），以及 **γ > 40 (E/$10^{20}$ eV)^(3/4) (t_GRB/s)⁻^(1/4)**。	R1 参数下标/科学记数法
156	- **ν 通量**：~10¹⁴ eV，数十事件/km³ 中微子望远镜 [365,370]；> 10¹⁹ eV 可被 AIRWATCH/MASS 探测 [366]。	- **ν 通量**：~$10^{14}$ eV，数十事件/km³ 中微子望远镜 [365,370]；> $10^{19}$ eV 可被 AIRWATCH/MASS 探测 [366]。	R1 参数下标/科学记数法
157	- **MACRO 上界**：每个 GRB 0.87×10⁻⁹ cm⁻² μ 通量 [372]。	- **MACRO 上界**：每个 GRB 0.87×$10^{-9}$ cm⁻² μ 通量 [372]。	R1 参数下标/科学记数法
159	- 若 GeV cascade 解释 diffuse γ-ray → 每个 GRB 释放 ~10⁵⁶ erg，γ > 500。	- 若 GeV cascade 解释 diffuse γ-ray → 每个 GRB 释放 ~$10^{56}$ erg，γ > 500。	R1 参数下标/科学记数法
170	| DSAM E_c (benchmark, 公式 49) | 10¹⁷ Z (R/kpc)(B/μG) eV |	| DSAM E_c (benchmark, 公式 49) | $10^{17}$ Z (R/kpc)(B/μG) eV |	R1 参数下标/科学记数法
171	| 漂移加速 E_max (公式 50) | 10¹⁸ Z u₁ (R/kpc)(B/μG) eV |	| 漂移加速 E_max (公式 50) | $10^{18}$ Z $u_{1}$ (R/kpc)(B/μG) eV |	R1 参数下标/科学记数法
172	| Hillas 判据 (公式 51) | B(μG)·R(kpc) > 2·(E/10¹⁸ eV)/(Zβ) |	| Hillas 判据 (公式 51) | B(μG)·R(kpc) > 2·(E/$10^{18}$ eV)/(Zβ) |	R1 参数下标/科学记数法
173	| AGN 核心 E_c | ~10¹⁹ eV（但损失使可逃出 < 10¹⁶ eV） |	| AGN 核心 E_c | ~$10^{19}$ eV（但损失使可逃出 < $10^{16}$ eV） |	R1 参数下标/科学记数法
174	| FR-II hot spot E_max | 可达 ~10²¹ eV（若 B 足够） |	| FR-II hot spot E_max | 可达 ~$10^{21}$ eV（若 B 足够） |	R1 参数下标/科学记数法
175	| GRB 条件 γ > | 40 (E/10²⁰ eV)^(3/4) (t/s)⁻^(1/4) |	| GRB 条件 γ > | 40 (E/$10^{20}$ eV)^(3/4) (t/s)⁻^(1/4) |	R1 参数下标/科学记数法
180	- [FACT] **Fe 组成**：Auger 显示 E > ~10¹⁹·⁵ eV 组成**变重**（倾向 Fe），支持 §5.2.2 中 magnetar Fe 风模型或类似的重核加速源。	- [FACT] **Fe 组成**：Auger 显示 E > ~$10^{19}$·⁵ eV 组成**变重**（倾向 Fe），支持 §5.2.2 中 magnetar Fe 风模型或类似的重核加速源。	R1 参数下标/科学记数法
14	- X 粒子衰变**必须满足**三个基本条件：(a) 在近代衰变（~100 Mpc 内）；(b) m_X ≫ 10¹¹ GeV；(c) 数密度/衰变率足够大。	- X 粒子衰变**必须满足**三个基本条件：(a) 在近代衰变（~100 Mpc 内）；(b) m_X ≫ $10^{11}$ GeV；(c) 数密度/衰变率足够大。	R1 参数下标/科学记数法
16	- X 粒子衰变率基准估算：~10³⁵ Mpc⁻³ yr⁻¹ (m_X = 10¹⁶ GeV 时)。	- X 粒子衰变率基准估算：~$10^{35}$ Mpc⁻³ yr⁻¹ (m_X = $10^{16}$ GeV 时)。	R1 参数下标/科学记数法
23	- EHECR > 10¹¹ GeV 要求 R·B 极大；实际还须考虑传播损失与源距离问题。	- EHECR > $10^{11}$ GeV 要求 R·B 极大；实际还须考虑传播损失与源距离问题。	R1 参数下标/科学记数法
24	- **Top-down**：X 粒子（m_X > 10¹¹ GeV）衰变 → 无需加速。	- **Top-down**：X 粒子（m_X > $10^{11}$ GeV）衰变 → 无需加速。	R1 参数下标/科学记数法
30	2. **(b) m_X ≫ 10¹¹ GeV**。	2. **(b) m_X ≫ $10^{11}$ GeV**。	R1 参数下标/科学记数法
174	(ṅ_X,0)_{EHECR} ≃ 1.2×10⁻⁴⁶ · (l(E_γ)/10 Mpc)⁻¹ · (E²j(E)/1 eV cm⁻² s⁻¹ sr⁻¹) ·	(ṅ_X,0)_{EHECR} ≃ 1.2×$10^{-46}$ · (l(E_γ)/10 Mpc)⁻¹ · (E²j(E)/1 eV cm⁻² s⁻¹ sr⁻¹) ·	R1 参数下标/科学记数法
175	(2E/10¹⁶ GeV)^(α−1.5) · (m_X/10¹⁶ GeV)^(1−α) · (0.5/(2−α)) · (0.9/f_π)  cm⁻³ s⁻¹	(2E/$10^{16}$ GeV)^(α−1.5) · (m_X/$10^{16}$ GeV)^(1−α) · (0.5/(2−α)) · (0.9/f_π)  cm⁻³ s⁻¹	R1 参数下标/科学记数法
181	(Q_0)_{EHECR} ≃ 1.2×10⁻²¹ · (l(E_γ)/10 Mpc)⁻¹ · (E²j(E)/1 eV cm⁻² s⁻¹ sr⁻¹) ·	(Q_0)_{EHECR} ≃ 1.2×$10^{-21}$ · (l(E_γ)/10 Mpc)⁻¹ · (E²j(E)/1 eV cm⁻² s⁻¹ sr⁻¹) ·	R1 参数下标/科学记数法
182	(2E/10¹⁶ GeV)^(α−1.5) · (m_X/10¹⁶ GeV)^(2−α) · (0.5/(2−α)) · (0.9/f_π)  eV cm⁻³ s⁻¹	(2E/$10^{16}$ GeV)^(α−1.5) · (m_X/$10^{16}$ GeV)^(2−α) · (0.5/(2−α)) · (0.9/f_π)  eV cm⁻³ s⁻¹	R1 参数下标/科学记数法
187	EHECR 通量标度 E²j ~ 1 eV cm⁻² s⁻¹ sr⁻¹ at E = 10¹¹ GeV, m_X = 10¹⁶ GeV, α = 1.5, f_π = 0.9：	EHECR 通量标度 E²j ~ 1 eV cm⁻² s⁻¹ sr⁻¹ at E = $10^{11}$ GeV, m_X = $10^{16}$ GeV, α = 1.5, f_π = 0.9：	R1 参数下标/科学记数法
189	ṅ_X ≃ 1×10³⁵ Mpc⁻³ yr⁻¹ ≃ 13 AU⁻³ yr⁻¹	ṅ_X ≃ 1×$10^{35}$ Mpc⁻³ yr⁻¹ ≃ 13 AU⁻³ yr⁻¹	R1 参数下标/科学记数法
222	若 GUT 破缺：η ~ 10¹⁶ GeV → m_X ~ 10¹⁶ GeV。	若 GUT 破缺：η ~ $10^{16}$ GeV → m_X ~ $10^{16}$ GeV。	R1 参数下标/科学记数法
240	| Top-down 三条件 | (a) 近期衰变/源 < 100 Mpc; (b) m_X ≫ 10¹¹ GeV; (c) 足够衰变率 |	| Top-down 三条件 | (a) 近期衰变/源 < 100 Mpc; (b) m_X ≫ $10^{11}$ GeV; (c) 足够衰变率 |	R1 参数下标/科学记数法
245	| (ṅ_X,0) EHECR 基准 | ~10³⁵ Mpc⁻³ yr⁻¹ (m_X=10¹⁶ GeV) |	| (ṅ_X,0) EHECR 基准 | ~$10^{35}$ Mpc⁻³ yr⁻¹ (m_X=$10^{16}$ GeV) |	R1 参数下标/科学记数法
246	| (Q_0) EHECR 基准 | ~10⁻²¹ eV cm⁻³ s⁻¹ |	| (Q_0) EHECR 基准 | ~$10^{-21}$ eV cm⁻³ s⁻¹ |	R1 参数下标/科学记数法
247	| M_X GUT 典型 | 10¹⁶ GeV |	| M_X GUT 典型 | $10^{16}$ GeV |	R1 参数下标/科学记数法
251	- [FACT] LPHD + MLLA 仅在 ~100 GeV 被实验验证 → 外推到 > 10¹⁴ GeV 有**巨大不确定性**。	- [FACT] LPHD + MLLA 仅在 ~100 GeV 被实验验证 → 外推到 > $10^{14}$ GeV 有**巨大不确定性**。	R1 参数下标/科学记数法
252	- [FACT] Monte Carlo (HERWIG/JETSET) 与 MLLA+LPHD 在 m_X ≫ 10³ GeV 处显著不同 [391]。	- [FACT] Monte Carlo (HERWIG/JETSET) 与 MLLA+LPHD 在 m_X ≫ $10^{3}$ GeV 处显著不同 [391]。	R1 参数下标/科学记数法
21	- **核心结论**：GUT 尺度弦 (~10¹⁶ GeV) 在多数过程中 X 产额不足；但若为 ~10¹³–10¹⁴ GeV 的"轻"弦，可解释 EHECR 且不违反级联 γ 限制。	- **核心结论**：GUT 尺度弦 (~$10^{16}$ GeV) 在多数过程中 X 产额不足；但若为 ~$10^{13}$–$10^{14}$ GeV 的"轻"弦，可解释 EHECR 且不违反级联 γ 限制。	R1 参数下标/科学记数法
62	### 10.2.5 现代 loop 数量与尺度 (Gμ = 10⁻⁶ 时) [FACT]	### 10.2.5 现代 loop 数量与尺度 (Gμ = $10^{-6}$ 时) [FACT]	R1 参数下标/科学记数法
66	| 最丰环长度 | ~200 (Gμ/10⁻⁶)(Ω₀h²)^(−1/2) kpc |	| 最丰环长度 | ~200 (Gμ/$10^{-6}$)(Ω₀h²)^(−1/2) kpc |	R1 参数下标/科学记数法
67	| 数密度 | ~4.6×10⁻⁶ (Gμ/10⁻⁶)⁻¹(Ω₀h²)^(3/2) Mpc⁻³ |	| 数密度 | ~4.6×$10^{-6}$ (Gμ/$10^{-6}$)⁻¹(Ω₀h²)^(3/2) Mpc⁻³ |	R1 参数下标/科学记数法
68	| 典型间隔 | ~60 (Gμ/10⁻⁶)^(1/3)(Ω₀h²)^(−1/2) Mpc |	| 典型间隔 | ~60 (Gμ/$10^{-6}$)^(1/3)(Ω₀h²)^(−1/2) Mpc |	R1 参数下标/科学记数法
103	比旧估计小 (w/L)^(1/6) → 对 GUT 尺度字符串 (~10¹⁶ GeV)，w/L 为天文数字小量 → **ℓ_c 被严重压低**。	比旧估计小 (w/L)^(1/6) → 对 GUT 尺度字符串 (~$10^{16}$ GeV)，w/L 为天文数字小量 → **ℓ_c 被严重压低**。	R1 参数下标/科学记数法
108	- 对 GUT 尺度：η ~ 10¹⁶ GeV，但 L/w ~ 极大 → cusp 效率低。	- 对 GUT 尺度：η ~ $10^{16}$ GeV，但 L/w ~ 极大 → cusp 效率低。	R1 参数下标/科学记数法
129	f_X · η₁₆^(3/2) ≃ 2.8×10⁻⁵            (85)	f_X · η₁₆^(3/2) ≃ 2.8×$10^{-5}$            (85)	R1 参数下标/科学记数法
131	（η₁₆ = η/10¹⁶ GeV, l(E_γ=300 EeV) = 50 Mpc）	（η₁₆ = η/$10^{16}$ GeV, l(E_γ=300 EeV) = 50 Mpc）	R1 参数下标/科学记数法
137	ω_cas ≃ (1/2) m_X ṅ_X t₀            (86)	ω_cas ≃ (1/2) m_X ṅ_X $t_{0}$            (86)	R1 参数下标/科学记数法
138	ω_cas ≤ 2×10⁻⁶ eV cm⁻³              (87, [185])	ω_cas ≤ 2×$10^{-6}$ eV cm⁻³              (87, [185])	R1 参数下标/科学记数法
142	f_X · η₁₆² ≤ 9.6×10⁻⁶              (88)	f_X · η₁₆² ≤ 9.6×$10^{-6}$              (88)	R1 参数下标/科学记数法
149	9.2×10¹² GeV <~ η <~ 1.2×10¹⁵ GeV	9.2×$10^{12}$ GeV <~ η <~ 1.2×$10^{15}$ GeV	R1 参数下标/科学记数法
150	f_X ~ 2.8×10⁻⁵ η₁₆^(−3/2)	f_X ~ 2.8×$10^{-5}$ η₁₆^(−3/2)	R1 参数下标/科学记数法
151	f_X ∈ [6.7×10⁻⁴, 1]	f_X ∈ [6.7×$10^{-4}$, 1]	R1 参数下标/科学记数法
153	- **m_X ≫ 10¹⁵ GeV 时 GUT-scale 弦难以同时满足**（违反 γ 背景约束）。	- **m_X ≫ $10^{15}$ GeV 时 GUT-scale 弦难以同时满足**（违反 γ 背景约束）。	R1 参数下标/科学记数法
154	- **η ~ 10¹³ GeV 的"轻"弦**是自然候选。	- **η ~ $10^{13}$ GeV 的"轻"弦**是自然候选。	R1 参数下标/科学记数法
159	- Kinks 是高谐波配置 → 有 kink 的环高概率自相交 → f_X ~ few×10⁻⁴ 是**合理的**。	- Kinks 是高谐波配置 → 有 kink 的环高概率自相交 → f_X ~ few×$10^{-4}$ 是**合理的**。	R1 参数下标/科学记数法
162	- Bhattacharjee-Sigl [432]：f_X ~ 1 时（全部环碎裂为 X），若 η ≲ 3.1×10¹³ GeV 且 f_KE ≲ few%，可解释 EHECR 且不违反 γ 约束。	- Bhattacharjee-Sigl [432]：f_X ~ 1 时（全部环碎裂为 X），若 η ≲ 3.1×$10^{13}$ GeV 且 f_KE ≲ few%，可解释 EHECR 且不违反 γ 约束。	R1 参数下标/科学记数法
166	- Loop 数密度 ∝ (Gμ)⁻¹ → η = 10¹³ GeV 时（Gμ ~ 10⁻¹²），与 η = 10¹⁶ GeV 相比 loop 数密度**大 10⁶ 倍**。	- Loop 数密度 ∝ (Gμ)⁻¹ → η = $10^{13}$ GeV 时（Gμ ~ $10^{-12}$），与 η = $10^{16}$ GeV 相比 loop 数密度**大 $10^{6}$ 倍**。	R1 参数下标/科学记数法
168	- GUT 弦 (~10¹⁶ GeV)：仅 ~2.4(Ω₀h²)^(3/2) 个 loop。	- GUT 弦 (~$10^{16}$ GeV)：仅 ~2.4(Ω₀h²)^(3/2) 个 loop。	R1 参数下标/科学记数法
169	- 轻弦 (~10¹³ GeV)：~ 2.4×10⁶ 个 loop。	- 轻弦 (~$10^{13}$ GeV)：~ 2.4×$10^{6}$ 个 loop。	R1 参数下标/科学记数法
170	- **结论**：轻弦 (η ~ few×10¹³ GeV) 通过快速多重碎裂过程可**自然产生足够多 X 粒子**。	- **结论**：轻弦 (η ~ few×$10^{13}$ GeV) 通过快速多重碎裂过程可**自然产生足够多 X 粒子**。	R1 参数下标/科学记数法
178	- **若 [417] 正确**：ṅ_X = (84) with f_X = 1 → 与 (68) 对比 → η ≲ 10¹³ GeV（否则会超量产生 EHECR）。	- **若 [417] 正确**：ṅ_X = (84) with f_X = 1 → 与 (68) 对比 → η ≲ $10^{13}$ GeV（否则会超量产生 EHECR）。	R1 参数下标/科学记数法
193	- 弦外**X 粒子质量**：m_F = g η（g ~ Yukawa 耦合），可达 GUT 尺度 ~10¹⁶ GeV。	- 弦外**X 粒子质量**：m_F = g η（g ~ Yukawa 耦合），可达 GUT 尺度 ~$10^{16}$ GeV。	R1 参数下标/科学记数法
205	**电磁辐射主导** (Gμ ≲ 10⁻⁸ 或 g > 10(Gμ)^(1/2))：	**电磁辐射主导** (Gμ ≲ $10^{-8}$ 或 g > 10(Gμ)^(1/2))：	R1 参数下标/科学记数法
216	**条件**（产生 EHECR）：m_F = gη ≥ 10¹² GeV → η ≥ 10¹² GeV → Gμ ≥ 10⁻¹⁴，且 10⁻⁷(Gμ)⁻^(1/2) ≤ g ≤ 1。	**条件**（产生 EHECR）：m_F = gη ≥ $10^{12}$ GeV → η ≥ $10^{12}$ GeV → Gμ ≥ $10^{-14}$，且 $10^{-7}$(Gμ)⁻^(1/2) ≤ g ≤ 1。	R1 参数下标/科学记数法
222	- 若 L_s 随时间增长（如 dynamos 增磁）：L_s(t₀) 更小 → 当前 ṅ_X 不够。	- 若 L_s 随时间增长（如 dynamos 增磁）：L_s($t_{0}$) 更小 → 当前 ṅ_X 不够。	R1 参数下标/科学记数法
234	| GUT 弦 μ | ~ (10¹⁶ GeV)² ~ 10⁻⁶ M_Pl² |	| GUT 弦 μ | ~ ($10^{16}$ GeV)² ~ $10^{-6}$ M_Pl² |	R1 参数下标/科学记数法
237	| 现代 loop 长度 | ~200 (Gμ/10⁻⁶) kpc |	| 现代 loop 长度 | ~200 (Gμ/$10^{-6}$) kpc |	R1 参数下标/科学记数法
241	| Loop 碎裂 EHECR 条件 | f_X η₁₆^(3/2) ≃ 2.8×10⁻⁵ |	| Loop 碎裂 EHECR 条件 | f_X η₁₆^(3/2) ≃ 2.8×$10^{-5}$ |	R1 参数下标/科学记数法
242	| γ 背景约束 | f_X η₁₆² ≤ 9.6×10⁻⁶ |	| γ 背景约束 | f_X η₁₆² ≤ 9.6×$10^{-6}$ |	R1 参数下标/科学记数法
243	| 允许 η 窗口 | 9.2×10¹² – 1.2×10¹⁵ GeV |	| 允许 η 窗口 | 9.2×$10^{12}$ – 1.2×$10^{15}$ GeV |	R1 参数下标/科学记数法
244	| Direct emission η 上限 | ≲ 10¹³ GeV |	| Direct emission η 上限 | ≲ $10^{13}$ GeV |	R1 参数下标/科学记数法
251	- [FACT] **CMB anisotropy**（WMAP/Planck 数据）：对宇宙弦网络的约束比 1999 年时强得多 → Gμ < 10⁻⁷ 量级（Planck 2015）→ 与本文 §6.4.6 讨论的 η ≲ 10¹³ GeV 一致（Gμ <~ 10⁻¹²）。	- [FACT] **CMB anisotropy**（WMAP/Planck 数据）：对宇宙弦网络的约束比 1999 年时强得多 → Gμ < $10^{-7}$ 量级（Planck 2015）→ 与本文 §6.4.6 讨论的 η ≲ $10^{13}$ GeV 一致（Gμ <~ $10^{-12}$）。	R1 参数下标/科学记数法
32	- η_s ~ η_σ ~ 10¹⁶ GeV → N ≃ Z ~ 100 → R_v ~ 10⁻²⁸ cm（可偏差几个量级）。	- η_s ~ η_σ ~ $10^{16}$ GeV → N ≃ Z ~ 100 → R_v ~ $10^{-28}$ cm（可偏差几个量级）。	R1 参数下标/科学记数法
39	- 二阶相变：10⁵ – 10¹⁴ GeV 被排除（过密）。	- 二阶相变：$10^{5}$ – $10^{14}$ GeV 被排除（过密）。	R1 参数下标/科学记数法
40	- 一阶相变：10⁹ – 10¹² GeV 被排除。	- 一阶相变：$10^{9}$ – $10^{12}$ GeV 被排除。	R1 参数下标/科学记数法
41	- η_s ≫ 10¹⁴ GeV：无 vorton 形成。	- η_s ≫ $10^{14}$ GeV：无 vorton 形成。	R1 参数下标/科学记数法
42	- η_s ≲ 10⁵ GeV（或 10⁹ GeV 一阶）：可做暗物质，但**太重无法产生 EHECR**。	- η_s ≲ $10^{5}$ GeV（或 $10^{9}$ GeV 一阶）：可做暗物质，但**太重无法产生 EHECR**。	R1 参数下标/科学记数法
43	- **留有窗口**：η_s ≃ η_σ ~ 10¹² – 10¹⁴ GeV 可能是 EHECR 候选。	- **留有窗口**：η_s ≃ η_σ ~ $10^{12}$ – $10^{14}$ GeV 可能是 EHECR 候选。	R1 参数下标/科学记数法
53	- Bonazzola & Peter 提议：m_V ~ Zm, Z ~ 100, m ~ η_s ~ η_σ ~ 10⁹ GeV。	- Bonazzola & Peter 提议：m_V ~ Zm, Z ~ 100, m ~ η_s ~ η_σ ~ $10^{9}$ GeV。	R1 参数下标/科学记数法
81	- 条件：**Ω_M h² ξ_f ≃ 1.7×10⁻⁸ (m_X/10¹⁶ GeV)^(1/2) [10 Mpc/l(E_γ)]**	- 条件：**Ω_M h² ξ_f ≃ 1.7×$10^{-8}$ (m_X/$10^{16}$ GeV)^(1/2) [10 Mpc/l(E_γ)]**	R1 参数下标/科学记数法
86	- Parker 界：(Ω_M h²)_Parker < 4×10⁻³ (m_M/10¹⁶ GeV)²	- Parker 界：(Ω_M h²)_Parker < 4×$10^{-3}$ (m_M/$10^{16}$ GeV)²	R1 参数下标/科学记数法
108	- 形成于**两阶相变**：G → H × U(1) → H × Z₂	- 形成于**两阶相变**：G → H × U(1) → H × $Z_{2}$	R1 参数下标/科学记数法
110	- 第二步：Z₂ 弦形成，每个 monopole 连两条弦，磁通沿弦导向。	- 第二步：$Z_{2}$ 弦形成，每个 monopole 连两条弦，磁通沿弦导向。	R1 参数下标/科学记数法
142	| Vorton radius (GUT scale) | ~10⁻²⁸ cm, N~Z~100 |	| Vorton radius (GUT scale) | ~$10^{-28}$ cm, N~Z~100 |	R1 参数下标/科学记数法
144	| Vorton EHECR 窗口 | η_s ≃ η_σ ~ 10¹² – 10¹⁴ GeV |	| Vorton EHECR 窗口 | η_s ≃ η_σ ~ $10^{12}$ – $10^{14}$ GeV |	R1 参数下标/科学记数法
145	| Vorton EHECR 加速质量 (Bonazzola-Peter) | Z ~ 100, m ~ 10⁹ GeV → m_V ~ 10¹¹ GeV |	| Vorton EHECR 加速质量 (Bonazzola-Peter) | Z ~ 100, m ~ $10^{9}$ GeV → m_V ~ $10^{11}$ GeV |	R1 参数下标/科学记数法
146	| Monopole mass (GUT) | ~ 10¹⁷ GeV |	| Monopole mass (GUT) | ~ $10^{17}$ GeV |	R1 参数下标/科学记数法
148	| 现时代 EHECR 要求 | Ω_M h² ξ_f ≃ 1.7×10⁻⁸ (m_X/10¹⁶ GeV)^(1/2) |	| 现时代 EHECR 要求 | Ω_M h² ξ_f ≃ 1.7×$10^{-8}$ (m_X/$10^{16}$ GeV)^(1/2) |	R1 参数下标/科学记数法
149	| Parker 界 | Ω_M h² < 4×10⁻³ (m_M/10¹⁶ GeV)² |	| Parker 界 | Ω_M h² < 4×$10^{-3}$ (m_M/$10^{16}$ GeV)² |	R1 参数下标/科学记数法
30	ṅ_X(t) = (Q₀/m_X) · (t/t₀)^(−4+p)      (93)	ṅ_X(t) = ($Q_{0}$/m_X) · (t/$t_{0}$)^(−4+p)      (93)	R1 参数下标/科学记数法
32	- Q₀：当代单位体积能量注入率。	- $Q_{0}$：当代单位体积能量注入率。	R1 参数下标/科学记数法
76	- 一类 SUSY gauge 理论中：Higgs 玻色子质量 m_H ~ TeV（SUSY 软破缺标度），而 gauge 玻色子质量 m_V < 10¹⁶ GeV（GUT 标度）。	- 一类 SUSY gauge 理论中：Higgs 玻色子质量 m_H ~ TeV（SUSY 软破缺标度），而 gauge 玻色子质量 m_V < $10^{16}$ GeV（GUT 标度）。	R1 参数下标/科学记数法
90	**Kephart-Weiler 场景**：m_M ~ 10⁹ – 10¹⁰ GeV 的磁单极子，被**银河磁场加速**至 EHE。	**Kephart-Weiler 场景**：m_M ~ $10^{9}$ – $10^{10}$ GeV 的磁单极子，被**银河磁场加速**至 EHE。	R1 参数下标/科学记数法
92	**加速机制**：穿越银河磁场区域（R ~ 30 kpc, B ~ 3×10⁻⁶ G, L_c ~ 300 pc）获得的动能：	**加速机制**：穿越银河磁场区域（R ~ 30 kpc, B ~ 3×$10^{-6}$ G, L_c ~ 300 pc）获得的动能：	R1 参数下标/科学记数法
94	E_K ≃ q_M B L_c √N ≃ 5.7×10²⁰ · (B/3×10⁻⁶ G) · (L_c/300 pc)^(1/2) · (R/30 kpc)^(1/2) eV      (94)	E_K ≃ q_M B L_c √N ≃ 5.7×$10^{20}$ · (B/3×$10^{-6}$ G) · (L_c/300 pc)^(1/2) · (R/30 kpc)^(1/2) eV      (94)	R1 参数下标/科学记数法
100	- 单极子必须**相对论性** → 产生相对论性空气簇射 → m_M ≲ 10¹⁰ GeV（要求相变标度 <~ 10⁹ GeV）。	- 单极子必须**相对论性** → 产生相对论性空气簇射 → m_M ≲ $10^{10}$ GeV（要求相变标度 <~ $10^{9}$ GeV）。	R1 参数下标/科学记数法
107	- 还有 monopole-catalyzed baryon-number violating 反应（~10⁻²⁷ cm²）[459]。	- 还有 monopole-catalyzed baryon-number violating 反应（~$10^{-27}$ cm²）[459]。	R1 参数下标/科学记数法
119	- 模型：m_V ~ Zm, Z ~ 100, m ~ 10⁹ GeV。	- 模型：m_V ~ Zm, Z ~ 100, m ~ $10^{9}$ GeV。	R1 参数下标/科学记数法
128	- Kuzmin-Rubakov [463] & Berezinsky-Kachelriess-Vilenkin [389]：**MSRP** m_X ≥ 10¹² GeV，寿命 ≥ 宇宙年龄。	- Kuzmin-Rubakov [463] & Berezinsky-Kachelriess-Vilenkin [389]：**MSRP** m_X ≥ $10^{12}$ GeV，寿命 ≥ 宇宙年龄。	R1 参数下标/科学记数法
148	- MSRP (m ≥ 10¹² GeV) 必须**非热产生**。	- MSRP (m ≥ $10^{12}$ GeV) 必须**非热产生**。	R1 参数下标/科学记数法
157	n_X^H ≃ 3×10⁻¹³ · (Ω_X/Ω_CDM) · (10¹² GeV/m_X) · (ρ_CDM^H / 0.3 GeV cm⁻³)  cm⁻³	n_X^H ≃ 3×$10^{-13}$ · (Ω_X/Ω_CDM) · ($10^{12}$ GeV/m_X) · (ρ_CDM^H / 0.3 GeV cm⁻³)  cm⁻³	R1 参数下标/科学记数法
182	τ_X ≃ 2.8×10²¹ · (Ω_X h²) · (l_E/100 Mpc) · (10¹² GeV/m_X)^(1/2)  yr      (95)	τ_X ≃ 2.8×$10^{21}$ · (Ω_X h²) · (l_E/100 Mpc) · ($10^{12}$ GeV/m_X)^(1/2)  yr      (95)	R1 参数下标/科学记数法
184	- Ω_X h² ~ 1 → τ_X ~ 3×10²¹ yr (m_X = 10¹² GeV, l_E = 100 Mpc)。	- Ω_X h² ~ 1 → τ_X ~ 3×$10^{21}$ yr (m_X = $10^{12}$ GeV, l_E = 100 Mpc)。	R1 参数下标/科学记数法
185	- 若要解释 EHECR：**τ_X 不能 ≪ 10¹⁰ yr**（否则全部已衰变）→ 但**τ_X ≫ t₀ 时仍有衰变**。	- 若要解释 EHECR：**τ_X 不能 ≪ $10^{10}$ yr**（否则全部已衰变）→ 但**τ_X ≫ $t_{0}$ 时仍有衰变**。	R1 参数下标/科学记数法
186	- τ_X ~ t₀ ~ 10¹⁰ yr → 仅需 Ω_X h² ~ 3×10⁻¹²（m_X = 10¹² GeV）。	- τ_X ~ $t_{0}$ ~ $10^{10}$ yr → 仅需 Ω_X h² ~ 3×$10^{-12}$（m_X = $10^{12}$ GeV）。	R1 参数下标/科学记数法
187	- **τ_X 上限** ~ 10²² yr（因 m_X >~ 10¹² GeV）。	- **τ_X 上限** ~ $10^{22}$ yr（因 m_X >~ $10^{12}$ GeV）。	R1 参数下标/科学记数法
206	- AGASA 数据显示 > ~10²⁰ eV **无明显 GZK cutoff** → 可能支持 GHXPD [82]，但 AGASA 数据也兼容 p=1 的河外 TD 场景（EHECR 由 topological defects 主导）。	- AGASA 数据显示 > ~$10^{20}$ eV **无明显 GZK cutoff** → 可能支持 GHXPD [82]，但 AGASA 数据也兼容 p=1 的河外 TD 场景（EHECR 由 topological defects 主导）。	R1 参数下标/科学记数法
207	- 若 GH 贡献在 E >~ 10¹⁹ eV 主导 → 最新 AGASA 数据已排除 GHXPD [477]。	- 若 GH 贡献在 E >~ $10^{19}$ eV 主导 → 最新 AGASA 数据已排除 GHXPD [477]。	R1 参数下标/科学记数法
208	- 若 GH 贡献仅在 E > ~10²⁰ eV 主导 → 事件数 (~6) 太少，尚不能排除。	- 若 GH 贡献仅在 E > ~$10^{20}$ eV 主导 → 事件数 (~6) 太少，尚不能排除。	R1 参数下标/科学记数法
210	- Berezinsky-Mikhailov [477] 反驳：SUGAR 在 > 10²⁰ eV 可能无事件，纳入数据有偏。	- Berezinsky-Mikhailov [477] 反驳：SUGAR 在 > $10^{20}$ eV 可能无事件，纳入数据有偏。	R1 参数下标/科学记数法
233	| TD X 产率 (公式 93) | ṅ_X = (Q₀/m_X)(t/t₀)^(−4+p) |	| TD X 产率 (公式 93) | ṅ_X = ($Q_{0}$/m_X)(t/$t_{0}$)^(−4+p) |	R1 参数下标/科学记数法
239	| MSRP 寿命 (公式 95) | τ_X ≃ 2.8×10²¹ yr (Ω_X h²=1, m_X=10¹² GeV) |	| MSRP 寿命 (公式 95) | τ_X ≃ 2.8×$10^{21}$ yr (Ω_X h²=1, m_X=$10^{12}$ GeV) |	R1 参数下标/科学记数法
240	| MSRP 寿命上限 | ~10²² yr |	| MSRP 寿命上限 | ~$10^{22}$ yr |	R1 参数下标/科学记数法
244	| Monopole 加速能量 (公式 94) | 5.7×10²⁰ eV |	| Monopole 加速能量 (公式 94) | 5.7×$10^{20}$ eV |	R1 参数下标/科学记数法
245	| Monopole-catalyzed 反应截面 | ~10⁻²⁷ cm² [459] |	| Monopole-catalyzed 反应截面 | ~$10^{-27}$ cm² [459] |	R1 参数下标/科学记数法
250	- [FACT] **Auger+IceCube 2018**：E > 4×10¹⁹ eV UHECR 与 AGN/starburst galaxies **显著相关** [Auger Collaboration, PRD 2018] → 支持**河外离散源**，否定 GHXPD 与 MSRP 主导场景。	- [FACT] **Auger+IceCube 2018**：E > 4×$10^{19}$ eV UHECR 与 AGN/starburst galaxies **显著相关** [Auger Collaboration, PRD 2018] → 支持**河外离散源**，否定 GHXPD 与 MSRP 主导场景。	R1 参数下标/科学记数法
36	E_c ≃ m_e² / (2·2 T_CMB) ≃ 4.9×10⁴ GeV / (1+z)	E_c ≃ m_e² / (2·2 T_CMB) ≃ 4.9×$10^{4}$ GeV / (1+z)	R1 参数下标/科学记数法
37	E_x ≃ 0.04 E_c ≃ 2×10³ GeV / (1+z)	E_x ≃ 0.04 E_c ≃ 2×$10^{3}$ GeV / (1+z)	R1 参数下标/科学记数法
50	- 约束：总注入并级联到更低的能量密度 ω_cas ≃ 4.5×10⁻⁶ eV cm⁻³。	- 约束：总注入并级联到更低的能量密度 ω_cas ≃ 4.5×$10^{-6}$ eV cm⁻³。	R1 参数下标/科学记数法
61	q >~ 2 − 3/2 / (3 + log₁₀(m_X/10²³ eV))	q >~ 2 − 3/2 / (3 + $\log_{10}$(m_X/$10^{23}$ eV))	R1 参数下标/科学记数法
63	- 例：m_X = 10¹⁶ GeV → q >~ 1.7。	- 例：m_X = $10^{16}$ GeV → q >~ 1.7。	R1 参数下标/科学记数法
69	- **EGMF ~ 10⁻⁹ G**（Fig. 29）：	- **EGMF ~ $10^{-9}$ G**（Fig. 29）：	R1 参数下标/科学记数法
71	- 但对 m_X >~ 10²⁵ eV，pair 同步辐射可能 > 10²⁰ eV → UHE 通量不一定低。	- 但对 m_X >~ $10^{25}$ eV，pair 同步辐射可能 > $10^{20}$ eV → UHE 通量不一定低。	R1 参数下标/科学记数法
76	- **无 EGMF**：γ/CR 通量比 @ 10¹⁹ eV ≃ 0.1。	- **无 EGMF**：γ/CR 通量比 @ $10^{19}$ eV ≃ 0.1。	R1 参数下标/科学记数法
77	- **EGMF > 10⁻¹¹ G**：抑制级联 → γ 谱降低。	- **EGMF > $10^{-11}$ G**：抑制级联 → γ 谱降低。	R1 参数下标/科学记数法
78	- **EGMF = 10⁻⁹ G**：γ/CR ≃ 0.02。	- **EGMF = $10^{-9}$ G**：γ/CR ≃ 0.02。	R1 参数下标/科学记数法
79	- **探测需求**：E²j ~ 0.1 × EHECR 在 10¹⁹ eV → 需要 ~4×10¹⁹ cm² s sr 曝光 → **Auger 可达**（可探测中性组分至 ~1% 通量）。	- **探测需求**：E²j ~ 0.1 × EHECR 在 $10^{19}$ eV → 需要 ~4×$10^{19}$ cm² s sr 曝光 → **Auger 可达**（可探测中性组分至 ~1% 通量）。	R1 参数下标/科学记数法
94	- **Dubovsky-Tinyakov**：银河磁场中的 cascade 电子同步辐射 → 在 ~10¹⁵ eV 附近产生额外 γ 通量。	- **Dubovsky-Tinyakov**：银河磁场中的 cascade 电子同步辐射 → 在 ~$10^{15}$ eV 附近产生额外 γ 通量。	R1 参数下标/科学记数法
98	### 13.2.10 **Q₀ 总注入率上限** [FACT]	### 13.2.10 **$Q_{0}$ 总注入率上限** [FACT]	R1 参数下标/科学记数法
100	- 归一化到 EHECR 通量 → Q₀^EHECR ≲ 10⁻²² eV cm⁻³ s⁻¹（在 few 因子内）。	- 归一化到 EHECR 通量 → $Q_{0}$^EHECR ≲ $10^{-22}$ eV cm⁻³ s⁻¹（在 few 因子内）。	R1 参数下标/科学记数法
101	- EGRET 对 ω_cas 给出 **Q₀^EM ≲ 2.2×10⁻²³ h(3p−1) eV cm⁻³ s⁻¹**。	- EGRET 对 ω_cas 给出 **$Q_{0}$^EM ≲ 2.2×$10^{-23}$ h(3p−1) eV cm⁻³ s⁻¹**。	R1 参数下标/科学记数法
102	- 对宇宙弦（若能量主要以 X 发射损失）：η ~ m_X ≲ 10¹³ GeV [418, 298]。	- 对宇宙弦（若能量主要以 X 发射损失）：η ~ m_X ≲ $10^{13}$ GeV [418, 298]。	R1 参数下标/科学记数法
103	- **SUSY GUT 中 X 质量 < 10¹⁶ GeV 不受欢迎**（质子衰变约束）[494, 495] — 但若 TD 在 GUT 后相变中形成，则不受质子衰变约束 → m_X < 10¹⁶ GeV 可行。	- **SUSY GUT 中 X 质量 < $10^{16}$ GeV 不受欢迎**（质子衰变约束）[494, 495] — 但若 TD 在 GUT 后相变中形成，则不受质子衰变约束 → m_X < $10^{16}$ GeV 可行。	R1 参数下标/科学记数法
107	| m_X (GeV) | URB | EGMF | FF | f_N | Mode | Q₀ | < GZK | > GZK |	| m_X (GeV) | URB | EGMF | FF | f_N | Mode | $Q_{0}$ | < GZK | > GZK |	R1 参数下标/科学记数法
109	| 10¹³ | high | any | no-SUSY | 10% | qq | 1.4 | N | < 10⁻¹¹ |	| $10^{13}$ | high | any | no-SUSY | 10% | qq | 1.4 | N | < $10^{-11}$ |	R1 参数下标/科学记数法
110	| 10¹³ | high | <10⁻¹¹ | no-SUSY | 10% | qq | 1.4 | N | <10% |	| $10^{13}$ | high | <$10^{-11}$ | no-SUSY | 10% | qq | 1.4 | N | <10% |	R1 参数下标/科学记数法
111	| 10¹³ | high | <10⁻¹¹ | no-SUSY | 10% | ql | 0.88 | N | γ |	| $10^{13}$ | high | <$10^{-11}$ | no-SUSY | 10% | ql | 0.88 | N | γ |	R1 参数下标/科学记数法
112	| 10¹³ | any | <10⁻¹¹ | no-SUSY | <10% | ql | 0.93 | γ | γ |	| $10^{13}$ | any | <$10^{-11}$ | no-SUSY | <10% | ql | 0.93 | γ | γ |	R1 参数下标/科学记数法
113	| 10¹⁴ | high | any | no-SUSY | 10% | qq | 1.3 | N | γ+N |	| $10^{14}$ | high | any | no-SUSY | 10% | qq | 1.3 | N | γ+N |	R1 参数下标/科学记数法
114	| 10¹⁵ | any | any | any | 10% | qq,ql,qν | 1.3 | γ | γ |	| $10^{15}$ | any | any | any | 10% | qq,ql,qν | 1.3 | γ | γ |	R1 参数下标/科学记数法
115	| 10¹⁶ | high | any | SUSY | 10% | qq | 1.6 | N | γ+N |	| $10^{16}$ | high | any | SUSY | 10% | qq | 1.6 | N | γ+N |	R1 参数下标/科学记数法
116	| 10¹⁶ | high | <10⁻⁹ | no-SUSY | 10% | qq | 1.3 | γ,N | γ,γ+N |	| $10^{16}$ | high | <$10^{-9}$ | no-SUSY | 10% | qq | 1.3 | γ,N | γ,γ+N |	R1 参数下标/科学记数法
117	| 10¹⁶ | any | <10⁻¹¹ | any | <10% | qq,ql,qν | 1.9 | <med | <10⁻¹¹ |	| $10^{16}$ | any | <$10^{-11}$ | any | <10% | qq,ql,qν | 1.9 | <med | <$10^{-11}$ |	R1 参数下标/科学记数法
120	- a: GeV. b: Gauss. c: 最大总能量注入率（10⁻²³ h eV cm⁻³ s⁻¹ 单位）。	- a: GeV. b: Gauss. c: 最大总能量注入率（$10^{-23}$ h eV cm⁻³ s⁻¹ 单位）。	R1 参数下标/科学记数法
123	- f: EGMF > ~10⁻¹⁰ G.	- f: EGMF > ~$10^{-10}$ G.	R1 参数下标/科学记数法
124	- g: EGMF > ~10⁻⁹ G.	- g: EGMF > ~$10^{-9}$ G.	R1 参数下标/科学记数法
132	- **z > ~10³** 时宇宙对级联光子**不透明** [485]。	- **z > ~$10^{3}$** 时宇宙对级联光子**不透明** [485]。	R1 参数下标/科学记数法
134	- 阈值：E_4He^th = 19.8 MeV → z < ~3×10⁶ 时级联光子可分解 ⁴He。	- 阈值：E_4He^th = 19.8 MeV → z < ~3×$10^{6}$ 时级联光子可分解 ⁴He。	R1 参数下标/科学记数法
151	(³He + D)/H)_photo < ~ 5×10⁻⁵        (104)	(³He + D)/H)_photo < ~ 5×$10^{-5}$        (104)	R1 参数下标/科学记数法
156	- 约束 3×10⁶ ≳ z ≳ 10³ 时**最大瞬时 EM 能量释放**。	- 约束 3×$10^{6}$ ≳ z ≳ $10^{3}$ 时**最大瞬时 EM 能量释放**。	R1 参数下标/科学记数法
164	**区间 1：z_th ≃ 3×10⁶ > z > z_γ ≃ 10⁵**	**区间 1：z_th ≃ 3×$10^{6}$ > z > z_γ ≃ $10^{5}$**	R1 参数下标/科学记数法
171	**区间 2：z_γ > z > z_rec ≃ 10³**	**区间 2：z_γ > z > z_rec ≃ $10^{3}$**	R1 参数下标/科学记数法
205	| BHS1 | 1 | 归一化到 E ≈ 4×10¹⁹ eV 质子通量 |	| BHS1 | 1 | 归一化到 E ≈ 4×$10^{19}$ eV 质子通量 |	R1 参数下标/科学记数法
208	- SLBY98 的 UHE ν (> 10²⁰ eV) 比 BHS1 **小 ~100×**：	- SLBY98 的 UHE ν (> $10^{20}$ eV) 比 BHS1 **小 ~100×**：	R1 参数下标/科学记数法
217	| Frejus [501] | E > 10¹² eV 水平 μ (能量损失 > 140 MeV/辐射长度) |	| Frejus [501] | E > $10^{12}$ eV 水平 μ (能量损失 > 140 MeV/辐射长度) |	R1 参数下标/科学记数法
218	| EAS-TOP [502] | 10¹⁴–10¹⁵ eV (非共振)；Glashow 共振 (仅 ν̄_e) |	| EAS-TOP [502] | $10^{14}$–$10^{15}$ eV (非共振)；Glashow 共振 (仅 ν̄_e) |	R1 参数下标/科学记数法
219	| Fly's Eye [503] | 10¹⁷ – 10²⁰ eV (深层穿透粒子) |	| Fly's Eye [503] | $10^{17}$ – $10^{20}$ eV (深层穿透粒子) |	R1 参数下标/科学记数法
226	- ν_μ > 10¹⁹ eV：**~0.15 yr⁻¹**	- ν_μ > $10^{19}$ eV：**~0.15 yr⁻¹**	R1 参数下标/科学记数法
227	- ν_e > 10¹⁹ eV：~0.089 yr⁻¹	- ν_e > $10^{19}$ eV：~0.089 yr⁻¹	R1 参数下标/科学记数法
235	| HiRes (μν, >10¹⁹ eV) | ~3 km³ × 2π sr [84] |	| HiRes (μν, >$10^{19}$ eV) | ~3 km³ × 2π sr [84] |	R1 参数下标/科学记数法
236	| Auger ground array (10¹⁹ eV) | ~20 km³ sr |	| Auger ground array ($10^{19}$ eV) | ~20 km³ sr |	R1 参数下标/科学记数法
237	| Auger ground array (10²³ eV) | ~200 km³ sr |	| Auger ground array ($10^{23}$ eV) | ~200 km³ sr |	R1 参数下标/科学记数法
238	| OWL 卫星 | ~6×10⁴ km³ sr (>10²⁰ eV), duty cycle 0.08 [87] |	| OWL 卫星 | ~6×$10^{4}$ km³ sr (>$10^{20}$ eV), duty cycle 0.08 [87] |	R1 参数下标/科学记数法
239	| Goldstone 100 天搜索 | > 10¹⁹ eV 达到 Auger 灵敏度 [109] |	| Goldstone 100 天搜索 | > $10^{19}$ eV 达到 Auger 灵敏度 [109] |	R1 参数下标/科学记数法
251	R(E) <~ 0.34 r · [A(E)/(1 km³ × 2π sr)] · (E/10¹⁹ eV)^(−0.6)  yr⁻¹        (105)	R(E) <~ 0.34 r · [A(E)/(1 km³ × 2π sr)] · (E/$10^{19}$ eV)^(−0.6)  yr⁻¹        (105)	R1 参数下标/科学记数法
253	- 对 r ≲ 20 (E/10¹⁹ eV)^0.1 与现有 ν 通量限制一致。	- 对 r ≲ 20 (E/$10^{19}$ eV)^0.1 与现有 ν 通量限制一致。	R1 参数下标/科学记数法
264	- AGASA > 4×10¹⁹ eV 观测到的可能**关联** [81] 暗示 tb ≪ 1 yr 的**爆发源**。	- AGASA > 4×$10^{19}$ eV 观测到的可能**关联** [81] 暗示 tb ≪ 1 yr 的**爆发源**。	R1 参数下标/科学记数法
265	- 脉冲 fluence：~r [A(E)/(1 km³ × 2π sr)] (E/10¹⁹ eV)^(−0.6) ν 在 tb 时间内。	- 脉冲 fluence：~r [A(E)/(1 km³ × 2π sr)] (E/$10^{19}$ eV)^(−0.6) ν 在 tb 时间内。	R1 参数下标/科学记数法
266	- 若 EGMF ≲ 10⁻¹⁵ G → GeV–TeV γ 通量也有关联脉冲 [508]。	- 若 EGMF ≲ $10^{-15}$ G → GeV–TeV γ 通量也有关联脉冲 [508]。	R1 参数下标/科学记数法
277	| 级联特征能量 E_c | 4.9×10⁴/(1+z) GeV |	| 级联特征能量 E_c | 4.9×$10^{4}$/(1+z) GeV |	R1 参数下标/科学记数法
278	| 级联特征能量 E_x | 2×10³/(1+z) GeV |	| 级联特征能量 E_x | 2×$10^{3}$/(1+z) GeV |	R1 参数下标/科学记数法
279	| ω_cas 上限 (EGRET) | 4.5×10⁻⁶ eV cm⁻³ |	| ω_cas 上限 (EGRET) | 4.5×$10^{-6}$ eV cm⁻³ |	R1 参数下标/科学记数法
280	| Q₀ 上限 | ~10⁻²² eV cm⁻³ s⁻¹ (EHECR) |	| $Q_{0}$ 上限 | ~$10^{-22}$ eV cm⁻³ s⁻¹ (EHECR) |	R1 参数下标/科学记数法
281	| Q₀^EM (EGRET) | ≲ 2.2×10⁻²³ h(3p−1) eV cm⁻³ s⁻¹ |	| $Q_{0}$^EM (EGRET) | ≲ 2.2×$10^{-23}$ h(3p−1) eV cm⁻³ s⁻¹ |	R1 参数下标/科学记数法
282	| p=1 时 q 下限 (m_X=10¹⁶ GeV) | > 1.7 |	| p=1 时 q 下限 (m_X=$10^{16}$ GeV) | > 1.7 |	R1 参数下标/科学记数法
283	| 允许 η (弦) | ≲ 10¹³ GeV |	| 允许 η (弦) | ≲ $10^{13}$ GeV |	R1 参数下标/科学记数法
284	| 4He 光致分解阈值 | 19.8 MeV → z < 3×10⁶ |	| 4He 光致分解阈值 | 19.8 MeV → z < 3×$10^{6}$ |	R1 参数下标/科学记数法
285	| 原初核合成约束 | (³He+D)/H < 5×10⁻⁵ |	| 原初核合成约束 | (³He+D)/H < 5×$10^{-5}$ |	R1 参数下标/科学记数法
289	| 模型无关 ν 率上限 (105) | 0.34 r [A/(1 km³ × 2π sr)] (E/10¹⁹ eV)^(−0.6) yr⁻¹ |	| 模型无关 ν 率上限 (105) | 0.34 r [A/(1 km³ × 2π sr)] (E/$10^{19}$ eV)^(−0.6) yr⁻¹ |	R1 参数下标/科学记数法
290	| SLBY98 在 1 km³ 探测器 | ν_μ ~ 0.15/yr (>10¹⁹ eV); ~1.2/yr (>1 PeV) |	| SLBY98 在 1 km³ 探测器 | ν_μ ~ 0.15/yr (>$10^{19}$ eV); ~1.2/yr (>1 PeV) |	R1 参数下标/科学记数法
297	- [FACT] **CMB 各向异性 Planck 2018**：μ 畸变上限 |μ| < 9×10⁻⁵（比 FIRAS 严 2 倍）→ 进一步约束早期注入。	- [FACT] **CMB 各向异性 Planck 2018**：μ 畸变上限 |μ| < 9×$10^{-5}$（比 FIRAS 严 2 倍）→ 进一步约束早期注入。	R1 参数下标/科学记数法
16	2. **动力学问题**：DSAM 等常规"bottom-up"加速机制**仅勉强**产生 10¹¹ GeV 粒子（考虑源处与传播损失）。	2. **动力学问题**：DSAM 等常规"bottom-up"加速机制**仅勉强**产生 $10^{11}$ GeV 粒子（考虑源处与传播损失）。	R1 参数下标/科学记数法
39	- X 质量可达 GUT 尺度 ~10¹⁶ GeV。	- X 质量可达 GUT 尺度 ~$10^{16}$ GeV。	R1 参数下标/科学记数法
41	- m_X > ~10¹² GeV，寿命 ≥ 宇宙年龄。	- m_X > ~$10^{12}$ GeV，寿命 ≥ 宇宙年龄。	R1 参数下标/科学记数法
61	4. **OWL 卫星**：10⁶ km² sr 曝光，duty cycle 0.08。	4. **OWL 卫星**：$10^{6}$ km² sr 曝光，duty cycle 0.08。	R1 参数下标/科学记数法
15	| 不过 | 不过 | nevertheless / nonetheless | conj. | "- Kostelecký [333]：ν_e 为 tachyon。 - 核内质子可衰变 p → n + e⁺ + ν_e，阈值 Eth = m(A,Z)[m(A,Z±1)+m_e−m(A,Z)]/|m_νe| - 自由质子：Eth ≃ 1.7×10¹⁵/(|m_νe|/eV) eV。 - Ehrlich [334] 主张 m²_νe ≃ −(0.5 eV)² 可同时解释 knee 与高能端。 - [CRITIQUE] 与氚 β 衰变实验" | 转折 |	| 不过 | 不过 | nevertheless / nonetheless | conj. | "- Kostelecký [333]：ν_e 为 tachyon。 - 核内质子可衰变 p → n + e⁺ + ν_e，阈值 Eth = m(A,Z)[m(A,Z±1)+m_e−m(A,Z)]/|m_νe| - 自由质子：Eth ≃ 1.7×$10^{15}$/(|m_νe|/eV) eV。 - Ehrlich [334] 主张 m²_νe ≃ −(0.5 eV)² 可同时解释 knee 与高能端。 - [CRITIQUE] 与氚 β 衰变实验" | 转折 |	R1 参数下标/科学记数法
16	| 尽管 | 尽管 | despite / notwithstanding | prep./conj. | "**三对产生 (TPP, e γ_b → e e⁺e⁻)** — 公式 19, 20： ``` σ_TPP ≃ (3α/(8π)) σ_T · (28/9 ln(s/m_e²) − 218/27) η ≃ 1.768 · (s/m_e²)^(−3/4) (s ≫ m_e²) ``` - 尽管 σ_TPP ~ σ_ICS 在 E ~ 10¹⁷ eV 就已可比，但因 η ≲ 10⁻³，能量衰减直到 **~10²² eV** 才重要。 -" | 让步 |	| 尽管 | 尽管 | despite / notwithstanding | prep./conj. | "**三对产生 (TPP, e γ_b → e e⁺e⁻)** — 公式 19, 20： ``` σ_TPP ≃ (3α/(8π)) σ_T · (28/9 ln(s/m_e²) − 218/27) η ≃ 1.768 · (s/m_e²)^(−3/4) (s ≫ m_e²) ``` - 尽管 σ_TPP ~ σ_ICS 在 E ~ $10^{17}$ eV 就已可比，但因 η ≲ $10^{-3}$，能量衰减直到 **~$10^{22}$ eV** 才重要。 -" | 让步 |	R1 参数下标/科学记数法
17	| 即使 | 即使 | even if | conj. | "- EHECR (E ≳ 10²⁰ eV) 已被多个实验探测到 [FACT]，其起源是粒子物理与天体物理的重大难题。 - 作者把 EHECR 起源理论分为两大场景：**Bottom-up**（加速）与 **Top-down**（衰变），并明确本文以 Top-down 为主。 - 简述了 Bottom-up 面临的核心问题：即使加速能量可行，粒子也难从致密源区"逃出"（energy loss）；且本地宇宙 (<100 Mpc) 中缺乏足够" | 让步 |	| 即使 | 即使 | even if | conj. | "- EHECR (E ≳ $10^{20}$ eV) 已被多个实验探测到 [FACT]，其起源是粒子物理与天体物理的重大难题。 - 作者把 EHECR 起源理论分为两大场景：**Bottom-up**（加速）与 **Top-down**（衰变），并明确本文以 Top-down 为主。 - 简述了 Bottom-up 面临的核心问题：即使加速能量可行，粒子也难从致密源区"逃出"（energy loss）；且本地宇宙 (<100 Mpc) 中缺乏足够" | 让步 |	R1 参数下标/科学记数法
19	| 而 | 而 | whereas / while / and | conj. | "**关键约束**： - Z⁰ 湮灭主要由**非聚集的** RNB 主导（而非银晕内聚集的），除非新 ν 源 [204]。 - EGRET diffuse γ-ray (~10 GeV) 约束： - 若 X 粒子只衰变到 ν：f_ν ≳ 20 (l_ν/5 Mpc)⁻¹ - 若 L_γ ~ L_ν（多数模型）：f_ν ≳ 10³ (l_ν/5 Mpc)⁻¹ - 若大部分 EM 能量在 TeV 段释放 → 可放宽 - Z-bur" | 对比/转折 |	| 而 | 而 | whereas / while / and | conj. | "**关键约束**： - Z⁰ 湮灭主要由**非聚集的** RNB 主导（而非银晕内聚集的），除非新 ν 源 [204]。 - EGRET diffuse γ-ray (~10 GeV) 约束： - 若 X 粒子只衰变到 ν：f_ν ≳ 20 (l_ν/5 Mpc)⁻¹ - 若 L_γ ~ L_ν（多数模型）：f_ν ≳ $10^{3}$ (l_ν/5 Mpc)⁻¹ - 若大部分 EM 能量在 TeV 段释放 → 可放宽 - Z-bur" | 对比/转折 |	R1 参数下标/科学记数法
20	| 同时 | 同时 | meanwhile / simultaneously | adv. | "**反对 AGN 核心作为 EHECR 源** [FACT, Norman et al. [13]]： - AGN 核心典型 R ~ 0.02 pc, B ~ 5 G → 公式 (49)：E_c ~ 10¹⁹ eV。 - **主要问题**：中心引擎内辐射场强烈 → 加速质子通过 photo-pion 严重衰减。 - 同时考虑加速与能量损失 → 质子或核在 **E > ~10¹⁶ eV 无法逃出核心**。 - 中子假设也不行（中子本身也受" | 递进/顺序 |	| 同时 | 同时 | meanwhile / simultaneously | adv. | "**反对 AGN 核心作为 EHECR 源** [FACT, Norman et al. [13]]： - AGN 核心典型 R ~ 0.02 pc, B ~ 5 G → 公式 (49)：E_c ~ $10^{19}$ eV。 - **主要问题**：中心引擎内辐射场强烈 → 加速质子通过 photo-pion 严重衰减。 - 同时考虑加速与能量损失 → 质子或核在 **E > ~$10^{16}$ eV 无法逃出核心**。 - 中子假设也不行（中子本身也受" | 递进/顺序 |	R1 参数下标/科学记数法
21	| 尤其 | 尤其 | in particular / notably | adv. | "- [CRITIQUE] 1999 年后，**Auger 数据**（2017 起）显示 UHECR 谱在 ~5×10¹⁹ eV 处有明显陡化（与 GZK 一致），且 E > 5.7×10¹⁹ eV 事件的到达方向与**近邻星团（尤其是 Centaurus A）**有显著相关。这些发展部分支持了 §5.2.1 中的射电星系/AGN 类 Bottom-up 模型。 - [CRITIQUE] Top-down 场景（§6–7）对观测约束越来越" | 举例 |	| 尤其 | 尤其 | in particular / notably | adv. | "- [CRITIQUE] 1999 年后，**Auger 数据**（2017 起）显示 UHECR 谱在 ~5×$10^{19}$ eV 处有明显陡化（与 GZK 一致），且 E > 5.7×$10^{19}$ eV 事件的到达方向与**近邻星团（尤其是 Centaurus A）**有显著相关。这些发展部分支持了 §5.2.1 中的射电星系/AGN 类 Bottom-up 模型。 - [CRITIQUE] Top-down 场景（§6–7）对观测约束越来越" | 举例 |	R1 参数下标/科学记数法
24	| 即 | 即 | namely / i.e. | adv. | "- EHECR (E ≳ 10²⁰ eV) 已被多个实验探测到 [FACT]，其起源是粒子物理与天体物理的重大难题。 - 作者把 EHECR 起源理论分为两大场景：**Bottom-up**（加速）与 **Top-down**（衰变），并明确本文以 Top-down 为主。 - 简述了 Bottom-up 面临的核心问题：即使加速能量可行，粒子也难从致密源区"逃出"（energy loss）；且本地宇宙 (<100 Mpc) 中缺乏足够" | 举例 |	| 即 | 即 | namely / i.e. | adv. | "- EHECR (E ≳ $10^{20}$ eV) 已被多个实验探测到 [FACT]，其起源是粒子物理与天体物理的重大难题。 - 作者把 EHECR 起源理论分为两大场景：**Bottom-up**（加速）与 **Top-down**（衰变），并明确本文以 Top-down 为主。 - 简述了 Bottom-up 面临的核心问题：即使加速能量可行，粒子也难从致密源区"逃出"（energy loss）；且本地宇宙 (<100 Mpc) 中缺乏足够" | 举例 |	R1 参数下标/科学记数法
25	| 据 | 据 | according to / based on | prep. | "- **能量学论证**：银河系 CR 总光度 L_CR ~ 1.5×10⁴¹ erg/s，约等于银河系超新星总动能输出的 10%，支持 SNR 是膝点以下主要源。 - **银河系 vs 河外起源**：多重证据（SMC γ 射线、各向异性、电子成分）支持至少膝点以下 CR 为银河系起源。 - **加速机制**：两种主要机制——(1) 直接电场加速；(2) 统计 (Fermi) 加速；DSAM (Diffusive Shock Accele" | 因果 |	| 据 | 据 | according to / based on | prep. | "- **能量学论证**：银河系 CR 总光度 L_CR ~ 1.5×$10^{41}$ erg/s，约等于银河系超新星总动能输出的 10%，支持 SNR 是膝点以下主要源。 - **银河系 vs 河外起源**：多重证据（SMC γ 射线、各向异性、电子成分）支持至少膝点以下 CR 为银河系起源。 - **加速机制**：两种主要机制——(1) 直接电场加速；(2) 统计 (Fermi) 加速；DSAM (Diffusive Shock Accele" | 因果 |	R1 参数下标/科学记数法
142	- 若 L_s 随时间增长（如 dynamos 增磁）：L_s(t₀) 更小 → 当前 ṅ_X 不够。	- 若 L_s 随时间增长（如 dynamos 增磁）：L_s($t_{0}$) 更小 → 当前 ṅ_X 不够。	R1 参数下标/科学记数法
161	- <10¹⁴ eV：各向异性 ~10⁻³，统计显著，基本能量无关 → Compton-Getting 效应 [126]。	- <$10^{14}$ eV：各向异性 ~$10^{-3}$，统计显著，基本能量无关 → Compton-Getting 效应 [126]。	R1 参数下标/科学记数法
162	- >10¹⁸ eV：无显著与银道面相关的各向异性 → **暗示高能端河外起源**。	- >$10^{18}$ eV：无显著与银道面相关的各向异性 → **暗示高能端河外起源**。	R1 参数下标/科学记数法
163	5. **电子成分**：>~10¹¹ eV 电子因同步辐射/IC 损失，射程 < t_CR → 无可置疑的银河起源（占强子流的 ~1%）。	5. **电子成分**：>~$10^{11}$ eV 电子因同步辐射/IC 损失，射程 < t_CR → 无可置疑的银河起源（占强子流的 ~1%）。	R1 参数下标/科学记数法
170	- 给出**全宇宙线能谱**（10¹² eV – 10²⁰⁺ eV）的整体图像，指出关键特征：**膝点** (knee, ~4×10¹⁵ eV)、**踝点** (ankle, ~5×10¹⁸ eV)、**深点** (dip, ~3×10¹⁸ eV) 以及 10²⁰ eV 以上的过量。	- 给出**全宇宙线能谱**（$10^{12}$ eV – $10^{20+}$ eV）的整体图像，指出关键特征：**膝点** (knee, ~4×$10^{15}$ eV)、**踝点** (ankle, ~5×$10^{18}$ eV)、**深点** (dip, ~3×$10^{18}$ eV) 以及 $10^{20}$ eV 以上的过量。	R1 参数下标/科学记数法
171	- 综述 10²⁰ eV 以上**已报道的事件**与最高能量世界纪录（Fly's Eye 3.2×10²⁰ eV）。	- 综述 $10^{20}$ eV 以上**已报道的事件**与最高能量世界纪录（Fly's Eye 3.2×$10^{20}$ eV）。	R1 参数下标/科学记数法
173	- 报告**各向异性**测量结果：~10¹⁸ eV 上 ~4% 的各向异性；>10²⁰ eV 大尺度各向同性，小尺度聚团。	- 报告**各向异性**测量结果：~$10^{18}$ eV 上 ~4% 的各向异性；>$10^{20}$ eV 大尺度各向同性，小尺度聚团。	R1 参数下标/科学记数法
40	- **能谱**：膝（~3×10¹⁵ eV）→ 踝（~3×10¹⁸ eV）→ GZK 区（> 10¹⁹·⁹ eV）。	- **能谱**：膝（~3×$10^{15}$ eV）→ 踝（~3×$10^{18}$ eV）→ GZK 区（> $10^{19}$·⁹ eV）。	R1 参数下标/科学记数法
43	- **AGASA 数据显示无 GZK cutoff** [82]（后来 Auger 2007 在 ~6×10¹⁹ eV 观测到陡峭截断）。	- **AGASA 数据显示无 GZK cutoff** [82]（后来 Auger 2007 在 ~6×$10^{19}$ eV 观测到陡峭截断）。	R1 参数下标/科学记数法
47	- **GZK 阈值**（p + γ_CMB → Δ → p + π⁰）：E_p ≳ 5×10¹⁹ eV。	- **GZK 阈值**（p + γ_CMB → Δ → p + π⁰）：E_p ≳ 5×$10^{19}$ eV。	R1 参数下标/科学记数法
48	- **能量损失长度**：l_E ≃ 50 Mpc（@ E > 10²⁰ eV）；l_E ≃ 60 Mpc（@ 5×10¹⁹ eV）。	- **能量损失长度**：l_E ≃ 50 Mpc（@ E > $10^{20}$ eV）；l_E ≃ 60 Mpc（@ 5×$10^{19}$ eV）。	R1 参数下标/科学记数法
49	- **CMB 上 pair production**：E ≃ 10¹³ – 10¹⁵ eV 处显著（对光子而言）。	- **CMB 上 pair production**：E ≃ $10^{13}$ – $10^{15}$ eV 处显著（对光子而言）。	R1 参数下标/科学记数法
51	- **AGASA 约束**：B ≲ 2×10⁻¹¹ (l_c/Mpc)^(−1/2)(d/30 Mpc)⁻¹ G（式 38）。	- **AGASA 约束**：B ≲ 2×$10^{-11}$ (l_c/Mpc)^(−1/2)(d/30 Mpc)⁻¹ G（式 38）。	R1 参数下标/科学记数法
52	- **VLI 约束**：(c_p − c) < 10⁻²³（若 10²⁰ eV 事件为质子）。	- **VLI 约束**：(c_p − c) < $10^{-23}$（若 $10^{20}$ eV 事件为质子）。	R1 参数下标/科学记数法
58	| SNR | ~10¹⁵ eV | 远不够 |	| SNR | ~$10^{15}$ eV | 远不够 |	R1 参数下标/科学记数法
59	| AGN 核心 | ~10¹⁹ eV | 能量损失阻止逃逸 |	| AGN 核心 | ~$10^{19}$ eV | 能量损失阻止逃逸 |	R1 参数下标/科学记数法
60	| FR-II hot spots | ~10²¹ eV | 距离 > 100 Mpc → GZK 损耗 |	| FR-II hot spots | ~$10^{21}$ eV | 距离 > 100 Mpc → GZK 损耗 |	R1 参数下标/科学记数法
61	| 简单脉冲星 | ~10¹⁵ eV | pair-cascade 短路 |	| 简单脉冲星 | ~$10^{15}$ eV | pair-cascade 短路 |	R1 参数下标/科学记数法
62	| Magnetar Fe 风 | > 10²⁰ eV (Fe) | 预言重核组成 |	| Magnetar Fe 风 | > $10^{20}$ eV (Fe) | 预言重核组成 |	R1 参数下标/科学记数法
63	| GRB dissipative wind | ~10²⁰ eV | 速率 ~ 每世纪一次（在 GZK 内）|	| GRB dissipative wind | ~$10^{20}$ eV | 速率 ~ 每世纪一次（在 GZK 内）|	R1 参数下标/科学记数法
64	| 死 quasar 遗迹 [27] | ~10²¹ eV | 需详细模型验证 |	| 死 quasar 遗迹 [27] | ~$10^{21}$ eV | 需详细模型验证 |	R1 参数下标/科学记数法
68	**核心逻辑**：超重 X 粒子（m_X > 10¹¹ GeV）衰变 → QCD 强子化 → 光子/中微子/核子，无需加速。	**核心逻辑**：超重 X 粒子（m_X > $10^{11}$ GeV）衰变 → QCD 强子化 → 光子/中微子/核子，无需加速。	R1 参数下标/科学记数法
71	- DSAM E_max：E_c ~ 10¹⁷ Z (R/kpc)(B/μG) eV（式 49）。	- DSAM E_max：E_c ~ $10^{17}$ Z (R/kpc)(B/μG) eV（式 49）。	R1 参数下标/科学记数法
72	- X 粒子衰变率基准：ṅ_X ~ 10³⁵ Mpc⁻³ yr⁻¹（m_X = 10¹⁶ GeV，式 68）。	- X 粒子衰变率基准：ṅ_X ~ $10^{35}$ Mpc⁻³ yr⁻¹（m_X = $10^{16}$ GeV，式 68）。	R1 参数下标/科学记数法
73	- 能量注入率基准：Q_0 ~ 10⁻²¹ eV cm⁻³ s⁻¹（式 69）。	- 能量注入率基准：Q_0 ~ $10^{-21}$ eV cm⁻³ s⁻¹（式 69）。	R1 参数下标/科学记数法
74	- TD 一般参数化：ṅ_X = (Q₀/m_X)(t/t₀)^(−4+p)（式 93）。	- TD 一般参数化：ṅ_X = ($Q_{0}$/m_X)(t/$t_{0}$)^(−4+p)（式 93）。	R1 参数下标/科学记数法
80	| 宇宙弦 loop 碎裂 | 1 | Viable（η ~ 10¹³ GeV）|	| 宇宙弦 loop 碎裂 | 1 | Viable（η ~ $10^{13}$ GeV）|	R1 参数下标/科学记数法
83	| Vorton 衰变 | 2 | Viable（η_s ~ 10¹²–10¹⁴ GeV）|	| Vorton 衰变 | 2 | Viable（η_s ~ $10^{12}$–$10^{14}$ GeV）|	R1 参数下标/科学记数法
91	| **弥漫 γ-ray** (EGRET) | p = 0 完全排除；p = 1 需 q > 1.7（m_X = 10¹⁶ GeV）；Q₀ < 10⁻²² eV cm⁻³ s⁻¹ |	| **弥漫 γ-ray** (EGRET) | p = 0 完全排除；p = 1 需 q > 1.7（m_X = $10^{16}$ GeV）；$Q_{0}$ < $10^{-22}$ eV cm⁻³ s⁻¹ |	R1 参数下标/科学记数法
92	| **BBN / 4He 光致分解** | (³He+D)/H < 5×10⁻⁵（与 γ 约束独立）|	| **BBN / 4He 光致分解** | (³He+D)/H < 5×$10^{-5}$（与 γ 约束独立）|	R1 参数下标/科学记数法
94	| **弥漫 ν 通量** | SLBY98 ~ 0.15 yr⁻¹ (1 km³ @ > 10¹⁹ eV)，模型无关上限 (式 105) |	| **弥漫 ν 通量** | SLBY98 ~ 0.15 yr⁻¹ (1 km³ @ > $10^{19}$ eV)，模型无关上限 (式 105) |	R1 参数下标/科学记数法
112	- **CMB Planck 2018**：宇宙弦 Gμ < 10⁻⁷ → 排除 GUT-scale (10¹⁶ GeV) 弦 → 与 §10.6 讨论的 η ≲ 10¹³ GeV 轻弦场景一致。	- **CMB Planck 2018**：宇宙弦 Gμ < $10^{-7}$ → 排除 GUT-scale ($10^{16}$ GeV) 弦 → 与 §10.6 讨论的 η ≲ $10^{13}$ GeV 轻弦场景一致。	R1 参数下标/科学记数法
117	- **AGASA "无 GZK cutoff"** → Auger 2007 观测到清晰 GZK 截断 @ ~6×10¹⁹ eV → **否定 AGASA 无 cutoff 结论**。	- **AGASA "无 GZK cutoff"** → Auger 2007 观测到清晰 GZK 截断 @ ~6×$10^{19}$ eV → **否定 AGASA 无 cutoff 结论**。	R1 参数下标/科学记数法
124	- **EGMF 强度**：本文讨论的 B ≲ 10⁻⁹ G → 现代 Faraday rotation 约束在 ~10⁻⁹ G 量级（基本一致）。	- **EGMF 强度**：本文讨论的 B ≲ $10^{-9}$ G → 现代 Faraday rotation 约束在 ~$10^{-9}$ G 量级（基本一致）。	R1 参数下标/科学记数法
136	- **数值基准**：ṅ_X ~ 10³⁵ Mpc⁻³ yr⁻¹ 与 Q_0 ~ 10⁻²¹ eV cm⁻³ s⁻¹ 至今仍被引用作为 benchmark。	- **数值基准**：ṅ_X ~ $10^{35}$ Mpc⁻³ yr⁻¹ 与 Q_0 ~ $10^{-21}$ eV cm⁻³ s⁻¹ 至今仍被引用作为 benchmark。	R1 参数下标/科学记数法
141	- **强子化不确定性**：MLLA+LPHD 仅在 ~100 GeV 验证 → 外推到 > 10¹⁴ GeV 不确定性极大。	- **强子化不确定性**：MLLA+LPHD 仅在 ~100 GeV 验证 → 外推到 > $10^{14}$ GeV 不确定性极大。	R1 参数下标/科学记数法
142	- **EGMF 不确定**：1999 年时 B_EGMF 的测量极弱 → 现代数值在 ~10⁻⁹ – 10⁻¹¹ G。	- **EGMF 不确定**：1999 年时 B_EGMF 的测量极弱 → 现代数值在 ~$10^{-9}$ – $10^{-11}$ G。	R1 参数下标/科学记数法
143	- **Monte Carlo vs MLLA+LPHD 差异**：本文指出 [391] 两者在 m_X ≫ 10³ GeV 显著不同，但未做详细 MC 验证。	- **Monte Carlo vs MLLA+LPHD 差异**：本文指出 [391] 两者在 m_X ≫ $10^{3}$ GeV 显著不同，但未做详细 MC 验证。	R1 参数下标/科学记数法
13	- **全粒子能谱**：低能端 (~30 GeV 以下) 被太阳调制；膝点 knee 在 E_K = 3 × 10¹⁵ eV 处从 γ ≈ 2.7 变到 ≈ 3.1；膝点之上成分趋向重核主导，最高至 ~10¹⁷ eV 后 Fe 谱可与轻成分相当。	- **全粒子能谱**：低能端 (~30 GeV 以下) 被太阳调制；膝点 knee 在 E_K = 3 × $10^{15}$ eV 处从 γ ≈ 2.7 变到 ≈ 3.1；膝点之上成分趋向重核主导，最高至 ~$10^{17}$ eV 后 Fe 谱可与轻成分相当。	R1 参数下标/科学记数法
16	- **膝点物理解释**：各元素截止叠加（刚性依赖加速），若 p_max ≈ 5 × 10¹⁵ eV，则 Fe_max ≈ 26 × 5 × 10¹⁵ eV ≈ (1–2) × 10¹⁷ eV。	- **膝点物理解释**：各元素截止叠加（刚性依赖加速），若 p_max ≈ 5 × $10^{15}$ eV，则 Fe_max ≈ 26 × 5 × $10^{15}$ eV ≈ (1–2) × $10^{17}$ eV。	R1 参数下标/科学记数法
23	- [FACT] The knee: "the prominent steepening of the spectrum at energy E_K = 3 × 10¹⁵ eV is named the knee: at this point the spectral slope of the differential flux changes from ~−2.7 to ~−3.1."	- [FACT] The knee: "the prominent steepening of the spectrum at energy E_K = 3 × $10^{15}$ eV is named the knee: at this point the spectral slope of the differential flux changes from ~−2.7 to ~−3.1."	R1 参数下标/科学记数法
24	- [FACT] 膝点之上化学组成："evidence that the chemical composition of CRs changes across the knee region with a trend to become increasingly more dominated by heavy nuclei at high energy, at least up to ~10¹⁷ eV."	- [FACT] 膝点之上化学组成："evidence that the chemical composition of CRs changes across the knee region with a trend to become increasingly more dominated by heavy nuclei at high energy, at least up to ~$10^{17}$ eV."	R1 参数下标/科学记数法
25	- [FACT] KASCADE-Grande（Apel et al, 2013）：电子富（轻）与电子贫（重）簇射分离，轻成分在 10¹⁷ eV 处出现类似 ankle 的结构；ICETOP（Aartsen et al, 2013）也得到类似结论。	- [FACT] KASCADE-Grande（Apel et al, 2013）：电子富（轻）与电子贫（重）簇射分离，轻成分在 $10^{17}$ eV 处出现类似 ankle 的结构；ICETOP（Aartsen et al, 2013）也得到类似结论。	R1 参数下标/科学记数法
26	- [FACT] 与 Pierre Auger / HiRes / Telescope Array 的化学成分测量冲突：后者在 10¹⁸ eV 处见轻成分主导。	- [FACT] 与 Pierre Auger / HiRes / Telescope Array 的化学成分测量冲突：后者在 $10^{18}$ eV 处见轻成分主导。	R1 参数下标/科学记数法
39	- 若 E_p,max ≈ 5 × 10¹⁵ eV，则 Fe_max = 26 · E_p,max ≈ (1–2) × 10¹⁷ eV。	- 若 E_p,max ≈ 5 × $10^{15}$ eV，则 Fe_max = 26 · E_p,max ≈ (1–2) × $10^{17}$ eV。	R1 参数下标/科学记数法
48	| 膝点能量 E_K | 3 × 10¹⁵ eV | 谱斜率从 −2.7 变到 −3.1 |	| 膝点能量 E_K | 3 × $10^{15}$ eV | 谱斜率从 −2.7 变到 −3.1 |	R1 参数下标/科学记数法
49	| 膝点以上重核主导上限 | ~10¹⁷ eV | KASCADE-Grande, ICETOP |	| 膝点以上重核主导上限 | ~$10^{17}$ eV | KASCADE-Grande, ICETOP |	R1 参数下标/科学记数法
50	| 膝点叠加 Fe_max | (1–2) × 10¹⁷ eV | 若 p_max=5 × 10¹⁵ eV |	| 膝点叠加 Fe_max | (1–2) × $10^{17}$ eV | 若 p_max=5 × $10^{15}$ eV |	R1 参数下标/科学记数法
74	- **潜在不一致性**：KASCADE-Grande 与 Auger 在 10¹⁸ eV 处化学成分测量冲突（见 23 节 Potential Inconsistency）。	- **潜在不一致性**：KASCADE-Grande 与 Auger 在 $10^{18}$ eV 处化学成分测量冲突（见 23 节 Potential Inconsistency）。	R1 参数下标/科学记数法
13	- 结论：ξ_CR ≈ 2.5 × 10⁻³ 仅计质子；含重核后 ξ_CR ≈ 5–10%，与 10% 的"10% 定律"吻合。	- 结论：ξ_CR ≈ 2.5 × $10^{-3}$ 仅计质子；含重核后 ξ_CR ≈ 5–10%，与 10% 的"10% 定律"吻合。	R1 参数下标/科学记数法
20	- [FACT] D(E) = 3 × 10²⁸ (H/3 kpc) cm²/s 在 10 GeV。	- [FACT] D(E) = 3 × $10^{28}$ (H/3 kpc) cm²/s 在 10 GeV。	R1 参数下标/科学记数法
22	- [FACT] 单次 SN 动能 E_SN = 10⁵¹·E₅₁ erg。	- [FACT] 单次 SN 动能 E_SN = $10^{51}$·$E_{51}$ erg。	R1 参数下标/科学记数法
24	- [FACT] 地球处质子通量：J(E) = (c/4π) · N(E)·R_SN / (π R_d²·(2H)) · τ_esc(E)⁻¹ = 8×10⁵·ξ_CR·I(γ) · (R_SN/30 yr⁻¹) · (E/m)⁻ᵞ⁻ᵟ · (E*/m)ᵟ m⁻²s⁻¹sr⁻¹GeV⁻¹（Eq. 2）	- [FACT] 地球处质子通量：J(E) = (c/4π) · N(E)·R_SN / (π R_d²·(2H)) · τ_esc(E)⁻¹ = 8×$10^{5}$·ξ_CR·I(γ) · (R_SN/30 yr⁻¹) · (E/m)⁻ᵞ⁻ᵟ · (E*/m)ᵟ m⁻²s⁻¹sr⁻¹GeV⁻¹（Eq. 2）	R1 参数下标/科学记数法
25	- [FACT] 归一化到 10 GeV 通量后得到 ξ_CR ≈ 2.5 × 10⁻³ · I(γ)⁻¹ · (E*/m)ᵞ⁻² · (R_SN/30 yr⁻¹)⁻¹（Eq. 3）。	- [FACT] 归一化到 10 GeV 通量后得到 ξ_CR ≈ 2.5 × $10^{-3}$ · I(γ)⁻¹ · (E*/m)ᵞ⁻² · (R_SN/30 yr⁻¹)⁻¹（Eq. 3）。	R1 参数下标/科学记数法
33	其中 X~1 g/cm²、μ ≈ 1.4 m_p、n̄ = n_disc·h/H = 5×10⁻² · (n_disc/1 cm⁻³)·(H/3 kpc)⁻¹ cm⁻³。	其中 X~1 g/cm²、μ ≈ 1.4 m_p、n̄ = n_disc·h/H = 5×$10^{-2}$ · (n_disc/1 cm⁻³)·(H/3 kpc)⁻¹ cm⁻³。	R1 参数下标/科学记数法
55	| D(E=10 GeV) | ~3 × 10²⁸ (H/3 kpc) cm²/s |	| D(E=10 GeV) | ~3 × $10^{28}$ (H/3 kpc) cm²/s |	R1 参数下标/科学记数法
57	| E_SN | 10⁵¹ erg |	| E_SN | $10^{51}$ erg |	R1 参数下标/科学记数法
20	- [FACT] 非相对论条件 v ≪ c 等价于 Alfvenic Mach 数 M_A ≪ 1.3 × 10⁵ · n¹/² cm⁻³ · B⁻¹ µG（Eq. 9）。	- [FACT] 非相对论条件 v ≪ c 等价于 Alfvenic Mach 数 M_A ≪ 1.3 × $10^{5}$ · n¹/² cm⁻³ · B⁻¹ µG（Eq. 9）。	R1 参数下标/科学记数法
21	- [FACT] Coulomb 热化时间分层：电子自热化 τ_eq,ee 最快，质子自热化 τ_eq,pp 最慢；对典型 SNR 参数 τ_eq,ee ≈ 1200·(n/1 cm⁻³)⁻¹·(T_e/10⁸ K)³/² 年，τ_eq,pp ≈ 2.3×10⁶·(n/1)⁻¹·(T_p/10⁸ K)³/² 年。	- [FACT] Coulomb 热化时间分层：电子自热化 τ_eq,ee 最快，质子自热化 τ_eq,pp 最慢；对典型 SNR 参数 τ_eq,ee ≈ 1200·(n/1 cm⁻³)⁻¹·(T_e/$10^{8}$ K)³/² 年，τ_eq,pp ≈ 2.3×$10^{6}$·(n/1)⁻¹·(T_p/$10^{8}$ K)³/² 年。	R1 参数下标/科学记数法
31	- [FACT] 粒子在均匀 B₀ + Alfvén 波背景下的运动：Larmor 频率 Ω = qB₀/(mcγ)，v_z = vµ，回旋半径 r_L = v/Ω。	- [FACT] 粒子在均匀 $B_{0}$ + Alfvén 波背景下的运动：Larmor 频率 Ω = $qB_{0}$/(mcγ)，v_z = vµ，回旋半径 r_L = v/Ω。	R1 参数下标/科学记数法
32	- [FACT] 投掷角扩散系数（Q-LT）：ν = ⟨ΔθΔθ/Δt⟩ = (π/4)(kP(k)/(B₀²/8π))·Ω（Eq. 29/30）。	- [FACT] 投掷角扩散系数（Q-LT）：ν = ⟨ΔθΔθ/Δt⟩ = (π/4)(kP(k)/($B_{0}$²/8π))·Ω（Eq. 29/30）。	R1 参数下标/科学记数法
33	- [FACT] 空间扩散系数：D(p) ≈ (1/3) r_L v / F，其中 F = kP(k)/(B₀²/8π)（Eq. 32）。	- [FACT] 空间扩散系数：D(p) ≈ (1/3) r_L v / F，其中 F = kP(k)/($B_{0}$²/8π)（Eq. 32）。	R1 参数下标/科学记数法
34	- [FACT] CR 在星系被约束 ~10⁷ yr → D ~ 10²⁹ cm²/s → 共振尺度需 δB/B ~ 6 × 10⁻⁴。	- [FACT] CR 在星系被约束 ~$10^{7}$ yr → D ~ $10^{29}$ cm²/s → 共振尺度需 δB/B ~ 6 × $10^{-4}$。	R1 参数下标/科学记数法
38	- [FACT] 激波压缩比 r = u₁/u₂ = (4 M²_s)/(M²_s + 3) → 强激波 r→4（Eq. 33）。	- [FACT] 激波压缩比 r = $u_{1}$/$u_{2}$ = (4 M²_s)/(M²_s + 3) → 强激波 r→4（Eq. 33）。	R1 参数下标/科学记数法
41	- [FACT] 注入项（δ 函数近似）：Q(p, x) = η n₁ u₁ / (4π p²_inj) · δ(p−p_inj)·δ(z)（Eq. 35）。	- [FACT] 注入项（δ 函数近似）：Q(p, x) = η $n_{1}$ $u_{1}$ / (4π p²_inj) · δ(p−p_inj)·δ(z)（Eq. 35）。	R1 参数下标/科学记数法
57	- [FACT] 关键推论：r_L(p_max) = 1 pc · (E/10¹⁵ eV) · B⁻¹_µ；由于 c/V_s ~ 100 而 r_L/R_SNR ~ 0.1，**必须 F(k_min) ≫ 1**，即 δB/B₀ ≫ 1。	- [FACT] 关键推论：r_L(p_max) = 1 pc · (E/$10^{15}$ eV) · B⁻¹_µ；由于 c/V_s ~ 100 而 r_L/R_SNR ~ 0.1，**必须 F(k_min) ≫ 1**，即 δB/$B_{0}$ ≫ 1。	R1 参数下标/科学记数法
68	| 4 | V_ej = 10000 E₅₁^½ · M_ej,⊙⁻¹/² km/s | 抛射物初速 |	| 4 | V_ej = 10000 $E_{51}$^½ · M_ej,⊙⁻¹/² km/s | 抛射物初速 |	R1 参数下标/科学记数法
69	| 5 | c_s ≈ 11 (T/10⁴ K)^½ km/s | ISM 声速 |	| 5 | c_s ≈ 11 (T/$10^{4}$ K)^½ km/s | ISM 声速 |	R1 参数下标/科学记数法
70	| 6 | M_s ≈ 900 E₅₁^½ M_ej,⊙⁻¹/² (T/10⁴ K)⁻¹/² | 抛射物 Mach 数 |	| 6 | M_s ≈ 900 $E_{51}$^½ M_ej,⊙⁻¹/² (T/$10^{4}$ K)⁻¹/² | 抛射物 Mach 数 |	R1 参数下标/科学记数法
72	| 8 | T_ST ≈ 200 M_ej,⊙^5/6 E₅₁⁻¹/² (n_ISM/1)⁻¹/³ yr | Sedov 起始时间 |	| 8 | T_ST ≈ 200 M_ej,⊙^5/6 $E_{51}$⁻¹/² (n_ISM/1)⁻¹/³ yr | Sedov 起始时间 |	R1 参数下标/科学记数法
73	| 9 | M_A ≪ 1.3×10⁵ n¹/² B⁻¹ | 非相对论激波条件 |	| 9 | M_A ≪ 1.3×$10^{5}$ n¹/² B⁻¹ | 非相对论激波条件 |	R1 参数下标/科学记数法
74	| 10 | τ_eq = 3m₁m₂k³/²_B / [8(2π)^½ n q⁴ lnΛ] · (T₁/m₁+T₂/m₂)^3/² | Coulomb 热化时间（Spitzer 1962） |	| 10 | τ_eq = 3$m_{1}$$m_{2}$k³/²_B / [8(2π)^½ n q⁴ lnΛ] · ($T_{1}$/$m_{1}$+$T_{2}$/$m_{2}$)^3/² | Coulomb 热化时间（Spitzer 1962） |	R1 参数下标/科学记数法
75	| 17–20 | Rankine-Hugoniot 跃变条件（强激波 r=4, T₂/T₁ = 5M²/16） | 质量-动量-能量守恒 |	| 17–20 | Rankine-Hugoniot 跃变条件（强激波 r=4, $T_{2}$/$T_{1}$ = 5M²/16） | 质量-动量-能量守恒 |	R1 参数下标/科学记数法
76	| 21 | kT₂ = 3/16 m_p u₁² | 强激波后温度 |	| 21 | $kT_{2}$ = 3/16 m_p $u_{1}$² | 强激波后温度 |	R1 参数下标/科学记数法
79	| 40 | f₀(p) ∝ (p/p_inj)^(-3r/(r-1)) | test-particle 动量谱 |	| 40 | $f_{0}$(p) ∝ (p/p_inj)^(-3r/(r-1)) | test-particle 动量谱 |	R1 参数下标/科学记数法
82	| 47 | τ_acc = 3/(u₁−u₂) ∫ dp'/p' [D₁/u₁ + D₂/u₂] | 加速时间 |	| 47 | τ_acc = 3/($u_{1}$−$u_{2}$) ∫ dp'/p' [$D_{1}$/$u_{1}$ + $D_{2}$/$u_{2}$] | 加速时间 |	R1 参数下标/科学记数法
84	| 50 | r_L(p_max) = 1 pc · (E/10¹⁵ eV) · B⁻¹_µ | 回旋半径参考值 |	| 50 | r_L(p_max) = 1 pc · (E/$10^{15}$ eV) · B⁻¹_µ | 回旋半径参考值 |	R1 参数下标/科学记数法
91	| V_ej | ~10⁴ km/s |	| V_ej | ~$10^{4}$ km/s |	R1 参数下标/科学记数法
95	| τ_eq,ee | ~10³ yr |	| τ_eq,ee | ~$10^{3}$ yr |	R1 参数下标/科学记数法
96	| τ_eq,pp | ~10⁶ yr |	| τ_eq,pp | ~$10^{6}$ yr |	R1 参数下标/科学记数法
97	| kT_p | 5.6×10⁸ (V_sh/5000 km/s)² K |	| kT_p | 5.6×$10^{8}$ (V_sh/5000 km/s)² K |	R1 参数下标/科学记数法
98	| D(1 GeV) | ~10²⁹ cm²/s |	| D(1 GeV) | ~$10^{29}$ cm²/s |	R1 参数下标/科学记数法
99	| δB/B 约束（10⁷ yr 困住） | ~6×10⁻⁴ |	| δB/B 约束（$10^{7}$ yr 困住） | ~6×$10^{-4}$ |	R1 参数下标/科学记数法
100	| r_L(10¹⁵ eV, 1µG) | 1 pc |	| r_L($10^{15}$ eV, 1µG) | 1 pc |	R1 参数下标/科学记数法
109	- [INTERPRETATION] §3.4 的核心论证是**"SNR 要达到 PeV 必须依赖磁场放大"**——这一步为下一章（§4）非线性理论埋下伏笔：因为 test-particle 理论里 F≪1 的假设在 p_max 处失效，δB≪B₀ 的准线性理论在最强散射点必然崩溃。	- [INTERPRETATION] §3.4 的核心论证是**"SNR 要达到 PeV 必须依赖磁场放大"**——这一步为下一章（§4）非线性理论埋下伏笔：因为 test-particle 理论里 F≪1 的假设在 p_max 处失效，δB≪$B_{0}$ 的准线性理论在最强散射点必然崩溃。	R1 参数下标/科学记数法
23	- [FACT] 放大磁场动力学反作用：~100–1000 µG 的磁场压力虽仅为 ρv²_s 的 10⁻²–10⁻³，但可远大于上游热压，进而影响 r。	- [FACT] 放大磁场动力学反作用：~100–1000 µG 的磁场压力虽仅为 ρv²_s 的 $10^{-2}$–$10^{-3}$，但可远大于上游热压，进而影响 r。	R1 参数下标/科学记数法
30	- [FACT] 准稳态下子激波压缩比 R_sub 用 M₁ 表达（Eq. 68）；总压缩比 R_tot = u₀/u₁（Eq. 69）用 R_sub、R_0 表达。	- [FACT] 准稳态下子激波压缩比 R_sub 用 $M_{1}$ 表达（Eq. 68）；总压缩比 R_tot = $u_{0}$/$u_{1}$（Eq. 69）用 R_sub、R_0 表达。	R1 参数下标/科学记数法
31	- [FACT] CR 诱导 precursor 的深度：ξ_CR(z) ≈ P_c(z)/(ρ₀u₀²) ≈ 1 − u(z)/u₀（Eq. 70）。	- [FACT] CR 诱导 precursor 的深度：ξ_CR(z) ≈ P_c(z)/(ρ₀$u_{0}$²) ≈ 1 − u(z)/$u_{0}$（Eq. 70）。	R1 参数下标/科学记数法
38	- [FACT] Bohm 极限下加速时间（Eq. 71）：τ_acc ≈ 3.3×10⁷ E_TeV · B⁻¹_100 · V⁻²_sh,8 s。	- [FACT] Bohm 极限下加速时间（Eq. 71）：τ_acc ≈ 3.3×$10^{7}$ E_TeV · B⁻¹_100 · V⁻²_sh,8 s。	R1 参数下标/科学记数法
39	- [FACT] 同步辐射损失时间（Eq. 72）：τ_syn = 4×10¹⁰ B⁻²_100 · E⁻¹_TeV s。	- [FACT] 同步辐射损失时间（Eq. 72）：τ_syn = 4×$10^{10}$ B⁻²_100 · E⁻¹_TeV s。	R1 参数下标/科学记数法
42	- [FACT] 特征宽度（Eq. 75）：√(D·τ_syn) ≈ 3.7×10⁻² B⁻³/²_100 pc → 观测到的 ~10⁻² pc 窄边缘需要 B~几百 µG。	- [FACT] 特征宽度（Eq. 75）：√(D·τ_syn) ≈ 3.7×$10^{-2}$ B⁻³/²_100 pc → 观测到的 ~$10^{-2}$ pc 窄边缘需要 B~几百 µG。	R1 参数下标/科学记数法
44	- [FACT] 若 D(E) 取 ISM 值（3×10²⁸ (E/10 GeV)^δ cm²/s），τ_acc 远超自由膨胀期（Eq. 76）。	- [FACT] 若 D(E) 取 ISM 值（3×$10^{28}$ (E/10 GeV)^δ cm²/s），τ_acc 远超自由膨胀期（Eq. 76）。	R1 参数下标/科学记数法
45	- [FACT] Bohm 假设、B=100 µG、T_s=300 yr：E_max ≈ 3×10⁵ GeV · B_100 · (T_s/300 yr) · (V_sh/1000 km/s)²（Eq. 78）。"All parameters have to be chosen in the most optimistic way so as to maximize E_max."	- [FACT] Bohm 假设、B=100 µG、T_s=300 yr：E_max ≈ 3×$10^{5}$ GeV · B_100 · (T_s/300 yr) · (V_sh/1000 km/s)²（Eq. 78）。"All parameters have to be chosen in the most optimistic way so as to maximize E_max."	R1 参数下标/科学记数法
48	- [FACT] 共振不稳定性适用条件（Eq. 86, 88）：n_CR/n_i ≪ v_A²/(V_sh c)，即 ξ_CR ≪ 8×10⁻⁴ · (V_sh/5×10⁸ cm/s)⁻³ —— **对 ξ_CR ~ 10% 完全不成立**。	- [FACT] 共振不稳定性适用条件（Eq. 86, 88）：n_CR/n_i ≪ v_A²/(V_sh c)，即 ξ_CR ≪ 8×$10^{-4}$ · (V_sh/5×$10^{8}$ cm/s)⁻³ —— **对 ξ_CR ~ 10% 完全不成立**。	R1 参数下标/科学记数法
50	- [FACT] 此条件下 F₀ ≤ 1（Eq. 90）：F₀(k) = (π/6)^½ (ξ_CR/Λ)^½ (c/V_sh)^½，即"efficient CR acceleration ... reduces the growth of the waves and limits the value of the self-generated magnetic field to the same order of magnitude as the pre-existing magnetic field."	- [FACT] 此条件下 $F_{0}$ ≤ 1（Eq. 90）：$F_{0}$(k) = (π/6)^½ (ξ_CR/Λ)^½ (c/V_sh)^½，即"efficient CR acceleration ... reduces the growth of the waves and limits the value of the self-generated magnetic field to the same order of magnitude as the pre-existing magnetic field."	R1 参数下标/科学记数法
53	- [FACT] Zirakashvili 等 (2008) 数值：小尺度模下最大能量 ~10⁵ GeV，因为在高能端 D(p) ∝ p²（小偏角制）。	- [FACT] Zirakashvili 等 (2008) 数值：小尺度模下最大能量 ~$10^{5}$ GeV，因为在高能端 D(p) ∝ p²（小偏角制）。	R1 参数下标/科学记数法
62	- [FACT] R_tot–R_sub 关系（Eq. 99）：R_tot^(γ_g+1) = M₀² R_sub^γ_g / [2 · (γ_g+1 − R_sub(γ_g−1))/(1+Λ_B)]，Λ_B = W [1 + R_sub(2/γ_g − 1)]，W = P_w,1/P_g,1。	- [FACT] R_tot–R_sub 关系（Eq. 99）：R_tot^(γ_g+1) = $M_{0}$² R_sub^γ_g / [2 · (γ_g+1 − R_sub(γ_g−1))/(1+Λ_B)]，Λ_B = W [1 + R_sub(2/γ_g − 1)]，W = P_w,1/P_g,1。	R1 参数下标/科学记数法
81	| 68 | R_sub(M₁) | 子激波压缩比 |	| 68 | R_sub($M_{1}$) | 子激波压缩比 |	R1 参数下标/科学记数法
82	| 69 | R_tot(R_sub, M₀) | 总压缩比 |	| 69 | R_tot(R_sub, $M_{0}$) | 总压缩比 |	R1 参数下标/科学记数法
83	| 70 | ξ_CR(z) ≈ 1 − u(z)/u₀ | precursor 深度 |	| 70 | ξ_CR(z) ≈ 1 − u(z)/$u_{0}$ | precursor 深度 |	R1 参数下标/科学记数法
87	| 78 | E_max ≈ 3×10⁵ GeV·B_100·(T_s/300 yr)·(V_sh/1000)² | SNR 最大能量上限估计 |	| 78 | E_max ≈ 3×$10^{5}$ GeV·B_100·(T_s/300 yr)·(V_sh/1000)² | SNR 最大能量上限估计 |	R1 参数下标/科学记数法
88	| 81 | F₀(k) = (π/4)·ξ_CR·(V_sh/v_A)·(1/Λ) | 共振 streaming 功率谱 |	| 81 | $F_{0}$(k) = (π/4)·ξ_CR·(V_sh/v_A)·(1/Λ) | 共振 streaming 功率谱 |	R1 参数下标/科学记数法
89	| 86, 88 | ξ_CR ≪ 8×10⁻⁴(V_sh/5×10⁸)⁻³ | 共振不稳定性适用条件 |	| 86, 88 | ξ_CR ≪ 8×$10^{-4}$(V_sh/5×$10^{8}$)⁻³ | 共振不稳定性适用条件 |	R1 参数下标/科学记数法
92	| 90 | F₀(k) = (π/6)^½ (ξ_CR/Λ)^½ (c/V_sh)^½ | 高 ξ_CR 情况下的 F₀ |	| 90 | $F_{0}$(k) = (π/6)^½ (ξ_CR/Λ)^½ (c/V_sh)^½ | 高 ξ_CR 情况下的 $F_{0}$ |	R1 参数下标/科学记数法
103	| 年轻 SNR X 射线窄边缘厚度 | ~10⁻² pc |	| 年轻 SNR X 射线窄边缘厚度 | ~$10^{-2}$ pc |	R1 参数下标/科学记数法
105	| Bohm 极限 E_max（典型） | ~3 × 10⁵ GeV |	| Bohm 极限 E_max（典型） | ~3 × $10^{5}$ GeV |	R1 参数下标/科学记数法
106	| Bell 非共振模峰值 k* r_L,0 | ~10⁴ |	| Bell 非共振模峰值 k* r_L,0 | ~$10^{4}$ |	R1 参数下标/科学记数法
107	| Bell 非共振模可及能量 | ~10⁵ GeV（Zirakashvili 等）|	| Bell 非共振模可及能量 | ~$10^{5}$ GeV（Zirakashvili 等）|	R1 参数下标/科学记数法
22	- [FACT] NLDSA 预言 K_ep ~ 10⁻³–10⁻⁴；在地球测量值 K_ep ~ 10⁻²，存在 1–2 个量级的差异。	- [FACT] NLDSA 预言 K_ep ~ $10^{-3}$–$10^{-4}$；在地球测量值 K_ep ~ $10^{-2}$，存在 1–2 个量级的差异。	R1 参数下标/科学记数法
29	- [FACT] 标准逃逸模型：在 z₀ 处 f(p, z₀)=0 的边界条件（Eq. 101, 102）。	- [FACT] 标准逃逸模型：在 $z_{0}$ 处 f(p, $z_{0}$)=0 的边界条件（Eq. 101, 102）。	R1 参数下标/科学记数法
32	- [FACT] 逃逸谱形状：在动量 p*（满足 D(p*)/u₁ ≃ z₀）处峰值 → 每个时刻的逃逸谱集中在 p* 附近。	- [FACT] 逃逸谱形状：在动量 p*（满足 D(p*)/$u_{1}$ ≃ $z_{0}$）处峰值 → 每个时刻的逃逸谱集中在 p* 附近。	R1 参数下标/科学记数法
73	- [FACT] 分子云内密度 n=10³ cm⁻³、几何截面 σ~10⁻¹⁴ cm² → λ~10¹¹ cm —— **SNR 激波撞击分子云时可能从碰撞less 变为碰撞型**。	- [FACT] 分子云内密度 n=$10^{3}$ cm⁻³、几何截面 σ~$10^{-14}$ cm² → λ~$10^{11}$ cm —— **SNR 激波撞击分子云时可能从碰撞less 变为碰撞型**。	R1 参数下标/科学记数法
87	| 101 | f(z,p) 边界解 | 逃逸边界条件 f(z₀,p)=0 下的分布函数 |	| 101 | f(z,p) 边界解 | 逃逸边界条件 f($z_{0}$,p)=0 下的分布函数 |	R1 参数下标/科学记数法
88	| 102 | F(z₀,p) | 逃逸通量（动量依赖的峰）|	| 102 | F($z_{0}$,p) | 逃逸通量（动量依赖的峰）|	R1 参数下标/科学记数法
91	| 105 | α = (r̃+2)/(r̃−1)，r̃ = (u₁ ± v_W,1)/(u₂ ± v_W,2) | 含移动散射中心的谱指数 |	| 105 | α = (r̃+2)/(r̃−1)，r̃ = ($u_{1}$ ± v_W,1)/($u_{2}$ ± v_W,2) | 含移动散射中心的谱指数 |	R1 参数下标/科学记数法
98	| X 射线边缘厚度 | ~10⁻² pc |	| X 射线边缘厚度 | ~$10^{-2}$ pc |	R1 参数下标/科学记数法
104	| K_ep（NLDSA 预言） | ~10⁻³–10⁻⁴ |	| K_ep（NLDSA 预言） | ~$10^{-3}$–$10^{-4}$ |	R1 参数下标/科学记数法
105	| K_ep（地球观测） | ~10⁻² |	| K_ep（地球观测） | ~$10^{-2}$ |	R1 参数下标/科学记数法
107	| 分子云密度 n | 10³ cm⁻³ |	| 分子云密度 n | $10^{3}$ cm⁻³ |	R1 参数下标/科学记数法
108	| 分子云碰撞长度 λ | 10¹¹ cm |	| 分子云碰撞长度 λ | $10^{11}$ cm |	R1 参数下标/科学记数法
130	- **潜在不一致性**：K_ep ~ 10⁻³–10⁻⁴（NLDSA）vs ~10⁻²（地球）——作者在 2 处强调但未给出解决路径。	- **潜在不一致性**：K_ep ~ $10^{-3}$–$10^{-4}$（NLDSA）vs ~$10^{-2}$（地球）——作者在 2 处强调但未给出解决路径。	R1 参数下标/科学记数法
24	- [FACT] **窄线**来自下游直接穿越的中性 H（宽度反映上游温度，10⁴ K 时 ~21 km/s）。	- [FACT] **窄线**来自下游直接穿越的中性 H（宽度反映上游温度，$10^{4}$ K 时 ~21 km/s）。	R1 参数下标/科学记数法
82	- Balmer 窄线宽：Δv_narrow ~ √(2kT_upstream/m_H) ~ 21 km/s (T_up = 10⁴ K)	- Balmer 窄线宽：Δv_narrow ~ √(2kT_upstream/m_H) ~ 21 km/s (T_up = $10^{4}$ K)	R1 参数下标/科学记数法
91	| Balmer 窄线宽度（10⁴ K） | ~21 km/s |	| Balmer 窄线宽度（$10^{4}$ K） | ~21 km/s |	R1 参数下标/科学记数法
16	- 银河-河外 CR 过渡区：膝点之上的 Fe_max ~10¹⁷ eV 与 ankle 位置存在张力，KASCADE-Grande、ICETOP 提示需要**额外 CR 分量**在 10¹⁷–10¹⁹ eV 之间。	- 银河-河外 CR 过渡区：膝点之上的 Fe_max ~$10^{17}$ eV 与 ankle 位置存在张力，KASCADE-Grande、ICETOP 提示需要**额外 CR 分量**在 $10^{17}$–$10^{19}$ eV 之间。	R1 参数下标/科学记数法
36	- [FACT] **过渡区问题**：若 Fe_max ~ 10¹⁷ eV，则银河 CR 在 ~10¹⁷ eV 截止，远低于传统 ankle 位置（~10¹⁸·⁵ eV）。	- [FACT] **过渡区问题**：若 Fe_max ~ $10^{17}$ eV，则银河 CR 在 ~$10^{17}$ eV 截止，远低于传统 ankle 位置（~$10^{18}$·⁵ eV）。	R1 参数下标/科学记数法
37	- [FACT] KASCADE-Grande（Apel et al. 2013）和 ICETOP 提示 10¹⁷–10¹⁹ eV 需要**额外 CR 分量**；10¹⁸ eV 处轻/重核各半，与 Auger、HiRes、Telescope Array 观测的"轻成分主导"不显然一致。	- [FACT] KASCADE-Grande（Apel et al. 2013）和 ICETOP 提示 $10^{17}$–$10^{19}$ eV 需要**额外 CR 分量**；$10^{18}$ eV 处轻/重核各半，与 Auger、HiRes、Telescope Array 观测的"轻成分主导"不显然一致。	R1 参数下标/科学记数法
49	| 膝点能量 | ~3 × 10¹⁵ eV |	| 膝点能量 | ~3 × $10^{15}$ eV |	R1 参数下标/科学记数法
50	| Fe_max（SNR 范式） | ~10¹⁷ eV |	| Fe_max（SNR 范式） | ~$10^{17}$ eV |	R1 参数下标/科学记数法
51	| ankle（传统银河-河外过渡） | ~10¹⁸·⁵ eV |	| ankle（传统银河-河外过渡） | ~$10^{18}$·⁵ eV |	R1 参数下标/科学记数法
52	| 需要额外分量的能段 | 10¹⁷–10¹⁹ eV |	| 需要额外分量的能段 | $10^{17}$–$10^{19}$ eV |	R1 参数下标/科学记数法
71	- [INTERPRETATION] 作者**明确**将"过渡区（10¹⁷–10¹⁹ eV）的化学组成测量"视为**UHECR 起源问题的关键**——这一前瞻性表述在 2013 年时具有高度前瞻性，2020 年代 LHAASO、AugerPrime 已部分回答。	- [INTERPRETATION] 作者**明确**将"过渡区（$10^{17}$–$10^{19}$ eV）的化学组成测量"视为**UHECR 起源问题的关键**——这一前瞻性表述在 2013 年时具有高度前瞻性，2020 年代 LHAASO、AugerPrime 已部分回答。	R1 参数下标/科学记数法
82	- **潜在不一致性**：KASCADE-Grande / ICETOP 在 10¹⁸ eV 的化学成分结果与 Auger、HiRes、Telescope Array 冲突——在 §1 已提到，§8 再次强调。	- **潜在不一致性**：KASCADE-Grande / ICETOP 在 $10^{18}$ eV 的化学成分结果与 Auger、HiRes、Telescope Array 冲突——在 §1 已提到，§8 再次强调。	R1 参数下标/科学记数法
28	- **膝点**（knee，3×10¹⁵ eV）处全粒子谱从 ~E⁻²·⁷ 变到 ~E⁻³·¹	- **膝点**（knee，3×$10^{15}$ eV）处全粒子谱从 ~E⁻²·⁷ 变到 ~E⁻³·¹	R1 参数下标/科学记数法
29	- 电子在 ~10³ GeV 后被质子完全压制	- 电子在 ~$10^{3}$ GeV 后被质子完全压制	R1 参数下标/科学记数法
30	- 反质子、正电子在 10²–10³ GeV 以上明显低于质子谱	- 反质子、正电子在 $10^{2}$–$10^{3}$ GeV 以上明显低于质子谱	R1 参数下标/科学记数法
33	- 膝点：3×10¹⁵ eV	- 膝点：3×$10^{15}$ eV	R1 参数下标/科学记数法
35	- 电子/质子通量比在 GeV 段 ~10⁻²	- 电子/质子通量比在 GeV 段 ~$10^{-2}$	R1 参数下标/科学记数法
99	- 多组实验在 ~10–10⁴ GeV 基本一致	- 多组实验在 ~10–$10^{4}$ GeV 基本一致	R1 参数下标/科学记数法
103	- E\*·J(E\*) ≈ 2×10³ GeV·m⁻²·s⁻¹·sr⁻¹ 在 E\*=10 GeV	- E\*·J(E\*) ≈ 2×$10^{3}$ GeV·m⁻²·s⁻¹·sr⁻¹ 在 E\*=10 GeV	R1 参数下标/科学记数法
157	## Figure 5 — Trajectory of a charged particle in B₀	## Figure 5 — Trajectory of a charged particle in $B_{0}$	R1 参数下标/科学记数法
163	B₀ 沿 ẑ；粒子以螺距角 θ 运动，v∥=vµ 恒定，v⊥ 做圆运动。	$B_{0}$ 沿 ẑ；粒子以螺距角 θ 运动，v∥=vµ 恒定，v⊥ 做圆运动。	R1 参数下标/科学记数法
166	- 回旋频率 Ω = qB₀/(mcγ)	- 回旋频率 Ω = $qB_{0}$/(mcγ)	R1 参数下标/科学记数法
183	- 上游（左）流体速 u₁	- 上游（左）流体速 $u_{1}$	R1 参数下标/科学记数法
184	- 下游（右）流体速 u₂ < u₁	- 下游（右）流体速 $u_{2}$ < $u_{1}$	R1 参数下标/科学记数法
208	- x = −∞：上游无穷远，流体速 u₀	- x = −∞：上游无穷远，流体速 $u_{0}$	R1 参数下标/科学记数法
209	- precursor：流体被 CR 压力减速到 u₁ < u₀	- precursor：流体被 CR 压力减速到 $u_{1}$ < $u_{0}$	R1 参数下标/科学记数法
210	- subshock：u₁ → u₂ = u₁/R_sub 的跃变	- subshock：$u_{1}$ → $u_{2}$ = $u_{1}$/R_sub 的跃变	R1 参数下标/科学记数法
211	- 总压缩比 R_tot = u₀/u₂	- 总压缩比 R_tot = $u_{0}$/$u_{2}$	R1 参数下标/科学记数法
214	- 前驱区长度由 D(p_max)/u₀ 决定	- 前驱区长度由 D(p_max)/$u_{0}$ 决定	R1 参数下标/科学记数法
234	展示 CR 加速效率（通过 Mach 数 M₀ 参数化）对总粒子分布（热+非热）的形貌影响。	展示 CR 加速效率（通过 Mach 数 $M_{0}$ 参数化）对总粒子分布（热+非热）的形貌影响。	R1 参数下标/科学记数法
241	- M₀=10（实线）、M₀=50（虚线）、M₀=100（点线）	- $M_{0}$=10（实线）、$M_{0}$=50（虚线）、$M_{0}$=100（点线）	R1 参数下标/科学记数法
243	- u₀ = 5×10⁸ cm/s，p_max = 10⁵ m_p c，ξ = 3.5（Blasi et al. 2005）	- $u_{0}$ = 5×$10^{8}$ cm/s，p_max = $10^{5}$ m_p c，ξ = 3.5（Blasi et al. 2005）	R1 参数下标/科学记数法
246	- M₀ 增大 → CR 加速增强 → 谱**更凹**（concave）	- $M_{0}$ 增大 → CR 加速增强 → 谱**更凹**（concave）	R1 参数下标/科学记数法
252	- 无加速热峰位置对 M₀ 弱依赖	- 无加速热峰位置对 $M_{0}$ 弱依赖	R1 参数下标/科学记数法
281	- 参数：V_sh=10⁹ cm/s, B₀=1 µG, n=1 cm⁻³, ξ_CR=10%, p_max=10⁵ m_p c	- 参数：V_sh=$10^{9}$ cm/s, $B_{0}$=1 µG, n=1 cm⁻³, ξ_CR=10%, p_max=$10^{5}$ m_p c	R1 参数下标/科学记数法
286	- 峰值增长率在 k* r_L,0 ~ 10⁴	- 峰值增长率在 k* r_L,0 ~ $10^{4}$	R1 参数下标/科学记数法
318	- 参数：n₀=0.1 cm⁻³, T₀=10⁵ K, ξ_inj=3.9，逃逸边界 0.15 R_sh（Caprioli et al. 2010）	- 参数：$n_{0}$=0.1 cm⁻³, $T_{0}$=$10^{5}$ K, ξ_inj=3.9，逃逸边界 0.15 R_sh（Caprioli et al. 2010）	R1 参数下标/科学记数法
361	- 边缘厚度 ~10⁻² pc	- 边缘厚度 ~$10^{-2}$ pc	R1 参数下标/科学记数法
23	| 据 | 据 | according to / based on | prep. | "- 从 Hess（1912）的宇宙线发现与 Rossi（1964）书的 50 周年回顾，引出"一个世纪后仍未完全解决"的主题。 - 给出银河系宇宙线的基本图像：质子为主（~90%）、氦核（~10%），能量密度约 1 eV/cm³。 - **全粒子能谱**：低能端 (~30 GeV 以下) 被太阳调制；膝点 knee 在 E_K = 3 × 10¹⁵ eV 处从 γ ≈ 2.7 变到 ≈ 3.1；膝点之上成分趋向重核主导，最高至 ~10¹" | 因果 |	| 据 | 据 | according to / based on | prep. | "- 从 Hess（1912）的宇宙线发现与 Rossi（1964）书的 50 周年回顾，引出"一个世纪后仍未完全解决"的主题。 - 给出银河系宇宙线的基本图像：质子为主（~90%）、氦核（~10%），能量密度约 1 eV/cm³。 - **全粒子能谱**：低能端 (~30 GeV 以下) 被太阳调制；膝点 knee 在 E_K = 3 × $10^{15}$ eV 处从 γ ≈ 2.7 变到 ≈ 3.1；膝点之上成分趋向重核主导，最高至 ~$10^{1}$" | 因果 |	R1 参数下标/科学记数法
104	- [FACT] Bohm 极限下加速时间（Eq. 71）：τ_acc ≈ 3.3×10⁷ E_TeV · B⁻¹_100 · V⁻²_sh,8 s。	- [FACT] Bohm 极限下加速时间（Eq. 71）：τ_acc ≈ 3.3×$10^{7}$ E_TeV · B⁻¹_100 · V⁻²_sh,8 s。	R1 参数下标/科学记数法
105	- [FACT] 同步辐射损失时间（Eq. 72）：τ_syn = 4×10¹⁰ B⁻²_100 · E⁻¹_TeV s。	- [FACT] 同步辐射损失时间（Eq. 72）：τ_syn = 4×$10^{10}$ B⁻²_100 · E⁻¹_TeV s。	R1 参数下标/科学记数法
108	- [FACT] 特征宽度（Eq. 75）：√(D·τ_syn) ≈ 3.7×10⁻² B⁻³/²_100 pc → 观测到的 ~10⁻² pc 窄边缘需要 B~几百 µG。	- [FACT] 特征宽度（Eq. 75）：√(D·τ_syn) ≈ 3.7×$10^{-2}$ B⁻³/²_100 pc → 观测到的 ~$10^{-2}$ pc 窄边缘需要 B~几百 µG。	R1 参数下标/科学记数法
118	- [FACT] The knee: "the prominent steepening of the spectrum at energy E_K = 3 × 10¹⁵ eV is named the knee: at this point the spectral slope of the d…	- [FACT] The knee: "the prominent steepening of the spectrum at energy E_K = 3 × $10^{15}$ eV is named the knee: at this point the spectral slope of the d…	R1 参数下标/科学记数法
126	- [FACT] 分子云内密度 n=10³ cm⁻³、几何截面 σ~10⁻¹⁴ cm² → λ~10¹¹ cm —— **SNR 激波撞击分子云时可能从碰撞less 变为碰撞型**。	- [FACT] 分子云内密度 n=$10^{3}$ cm⁻³、几何截面 σ~$10^{-14}$ cm² → λ~$10^{11}$ cm —— **SNR 激波撞击分子云时可能从碰撞less 变为碰撞型**。	R1 参数下标/科学记数法
17	1. 银河系宇宙线（E < knee ~3×10¹⁵ eV）的源是什么？	1. 银河系宇宙线（E < knee ~3×$10^{15}$ eV）的源是什么？	R1 参数下标/科学记数法
21	5. 膝点之上（10¹⁵–10¹⁹ eV）的银河-河外过渡区如何描述？	5. 膝点之上（$10^{15}$–$10^{19}$ eV）的银河-河外过渡区如何描述？	R1 参数下标/科学记数法
43	| SNR 达 PeV 需 δB/B₀ ≫ 1 | [FACT] | §3.4 |	| SNR 达 PeV 需 δB/$B_{0}$ ≫ 1 | [FACT] | §3.4 |	R1 参数下标/科学记数法
79	1. **SNR 范式的"三支柱"**：γ 射线 50–500 TeV、X 射线窄边缘（~10⁻² pc）、Balmer 异常。	1. **SNR 范式的"三支柱"**：γ 射线 50–500 TeV、X 射线窄边缘（~$10^{-2}$ pc）、Balmer 异常。	R1 参数下标/科学记数法
82	4. **SNR 达 PeV 需 δB/B₀ ≫ 1**（§3.4 核心论证）。	4. **SNR 达 PeV 需 δB/$B_{0}$ ≫ 1**（§3.4 核心论证）。	R1 参数下标/科学记数法
30	- 银河系 CR 能量注入率：**~3×10⁴⁰ erg/s**	- 银河系 CR 能量注入率：**~3×$10^{40}$ erg/s**	R1 参数下标/科学记数法
32	- 单次 SN 能量：**E_SN ≈ 10⁵¹ erg**	- 单次 SN 能量：**E_SN ≈ $10^{51}$ erg**	R1 参数下标/科学记数法
57	- **没有任何单个 SNR 已被直接证明能加速到膝区能量**（E_knee = 3×10¹⁵ eV）——这是"smoking gun"的缺失。	- **没有任何单个 SNR 已被直接证明能加速到膝区能量**（E_knee = 3×$10^{15}$ eV）——这是"smoking gun"的缺失。	R1 参数下标/科学记数法
66	| 30 GeV – 3×10¹⁵ eV | 近似幂律 ∝ E⁻²·⁷ |	| 30 GeV – 3×$10^{15}$ eV | 近似幂律 ∝ E⁻²·⁷ |	R1 参数下标/科学记数法
67	| E_K = 3×10¹⁵ eV（**膝区，knee**） | 谱斜率从 -2.7 陡化到 -3.1 |	| E_K = 3×$10^{15}$ eV（**膝区，knee**） | 谱斜率从 -2.7 陡化到 -3.1 |	R1 参数下标/科学记数法
68	| ~10¹⁷ eV（光点，ankle） | 银河系/河外过渡（有争议） |	| ~$10^{17}$ eV（光点，ankle） | 银河系/河外过渡（有争议） |	R1 参数下标/科学记数法
84	若质子最大加速能量 E_p,max ~ 5×10¹⁵ eV，铁核（Z=26）则 E_Fe,max = 26·E_p,max ~ (1–2)×10¹⁷ eV；膝区 = 各元素截止叠加（Hörandel 2004; Blasi & Amato 2012a; Gaisser et al. 2013）。	若质子最大加速能量 E_p,max ~ 5×$10^{15}$ eV，铁核（Z=26）则 E_Fe,max = 26·E_p,max ~ (1–2)×$10^{17}$ eV；膝区 = 各元素截止叠加（Hörandel 2004; Blasi & Amato 2012a; Gaisser et al. 2013）。	R1 参数下标/科学记数法
63	- $kT_p \sim 15\, v_8^2$ keV（v₈ = V_sh/(10⁸ cm/s)）	- $kT_p \sim 15\, v_8^2$ keV（$v_{8}$ = V_sh/($10^{8}$ cm/s)）	R1 参数下标/科学记数法
68	**[FACT]** 均匀磁场 B₀ = B₀ẑ 中的粒子轨迹（Blasi 式 (22)-(24)）：	**[FACT]** 均匀磁场 $B_{0}$ = $B_{0}$ẑ 中的粒子轨迹（Blasi 式 (22)-(24)）：	R1 参数下标/科学记数法
84	**[FACT]** 量级估计：H²/D(p) ~ 10⁷ yr 对应 D ~ 10²⁹ cm²/s → δB/B ~ 6×10⁻⁴（共振波长处），即**微量的 Alfvén 波功率即可满足银河系尺度上的 CR 约束**。	**[FACT]** 量级估计：H²/D(p) ~ $10^{7}$ yr 对应 D ~ $10^{29}$ cm²/s → δB/B ~ 6×$10^{-4}$（共振波长处），即**微量的 Alfvén 波功率即可满足银河系尺度上的 CR 约束**。	R1 参数下标/科学记数法
123	其中 β = (u₁−u₂)/c → **一阶 Fermi 加速**（∝ β¹，对比二阶 Fermi 的 ∝ β²）	其中 β = ($u_{1}$−$u_{2}$)/c → **一阶 Fermi 加速**（∝ β¹，对比二阶 Fermi 的 ∝ β²）	R1 参数下标/科学记数法
143	**[FACT]** **PeVatron 条件**（Blasi）：为使 SNR 能到 10¹⁵ eV，必须 $F(k_{min}) \gg 1$，即 δB/B₀ ≫ 1 → **必须磁场放大 ~10–100 倍**。若用 ISM 的 B/C 反推扩散系数，则 E_max 远不及 GeV。	**[FACT]** **PeVatron 条件**（Blasi）：为使 SNR 能到 $10^{15}$ eV，必须 $F(k_{min}) \gg 1$，即 δB/$B_{0}$ ≫ 1 → **必须磁场放大 ~10–100 倍**。若用 ISM 的 B/C 反推扩散系数，则 E_max 远不及 GeV。	R1 参数下标/科学记数法
145	**[FACT]** Amato 明确给出：若 ISM 湍流（Kolmogorov）不放大 → $E_{Max} \sim$ few GeV；若场放大到 δB ≈ B₀ → $E_{Max} \sim 10^4$–$10^5$ GeV，仍差 30–100 倍；因此**放大是必需的**。	**[FACT]** Amato 明确给出：若 ISM 湍流（Kolmogorov）不放大 → $E_{Max} \sim$ few GeV；若场放大到 δB ≈ $B_{0}$ → $E_{Max} \sim 10^4$–$10^5$ GeV，仍差 30–100 倍；因此**放大是必需的**。	R1 参数下标/科学记数法
151	2. δB/B₀ ≫ 1 时准线性理论失效；	2. δB/$B_{0}$ ≫ 1 时准线性理论失效；	R1 参数下标/科学记数法
152	3. 各向异性/垂直扩散在 δB/B₀ → 1 时成为主导（NLGC 理论，Matthaeus 2003）。	3. 各向异性/垂直扩散在 δB/$B_{0}$ → 1 时成为主导（NLGC 理论，Matthaeus 2003）。	R1 参数下标/科学记数法
15	3. **放大磁场的动力学反作用**：100–1000 μG 场的磁压虽只是 ρv²_s 的 10⁻²–10⁻³，但可**超过**上游热压 → 影响压缩比 → 进一步耦合回分布函数。	3. **放大磁场的动力学反作用**：100–1000 μG 场的磁压虽只是 ρv²_s 的 $10^{-2}$–$10^{-3}$，但可**超过**上游热压 → 影响压缩比 → 进一步耦合回分布函数。	R1 参数下标/科学记数法
24	- 上游无穷远处流体速度 u₀；	- 上游无穷远处流体速度 $u_{0}$；	R1 参数下标/科学记数法
25	- 加速粒子压力 P_c(z) 随距离向激波增大 → 流体减速 → 速度从 u₀ 逐渐降到 u₁（亚激波上游）；	- 加速粒子压力 P_c(z) 随距离向激波增大 → 流体减速 → 速度从 $u_{0}$ 逐渐降到 $u_{1}$（亚激波上游）；	R1 参数下标/科学记数法
26	- 在**亚激波**（subshock）处发生阶跃压缩 u₁→u₂；	- 在**亚激波**（subshock）处发生阶跃压缩 $u_{1}$→$u_{2}$；	R1 参数下标/科学记数法
27	- 总压缩比 R_tot = u₀/u₂ 可显著大于 4；亚激波压缩 R_sub = u₁/u₂ < 4。	- 总压缩比 R_tot = $u_{0}$/$u_{2}$ 可显著大于 4；亚激波压缩 R_sub = $u_{1}$/$u_{2}$ < 4。	R1 参数下标/科学记数法
29	**[FACT]** 图 7（Blasi Fig.7）：CR 修改的激波结构示意图，标注了 u₀、u₁、u₂、R_sub、R_tot。	**[FACT]** 图 7（Blasi Fig.7）：CR 修改的激波结构示意图，标注了 $u_{0}$、$u_{1}$、$u_{2}$、R_sub、R_tot。	R1 参数下标/科学记数法
71	**[FACT]** Blasi Fig.8（Blasi et al. 2005）：M₀ = 10, 50, 100 三个 Mach 数下的粒子分布函数（热+非热）× p⁴ 图。p_max = 10⁵ GeV/c，ξ = 3.5。Mach 越高，凹性越强，下游热峰越左移（温度越低）。	**[FACT]** Blasi Fig.8（Blasi et al. 2005）：$M_{0}$ = 10, 50, 100 三个 Mach 数下的粒子分布函数（热+非热）× p⁴ 图。p_max = $10^{5}$ GeV/c，ξ = 3.5。Mach 越高，凹性越强，下游热峰越左移（温度越低）。	R1 参数下标/科学记数法
13	**[FACT]** X 射线边缘厚度量级 **~10⁻² pc** → 要求局部 B ~ **100–1000 μG**（对比 ISM 的 1–6 μG）→ 放大因子 ~10–100。	**[FACT]** X 射线边缘厚度量级 **~$10^{-2}$ pc** → 要求局部 B ~ **100–1000 μG**（对比 ISM 的 1–6 μG）→ 放大因子 ~10–100。	R1 参数下标/科学记数法
16	- 100 eV X 光子同步辐射要求电子能量 E_e ≈ 8 (E_γ/100 eV)^{1/2} B₁₀₀^{-1/2} TeV；	- 100 eV X 光子同步辐射要求电子能量 E_e ≈ 8 (E_γ/100 eV)^{1/2} $B_{100}$^{-1/2} TeV；	R1 参数下标/科学记数法
49	**[FACT]** 条件（Blasi 式 (86)）：$n_{CR}/n_i \ll v_A^2/V_{sh}^2$ → 对应 ξ_CR ≪ 10⁻³	**[FACT]** 条件（Blasi 式 (86)）：$n_{CR}/n_i \ll v_A^2/V_{sh}^2$ → 对应 ξ_CR ≪ $10^{-3}$	R1 参数下标/科学记数法
57	典型参数（ξ_CR=0.1, V_sh=5000 km/s, v_A=3 km/s, Λ~10）→ **F₀ ≫ 1**，即弱流极限给出极强的放大。	典型参数（ξ_CR=0.1, V_sh=5000 km/s, v_A=3 km/s, Λ~10）→ **$F_{0}$ ≫ 1**，即弱流极限给出极强的放大。	R1 参数下标/科学记数法
61	**[FACT]** 实际 SNR 中 ξ_CR ~ 10% ≫ 10⁻³ → 弱流条件**不成立**。此时（Blasi 式 (89)）：	**[FACT]** 实际 SNR 中 ξ_CR ~ 10% ≫ $10^{-3}$ → 弱流条件**不成立**。此时（Blasi 式 (89)）：	R1 参数下标/科学记数法
69	**[CRITIQUE]** **强流区的关键物理事实**：CR 效率越高，共振 Alfvén 波的放大**越弱**（F₀ ≲ 1）。这是过去数十年文献普遍误用弱流增长率（式 (87) / Amato 式 (16)）导致的系统性高估。Amato §7 专门揭露这一错误。	**[CRITIQUE]** **强流区的关键物理事实**：CR 效率越高，共振 Alfvén 波的放大**越弱**（$F_{0}$ ≲ 1）。这是过去数十年文献普遍误用弱流增长率（式 (87) / Amato 式 (16)）导致的系统性高估。Amato §7 专门揭露这一错误。	R1 参数下标/科学记数法
73	**[FACT]** Blasi Fig.9（Amato & Blasi 2009）：V_sh = 10⁹ cm/s, B₀ = 1 μG, n = 1 cm⁻³, ξ_CR = 10%, p_max = 10⁵ m_p c。上图左手极化、下图右手极化；实线 Re(ω)、虚线 Im(ω)。显示非共振模式在 k*r_L,0 ~ 10⁴ 处达到最大增长率。	**[FACT]** Blasi Fig.9（Amato & Blasi 2009）：V_sh = $10^{9}$ cm/s, $B_{0}$ = 1 μG, n = 1 cm⁻³, ξ_CR = 10%, p_max = $10^{5}$ m_p c。上图左手极化、下图右手极化；实线 Re(ω)、虚线 Im(ω)。显示非共振模式在 k*r_L,0 ~ $10^{4}$ 处达到最大增长率。	R1 参数下标/科学记数法
84	- 生长极快（V_sh ~ 10⁴ km/s 时 ~10⁴ 倍快于共振模式）；	- 生长极快（V_sh ~ $10^{4}$ km/s 时 ~$10^{4}$ 倍快于共振模式）；	R1 参数下标/科学记数法
88	**[FACT]** Zirakashvili et al. (2008) 数值：仅用 Bell 模式时 E_max ~ 10⁵ GeV（比膝低 1 个量级）。	**[FACT]** Zirakashvili et al. (2008) 数值：仅用 Bell 模式时 E_max ~ $10^{5}$ GeV（比膝低 1 个量级）。	R1 参数下标/科学记数法
131	- 共振 Alfvén 波（强流区）：放大被限制在 δB ~ B₀；	- 共振 Alfvén 波（强流区）：放大被限制在 δB ~ $B_{0}$；	R1 参数下标/科学记数法
16	**[FACT]** 主流建模：在 z₀ 处（~10% R_sh）设自由逃逸边界 f(p, z₀)=0。	**[FACT]** 主流建模：在 $z_{0}$ 处（~10% R_sh）设自由逃逸边界 f(p, $z_{0}$)=0。	R1 参数下标/科学记数法
51	**[FACT]** Blasi Fig.10（Caprioli et al. 2010a）：n₀ = 0.1 cm⁻³, T₀ = 10⁵ K, ξ_inj = 3.9, 逃逸边界 χ=0.15 R_sh。	**[FACT]** Blasi Fig.10（Caprioli et al. 2010a）：$n_{0}$ = 0.1 cm⁻³, $T_{0}$ = $10^{5}$ K, ξ_inj = 3.9, 逃逸边界 χ=0.15 R_sh。	R1 参数下标/科学记数法
25	4. **Fukui et al. 2012**：H₂ 分布与 TeV γ 射线空间相关 → 又暗示强子起源。	4. **Fukui et al. 2012**：$H_{2}$ 分布与 TeV γ 射线空间相关 → 又暗示强子起源。	R1 参数下标/科学记数法
56	- 这些是**中年龄 SNR**（~10⁴ yr），加速已不活跃 → 谱陡峭；	- 这些是**中年龄 SNR**（~$10^{4}$ yr），加速已不活跃 → 谱陡峭；	R1 参数下标/科学记数法
61	1. 激波**直接冲击 MC**（n ~ 10³ cm⁻³，分子碰撞长度 λ ~ 10¹¹ cm，激波可能退化为**有碰撞**激波）；	1. 激波**直接冲击 MC**（n ~ $10^{3}$ cm⁻³，分子碰撞长度 λ ~ $10^{11}$ cm，激波可能退化为**有碰撞**激波）；	R1 参数下标/科学记数法
35	- **窄 Balmer 线**：未发生电荷交换的原子直接进入下游被激发 → 线宽反映上游 T (~21 km/s @ 10⁴ K)。	- **窄 Balmer 线**：未发生电荷交换的原子直接进入下游被激发 → 线宽反映上游 T (~21 km/s @ $10^{4}$ K)。	R1 参数下标/科学记数法
15	**关键观察**：膝区 E_K = 3×10¹⁵ eV 处谱陡化（-2.7 → -3.1）；膝区以下 ~30 GeV 太阳调制。	**关键观察**：膝区 E_K = 3×$10^{15}$ eV 处谱陡化（-2.7 → -3.1）；膝区以下 ~30 GeV 太阳调制。	R1 参数下标/科学记数法
28	**用途**：为 ξ_CR 反推提供 E_*² J(E_*) ~ 2×10³ GeV m⁻² s⁻¹ sr⁻¹。	**用途**：为 ξ_CR 反推提供 E_*² J(E_*) ~ 2×$10^{3}$ GeV m⁻² s⁻¹ sr⁻¹。	R1 参数下标/科学记数法
43	**目的**：展示 u₀、u₁、u₂、R_sub、R_tot 的几何。	**目的**：展示 $u_{0}$、$u_{1}$、$u_{2}$、R_sub、R_tot 的几何。	R1 参数下标/科学记数法
47	**参数**：M₀=10/50/100, u₀=5×10⁸ cm/s, p_max=10⁵ m_p c, ξ=3.5。	**参数**：$M_{0}$=10/50/100, $u_{0}$=5×$10^{8}$ cm/s, p_max=$10^{5}$ m_p c, ξ=3.5。	R1 参数下标/科学记数法
49	- M₀ 增加 → CR 效率增加 → 谱更凹；	- $M_{0}$ 增加 → CR 效率增加 → 谱更凹；	R1 参数下标/科学记数法
55	**参数**：V_sh=10⁹ cm/s, B₀=1 μG, n=1 cm⁻³, ξ_CR=10%, p_max=10⁵ m_p c。	**参数**：V_sh=$10^{9}$ cm/s, $B_{0}$=1 μG, n=1 cm⁻³, ξ_CR=10%, p_max=$10^{5}$ m_p c。	R1 参数下标/科学记数法
57	**观察**：共振区（kr_{L,0}≤1）与非共振区（Bell 模式，kr_{L,0}~10⁴ 峰）并存。	**观察**：共振区（kr_{L,0}≤1）与非共振区（Bell 模式，kr_{L,0}~$10^{4}$ 峰）并存。	R1 参数下标/科学记数法
60	**参数**：n₀=0.1 cm⁻³, T₀=10⁵ K, ξ_inj=3.9, 逃逸边界 0.15 R_sh。	**参数**：$n_{0}$=0.1 cm⁻³, $T_{0}$=$10^{5}$ K, ξ_inj=3.9, 逃逸边界 0.15 R_sh。	R1 参数下标/科学记数法
97	**左**：CR 压力/流体速度（u₀=5×10⁸ cm/s, ξ=3.5），M₀=100/30/5；	**左**：CR 压力/流体速度（$u_{0}$=5×$10^{8}$ cm/s, ξ=3.5），$M_{0}$=100/30/5；	R1 参数下标/科学记数法
98	**右**：下游粒子谱（凹形随 M₀ 增强）。	**右**：下游粒子谱（凹形随 $M_{0}$ 增强）。	R1 参数下标/科学记数法
101	同 Blasi Fig.10，T=10⁵ K，逃逸边界 15% R_sh。	同 Blasi Fig.10，T=$10^{5}$ K，逃逸边界 15% R_sh。	R1 参数下标/科学记数法
14	| 即使 | 即使 | even if | conj. | "1. **CR 能量学**：ξ_CR ~ 10% → 非线性理论必需； 2. **test-particle 谱**：α = 3r/(r-1)，强激波 α → 4 → E⁻²； 3. **加速时间** τ_acc ∝ D/(u₁-u₂) → 需缩短 D； 4. **PeVatron 必要条件**：δB/B₀ ≫ 1； 5. **无碰撞激波**：粒子库仑碰撞不足以热化 → 靠集体电磁不稳定性； 6. **电子-质子不平衡**：T_e ~" | 让步 |	| 即使 | 即使 | even if | conj. | "1. **CR 能量学**：ξ_CR ~ 10% → 非线性理论必需； 2. **test-particle 谱**：α = 3r/(r-1)，强激波 α → 4 → E⁻²； 3. **加速时间** τ_acc ∝ D/($u_{1}$-$u_{2}$) → 需缩短 D； 4. **PeVatron 必要条件**：δB/$B_{0}$ ≫ 1； 5. **无碰撞激波**：粒子库仑碰撞不足以热化 → 靠集体电磁不稳定性； 6. **电子-质子不平衡**：T_e ~" | 让步 |	R1 参数下标/科学记数法
15	| 而 | 而 | whereas / while / and | conj. | "**[FACT]** 关键特征（Blasi）： - 这些是**中年龄 SNR**（~10⁴ yr），加速已不活跃 → 谱陡峭； - γ 射线亮度来自**高靶密度**，而非高 CR 通量； - γ 射线谱陡峭 → 推断 CR 谱在所有能量 > few GeV 上都比 E⁻² 陡（γ_e ~ 2.5–3）。" | 对比/转折 |	| 而 | 而 | whereas / while / and | conj. | "**[FACT]** 关键特征（Blasi）： - 这些是**中年龄 SNR**（~$10^{4}$ yr），加速已不活跃 → 谱陡峭； - γ 射线亮度来自**高靶密度**，而非高 CR 通量； - γ 射线谱陡峭 → 推断 CR 谱在所有能量 > few GeV 上都比 E⁻² 陡（γ_e ~ 2.5–3）。" | 对比/转折 |	R1 参数下标/科学记数法
20	| 即 | 即 | namely / i.e. | adv. | "1. **CR 能量学**：ξ_CR ~ 10% → 非线性理论必需； 2. **test-particle 谱**：α = 3r/(r-1)，强激波 α → 4 → E⁻²； 3. **加速时间** τ_acc ∝ D/(u₁-u₂) → 需缩短 D； 4. **PeVatron 必要条件**：δB/B₀ ≫ 1； 5. **无碰撞激波**：粒子库仑碰撞不足以热化 → 靠集体电磁不稳定性； 6. **电子-质子不平衡**：T_e ~" | 举例 |	| 即 | 即 | namely / i.e. | adv. | "1. **CR 能量学**：ξ_CR ~ 10% → 非线性理论必需； 2. **test-particle 谱**：α = 3r/(r-1)，强激波 α → 4 → E⁻²； 3. **加速时间** τ_acc ∝ D/($u_{1}$-$u_{2}$) → 需缩短 D； 4. **PeVatron 必要条件**：δB/$B_{0}$ ≫ 1； 5. **无碰撞激波**：粒子库仑碰撞不足以热化 → 靠集体电磁不稳定性； 6. **电子-质子不平衡**：T_e ~" | 举例 |	R1 参数下标/科学记数法
21	| 据 | 据 | according to / based on | prep. | "1. **加速效率 ξ_CR ~ 5–10%**（能量学必需）； 2. **谱指数**：test-particle 强激波 α = 3r/(r-1) → 4；NLDSA → 凹谱； 3. **磁场放大**：δB/B₀ ~ 10–100（X 射线窄边缘证据）； 4. **PeVatron 条件**：需 δB/B₀ ≫ 1（否则 E_max ~ GeV）； 5. **Bell 非共振模式**：生长快但尺度 < r_L,0； 6. **π⁰" | 因果 |	| 据 | 据 | according to / based on | prep. | "1. **加速效率 ξ_CR ~ 5–10%**（能量学必需）； 2. **谱指数**：test-particle 强激波 α = 3r/(r-1) → 4；NLDSA → 凹谱； 3. **磁场放大**：δB/$B_{0}$ ~ 10–100（X 射线窄边缘证据）； 4. **PeVatron 条件**：需 δB/$B_{0}$ ≫ 1（否则 E_max ~ GeV）； 5. **Bell 非共振模式**：生长快但尺度 < r_L,0； 6. **π⁰" | 因果 |	R1 参数下标/科学记数法
87	3. **加速时间** τ_acc ∝ D/(u₁-u₂) → 需缩短 D；	3. **加速时间** τ_acc ∝ D/($u_{1}$-$u_{2}$) → 需缩短 D；	R1 参数下标/科学记数法
88	4. **PeVatron 必要条件**：δB/B₀ ≫ 1；	4. **PeVatron 必要条件**：δB/$B_{0}$ ≫ 1；	R1 参数下标/科学记数法
92	8. **MFA 强流 vs 弱流**：强流区共振 Alfvén 波增长被**限制在 δB ~ B₀**（过去被高估）；	8. **MFA 强流 vs 弱流**：强流区共振 Alfvén 波增长被**限制在 δB ~ $B_{0}$**（过去被高估）；	R1 参数下标/科学记数法
128	3. **放大磁场的动力学反作用**：100–1000 μG 场的磁压虽只是 ρv²_s 的 10⁻²–10⁻³，但可**超过**上游热压 → 影响压缩比 → 进一步耦合回分布函数。	3. **放大磁场的动力学反作用**：100–1000 μG 场的磁压虽只是 ρv²_s 的 $10^{-2}$–$10^{-3}$，但可**超过**上游热压 → 影响压缩比 → 进一步耦合回分布函数。	R1 参数下标/科学记数法
141	7. **银河系/河外 CR 过渡**（~10¹⁷–10¹⁸ eV）观测结论矛盾。	7. **银河系/河外 CR 过渡**（~$10^{17}$–$10^{18}$ eV）观测结论矛盾。	R1 参数下标/科学记数法
150	4. **Fukui et al. 2012**：H₂ 分布与 TeV γ 射线空间相关 → 又暗示强子起源。	4. **Fukui et al. 2012**：$H_{2}$ 分布与 TeV γ 射线空间相关 → 又暗示强子起源。	R1 参数下标/科学记数法
15	- **磁场放大**：如何放大 δB/B₀ ~ 10–100 倍？	- **磁场放大**：如何放大 δB/$B_{0}$ ~ 10–100 倍？	R1 参数下标/科学记数法
29	3. **磁场放大**：δB/B₀ ~ 10–100（X 射线窄边缘证据）；	3. **磁场放大**：δB/$B_{0}$ ~ 10–100（X 射线窄边缘证据）；	R1 参数下标/科学记数法
30	4. **PeVatron 条件**：需 δB/B₀ ≫ 1（否则 E_max ~ GeV）；	4. **PeVatron 条件**：需 δB/$B_{0}$ ≫ 1（否则 E_max ~ GeV）；	R1 参数下标/科学记数法
52	7. **银河系/河外 CR 过渡**（~10¹⁷–10¹⁸ eV）观测结论矛盾。	7. **银河系/河外 CR 过渡**（~$10^{17}$–$10^{18}$ eV）观测结论矛盾。	R1 参数下标/科学记数法
58	3. **加速时间** τ_acc ∝ D/(u₁-u₂) → 需缩短 D；	3. **加速时间** τ_acc ∝ D/($u_{1}$-$u_{2}$) → 需缩短 D；	R1 参数下标/科学记数法
59	4. **PeVatron 必要条件**：δB/B₀ ≫ 1；	4. **PeVatron 必要条件**：δB/$B_{0}$ ≫ 1；	R1 参数下标/科学记数法
63	8. **MFA 强流 vs 弱流**：强流区共振 Alfvén 波增长被**限制在 δB ~ B₀**（过去被高估）；	8. **MFA 强流 vs 弱流**：强流区共振 Alfvén 波增长被**限制在 δB ~ $B_{0}$**（过去被高估）；	R1 参数下标/科学记数法
88	- 加速时间 τ_acc = 3/(u₁-u₂) · [D₁/u₁ + D₂/u₂]；	- 加速时间 τ_acc = 3/($u_{1}$-$u_{2}$) · [$D_{1}$/$u_{1}$ + $D_{2}$/$u_{2}$]；	R1 参数下标/科学记数法
11	**[FACT]** 宇宙线（CRs）泛指能量从 1 MeV 到约 10²¹ eV 的粒子，包括从质子到锕系的核、反质子、电子和正电子。能量密度在银河系内由 GeV 质子主导，与热气体、磁场、恒星辐射和 CMB 的能量密度相当。银河系 CR 的 Larmor 半径从最低能量时的 10⁵ km 到接近 10¹⁵ eV 时的 10⁻¹ pc，因此方向信息在传播中完全丢失，γ 射线和射电同步辐射观测对于研究银河系 CR 的大尺度分布和谱不可或缺。	**[FACT]** 宇宙线（CRs）泛指能量从 1 MeV 到约 $10^{21}$ eV 的粒子，包括从质子到锕系的核、反质子、电子和正电子。能量密度在银河系内由 GeV 质子主导，与热气体、磁场、恒星辐射和 CMB 的能量密度相当。银河系 CR 的 Larmor 半径从最低能量时的 $10^{5}$ km 到接近 $10^{15}$ eV 时的 $10^{-1}$ pc，因此方向信息在传播中完全丢失，γ 射线和射电同步辐射观测对于研究银河系 CR 的大尺度分布和谱不可或缺。	R1 参数下标/科学记数法
13	**[FACT]** 银河系 CR 被认为在年轻的超新星遗迹激波中加速至约 3×10¹⁵ eV 的"knee"能量处；高于该能量，粒子几乎肯定来自银河系之外（>10¹⁸ eV 时 Larmor 半径为 kpc 量级，且没有银河盘相关的方向调制）。从银河系到河外星系的过渡能量通常假定在 10¹⁵–17 eV 区间，谱在该区间从粒子流量指数 2.7 陡峭化为约 3.3，然后再次变平。	**[FACT]** 银河系 CR 被认为在年轻的超新星遗迹激波中加速至约 3×$10^{15}$ eV 的"knee"能量处；高于该能量，粒子几乎肯定来自银河系之外（>$10^{18}$ eV 时 Larmor 半径为 kpc 量级，且没有银河盘相关的方向调制）。从银河系到河外星系的过渡能量通常假定在 $10^{15}$–17 eV 区间，谱在该区间从粒子流量指数 2.7 陡峭化为约 3.3，然后再次变平。	R1 参数下标/科学记数法
48	- **[FACT]** Fermi Bubbles 直径约 50°，跨越数 kpc，功率 2×10³⁰ W 的 γ 射线辐射；与巨射电瓣重叠，磁场高达 1.5 nT，将 10⁴⁸ J 输送到 halo。	- **[FACT]** Fermi Bubbles 直径约 50°，跨越数 kpc，功率 2×$10^{30}$ W 的 γ 射线辐射；与巨射电瓣重叠，磁场高达 1.5 nT，将 $10^{48}$ J 输送到 halo。	R1 参数下标/科学记数法
57	- **[FACT]** CR 电离和加热致密星际气体，每次相互作用沉积约 **13 eV**，将最暗 ISM 的温度维持在约 **10 K**，电子分数约 **10⁻⁷**。	- **[FACT]** CR 电离和加热致密星际气体，每次相互作用沉积约 **13 eV**，将最暗 ISM 的温度维持在约 **10 K**，电子分数约 **$10^{-7}$**。	R1 参数下标/科学记数法
59	- **[FACT]** 银河系中心分子区（CMZ）的电离率 ζ_H₂^CR ≈ (2–7)×10⁻¹⁵ s⁻¹（约是银河系盘 10 倍）；Arp 220 中 >10⁻¹³ s⁻¹（比 CMZ 又高 10² 倍）。	- **[FACT]** 银河系中心分子区（CMZ）的电离率 ζ_$H_{2}$^CR ≈ (2–7)×$10^{-15}$ s⁻¹（约是银河系盘 10 倍）；Arp 220 中 >$10^{-13}$ s⁻¹（比 CMZ 又高 $10^{2}$ 倍）。	R1 参数下标/科学记数法
63	- **[FACT]** 这使得 γ 射线示踪所有"隐藏"气体（HI 自吸收、CO-dark H₂、暗中性介质 DNM）。	- **[FACT]** 这使得 γ 射线示踪所有"隐藏"气体（HI 自吸收、CO-dark $H_{2}$、暗中性介质 DNM）。	R1 参数下标/科学记数法
88	| CR 能量范围 | 1 MeV – 10²¹ eV | 综述聚焦 ≤1 TeV |	| CR 能量范围 | 1 MeV – $10^{21}$ eV | 综述聚焦 ≤1 TeV |	R1 参数下标/科学记数法
89	| 银河系 knee 能量 | ~3×10¹⁵ eV | 谱由 2.7 → 3.3 |	| 银河系 knee 能量 | ~3×$10^{15}$ eV | 谱由 2.7 → 3.3 |	R1 参数下标/科学记数法
90	| Larmor 半径 | 10⁵ km → 10⁻¹ pc | 能量 1 MeV → 10¹⁵ eV |	| Larmor 半径 | $10^{5}$ km → $10^{-1}$ pc | 能量 1 MeV → $10^{15}$ eV |	R1 参数下标/科学记数法
94	| 电子分数 | x(e) ~ 10⁻⁷ | 深暗云 |	| 电子分数 | x(e) ~ $10^{-7}$ | 深暗云 |	R1 参数下标/科学记数法
95	| Fermi Bubbles γ 功率 | 2×10³⁰ W | |	| Fermi Bubbles γ 功率 | 2×$10^{30}$ W | |	R1 参数下标/科学记数法
96	| 巨射电瓣能量 | 10⁴⁸ J | |	| 巨射电瓣能量 | $10^{48}$ J | |	R1 参数下标/科学记数法
85	- 收缩前恒星核心中心离子化率可降至 <10⁻¹⁸ s⁻¹（Padovani 2013）。	- 收缩前恒星核心中心离子化率可降至 <$10^{-18}$ s⁻¹（Padovani 2013）。	R1 参数下标/科学记数法
15	**[FACT]** 一次/次级丰度比表明 **10 GeV/n CR 在其 ~10⁸ 年停留时间内**，大部分时间在银盘之外扩散，偶尔多次穿越薄银盘。总行程气体柱密度 **N_H ≈ 3×10²⁴ cm⁻²**，远超银盘积分 (0.1–1.4)×10²¹ cm⁻²（Kalberla & Dedes 2008; Pineda 2013）。	**[FACT]** 一次/次级丰度比表明 **10 GeV/n CR 在其 ~$10^{8}$ 年停留时间内**，大部分时间在银盘之外扩散，偶尔多次穿越薄银盘。总行程气体柱密度 **N_H ≈ 3×$10^{24}$ cm⁻²**，远超银盘积分 (0.1–1.4)×$10^{21}$ cm⁻²（Kalberla & Dedes 2008; Pineda 2013）。	R1 参数下标/科学记数法
29	**[FACT]** 图 4 的 emissivity 谱：在 γ 射线能带（探测 CR 能量 0.5–10³ GeV）振幅变化 <30%，无谱形变化；变化与 N_H 与 Fermi-LAT 曝光的不确定度相当（Ackermann 2012a）。	**[FACT]** 图 4 的 emissivity 谱：在 γ 射线能带（探测 CR 能量 0.5–$10^{3}$ GeV）振幅变化 <30%，无谱形变化；变化与 N_H 与 Fermi-LAT 曝光的不确定度相当（Ackermann 2012a）。	R1 参数下标/科学记数法
31	**[FACT]** 这种均匀性在云质量跨度 **10³ 到 8×10⁶ M⊙** 与恒星形成活动跨度（Cep-Pol 与 Cygnus 星暴）之间保持——非常显著。	**[FACT]** 这种均匀性在云质量跨度 **$10^{3}$ 到 8×$10^{6}$ M⊙** 与恒星形成活动跨度（Cep-Pol 与 Cygnus 星暴）之间保持——非常显著。	R1 参数下标/科学记数法
50	- **ζ_H^CR ≈ 1.4 × 10⁻¹⁷ s⁻¹**	- **ζ_H^CR ≈ 1.4 × $10^{-17}$ s⁻¹**	R1 参数下标/科学记数法
54	- **ζ_H^CR < 2.8 × 10⁻¹⁴ s⁻¹**（上限）	- **ζ_H^CR < 2.8 × $10^{-14}$ s⁻¹**（上限）	R1 参数下标/科学记数法
60	- 与 100–200 pc Sco-Oph 星的 ζ_H^CR 上限 (2–12)×10⁻¹⁷ s⁻¹ 一致。	- 与 100–200 pc Sco-Oph 星的 ζ_H^CR 上限 (2–12)×$10^{-17}$ s⁻¹ 一致。	R1 参数下标/科学记数法
81	- **暗中性介质（DNM）**：HI-bright 与 CO-bright 之间的界面，大量气体在射电巡天中遗失；超出太阳圈 DNM 丰富度 > CO-bright H₂（Planck Collab. 2011a; Pineda 2013）。	- **暗中性介质（DNM）**：HI-bright 与 CO-bright 之间的界面，大量气体在射电巡天中遗失；超出太阳圈 DNM 丰富度 > CO-bright $H_{2}$（Planck Collab. 2011a; Pineda 2013）。	R1 参数下标/科学记数法
114	- **[FACT]** 瓣将 **10⁴⁸ J** 输送到 halo，可能由中心 200 pc 多波长观测示意的银河系风驱动。	- **[FACT]** 瓣将 **$10^{48}$ J** 输送到 halo，可能由中心 200 pc 多波长观测示意的银河系风驱动。	R1 参数下标/科学记数法
115	- **[FACT]** Bubbles γ 射线辐射功率 **2×10³⁰ W**；粒子性质（强子/轻子）未知。	- **[FACT]** Bubbles γ 射线辐射功率 **2×$10^{30}$ W**；粒子性质（强子/轻子）未知。	R1 参数下标/科学记数法
138	**[FACT]** 总 CR 相关光度 ~10⁴¹ erg/s（依赖模型），与 SN 率、爆炸能量和几 % 加速效率一致。	**[FACT]** 总 CR 相关光度 ~$10^{41}$ erg/s（依赖模型），与 SN 率、爆炸能量和几 % 加速效率一致。	R1 参数下标/科学记数法
155	- **[FACT]** 强子（π 衰变）与轻子（逆 Compton, 同步辐射）相当；质子仅 10% 损失；总 CR 光度 ~10⁴¹ erg/s。	- **[FACT]** 强子（π 衰变）与轻子（逆 Compton, 同步辐射）相当；质子仅 10% 损失；总 CR 光度 ~$10^{41}$ erg/s。	R1 参数下标/科学记数法
160	| 10 GeV/n CR 银河系停留时间 | ~10⁸ 年 |	| 10 GeV/n CR 银河系停留时间 | ~$10^{8}$ 年 |	R1 参数下标/科学记数法
161	| 遍历气体柱密度 N_H | ~3×10²⁴ cm⁻² |	| 遍历气体柱密度 N_H | ~3×$10^{24}$ cm⁻² |	R1 参数下标/科学记数法
162	| 银盘积分 | (0.1–1.4)×10²¹ cm⁻² |	| 银盘积分 | (0.1–1.4)×$10^{21}$ cm⁻² |	R1 参数下标/科学记数法
163	| 云质量跨度 | 10³ – 8×10⁶ M⊙ |	| 云质量跨度 | $10^{3}$ – 8×$10^{6}$ M⊙ |	R1 参数下标/科学记数法
164	| 本地 ISM ζ_H^CR | 1.4×10⁻¹⁷ s⁻¹（Voyager 1） |	| 本地 ISM ζ_H^CR | 1.4×$10^{-17}$ s⁻¹（Voyager 1） |	R1 参数下标/科学记数法
166	| ζ_H^CR 上限 | 2.8×10⁻¹⁴ s⁻¹ |	| ζ_H^CR 上限 | 2.8×$10^{-14}$ s⁻¹ |	R1 参数下标/科学记数法
169	| 巨射电瓣能量 | 10⁴⁸ J |	| 巨射电瓣能量 | $10^{48}$ J |	R1 参数下标/科学记数法
171	| Bubbles γ 功率 | 2×10³⁰ W |	| Bubbles γ 功率 | 2×$10^{30}$ W |	R1 参数下标/科学记数法
173	| 银河系总 CR 光度 | ~10⁴¹ erg/s |	| 银河系总 CR 光度 | ~$10^{41}$ erg/s |	R1 参数下标/科学记数法
21	**[FACT]** 中性气体柱密度 N_H ~10¹⁸–10²¹ cm⁻² → 对最热最强热源的**电离辐射不透明**。	**[FACT]** 中性气体柱密度 N_H ~$10^{18}$–$10^{21}$ cm⁻² → 对最热最强热源的**电离辐射不透明**。	R1 参数下标/科学记数法
25	**[FACT]** 中性 ISM 的电离分数随屏蔽列深度下降：x(e) = n(e)/n_H ~10⁻⁴（C 仍电离）→ x(e) <10⁻⁷。	**[FACT]** 中性 ISM 的电离分数随屏蔽列深度下降：x(e) = n(e)/n_H ~$10^{-4}$（C 仍电离）→ x(e) <$10^{-7}$。	R1 参数下标/科学记数法
38	CR + H₂ →  H₂⁺ + e⁻ + CR	CR + $H_{2}$ →  $H_{2}$⁺ + e⁻ + CR	R1 参数下标/科学记数法
44	**[FACT]** 电子级联：35 eV → 平均热能 ~kT ~ 8.6(T/100 K) meV。从 100 K 气体原子视角，35 eV 电子超热 **>10³ 倍**。	**[FACT]** 电子级联：35 eV → 平均热能 ~kT ~ 8.6(T/100 K) meV。从 100 K 气体原子视角，35 eV 电子超热 **>$10^{3}$ 倍**。	R1 参数下标/科学记数法
50	**[FACT]** CR 在中性气体中的加热率：~10⁻²⁷ (ζ_H^CR / 10⁻¹⁶) erg s⁻¹ 每 H。	**[FACT]** CR 在中性气体中的加热率：~$10^{-27}$ (ζ_H^CR / $10^{-16}$) erg s⁻¹ 每 H。	R1 参数下标/科学记数法
58	**[FACT]** H₂ 气体放电产生特征 UV 发射谱 λ <200 nm。CR 电离 H₂ 的次级电子可在分子云深处产生**内部 UV 源**（星光不穿透的区域）。	**[FACT]** $H_{2}$ 气体放电产生特征 UV 发射谱 λ <200 nm。CR 电离 $H_{2}$ 的次级电子可在分子云深处产生**内部 UV 源**（星光不穿透的区域）。	R1 参数下标/科学记数法
60	**[FACT]** 首次分析：Prasad & Tarafdar (1983)。之后建模 H₂ 电子碰撞激发 UV 谱 + 星际尘埃散射（Sternberg 1987; Gredel 1989; Cecchi-Pestellini 1992）。	**[FACT]** 首次分析：Prasad & Tarafdar (1983)。之后建模 $H_{2}$ 电子碰撞激发 UV 谱 + 星际尘埃散射（Sternberg 1987; Gredel 1989; Cecchi-Pestellini 1992）。	R1 参数下标/科学记数法
64	**[FACT]** H₂ 电子碰撞 UV 发射谱现已可在某些星周盘中直接识别（Ingleby 2009）。	**[FACT]** $H_{2}$ 电子碰撞 UV 发射谱现已可在某些星周盘中直接识别（Ingleby 2009）。	R1 参数下标/科学记数法
66	**[FACT]** 多数星际分子由**连续吸收过程**光解 → CR 诱导 UV 光解速率与 ζ_H₂^CR 线性相关，依赖尘埃散射/吸收的平均概率。	**[FACT]** 多数星际分子由**连续吸收过程**光解 → CR 诱导 UV 光解速率与 ζ_$H_{2}$^CR 线性相关，依赖尘埃散射/吸收的平均概率。	R1 参数下标/科学记数法
68	**[FACT]** 三个分子例外：**H₂、CO、N₂** — 仅在 >91.2 nm 窄线吸收光解 → CR 诱导光解速率对**线波长偶然巧合**极敏感。需要详细实验室数据与计算。	**[FACT]** 三个分子例外：**$H_{2}$、CO、$N_{2}$** — 仅在 >91.2 nm 窄线吸收光解 → CR 诱导光解速率对**线波长偶然巧合**极敏感。需要详细实验室数据与计算。	R1 参数下标/科学记数法
70	**[FACT]** 例如 ζ_H₂^CR = 10⁻¹⁶ s⁻¹ 时 N₂ 光解速率 ~10⁻¹⁵ s⁻¹，而 ¹⁴N¹⁵N 同位素不同（Heays 2014）。这是星际空间 N₂ 重同位素富集的过程之一。	**[FACT]** 例如 ζ_$H_{2}$^CR = $10^{-16}$ s⁻¹ 时 $N_{2}$ 光解速率 ~$10^{-15}$ s⁻¹，而 ¹⁴N¹⁵N 同位素不同（Heays 2014）。这是星际空间 $N_{2}$ 重同位素富集的过程之一。	R1 参数下标/科学记数法
74	**[FACT]** 尘埃颗粒 ~占总星际物质的 **1%**。星际尘埃典型直径 ~0.1 μm，几何截面 ~10⁻²¹ cm² 每 H。	**[FACT]** 尘埃颗粒 ~占总星际物质的 **1%**。星际尘埃典型直径 ~0.1 μm，几何截面 ~$10^{-21}$ cm² 每 H。	R1 参数下标/科学记数法
76	**[FACT]** 冷颗粒 T_dust <20 K → 挥发种（C、N、O、H₂O、NH₃、CO）冻结到表面 → 冰壳化学反应。	**[FACT]** 冷颗粒 T_dust <20 K → 挥发种（C、N、O、$H_{2}$O、$NH_{3}$、CO）冻结到表面 → 冰壳化学反应。	R1 参数下标/科学记数法
78	**[FACT]** ≥1 MeV 的 CR 质子在非晶碳中的射程 ≥ 2.8×10⁻³ g cm⁻² → **全部此类 CR 穿越典型尘埃颗粒而能量损失可忽略**。但单次 CR 事件沉积能量显著。	**[FACT]** ≥1 MeV 的 CR 质子在非晶碳中的射程 ≥ 2.8×$10^{-3}$ g cm⁻² → **全部此类 CR 穿越典型尘埃颗粒而能量损失可忽略**。但单次 CR 事件沉积能量显著。	R1 参数下标/科学记数法
118	展示 CR 电离 H、H₂ 触发的化学反应流图，说明 O 含离子与 H₃⁺ 丰度如何与电离率及 H₂ 分数、电子分数相关。	展示 CR 电离 H、$H_{2}$ 触发的化学反应流图，说明 O 含离子与 $H_{3}$⁺ 丰度如何与电离率及 $H_{2}$ 分数、电子分数相关。	R1 参数下标/科学记数法
122	CR + H₂ → H₂⁺ + e⁻ → (与 H₂) → H₃⁺	CR + $H_{2}$ → $H_{2}$⁺ + e⁻ → (与 $H_{2}$) → $H_{3}$⁺	R1 参数下标/科学记数法
124	CR + He → He⁺ → (与 H₂) → HeH⁺	CR + He → He⁺ → (与 $H_{2}$) → HeH⁺	R1 参数下标/科学记数法
128	H⁺/H₃⁺ + O → O⁺ → (与 H₂) → OH⁺ → (与 H₂) → H₂O⁺ → (与 H₂) → H3O⁺	H⁺/$H_{3}$⁺ + O → O⁺ → (与 $H_{2}$) → OH⁺ → (与 $H_{2}$) → $H_{2}$O⁺ → (与 $H_{2}$) → H3O⁺	R1 参数下标/科学记数法
129	→ 离解复合 e⁻ → OH, H₂O	→ 离解复合 e⁻ → OH, $H_{2}$O	R1 参数下标/科学记数法
133	- **[FACT]** 电荷从 CR 产生的 H⁺、H₃⁺ 轻易转移到 OH⁺、H₂O⁺、H₃O⁺。	- **[FACT]** 电荷从 CR 产生的 H⁺、$H_{3}$⁺ 轻易转移到 OH⁺、$H_{2}$O⁺、$H_{3}$O⁺。	R1 参数下标/科学记数法
134	- **[FACT]** O 离子序列进行到 H₃O⁺ 的效率主要由气体分子分数 f(H₂) 限制：	- **[FACT]** O 离子序列进行到 $H_{3}$O⁺ 的效率主要由气体分子分数 f($H_{2}$) 限制：	R1 参数下标/科学记数法
135	- f(H₂) <<1 → 有利于 OH⁺	- f($H_{2}$) <<1 → 有利于 OH⁺	R1 参数下标/科学记数法
136	- f(H₂) ~1 → OH⁺、H₂O⁺ 高效 → H₃O⁺	- f($H_{2}$) ~1 → OH⁺、$H_{2}$O⁺ 高效 → $H_{3}$O⁺	R1 参数下标/科学记数法
137	- **[FACT]** H₂O⁺/OH⁺ 比**对 f(H₂) 敏感** → 可作为分子分数探针。	- **[FACT]** $H_{2}$O⁺/OH⁺ 比**对 f($H_{2}$) 敏感** → 可作为分子分数探针。	R1 参数下标/科学记数法
138	- **[FACT]** 分子区中 OH、H₂O 中性分子丰度依赖自由电子丰度。	- **[FACT]** 分子区中 OH、$H_{2}$O 中性分子丰度依赖自由电子丰度。	R1 参数下标/科学记数法
141	- 弥漫/半透明气体（PDR，A_V ≤1 mag）：C 光致电离主导 → C⁺、CH₂⁺、CH₃⁺ → 与 CR 产物反应 → HCO⁺、CO 的主要源。	- 弥漫/半透明气体（PDR，A_V ≤1 mag）：C 光致电离主导 → C⁺、$CH_{2}$⁺、$CH_{3}$⁺ → 与 CR 产物反应 → HCO⁺、CO 的主要源。	R1 参数下标/科学记数法
142	- 稠密暗区（f(H₂)~1）：H₃⁺ + CO → HCO⁺ + H₂ 可能既是 HCO⁺ 主源又是 H₃⁺ 主沉。	- 稠密暗区（f($H_{2}$)~1）：$H_{3}$⁺ + CO → HCO⁺ + $H_{2}$ 可能既是 HCO⁺ 主源又是 $H_{3}$⁺ 主沉。	R1 参数下标/科学记数法
147	| 中性气体对电离辐射柱密度不透明阈值 | N_H ~10¹⁸–10²¹ cm⁻² |	| 中性气体对电离辐射柱密度不透明阈值 | N_H ~$10^{18}$–$10^{21}$ cm⁻² |	R1 参数下标/科学记数法
149	| PDR 典型 x(e) | ~10⁻⁴ |	| PDR 典型 x(e) | ~$10^{-4}$ |	R1 参数下标/科学记数法
150	| 暗云 x(e) | <10⁻⁷ |	| 暗云 x(e) | <$10^{-7}$ |	R1 参数下标/科学记数法
153	| 35 eV 超热比 | >10³ |	| 35 eV 超热比 | >$10^{3}$ |	R1 参数下标/科学记数法
156	| CR 加热率 | ~10⁻²⁷ (ζ_H^CR/10⁻¹⁶) erg s⁻¹ 每 H |	| CR 加热率 | ~$10^{-27}$ (ζ_H^CR/$10^{-16}$) erg s⁻¹ 每 H |	R1 参数下标/科学记数法
158	| ≥1 MeV p 在非晶碳中射程 | ≥2.8×10⁻³ g cm⁻² |	| ≥1 MeV p 在非晶碳中射程 | ≥2.8×$10^{-3}$ g cm⁻² |	R1 参数下标/科学记数法
164	- **[CRITIQUE]** CR 诱导 UV 对线吸收过程（H₂, CO, N₂）的**巧合共振敏感性**使得光化学速率估计不确定性大。	- **[CRITIQUE]** CR 诱导 UV 对线吸收过程（$H_{2}$, CO, $N_{2}$）的**巧合共振敏感性**使得光化学速率估计不确定性大。	R1 参数下标/科学记数法
24	- 加速到非热相的热物质比例：**~10⁻³**。	- 加速到非热相的热物质比例：**~$10^{-3}$**。	R1 参数下标/科学记数法
43	**[FACT]** 在 W51C（Ceccarelli 2011）与 W28（Vaupré 2014）的 γ 射线 SNR 附近分子气体中，电离率提高**高达 10² 倍**（基于 HCO⁺、DCO⁺ 毫米波谱）。	**[FACT]** 在 W51C（Ceccarelli 2011）与 W28（Vaupré 2014）的 γ 射线 SNR 附近分子气体中，电离率提高**高达 $10^{2}$ 倍**（基于 HCO⁺、DCO⁺ 毫米波谱）。	R1 参数下标/科学记数法
49	**[FACT]** H₃⁺ 是更直接超热电离示踪：Indriolo 2010 沿穿过 IC 443 附近的六条视线测得 ζ_H₂^CR ≈ **2×10⁻¹⁵ s⁻¹**（两情况）。	**[FACT]** $H_{3}$⁺ 是更直接超热电离示踪：Indriolo 2010 沿穿过 IC 443 附近的六条视线测得 ζ_$H_{2}$^CR ≈ **2×$10^{-15}$ s⁻¹**（两情况）。	R1 参数下标/科学记数法
51	**[FACT]** H₂⁺ 可能在极端情况（积分 ζ_H₂^CR × n(H₂) dℓ = η ≥ 10⁹ s⁻¹ cm⁻²）在 IR/射电波长可探测（Becker 2011）。η ~10⁹ s⁻¹ cm⁻² 时 H₃⁺ 远 IR 变形诱导转动跃迁也可能探测（Pan & Oka 1986; Black 1998）。	**[FACT]** $H_{2}$⁺ 可能在极端情况（积分 ζ_$H_{2}$^CR × n($H_{2}$) dℓ = η ≥ $10^{9}$ s⁻¹ cm⁻²）在 IR/射电波长可探测（Becker 2011）。η ~$10^{9}$ s⁻¹ cm⁻² 时 $H_{3}$⁺ 远 IR 变形诱导转动跃迁也可能探测（Pan & Oka 1986; Black 1998）。	R1 参数下标/科学记数法
55	**[FACT]** 低能 CR（<100 MeV/n）电离 H、H₂、He，在不受星光电离屏蔽的中性星际气体中启动**主动的离子-中性化学**，即使在近绝对零度温度。	**[FACT]** 低能 CR（<100 MeV/n）电离 H、$H_{2}$、He，在不受星光电离屏蔽的中性星际气体中启动**主动的离子-中性化学**，即使在近绝对零度温度。	R1 参数下标/科学记数法
57	**[FACT]** 分子分数 f(H₂) = 2n(H₂)/[2n(H₂)+n(H)] ~1 的中性区：几乎每次形成 H₂⁺ 后紧接 H₂⁺ + H₂ → H₃⁺ + H。H₃⁺ 由高分辨 IR 吸收观测到；H₂⁺ 高度活性，尚未在空间观测到。	**[FACT]** 分子分数 f($H_{2}$) = 2n($H_{2}$)/[2n($H_{2}$)+n(H)] ~1 的中性区：几乎每次形成 $H_{2}$⁺ 后紧接 $H_{2}$⁺ + $H_{2}$ → $H_{3}$⁺ + H。$H_{3}$⁺ 由高分辨 IR 吸收观测到；$H_{2}$⁺ 高度活性，尚未在空间观测到。	R1 参数下标/科学记数法
64	**[FACT]** 图 8 反应流：CR → H⁺/H₃⁺ → O⁺ → OH⁺ → H₂O⁺ → H₃O⁺。	**[FACT]** 图 8 反应流：CR → H⁺/$H_{3}$⁺ → O⁺ → OH⁺ → $H_{2}$O⁺ → $H_{3}$O⁺。	R1 参数下标/科学记数法
65	- O 序列进行到 H₃O⁺ 的效率由 f(H₂) 限制。	- O 序列进行到 $H_{3}$O⁺ 的效率由 f($H_{2}$) 限制。	R1 参数下标/科学记数法
66	- **H₂O⁺/OH⁺ 比敏感于 f(H₂)**。	- **$H_{2}$O⁺/OH⁺ 比敏感于 f($H_{2}$)**。	R1 参数下标/科学记数法
68	**[FACT]** 弥漫/半透明气体（PDR，A_V ≤1）：C 光致电离主导 → C⁺、CH₂⁺、CH₃⁺ 与 CR 产物（OH、H₂O）反应 → **HCO⁺ 和 CO 的主要源**。	**[FACT]** 弥漫/半透明气体（PDR，A_V ≤1）：C 光致电离主导 → C⁺、$CH_{2}$⁺、$CH_{3}$⁺ 与 CR 产物（OH、$H_{2}$O）反应 → **HCO⁺ 和 CO 的主要源**。	R1 参数下标/科学记数法
70	**[FACT]** 稠密暗区（f(H₂)~1）：H₃⁺ + CO → HCO⁺ + H₂ 可能既是 HCO⁺ 主源又是 H₃⁺ 主沉。	**[FACT]** 稠密暗区（f($H_{2}$)~1）：$H_{3}$⁺ + CO → HCO⁺ + $H_{2}$ 可能既是 HCO⁺ 主源又是 $H_{3}$⁺ 主沉。	R1 参数下标/科学记数法
77	- C⁺、S⁺ 光致电离产物在 10¹¹–10¹³ cm 长度、1–10² 年时间尺度的小尺度区域中形成 CH⁺、SH⁺（高温化学）。	- C⁺、S⁺ 光致电离产物在 $10^{11}$–$10^{13}$ cm 长度、1–$10^{2}$ 年时间尺度的小尺度区域中形成 CH⁺、SH⁺（高温化学）。	R1 参数下标/科学记数法
84	- 形成：Ar⁺ + H₂ → ArH⁺ + H（CR 电离 Ar 后）。	- 形成：Ar⁺ + $H_{2}$ → ArH⁺ + H（CR 电离 Ar 后）。	R1 参数下标/科学记数法
85	- 快速被 H₂ 破坏 → ArH⁺ 示踪低分子分数 f(H₂) ~10⁻⁴–10⁻³。	- 快速被 $H_{2}$ 破坏 → ArH⁺ 示踪低分子分数 f($H_{2}$) ~$10^{-4}$–$10^{-3}$。	R1 参数下标/科学记数法
86	- ArH⁺、OH⁺、H₂O⁺、HF 柱密度一起 → f(H₂) 分布的良好诊断。	- ArH⁺、OH⁺、$H_{2}$O⁺、HF 柱密度一起 → f($H_{2}$) 分布的良好诊断。	R1 参数下标/科学记数法
90	## 6.4 §6.3 Observations of Molecular Ions: H₃⁺	## 6.4 §6.3 Observations of Molecular Ions: $H_{3}$⁺	R1 参数下标/科学记数法
92	**[FACT]** H₃⁺ 的核心作用（Herbst & Klemperer 1973）由其在稠密分子云中的发现确认（Geballe & Oka 1996）。	**[FACT]** $H_{3}$⁺ 的核心作用（Herbst & Klemperer 1973）由其在稠密分子云中的发现确认（Geballe & Oka 1996）。	R1 参数下标/科学记数法
94	**[FACT]** H₃⁺ 在**弥漫**分子气体（McCall 1998,2002,2003; Geballe 1999; Indriolo 2007; Indriolo & McCall 2012）和**稠密**云（McCall 1999; Kulesa 2002; Brittain 2004; Gibb 2010）中被识别 → CR 电离率可在**两种化学区**推断。	**[FACT]** $H_{3}$⁺ 在**弥漫**分子气体（McCall 1998,2002,2003; Geballe 1999; Indriolo 2007; Indriolo & McCall 2012）和**稠密**云（McCall 1999; Kulesa 2002; Brittain 2004; Gibb 2010）中被识别 → CR 电离率可在**两种化学区**推断。	R1 参数下标/科学记数法
97	- 弥漫气体 x(e) ≥10⁻⁴，光子主导：H₃⁺ 由 e⁻ 离解复合限制。	- 弥漫气体 x(e) ≥$10^{-4}$，光子主导：$H_{3}$⁺ 由 e⁻ 离解复合限制。	R1 参数下标/科学记数法
98	- 稠密云 UV 不透明：H₃⁺ 主要由 O、CO 等中性物质反应去除。	- 稠密云 UV 不透明：$H_{3}$⁺ 主要由 O、CO 等中性物质反应去除。	R1 参数下标/科学记数法
100	**[FACT]** Indriolo & McCall (2012) 汇总 21/50 弥漫视线 H₃⁺ 探测 →	**[FACT]** Indriolo & McCall (2012) 汇总 21/50 弥漫视线 $H_{3}$⁺ 探测 →	R1 参数下标/科学记数法
101	- ζ_H₂^CR 范围 (1.7±1.3)×10⁻¹⁶ < ζ_H₂^CR < (10.6±8.2)×10⁻¹⁶ s⁻¹	- ζ_$H_{2}$^CR 范围 (1.7±1.3)×$10^{-16}$ < ζ_$H_{2}$^CR < (10.6±8.2)×$10^{-16}$ s⁻¹	R1 参数下标/科学记数法
102	- 上界可低至 ζ_H₂^CR < 0.4×10⁻¹⁶ s⁻¹	- 上界可低至 ζ_$H_{2}$^CR < 0.4×$10^{-16}$ s⁻¹	R1 参数下标/科学记数法
103	- **平均值 ⟨ζ_H₂^CR⟩ = 3.5 (+5.3 / −3.0) × 10⁻¹⁶ s⁻¹**	- **平均值 ⟨ζ_$H_{2}$^CR⟩ = 3.5 (+5.3 / −3.0) × $10^{-16}$ s⁻¹**	R1 参数下标/科学记数法
106	**[FACT]** Indriolo (2012) 结合 IR H₃⁺ 与亚毫米 OH⁺、H₂O⁺（W51 弥漫云）→ f(H₂) 与 ζ_H₂^CR = (4.8±3.4)×10⁻¹⁶ s⁻¹。	**[FACT]** Indriolo (2012) 结合 IR $H_{3}$⁺ 与亚毫米 OH⁺、$H_{2}$O⁺（W51 弥漫云）→ f($H_{2}$) 与 ζ_$H_{2}$^CR = (4.8±3.4)×$10^{-16}$ s⁻¹。	R1 参数下标/科学记数法
108	**[FACT]** Crabtree (2011) 比较 H₂ 与 H₃⁺ 的 para/ortho 核自旋对称丰度 → H₃⁺ 的自旋温度低于中性 H₂ → 需要更好的 e⁻ 离解复合态特异性速率知识（Albertsson 2014）。	**[FACT]** Crabtree (2011) 比较 $H_{2}$ 与 $H_{3}$⁺ 的 para/ortho 核自旋对称丰度 → $H_{3}$⁺ 的自旋温度低于中性 $H_{2}$ → 需要更好的 e⁻ 离解复合态特异性速率知识（Albertsson 2014）。	R1 参数下标/科学记数法
112	**[FACT]** IR 波长处 H₃⁺ 吸收线星际消光足够小 → 可观测到中心背景星 → 200 pc 直径 CMZ 的 H₃⁺ 巡天（Goto 2002,2008,2011,2014; Oka 2005）。	**[FACT]** IR 波长处 $H_{3}$⁺ 吸收线星际消光足够小 → 可观测到中心背景星 → 200 pc 直径 CMZ 的 $H_{3}$⁺ 巡天（Goto 2002,2008,2011,2014; Oka 2005）。	R1 参数下标/科学记数法
116	- 径向速度与主导 GMC 不同 → 稀薄 n(H₂) ≤100 cm⁻³、温暖 T ~200 K 分子气体成分（Oka & Epp 2004），充满度大。	- 径向速度与主导 GMC 不同 → 稀薄 n($H_{2}$) ≤100 cm⁻³、温暖 T ~200 K 分子气体成分（Oka & Epp 2004），充满度大。	R1 参数下标/科学记数法
117	- **CMZ 电离率 ζ_H₂^CR ≈ (2–7)×10⁻¹⁵ s⁻¹**（Oka 2005; Goto 2013）——约是银河系盘的 **10 倍**。	- **CMZ 电离率 ζ_$H_{2}$^CR ≈ (2–7)×$10^{-15}$ s⁻¹**（Oka 2005; Goto 2013）——约是银河系盘的 **10 倍**。	R1 参数下标/科学记数法
119	**[FACT]** 中心星团 GCIRS 1W、GCIRS 3 视线显示 H₃⁺ 在多个 CMZ 动力学成分中（Goto 2014）。	**[FACT]** 中心星团 GCIRS 1W、GCIRS 3 视线显示 $H_{3}$⁺ 在多个 CMZ 动力学成分中（Goto 2014）。	R1 参数下标/科学记数法
120	- +20 到 +80 km/s 成分：T ≈ 300 ± 50 K、n(H₂) ≥10⁴ cm⁻³（远密于稀 CMZ 气体）。	- +20 到 +80 km/s 成分：T ≈ 300 ± 50 K、n($H_{2}$) ≥$10^{4}$ cm⁻³（远密于稀 CMZ 气体）。	R1 参数下标/科学记数法
121	- ζ_H₂^CR > 1.6×10⁻¹⁵ s⁻¹（Goto 2014）。	- ζ_$H_{2}$^CR > 1.6×$10^{-15}$ s⁻¹（Goto 2014）。	R1 参数下标/科学记数法
125	## 6.5 §6.4 Observations of Molecular Ions: OH⁺, H₂O⁺, H₃O⁺	## 6.5 §6.4 Observations of Molecular Ions: OH⁺, $H_{2}$O⁺, $H_{3}$O⁺	R1 参数下标/科学记数法
129	**[FACT]** OH⁺ 首个探测：Wyrowski 2010（APEX 望远镜），随后 HIFI（Herschel）H₂O⁺（Schilke 2010; Wyrowski 2010）。OH⁺ 现可通过地面光学光谱观测（Krełowski 2010; Porras 2014）。	**[FACT]** OH⁺ 首个探测：Wyrowski 2010（APEX 望远镜），随后 HIFI（Herschel）$H_{2}$O⁺（Schilke 2010; Wyrowski 2010）。OH⁺ 现可通过地面光学光谱观测（Krełowski 2010; Porras 2014）。	R1 参数下标/科学记数法
133	**[FACT]** Indriolo (2015) 汇总 Herschel OH⁺_n 吸收观测，20 条视线、多速度分量 → 弥漫气体低 f(H₂) 成分：	**[FACT]** Indriolo (2015) 汇总 Herschel OH⁺_n 吸收观测，20 条视线、多速度分量 → 弥漫气体低 f($H_{2}$) 成分：	R1 参数下标/科学记数法
134	- **f(H₂) = 0.042 ± 0.018**（高斯分布）。	- **f($H_{2}$) = 0.042 ± 0.018**（高斯分布）。	R1 参数下标/科学记数法
135	- CMZ 外此气体成分的 ζ_H^CR **对数正态分布**，均值 **ζ_H^CR = 1.8×10⁻¹⁶ s⁻¹**，标准差（log 空间）**0.29**。	- CMZ 外此气体成分的 ζ_H^CR **对数正态分布**，均值 **ζ_H^CR = 1.8×$10^{-16}$ s⁻¹**，标准差（log 空间）**0.29**。	R1 参数下标/科学记数法
136	- 银河系中心附近弥漫气体电离率高 ~10² 倍。	- 银河系中心附近弥漫气体电离率高 ~$10^{2}$ 倍。	R1 参数下标/科学记数法
137	- 因 ζ_H^CR ≈ 0.65 ζ_H₂^CR，与 §6.3 从 H₃⁺ 得的一致。	- 因 ζ_H^CR ≈ 0.65 ζ_$H_{2}$^CR，与 §6.3 从 $H_{3}$⁺ 得的一致。	R1 参数下标/科学记数法
139	**[FACT]** OH⁺、H₂O⁺、ArH⁺ 在低 f(H₂) 区的普遍存在 → 独立证据表明存在大量**不被 CO 分子发射线示踪的中性含分子气体成分**（呼应 §7.1 DNM）。	**[FACT]** OH⁺、$H_{2}$O⁺、ArH⁺ 在低 f($H_{2}$) 区的普遍存在 → 独立证据表明存在大量**不被 CO 分子发射线示踪的中性含分子气体成分**（呼应 §7.1 DNM）。	R1 参数下标/科学记数法
141	### H₃O⁺ 特别之处	### $H_{3}$O⁺ 特别之处	R1 参数下标/科学记数法
143	**[FACT]** H₃O⁺ 主要在高密度、高 f(H₂) 区域（不同于 OH⁺/H₂O⁺），但仍然广泛分布。	**[FACT]** $H_{3}$O⁺ 主要在高密度、高 f($H_{2}$) 区域（不同于 OH⁺/$H_{2}$O⁺），但仍然广泛分布。	R1 参数下标/科学记数法
145	**[FACT]** Herschel H₃O⁺ 长视线吸收（Sgr B2、W31C）：高激发转动态（E_rot/k ~1000 K）→ 反直觉的"转动热"分子。	**[FACT]** Herschel $H_{3}$O⁺ 长视线吸收（Sgr B2、W31C）：高激发转动态（E_rot/k ~1000 K）→ 反直觉的"转动热"分子。	R1 参数下标/科学记数法
147	**[FACT]** 不需气体高温（≥400 K），因为放热形成过程 H₂O⁺ + H₂ → H₃O⁺ + H 将**化学反应能差**转化为 H₃O⁺ 内部（转动）能量（Lis 2014）。	**[FACT]** 不需气体高温（≥400 K），因为放热形成过程 $H_{2}$O⁺ + $H_{2}$ → $H_{3}$O⁺ + H 将**化学反应能差**转化为 $H_{3}$O⁺ 内部（转动）能量（Lis 2014）。	R1 参数下标/科学记数法
149	**[FACT]** 观测直接约束 H₃O⁺ 化学源率 → 与 OH⁺、H₂O⁺、H₃⁺ 在银河系盘与 CMZ 推断的电离率一致。	**[FACT]** 观测直接约束 $H_{3}$O⁺ 化学源率 → 与 OH⁺、$H_{2}$O⁺、$H_{3}$⁺ 在银河系盘与 CMZ 推断的电离率一致。	R1 参数下标/科学记数法
155	| 加速到非热相的热物质比例 | ~10⁻³ |	| 加速到非热相的热物质比例 | ~$10^{-3}$ |	R1 参数下标/科学记数法
157	| W51C/W28 附近电离率增强 | 达 10² 倍 |	| W51C/W28 附近电离率增强 | 达 $10^{2}$ 倍 |	R1 参数下标/科学记数法
158	| IC 443 ζ_H₂^CR (H₃⁺) | ~2×10⁻¹⁵ s⁻¹ |	| IC 443 ζ_$H_{2}$^CR ($H_{3}$⁺) | ~2×$10^{-15}$ s⁻¹ |	R1 参数下标/科学记数法
159	| H₂⁺ 探测阈值 η | ≥10⁹ s⁻¹ cm⁻² |	| $H_{2}$⁺ 探测阈值 η | ≥$10^{9}$ s⁻¹ cm⁻² |	R1 参数下标/科学记数法
160	| 弥漫云 ⟨ζ_H₂^CR⟩ (H₃⁺) | 3.5 (+5.3 / −3.0) × 10⁻¹⁶ s⁻¹ |	| 弥漫云 ⟨ζ_$H_{2}$^CR⟩ ($H_{3}$⁺) | 3.5 (+5.3 / −3.0) × $10^{-16}$ s⁻¹ |	R1 参数下标/科学记数法
161	| CMZ ζ_H₂^CR | (2–7)×10⁻¹⁵ s⁻¹ |	| CMZ ζ_$H_{2}$^CR | (2–7)×$10^{-15}$ s⁻¹ |	R1 参数下标/科学记数法
162	| 中心星团 ζ_H₂^CR | >1.6×10⁻¹⁵ s⁻¹ |	| 中心星团 ζ_$H_{2}$^CR | >1.6×$10^{-15}$ s⁻¹ |	R1 参数下标/科学记数法
163	| 弥漫气体 f(H₂) 均值 | 0.042 ± 0.018 |	| 弥漫气体 f($H_{2}$) 均值 | 0.042 ± 0.018 |	R1 参数下标/科学记数法
164	| ζ_H^CR 均值（CMZ 外） | 1.8×10⁻¹⁶ s⁻¹ |	| ζ_H^CR 均值（CMZ 外） | 1.8×$10^{-16}$ s⁻¹ |	R1 参数下标/科学记数法
165	| ζ_H^CR ↔ ζ_H₂^CR 关系 | ζ_H ≈ 0.65 ζ_H₂ |	| ζ_H^CR ↔ ζ_$H_{2}$^CR 关系 | ζ_H ≈ 0.65 ζ_$H_{2}$ |	R1 参数下标/科学记数法
166	| 银心弥漫气体电离增强 | ~10² 倍 |	| 银心弥漫气体电离增强 | ~$10^{2}$ 倍 |	R1 参数下标/科学记数法
167	| H₃O⁺ 高激发 E_rot/k | ~1000 K |	| $H_{3}$O⁺ 高激发 E_rot/k | ~1000 K |	R1 参数下标/科学记数法
13	**[FACT]** 与 CO 示踪的互补关系：**X_CO** = N(H₂)/W_CO (cm⁻² / (K km s⁻¹)) — Bolatto et al. (2013) 综述。跨星系随金属度与 UV 流梯度温和变化，中心数 kpc 外大体均匀。	**[FACT]** 与 CO 示踪的互补关系：**X_CO** = N($H_{2}$)/W_CO (cm⁻² / (K km s⁻¹)) — Bolatto et al. (2013) 综述。跨星系随金属度与 UV 流梯度温和变化，中心数 kpc 外大体均匀。	R1 参数下标/科学记数法
15	**[FACT]** HI-H₂ 界面富含致密不透明 HI 与 CO-faint / CO-dark H₂（van Dishoeck & Black 1988; Visser 2009; Wolfire 2010）。联合 CR 与尘埃示踪揭示**暗中性介质（DNM）**（Grenier 2005）——远超 HI 与 CO 巡天的气体质量。	**[FACT]** HI-$H_{2}$ 界面富含致密不透明 HI 与 CO-faint / CO-dark $H_{2}$（van Dishoeck & Black 1988; Visser 2009; Wolfire 2010）。联合 CR 与尘埃示踪揭示**暗中性介质（DNM）**（Grenier 2005）——远超 HI 与 CO 巡天的气体质量。	R1 参数下标/科学记数法
34	**[FACT]** 10⁴–10⁶ M⊙ 云样品中：	**[FACT]** $10^{4}$–$10^{6}$ M⊙ 云样品中：	R1 参数下标/科学记数法
43	**[FACT]** DNM 中尘埃 UV 屏蔽理论上解释 HI-H₂ 过渡与 CO 观测（Lee 2014；Langer 2014 图 17；Wolfire 2010）。	**[FACT]** DNM 中尘埃 UV 屏蔽理论上解释 HI-$H_{2}$ 过渡与 CO 观测（Lee 2014；Langer 2014 图 17；Wolfire 2010）。	R1 参数下标/科学记数法
49	- 模型预测 ~30% H₂ 质量应 CO-dark（Wolfire 2010; Levrier 2012）。	- 模型预测 ~30% $H_{2}$ 质量应 CO-dark（Wolfire 2010; Levrier 2012）。	R1 参数下标/科学记数法
50	- 图 10 中 CO-dark H₂ 分数（无论半分子或全分子假设）常**超过**理论预期。	- 图 10 中 CO-dark $H_{2}$ 分数（无论半分子或全分子假设）常**超过**理论预期。	R1 参数下标/科学记数法
52	**[FACT]** **结论**：DNM 到底是**主要是原子还是分子**尚无法定 → "neutral DNM" 名称合理（而非仅 "CO-dark H₂"）。	**[FACT]** **结论**：DNM 到底是**主要是原子还是分子**尚无法定 → "neutral DNM" 名称合理（而非仅 "CO-dark $H_{2}$"）。	R1 参数下标/科学记数法
62	**[FACT]** 图 10（CO-dark H₂ 质量分数分布）：	**[FACT]** 图 10（CO-dark $H_{2}$ 质量分数分布）：	R1 参数下标/科学记数法
63	- γ 射线在 Gould Belt 云（pc 尺度）平均 X_CO = **0.9 × 10²⁰ cm⁻² K⁻¹ km⁻¹ s**	- γ 射线在 Gould Belt 云（pc 尺度）平均 X_CO = **0.9 × $10^{20}$ cm⁻² K⁻¹ km⁻¹ s**	R1 参数下标/科学记数法
64	- 在 Local 与 Perseus Arms（kpc 尺度）平均 X_CO = **1.9 × 10²⁰ cm⁻² K⁻¹ km⁻¹ s**	- 在 Local 与 Perseus Arms（kpc 尺度）平均 X_CO = **1.9 × $10^{20}$ cm⁻² K⁻¹ km⁻¹ s**	R1 参数下标/科学记数法
126	### Figure 10 — CO-dark H₂ 质量分数	### Figure 10 — CO-dark $H_{2}$ 质量分数	R1 参数下标/科学记数法
128	- **[FACT]** 附近云的 CO-dark H₂ 质量分数（H₂ 中未被 CO 示踪的比例），按半分子（浅灰）/全分子（深灰）DNM 组成。	- **[FACT]** 附近云的 CO-dark $H_{2}$ 质量分数（$H_{2}$ 中未被 CO 示踪的比例），按半分子（浅灰）/全分子（深灰）DNM 组成。	R1 参数下标/科学记数法
151	| 半分子 DNM 假设下 CO-dark H₂ 分数 | 常 > 30% 理论 |	| 半分子 DNM 假设下 CO-dark $H_{2}$ 分数 | 常 > 30% 理论 |	R1 参数下标/科学记数法
152	| Gould Belt X_CO (pc 尺度) | 0.9 × 10²⁰ cm⁻² K⁻¹ km⁻¹ s |	| Gould Belt X_CO (pc 尺度) | 0.9 × $10^{20}$ cm⁻² K⁻¹ km⁻¹ s |	R1 参数下标/科学记数法
153	| Local/Perseus Arms X_CO (kpc 尺度) | 1.9 × 10²⁰ cm⁻² K⁻¹ km⁻¹ s |	| Local/Perseus Arms X_CO (kpc 尺度) | 1.9 × $10^{20}$ cm⁻² K⁻¹ km⁻¹ s |	R1 参数下标/科学记数法
45	- 总能量 >2 GeV/n：**仅 10⁴² J**（Ackermann 2011a）	- 总能量 >2 GeV/n：**仅 $10^{42}$ J**（Ackermann 2011a）	R1 参数下标/科学记数法
106	**[FACT]** CR 驱动离子化学产生的活性分子离子（OH⁺、H₂O⁺、H₃O⁺）在星暴与活动星系中观测（van der Werf 2010; Aalto 2011; Rangwala 2011; Kamenetzky 2012; Spinoglio 2012; González-Alfonso 2013; Pereira-Santaella 2013）。	**[FACT]** CR 驱动离子化学产生的活性分子离子（OH⁺、$H_{2}$O⁺、$H_{3}$O⁺）在星暴与活动星系中观测（van der Werf 2010; Aalto 2011; Rangwala 2011; Kamenetzky 2012; Spinoglio 2012; González-Alfonso 2013; Pereira-Santaella 2013）。	R1 参数下标/科学记数法
108	**[FACT]** 分子离子观测 → Arp 220 中 ζ_H₂^CR > **10⁻¹³ s⁻¹**（González-Alfonso 2013）——**比 CMZ 高 ~10² 倍**，并可示踪巨大星系风。	**[FACT]** 分子离子观测 → Arp 220 中 ζ_$H_{2}$^CR > **$10^{-13}$ s⁻¹**（González-Alfonso 2013）——**比 CMZ 高 ~$10^{2}$ 倍**，并可示踪巨大星系风。	R1 参数下标/科学记数法
146	| Cygnus X CR 能量 | 10⁴² J (>2 GeV/n) |	| Cygnus X CR 能量 | $10^{42}$ J (>2 GeV/n) |	R1 参数下标/科学记数法
156	| Arp 220 ζ_H₂^CR | >10⁻¹³ s⁻¹ |	| Arp 220 ζ_$H_{2}$^CR | >$10^{-13}$ s⁻¹ |	R1 参数下标/科学记数法
37	| Indriolo & McCall 2012 | H₃⁺ 弥漫云电离率 |	| Indriolo & McCall 2012 | $H_{3}$⁺ 弥漫云电离率 |	R1 参数下标/科学记数法
39	| Goto 2014 | CMZ H₃⁺ 多成分 |	| Goto 2014 | CMZ $H_{3}$⁺ 多成分 |	R1 参数下标/科学记数法
84	银河系 CR 总光度 ~10⁴¹ erg/s	银河系 CR 总光度 ~$10^{41}$ erg/s	R1 参数下标/科学记数法
90	│    ├─ ζ_H₂^CR ~10⁻¹⁶ s⁻¹（弥漫）→ 驱动离子化学	│    ├─ ζ_$H_{2}$^CR ~$10^{-16}$ s⁻¹（弥漫）→ 驱动离子化学	R1 参数下标/科学记数法
91	│    │    ├─ H₃⁺、OH⁺、H₂O⁺、H₃O⁺ → 分子离子示踪	│    │    ├─ $H_{3}$⁺、OH⁺、$H_{2}$O⁺、$H_{3}$O⁺ → 分子离子示踪	R1 参数下标/科学记数法
97	└─ 大尺度结构（Fermi Bubbles, 10⁴⁸ J 巨瓣）	└─ 大尺度结构（Fermi Bubbles, $10^{48}$ J 巨瓣）	R1 参数下标/科学记数法
106	| <100 MeV 核 | 电离 H/H₂ | 分子离子谱线（H₃⁺, OH⁺） |	| <100 MeV 核 | 电离 H/$H_{2}$ | 分子离子谱线（$H_{3}$⁺, OH⁺） |	R1 参数下标/科学记数法
13	| 因此 | 因此 | therefore / consequently | adv. | "**[FACT]** 宇宙线（CRs）泛指能量从 1 MeV 到约 10²¹ eV 的粒子，包括从质子到锕系的核、反质子、电子和正电子。能量密度在银河系内由 GeV 质子主导，与热气体、磁场、恒星辐射和 CMB 的能量密度相当。银河系 CR 的 Larmor 半径从最低能量时的 10⁵ km 到接近 10¹⁵ eV 时的 10⁻¹ pc，因此方向信息在传播中完全丢失，γ 射线和射电同步辐射观测对于研究银河系 CR 的大尺度分布和谱不可或" | 因果 |	| 因此 | 因此 | therefore / consequently | adv. | "**[FACT]** 宇宙线（CRs）泛指能量从 1 MeV 到约 $10^{21}$ eV 的粒子，包括从质子到锕系的核、反质子、电子和正电子。能量密度在银河系内由 GeV 质子主导，与热气体、磁场、恒星辐射和 CMB 的能量密度相当。银河系 CR 的 Larmor 半径从最低能量时的 $10^{5}$ km 到接近 $10^{15}$ eV 时的 $10^{-1}$ pc，因此方向信息在传播中完全丢失，γ 射线和射电同步辐射观测对于研究银河系 CR 的大尺度分布和谱不可或" | 因果 |	R1 参数下标/科学记数法
16	| 相反 | 相反 | conversely / in contrast | adv. | "**[FACT]** 但 DNM 分数随 A_V 演化**令人困惑**： - 沿 CO-bright 部分平均 A_V 上升 → 与 CO 光解层变薄的预期**相反**（Planck & Fermi Collab. 2015）。 - 模型预测 ~30% H₂ 质量应 CO-dark（Wolfire 2010; Levrier 2012）。 - 图 10 中 CO-dark H₂ 分数（无论半分子或全分子假设）常**超过**理论预期。" | 对比 |	| 相反 | 相反 | conversely / in contrast | adv. | "**[FACT]** 但 DNM 分数随 A_V 演化**令人困惑**： - 沿 CO-bright 部分平均 A_V 上升 → 与 CO 光解层变薄的预期**相反**（Planck & Fermi Collab. 2015）。 - 模型预测 ~30% $H_{2}$ 质量应 CO-dark（Wolfire 2010; Levrier 2012）。 - 图 10 中 CO-dark $H_{2}$ 分数（无论半分子或全分子假设）常**超过**理论预期。" | 对比 |	R1 参数下标/科学记数法
22	| 随后 | 随后 | subsequently | adv. | "**[FACT]** OH⁺ 首个探测：Wyrowski 2010（APEX 望远镜），随后 HIFI（Herschel）H₂O⁺（Schilke 2010; Wyrowski 2010）。OH⁺ 现可通过地面光学光谱观测（Krełowski 2010; Porras 2014）。" | 顺序 |	| 随后 | 随后 | subsequently | adv. | "**[FACT]** OH⁺ 首个探测：Wyrowski 2010（APEX 望远镜），随后 HIFI（Herschel）$H_{2}$O⁺（Schilke 2010; Wyrowski 2010）。OH⁺ 现可通过地面光学光谱观测（Krełowski 2010; Porras 2014）。" | 顺序 |	R1 参数下标/科学记数法
98	2. CR 谱在膝盖 ~3×10¹⁵ eV 处从 2.7 → 3.3 陡峭。	2. CR 谱在膝盖 ~3×$10^{15}$ eV 处从 2.7 → 3.3 陡峭。	R1 参数下标/科学记数法
103	7. ζ_H^CR 本地 ~1.4×10⁻¹⁷ s⁻¹；CMZ ~2–7×10⁻¹⁵ s⁻¹；Arp 220 >10⁻¹³ s⁻¹。	7. ζ_H^CR 本地 ~1.4×$10^{-17}$ s⁻¹；CMZ ~2–7×$10^{-15}$ s⁻¹；Arp 220 >$10^{-13}$ s⁻¹。	R1 参数下标/科学记数法
104	8. H₃⁺ 是 CR 电离核心示踪；OH⁺/H₂O⁺ 示踪低 f(H₂) 气体。	8. $H_{3}$⁺ 是 CR 电离核心示踪；OH⁺/$H_{2}$O⁺ 示踪低 f($H_{2}$) 气体。	R1 参数下标/科学记数法
107	11. Fermi Bubbles 50°，2×10³⁰ W，10⁴⁸ J 巨射电瓣，外流 >900 km/s。	11. Fermi Bubbles 50°，2×$10^{30}$ W，$10^{48}$ J 巨射电瓣，外流 >900 km/s。	R1 参数下标/科学记数法
149	2. **Fermi Bubbles**：~50° 双对称 γ 射线气泡，2×10³⁰ W，与巨射电瓣（10⁴⁸ J、B ≤1.5 nT）重叠，速度 >900 km/s 的外流。	2. **Fermi Bubbles**：~50° 双对称 γ 射线气泡，2×$10^{30}$ W，与巨射电瓣（$10^{48}$ J、B ≤1.5 nT）重叠，速度 >900 km/s 的外流。	R1 参数下标/科学记数法
150	3. **本地 ISM 谱反推**：从 γ-ray qγ_H 得到 ζ_H^CR ≈ 1.4×10⁻¹⁷ s⁻¹，CR 能量密度 1.9 eV cm⁻³。	3. **本地 ISM 谱反推**：从 γ-ray qγ_H 得到 ζ_H^CR ≈ 1.4×$10^{-17}$ s⁻¹，CR 能量密度 1.9 eV cm⁻³。	R1 参数下标/科学记数法
152	5. **Cygnus X cocoon**：年轻 CR 困住于电离腔，谱 E^−2.4，能量 10⁴² J，扩散长度 100× 短于 ISM。	5. **Cygnus X cocoon**：年轻 CR 困住于电离腔，谱 E^−2.4，能量 $10^{42}$ J，扩散长度 100× 短于 ISM。	R1 参数下标/科学记数法
153	6. **DMN 与 CO-dark H₂**：DNM 质量达 CO-bright 40–190%，但 DNM 主要原子/分子仍不明。	6. **DMN 与 CO-dark $H_{2}$**：DNM 质量达 CO-bright 40–190%，但 DNM 主要原子/分子仍不明。	R1 参数下标/科学记数法
154	7. **星暴星系 CR 反馈**：Arp 220 ζ_H₂^CR >10⁻¹³ s⁻¹（比 CMZ 高 10² 倍），质子量热效率 <50%。	7. **星暴星系 CR 反馈**：Arp 220 ζ_$H_{2}$^CR >$10^{-13}$ s⁻¹（比 CMZ 高 $10^{2}$ 倍），质子量热效率 <50%。	R1 参数下标/科学记数法
163	- **分子离子（H₃⁺、OH⁺、H₂O⁺、H₃O⁺、ArH⁺）** 作为低能 CR 电离率的化学探针。	- **分子离子（$H_{3}$⁺、OH⁺、$H_{2}$O⁺、$H_{3}$O⁺、ArH⁺）** 作为低能 CR 电离率的化学探针。	R1 参数下标/科学记数法
16	4. CR 如何通过 γ 射线示踪所有"隐藏"气体（DNM、CO-dark H₂）？	4. CR 如何通过 γ 射线示踪所有"隐藏"气体（DNM、CO-dark $H_{2}$）？	R1 参数下标/科学记数法
25	- **分子离子（H₃⁺、OH⁺、H₂O⁺、H₃O⁺、ArH⁺）** 作为低能 CR 电离率的化学探针。	- **分子离子（$H_{3}$⁺、OH⁺、$H_{2}$O⁺、$H_{3}$O⁺、ArH⁺）** 作为低能 CR 电离率的化学探针。	R1 参数下标/科学记数法
33	2. **Fermi Bubbles**：~50° 双对称 γ 射线气泡，2×10³⁰ W，与巨射电瓣（10⁴⁸ J、B ≤1.5 nT）重叠，速度 >900 km/s 的外流。	2. **Fermi Bubbles**：~50° 双对称 γ 射线气泡，2×$10^{30}$ W，与巨射电瓣（$10^{48}$ J、B ≤1.5 nT）重叠，速度 >900 km/s 的外流。	R1 参数下标/科学记数法
34	3. **本地 ISM 谱反推**：从 γ-ray qγ_H 得到 ζ_H^CR ≈ 1.4×10⁻¹⁷ s⁻¹，CR 能量密度 1.9 eV cm⁻³。	3. **本地 ISM 谱反推**：从 γ-ray qγ_H 得到 ζ_H^CR ≈ 1.4×$10^{-17}$ s⁻¹，CR 能量密度 1.9 eV cm⁻³。	R1 参数下标/科学记数法
36	5. **Cygnus X cocoon**：年轻 CR 困住于电离腔，谱 E^−2.4，能量 10⁴² J，扩散长度 100× 短于 ISM。	5. **Cygnus X cocoon**：年轻 CR 困住于电离腔，谱 E^−2.4，能量 $10^{42}$ J，扩散长度 100× 短于 ISM。	R1 参数下标/科学记数法
37	6. **DMN 与 CO-dark H₂**：DNM 质量达 CO-bright 40–190%，但 DNM 主要原子/分子仍不明。	6. **DMN 与 CO-dark $H_{2}$**：DNM 质量达 CO-bright 40–190%，但 DNM 主要原子/分子仍不明。	R1 参数下标/科学记数法
38	7. **星暴星系 CR 反馈**：Arp 220 ζ_H₂^CR >10⁻¹³ s⁻¹（比 CMZ 高 10² 倍），质子量热效率 <50%。	7. **星暴星系 CR 反馈**：Arp 220 ζ_$H_{2}$^CR >$10^{-13}$ s⁻¹（比 CMZ 高 $10^{2}$ 倍），质子量热效率 <50%。	R1 参数下标/科学记数法
43	- 首次将 CR 化学示踪（H₃⁺、OH⁺ 等）与 γ 射线气体示踪、同步辐射磁场示踪并列讨论。	- 首次将 CR 化学示踪（$H_{3}$⁺、OH⁺ 等）与 γ 射线气体示踪、同步辐射磁场示踪并列讨论。	R1 参数下标/科学记数法
58	2. CR 谱在膝盖 ~3×10¹⁵ eV 处从 2.7 → 3.3 陡峭。	2. CR 谱在膝盖 ~3×$10^{15}$ eV 处从 2.7 → 3.3 陡峭。	R1 参数下标/科学记数法
63	7. ζ_H^CR 本地 ~1.4×10⁻¹⁷ s⁻¹；CMZ ~2–7×10⁻¹⁵ s⁻¹；Arp 220 >10⁻¹³ s⁻¹。	7. ζ_H^CR 本地 ~1.4×$10^{-17}$ s⁻¹；CMZ ~2–7×$10^{-15}$ s⁻¹；Arp 220 >$10^{-13}$ s⁻¹。	R1 参数下标/科学记数法
64	8. H₃⁺ 是 CR 电离核心示踪；OH⁺/H₂O⁺ 示踪低 f(H₂) 气体。	8. $H_{3}$⁺ 是 CR 电离核心示踪；OH⁺/$H_{2}$O⁺ 示踪低 f($H_{2}$) 气体。	R1 参数下标/科学记数法
67	11. Fermi Bubbles 50°，2×10³⁰ W，10⁴⁸ J 巨射电瓣，外流 >900 km/s。	11. Fermi Bubbles 50°，2×$10^{30}$ W，$10^{48}$ J 巨射电瓣，外流 >900 km/s。	R1 参数下标/科学记数法
68	12. Cygnus X cocoon：E^−2.4 CR，10⁴² J，扩散长度 100× 抑制。	12. Cygnus X cocoon：E^−2.4 CR，$10^{42}$ J，扩散长度 100× 抑制。	R1 参数下标/科学记数法
86	- **多化学离子协同示踪**（H₃⁺ + OH⁺_n）联合约束电离率与分子分数。	- **多化学离子协同示踪**（$H_{3}$⁺ + OH⁺_n）联合约束电离率与分子分数。	R1 参数下标/科学记数法
94	- **CR 与 H/H₂ 电离反应**：CR + H → H⁺ + e⁻ + CR；CR + H₂ → H₂⁺ + e⁻ + CR。	- **CR 与 H/$H_{2}$ 电离反应**：CR + H → H⁺ + e⁻ + CR；CR + $H_{2}$ → $H_{2}$⁺ + e⁻ + CR。	R1 参数下标/科学记数法
95	- **次级电子级联加热率**（中性气体）：~10⁻²⁷ (ζ_H^CR / 10⁻¹⁶) erg s⁻¹ 每 H。	- **次级电子级联加热率**（中性气体）：~$10^{-27}$ (ζ_H^CR / $10^{-16}$) erg s⁻¹ 每 H。	R1 参数下标/科学记数法
97	- **ζ_H 与 ζ_H₂ 关系**：ζ_H ≈ 0.65 ζ_H₂。	- **ζ_H 与 ζ_$H_{2}$ 关系**：ζ_H ≈ 0.65 ζ_$H_{2}$。	R1 参数下标/科学记数法
98	- **X_CO**：N(H₂) = X_CO × W_CO。	- **X_CO**：N($H_{2}$) = X_CO × W_CO。	R1 参数下标/科学记数法
108	- **强推荐**：Crocker 2011/2014（银河系 CR 风）；Ackermann 2014（Fermi Bubbles）；Planck & Fermi Collab. 2015（γ+dust 联合）；Murphy 2012（30 Doradus 扩散）；Ackermann 2011a（Cygnus X）；Indriolo & McCall 2012/2015（H₃⁺, OH⁺ 化学示踪）；Gaggero 2014（DRAGON 传播）；Hanasz 2012b / Wóltański 2013（CR 流体+MHD）；Parizot 2004（超泡集体效应）。	- **强推荐**：Crocker 2011/2014（银河系 CR 风）；Ackermann 2014（Fermi Bubbles）；Planck & Fermi Collab. 2015（γ+dust 联合）；Murphy 2012（30 Doradus 扩散）；Ackermann 2011a（Cygnus X）；Indriolo & McCall 2012/2015（$H_{3}$⁺, OH⁺ 化学示踪）；Gaggero 2014（DRAGON 传播）；Hanasz 2012b / Wóltański 2013（CR 流体+MHD）；Parizot 2004（超泡集体效应）。	R1 参数下标/科学记数法
94	→ 宇宙线能量密度已知 ~ 10⁻¹² erg/cm³（观测）	→ 宇宙线能量密度已知 ~ $10^{-12}$ erg/cm³（观测）	R1 参数下标/科学记数法
95	→ 若激波穿越时平均增益 ~ 10⁻¹，能量注入恰好满足需求（可行性）	→ 若激波穿越时平均增益 ~ $10^{-1}$，能量注入恰好满足需求（可行性）	R1 参数下标/科学记数法
114	→ 问题：能量够吗？→ 10⁵⁰ erg/SN 足够	→ 问题：能量够吗？→ $10^{50}$ erg/SN 足够	R1 参数下标/科学记数法
116	→ 问题：能加速到多高？→ ~10¹⁸ eV（SNR 尺度）	→ 问题：能加速到多高？→ ~$10^{18}$ eV（SNR 尺度）	R1 参数下标/科学记数法
93	- 数值估算有量级判断（10⁵⁰ erg、10¹⁸ eV）	- 数值估算有量级判断（$10^{50}$ erg、$10^{18}$ eV）	R1 参数下标/科学记数法
23	| §2.5 | **银河系宇宙线与超新星** | **GeV - 10¹⁵ eV** | **直接测量（关键）** |	| §2.5 | **银河系宇宙线与超新星** | **GeV - $10^{15}$ eV** | **直接测量（关键）** |	R1 参数下标/科学记数法
