文件	行号	形态	原片段	修复后
01_cosmic-ray-propagation/0001_strong-moskalenko-ptuskin-2007/literature_analysis/00_overview.md	49	supsub	¹	$^{1}$
01_cosmic-ray-propagation/0001_strong-moskalenko-ptuskin-2007/literature_analysis/00_overview.md	49	supsub	²	$^{2}$
01_cosmic-ray-propagation/0001_strong-moskalenko-ptuskin-2007/literature_analysis/00_overview.md	49	supsub	³	$^{3}$
01_cosmic-ray-propagation/0001_strong-moskalenko-ptuskin-2007/literature_analysis/00_overview.md	51	supsub	¹	$^{1}$
01_cosmic-ray-propagation/0001_strong-moskalenko-ptuskin-2007/literature_analysis/00_overview.md	51	supsub	²	$^{2}$
01_cosmic-ray-propagation/0001_strong-moskalenko-ptuskin-2007/literature_analysis/00_overview.md	51	supsub	³	$^{3}$
01_cosmic-ray-propagation/0001_strong-moskalenko-ptuskin-2007/literature_analysis/01_theoretical_background.md	86	supsub	⁻²	$^{-2}$
01_cosmic-ray-propagation/0001_strong-moskalenko-ptuskin-2007/literature_analysis/01_theoretical_background.md	227	supsub	⁻¹	$^{-1}$
01_cosmic-ray-propagation/0001_strong-moskalenko-ptuskin-2007/literature_analysis/01_theoretical_background.md	227	supsub	⁻¹	$^{-1}$
01_cosmic-ray-propagation/0001_strong-moskalenko-ptuskin-2007/literature_analysis/01_theoretical_background.md	229	supsub	⁻¹	$^{-1}$
01_cosmic-ray-propagation/0001_strong-moskalenko-ptuskin-2007/literature_analysis/01_theoretical_background.md	229	supsub	⁻¹	$^{-1}$
01_cosmic-ray-propagation/0001_strong-moskalenko-ptuskin-2007/literature_analysis/01_theoretical_background.md	238	supsub	⁻¹	$^{-1}$
01_cosmic-ray-propagation/0001_strong-moskalenko-ptuskin-2007/literature_analysis/01_theoretical_background.md	266	supsub	⁻¹	$^{-1}$
01_cosmic-ray-propagation/0001_strong-moskalenko-ptuskin-2007/literature_analysis/01_theoretical_background.md	326	supsub	⁻³	$^{-3}$
01_cosmic-ray-propagation/0001_strong-moskalenko-ptuskin-2007/literature_analysis/01_theoretical_background.md	372	supsub	⁻²	$^{-2}$
01_cosmic-ray-propagation/0001_strong-moskalenko-ptuskin-2007/literature_analysis/01_theoretical_background.md	392	supsub	⁻²	$^{-2}$
01_cosmic-ray-propagation/0001_strong-moskalenko-ptuskin-2007/literature_analysis/01_theoretical_background.md	465	supsub	⁽	$^{(}$
01_cosmic-ray-propagation/0001_strong-moskalenko-ptuskin-2007/literature_analysis/01_theoretical_background.md	465	supsub	⁾	$^{)}$
01_cosmic-ray-propagation/0001_strong-moskalenko-ptuskin-2007/literature_analysis/02_confrontation_with_data.md	41	supsub	⁻²	$^{-2}$
01_cosmic-ray-propagation/0001_strong-moskalenko-ptuskin-2007/literature_analysis/02_confrontation_with_data.md	132	supsub	²	$^{2}$
01_cosmic-ray-propagation/0001_strong-moskalenko-ptuskin-2007/literature_analysis/02_confrontation_with_data.md	136	supsub	⁻³	$^{-3}$
01_cosmic-ray-propagation/0001_strong-moskalenko-ptuskin-2007/literature_analysis/02_confrontation_with_data.md	137	supsub	⁻³	$^{-3}$
01_cosmic-ray-propagation/0001_strong-moskalenko-ptuskin-2007/literature_analysis/02_confrontation_with_data.md	153	supsub	⁻³	$^{-3}$
01_cosmic-ray-propagation/0001_strong-moskalenko-ptuskin-2007/literature_analysis/02_confrontation_with_data.md	193	supsub	⁴⁶	$^{46}$
01_cosmic-ray-propagation/0001_strong-moskalenko-ptuskin-2007/literature_analysis/02_confrontation_with_data.md	193	supsub	⁴⁷	$^{47}$
01_cosmic-ray-propagation/0001_strong-moskalenko-ptuskin-2007/literature_analysis/03_figures.md	20	supsub	⁻²	$^{-2}$
01_cosmic-ray-propagation/0001_strong-moskalenko-ptuskin-2007/literature_analysis/03_figures.md	20	supsub	⁻¹	$^{-1}$
01_cosmic-ray-propagation/0001_strong-moskalenko-ptuskin-2007/literature_analysis/03_figures.md	20	supsub	⁻¹	$^{-1}$
01_cosmic-ray-propagation/0001_strong-moskalenko-ptuskin-2007/literature_analysis/03_figures.md	20	supsub	¹·⁵	$^{1.5}$
01_cosmic-ray-propagation/0001_strong-moskalenko-ptuskin-2007/literature_analysis/03_figures.md	123	supsub	⁺	$^{+}$
01_cosmic-ray-propagation/0001_strong-moskalenko-ptuskin-2007/literature_analysis/03_figures.md	123	supsub	⁺	$^{+}$
01_cosmic-ray-propagation/0001_strong-moskalenko-ptuskin-2007/literature_analysis/03_figures.md	123	supsub	⁻	$^{-}$
01_cosmic-ray-propagation/0001_strong-moskalenko-ptuskin-2007/literature_analysis/03_figures.md	199	supsub	²	$^{2}$
01_cosmic-ray-propagation/0001_strong-moskalenko-ptuskin-2007/literature_analysis/03_figures.md	306	supsub	⁻²	$^{-2}$
01_cosmic-ray-propagation/0001_strong-moskalenko-ptuskin-2007/literature_analysis/03_figures.md	306	supsub	⁻¹	$^{-1}$
01_cosmic-ray-propagation/0001_strong-moskalenko-ptuskin-2007/literature_analysis/03_figures.md	306	supsub	⁻¹	$^{-1}$
01_cosmic-ray-propagation/0001_strong-moskalenko-ptuskin-2007/literature_analysis/98_vocabulary.md	68	supsub	²	$^{2}$
01_cosmic-ray-propagation/0001_strong-moskalenko-ptuskin-2007/literature_analysis/98_vocabulary.md	80	supsub	⁻²	$^{-2}$
01_cosmic-ray-propagation/0001_strong-moskalenko-ptuskin-2007/literature_analysis/98_vocabulary.md	84	supsub	⁻²	$^{-2}$
01_cosmic-ray-propagation/0001_strong-moskalenko-ptuskin-2007/literature_analysis/98_vocabulary.md	111	supsub	⁻³	$^{-3}$
01_cosmic-ray-propagation/0001_strong-moskalenko-ptuskin-2007/literature_analysis/99_final_summary.md	45	supsub	²	$^{2}$
01_cosmic-ray-propagation/0001_strong-moskalenko-ptuskin-2007/literature_analysis/99_final_summary.md	49	supsub	⁻²	$^{-2}$
01_cosmic-ray-propagation/0001_strong-moskalenko-ptuskin-2007/literature_analysis/99_final_summary.md	51	supsub	⁻	$^{-}$
01_cosmic-ray-propagation/0001_strong-moskalenko-ptuskin-2007/literature_analysis/99_final_summary.md	59	supsub	²	$^{2}$
01_cosmic-ray-propagation/0001_strong-moskalenko-ptuskin-2007/literature_analysis/99_final_summary.md	101	supsub	²	$^{2}$
01_cosmic-ray-propagation/0002_amato-blasi-2018/literature_analysis/01_introduction.md	34	supsub	⁺	$^{+}$
01_cosmic-ray-propagation/0002_amato-blasi-2018/literature_analysis/01_introduction.md	34	supsub	⁻	$^{-}$
01_cosmic-ray-propagation/0002_amato-blasi-2018/literature_analysis/01_introduction.md	87	supsub	²	$^{2}$
01_cosmic-ray-propagation/0002_amato-blasi-2018/literature_analysis/01_introduction.md	94	supsub	⁻³	$^{-3}$
01_cosmic-ray-propagation/0002_amato-blasi-2018/literature_analysis/01_introduction.md	96	supsub	²	$^{2}$
01_cosmic-ray-propagation/0002_amato-blasi-2018/literature_analysis/02_standard_predictions.md	31	supsub	²	$^{2}$
01_cosmic-ray-propagation/0002_amato-blasi-2018/literature_analysis/02_standard_predictions.md	103	supsub	²	$^{2}$
01_cosmic-ray-propagation/0002_amato-blasi-2018/literature_analysis/04_self_generated_transport.md	112	supsub	⁻³	$^{-3}$
01_cosmic-ray-propagation/0002_amato-blasi-2018/literature_analysis/04_self_generated_transport.md	126	supsub	²	$^{2}$
01_cosmic-ray-propagation/0002_amato-blasi-2018/literature_analysis/04_self_generated_transport.md	139	supsub	²	$^{2}$
01_cosmic-ray-propagation/0002_amato-blasi-2018/literature_analysis/04_self_generated_transport.md	147	supsub	²	$^{2}$
01_cosmic-ray-propagation/0002_amato-blasi-2018/literature_analysis/05_near_source_confinement.md	15	supsub	²	$^{2}$
01_cosmic-ray-propagation/0002_amato-blasi-2018/literature_analysis/05_near_source_confinement.md	34	supsub	⁻³	$^{-3}$
01_cosmic-ray-propagation/0002_amato-blasi-2018/literature_analysis/05_near_source_confinement.md	34	supsub	²	$^{2}$
01_cosmic-ray-propagation/0002_amato-blasi-2018/literature_analysis/05_near_source_confinement.md	35	supsub	⁻³	$^{-3}$
01_cosmic-ray-propagation/0002_amato-blasi-2018/literature_analysis/05_near_source_confinement.md	35	supsub	⁻³	$^{-3}$
01_cosmic-ray-propagation/0002_amato-blasi-2018/literature_analysis/05_near_source_confinement.md	35	supsub	²	$^{2}$
01_cosmic-ray-propagation/0002_amato-blasi-2018/literature_analysis/05_near_source_confinement.md	36	supsub	⁻³	$^{-3}$
01_cosmic-ray-propagation/0002_amato-blasi-2018/literature_analysis/05_near_source_confinement.md	36	supsub	⁻³	$^{-3}$
01_cosmic-ray-propagation/0002_amato-blasi-2018/literature_analysis/05_near_source_confinement.md	36	supsub	²	$^{2}$
01_cosmic-ray-propagation/0002_amato-blasi-2018/literature_analysis/05_near_source_confinement.md	37	supsub	⁻³	$^{-3}$
01_cosmic-ray-propagation/0002_amato-blasi-2018/literature_analysis/05_near_source_confinement.md	59	supsub	²	$^{2}$
01_cosmic-ray-propagation/0002_amato-blasi-2018/literature_analysis/05_near_source_confinement.md	71	supsub	⁻³	$^{-3}$
01_cosmic-ray-propagation/0002_amato-blasi-2018/literature_analysis/05_near_source_confinement.md	81	supsub	²	$^{2}$
01_cosmic-ray-propagation/0002_amato-blasi-2018/literature_analysis/05_near_source_confinement.md	83	supsub	⁻³	$^{-3}$
01_cosmic-ray-propagation/0002_amato-blasi-2018/literature_analysis/05_near_source_confinement.md	90	supsub	²	$^{2}$
01_cosmic-ray-propagation/0002_amato-blasi-2018/literature_analysis/05_near_source_confinement.md	91	supsub	⁻³	$^{-3}$
01_cosmic-ray-propagation/0002_amato-blasi-2018/literature_analysis/05_near_source_confinement.md	110	supsub	²	$^{2}$
01_cosmic-ray-propagation/0002_amato-blasi-2018/literature_analysis/07_secondary_particles_anomalies.md	33	supsub	³	$^{3}$
01_cosmic-ray-propagation/0002_amato-blasi-2018/literature_analysis/08_summary.md	21	supsub	²	$^{2}$
01_cosmic-ray-propagation/0002_amato-blasi-2018/literature_analysis/97_quality_check.md	62	supsub	²	$^{2}$
01_cosmic-ray-propagation/0002_amato-blasi-2018/literature_analysis/97_quality_check.md	67	supsub	²	$^{2}$
01_cosmic-ray-propagation/0002_amato-blasi-2018/literature_analysis/97_quality_check.md	68	supsub	⁻³	$^{-3}$
01_cosmic-ray-propagation/0002_amato-blasi-2018/literature_analysis/99_final_summary.md	26	supsub	²	$^{2}$
01_cosmic-ray-propagation/0002_amato-blasi-2018/literature_analysis/99_final_summary.md	48	supsub	²	$^{2}$
01_cosmic-ray-propagation/0002_amato-blasi-2018/literature_analysis/99_final_summary.md	73	supsub	³	$^{3}$
01_cosmic-ray-propagation/0002_amato-blasi-2018/literature_analysis/99_final_summary.md	75	supsub	²	$^{2}$
01_cosmic-ray-propagation/0002_amato-blasi-2018/literature_analysis/99_final_summary.md	76	supsub	²	$^{2}$
01_cosmic-ray-propagation/0002_amato-blasi-2018/literature_analysis/99_final_summary.md	83	supsub	⁻³	$^{-3}$
01_cosmic-ray-propagation/0004_mewaldt-2001-clocks/literature_analysis/02_acceleration_delay_clocks.md	30	supsub	⁵	$^{5}$
01_cosmic-ray-propagation/0004_mewaldt-2001-clocks/literature_analysis/97_quality_check.md	23	supsub	²	$^{2}$
01_cosmic-ray-propagation/0004_mewaldt-2001-clocks/literature_analysis/98_vocabulary.md	46	supsub	²	$^{2}$
01_cosmic-ray-propagation/0005_genolini-2021/literature_analysis/02_generalities.md	51	supsub	²	$^{2}$
01_cosmic-ray-propagation/0005_genolini-2021/literature_analysis/02_generalities.md	74	supsub	³	$^{3}$
01_cosmic-ray-propagation/0005_genolini-2021/literature_analysis/02_generalities.md	147	supsub	²	$^{2}$
01_cosmic-ray-propagation/0005_genolini-2021/literature_analysis/02_generalities.md	154	supsub	³	$^{3}$
01_cosmic-ray-propagation/0005_genolini-2021/literature_analysis/02_generalities.md	163	supsub	²	$^{2}$
01_cosmic-ray-propagation/0005_genolini-2021/literature_analysis/02_generalities.md	164	supsub	⁺	$^{+}$
01_cosmic-ray-propagation/0005_genolini-2021/literature_analysis/02_generalities.md	164	supsub	²	$^{2}$
01_cosmic-ray-propagation/0005_genolini-2021/literature_analysis/03_statistical_method.md	42	supsub	²	$^{2}$
01_cosmic-ray-propagation/0005_genolini-2021/literature_analysis/04_new_min_med_max.md	75	supsub	⁻²	$^{-2}$
01_cosmic-ray-propagation/0005_genolini-2021/literature_analysis/04_new_min_med_max.md	75	supsub	⁻¹	$^{-1}$
01_cosmic-ray-propagation/0005_genolini-2021/literature_analysis/04_new_min_med_max.md	75	supsub	⁻¹	$^{-1}$
01_cosmic-ray-propagation/0005_genolini-2021/literature_analysis/04_new_min_med_max.md	75	supsub	⁻¹	$^{-1}$
01_cosmic-ray-propagation/0005_genolini-2021/literature_analysis/04_new_min_med_max.md	76	supsub	⁻²	$^{-2}$
01_cosmic-ray-propagation/0005_genolini-2021/literature_analysis/04_new_min_med_max.md	76	supsub	⁻¹	$^{-1}$
01_cosmic-ray-propagation/0005_genolini-2021/literature_analysis/04_new_min_med_max.md	76	supsub	⁻¹	$^{-1}$
01_cosmic-ray-propagation/0005_genolini-2021/literature_analysis/04_new_min_med_max.md	76	supsub	⁻¹	$^{-1}$
01_cosmic-ray-propagation/0005_genolini-2021/literature_analysis/97_quality_check.md	49	supsub	²	$^{2}$
01_cosmic-ray-propagation/0005_genolini-2021/literature_analysis/99_final_summary.md	75	supsub	²	$^{2}$
01_cosmic-ray-propagation/0006_ruszkowski-pfrommer-2023/literature_analysis/03_astrophysical_systems.md	251	supsub	²	$^{2}$
01_cosmic-ray-propagation/0006_ruszkowski-pfrommer-2023/literature_analysis/03_astrophysical_systems.md	252	supsub	²	$^{2}$
01_cosmic-ray-propagation/0006_ruszkowski-pfrommer-2023/literature_analysis/04_observational_signatures.md	92	supsub	₃⁺	$_{3}^{+}$
01_cosmic-ray-propagation/0006_ruszkowski-pfrommer-2023/literature_analysis/04_observational_signatures.md	301	supsub	₀	$_{0}$
01_cosmic-ray-propagation/0006_ruszkowski-pfrommer-2023/literature_analysis/04_observational_signatures.md	301	supsub	₀	$_{0}$
01_cosmic-ray-propagation/0006_ruszkowski-pfrommer-2023/literature_analysis/05_open_questions_and_future_directions.md	180	supsub	₂	$_{2}$
01_cosmic-ray-propagation/0006_ruszkowski-pfrommer-2023/literature_analysis/05_open_questions_and_future_directions.md	308	supsub	₂	$_{2}$
01_cosmic-ray-propagation/0006_ruszkowski-pfrommer-2023/literature_analysis/05_open_questions_and_future_directions.md	309	supsub	₂	$_{2}$
01_cosmic-ray-propagation/0006_ruszkowski-pfrommer-2023/literature_analysis/05_open_questions_and_future_directions.md	348	supsub	₂	$_{2}$
01_cosmic-ray-propagation/0006_ruszkowski-pfrommer-2023/literature_analysis/98_vocabulary.md	57	supsub-greek	π⁰	$\pi^{0}$
02_cosmic-ray-origins/0001_bhattacharjee-sigl-2000/literature_analysis/00_overview.md	173	supsub	⁺	$^{+}$
02_cosmic-ray-origins/0001_bhattacharjee-sigl-2000/literature_analysis/00_overview.md	173	supsub	⁻	$^{-}$
02_cosmic-ray-origins/0001_bhattacharjee-sigl-2000/literature_analysis/02_observed_cosmic_rays.md	24	supsub	⁻²·⁷	$^{-2.7}$
02_cosmic-ray-origins/0001_bhattacharjee-sigl-2000/literature_analysis/02_observed_cosmic_rays.md	37	supsub	²	$^{2}$
02_cosmic-ray-origins/0001_bhattacharjee-sigl-2000/literature_analysis/02_observed_cosmic_rays.md	60	supsub	²	$^{2}$
02_cosmic-ray-origins/0001_bhattacharjee-sigl-2000/literature_analysis/02_observed_cosmic_rays.md	75	supsub	⁻²·⁷	$^{-2.7}$
02_cosmic-ray-origins/0001_bhattacharjee-sigl-2000/literature_analysis/02_observed_cosmic_rays.md	166	supsub	²	$^{2}$
02_cosmic-ray-origins/0001_bhattacharjee-sigl-2000/literature_analysis/02_observed_cosmic_rays.md	168	supsub	²	$^{2}$
02_cosmic-ray-origins/0001_bhattacharjee-sigl-2000/literature_analysis/02_observed_cosmic_rays.md	177	supsub	²	$^{2}$
02_cosmic-ray-origins/0001_bhattacharjee-sigl-2000/literature_analysis/02_observed_cosmic_rays.md	183	supsub	²	$^{2}$
02_cosmic-ray-origins/0001_bhattacharjee-sigl-2000/literature_analysis/02_observed_cosmic_rays.md	187	supsub	²	$^{2}$
02_cosmic-ray-origins/0001_bhattacharjee-sigl-2000/literature_analysis/02_observed_cosmic_rays.md	207	supsub	²	$^{2}$
02_cosmic-ray-origins/0001_bhattacharjee-sigl-2000/literature_analysis/02_observed_cosmic_rays.md	208	supsub	²	$^{2}$
02_cosmic-ray-origins/0001_bhattacharjee-sigl-2000/literature_analysis/03_bulk_origin_general.md	30	supsub	⁻²	$^{-2}$
02_cosmic-ray-origins/0001_bhattacharjee-sigl-2000/literature_analysis/03_bulk_origin_general.md	38	supsub	⁻¹	$^{-1}$
02_cosmic-ray-origins/0001_bhattacharjee-sigl-2000/literature_analysis/03_bulk_origin_general.md	45	supsub	⁻³	$^{-3}$
02_cosmic-ray-origins/0001_bhattacharjee-sigl-2000/literature_analysis/03_bulk_origin_general.md	47	supsub	⁻¹	$^{-1}$
02_cosmic-ray-origins/0001_bhattacharjee-sigl-2000/literature_analysis/03_bulk_origin_general.md	55	supsub	²	$^{2}$
02_cosmic-ray-origins/0001_bhattacharjee-sigl-2000/literature_analysis/03_bulk_origin_general.md	55	supsub	²	$^{2}$
02_cosmic-ray-origins/0001_bhattacharjee-sigl-2000/literature_analysis/03_bulk_origin_general.md	94	supsub	²	$^{2}$
02_cosmic-ray-origins/0001_bhattacharjee-sigl-2000/literature_analysis/03_bulk_origin_general.md	121	supsub	⁻¹	$^{-1}$
02_cosmic-ray-origins/0001_bhattacharjee-sigl-2000/literature_analysis/03_bulk_origin_general.md	126	supsub	⁻¹	$^{-1}$
02_cosmic-ray-origins/0001_bhattacharjee-sigl-2000/literature_analysis/03_bulk_origin_general.md	127	supsub	²	$^{2}$
02_cosmic-ray-origins/0001_bhattacharjee-sigl-2000/literature_analysis/03_figures.md	19	supsub	²	$^{2}$
02_cosmic-ray-origins/0001_bhattacharjee-sigl-2000/literature_analysis/03_figures.md	20	supsub	⁻²·⁷	$^{-2.7}$
02_cosmic-ray-origins/0001_bhattacharjee-sigl-2000/literature_analysis/03_figures.md	25	supsub	⁻²·⁷	$^{-2.7}$
02_cosmic-ray-origins/0001_bhattacharjee-sigl-2000/literature_analysis/03_figures.md	25	supsub	⁻³·⁰	$^{-3.0}$
02_cosmic-ray-origins/0001_bhattacharjee-sigl-2000/literature_analysis/03_figures.md	25	supsub	⁻²·⁷	$^{-2.7}$
02_cosmic-ray-origins/0001_bhattacharjee-sigl-2000/literature_analysis/03_figures.md	110	supsub	⁺	$^{+}$
02_cosmic-ray-origins/0001_bhattacharjee-sigl-2000/literature_analysis/03_figures.md	110	supsub	⁻	$^{-}$
02_cosmic-ray-origins/0001_bhattacharjee-sigl-2000/literature_analysis/03_figures.md	110	supsub	⁺	$^{+}$
02_cosmic-ray-origins/0001_bhattacharjee-sigl-2000/literature_analysis/03_figures.md	110	supsub	⁻	$^{-}$
02_cosmic-ray-origins/0001_bhattacharjee-sigl-2000/literature_analysis/03_figures.md	132	supsub	²	$^{2}$
02_cosmic-ray-origins/0001_bhattacharjee-sigl-2000/literature_analysis/03_figures.md	133	supsub	⁰	$^{0}$
02_cosmic-ray-origins/0001_bhattacharjee-sigl-2000/literature_analysis/03_figures.md	133	supsub	⁺	$^{+}$
02_cosmic-ray-origins/0001_bhattacharjee-sigl-2000/literature_analysis/03_figures.md	136	supsub	⁰	$^{0}$
02_cosmic-ray-origins/0001_bhattacharjee-sigl-2000/literature_analysis/03_figures.md	136	supsub	²	$^{2}$
02_cosmic-ray-origins/0001_bhattacharjee-sigl-2000/literature_analysis/03_figures.md	136	supsub	⁺	$^{+}$
02_cosmic-ray-origins/0001_bhattacharjee-sigl-2000/literature_analysis/03_figures.md	136	supsub	⁰·⁴	$^{0.4}$
02_cosmic-ray-origins/0001_bhattacharjee-sigl-2000/literature_analysis/03_figures.md	139	supsub	⁰	$^{0}$
02_cosmic-ray-origins/0001_bhattacharjee-sigl-2000/literature_analysis/03_figures.md	139	supsub	⁰	$^{0}$
02_cosmic-ray-origins/0001_bhattacharjee-sigl-2000/literature_analysis/03_figures.md	174	supsub	⁻²	$^{-2}$
02_cosmic-ray-origins/0001_bhattacharjee-sigl-2000/literature_analysis/03_figures.md	189	supsub	⁻²	$^{-2}$
02_cosmic-ray-origins/0001_bhattacharjee-sigl-2000/literature_analysis/03_figures.md	189	supsub	⁻¹	$^{-1}$
02_cosmic-ray-origins/0001_bhattacharjee-sigl-2000/literature_analysis/03_figures.md	189	supsub	⁻¹	$^{-1}$
02_cosmic-ray-origins/0001_bhattacharjee-sigl-2000/literature_analysis/03_figures.md	189	supsub	³	$^{3}$
02_cosmic-ray-origins/0001_bhattacharjee-sigl-2000/literature_analysis/03_figures.md	243	supsub	²	$^{2}$
02_cosmic-ray-origins/0001_bhattacharjee-sigl-2000/literature_analysis/03_figures.md	282	supsub	²	$^{2}$
02_cosmic-ray-origins/0001_bhattacharjee-sigl-2000/literature_analysis/04_propagation_gzk.md	16	supsub	⁻¹·⁵	$^{-1.5}$
02_cosmic-ray-origins/0001_bhattacharjee-sigl-2000/literature_analysis/04_propagation_gzk.md	24	supsub	⁻¹	$^{-1}$
02_cosmic-ray-origins/0001_bhattacharjee-sigl-2000/literature_analysis/04_propagation_gzk.md	24	supsub	₋₁⁺¹	$_{-1}^{+1}$
02_cosmic-ray-origins/0001_bhattacharjee-sigl-2000/literature_analysis/04_propagation_gzk.md	27	supsub	²	$^{2}$
02_cosmic-ray-origins/0001_bhattacharjee-sigl-2000/literature_analysis/04_propagation_gzk.md	28	supsub	²	$^{2}$
02_cosmic-ray-origins/0001_bhattacharjee-sigl-2000/literature_analysis/04_propagation_gzk.md	28	supsub	²	$^{2}$
02_cosmic-ray-origins/0001_bhattacharjee-sigl-2000/literature_analysis/04_propagation_gzk.md	33	supsub	²	$^{2}$
02_cosmic-ray-origins/0001_bhattacharjee-sigl-2000/literature_analysis/04_propagation_gzk.md	33	supsub	²	$^{2}$
02_cosmic-ray-origins/0001_bhattacharjee-sigl-2000/literature_analysis/04_propagation_gzk.md	57	supsub	₀	$_{0}$
02_cosmic-ray-origins/0001_bhattacharjee-sigl-2000/literature_analysis/04_propagation_gzk.md	57	supsub	⁻	$^{-}$
02_cosmic-ray-origins/0001_bhattacharjee-sigl-2000/literature_analysis/04_propagation_gzk.md	79	supsub	⁻¹	$^{-1}$
02_cosmic-ray-origins/0001_bhattacharjee-sigl-2000/literature_analysis/04_propagation_gzk.md	91	supsub	⁺	$^{+}$
02_cosmic-ray-origins/0001_bhattacharjee-sigl-2000/literature_analysis/04_propagation_gzk.md	91	supsub	⁻	$^{-}$
02_cosmic-ray-origins/0001_bhattacharjee-sigl-2000/literature_analysis/04_propagation_gzk.md	93	supsub	⁻¹	$^{-1}$
02_cosmic-ray-origins/0001_bhattacharjee-sigl-2000/literature_analysis/04_propagation_gzk.md	97	supsub	²	$^{2}$
02_cosmic-ray-origins/0001_bhattacharjee-sigl-2000/literature_analysis/04_propagation_gzk.md	101	supsub	⁻	$^{-}$
02_cosmic-ray-origins/0001_bhattacharjee-sigl-2000/literature_analysis/04_propagation_gzk.md	127	supsub	⁺	$^{+}$
02_cosmic-ray-origins/0001_bhattacharjee-sigl-2000/literature_analysis/04_propagation_gzk.md	127	supsub	⁻	$^{-}$
02_cosmic-ray-origins/0001_bhattacharjee-sigl-2000/literature_analysis/04_propagation_gzk.md	128	supsub	⁺	$^{+}$
02_cosmic-ray-origins/0001_bhattacharjee-sigl-2000/literature_analysis/04_propagation_gzk.md	132	supsub	²	$^{2}$
02_cosmic-ray-origins/0001_bhattacharjee-sigl-2000/literature_analysis/04_propagation_gzk.md	132	supsub	⁻¹	$^{-1}$
02_cosmic-ray-origins/0001_bhattacharjee-sigl-2000/literature_analysis/04_propagation_gzk.md	137	supsub	²	$^{2}$
02_cosmic-ray-origins/0001_bhattacharjee-sigl-2000/literature_analysis/04_propagation_gzk.md	137	supsub	²	$^{2}$
02_cosmic-ray-origins/0001_bhattacharjee-sigl-2000/literature_analysis/04_propagation_gzk.md	137	supsub	²	$^{2}$
02_cosmic-ray-origins/0001_bhattacharjee-sigl-2000/literature_analysis/04_propagation_gzk.md	142	supsub	⁺	$^{+}$
02_cosmic-ray-origins/0001_bhattacharjee-sigl-2000/literature_analysis/04_propagation_gzk.md	142	supsub	⁻	$^{-}$
02_cosmic-ray-origins/0001_bhattacharjee-sigl-2000/literature_analysis/04_propagation_gzk.md	145	supsub	⁻¹·⁵	$^{-1.5}$
02_cosmic-ray-origins/0001_bhattacharjee-sigl-2000/literature_analysis/04_propagation_gzk.md	157	supsub	⁺	$^{+}$
02_cosmic-ray-origins/0001_bhattacharjee-sigl-2000/literature_analysis/04_propagation_gzk.md	157	supsub	⁻	$^{-}$
02_cosmic-ray-origins/0001_bhattacharjee-sigl-2000/literature_analysis/04_propagation_gzk.md	163	supsub	⁺	$^{+}$
02_cosmic-ray-origins/0001_bhattacharjee-sigl-2000/literature_analysis/04_propagation_gzk.md	163	supsub	⁻	$^{-}$
02_cosmic-ray-origins/0001_bhattacharjee-sigl-2000/literature_analysis/04_propagation_gzk.md	163	supsub	⁺	$^{+}$
02_cosmic-ray-origins/0001_bhattacharjee-sigl-2000/literature_analysis/04_propagation_gzk.md	163	supsub	⁻	$^{-}$
02_cosmic-ray-origins/0001_bhattacharjee-sigl-2000/literature_analysis/04_propagation_gzk.md	165	supsub	²	$^{2}$
02_cosmic-ray-origins/0001_bhattacharjee-sigl-2000/literature_analysis/04_propagation_gzk.md	165	supsub	²	$^{2}$
02_cosmic-ray-origins/0001_bhattacharjee-sigl-2000/literature_analysis/04_propagation_gzk.md	169	supsub	⁺	$^{+}$
02_cosmic-ray-origins/0001_bhattacharjee-sigl-2000/literature_analysis/04_propagation_gzk.md	169	supsub	⁻	$^{-}$
02_cosmic-ray-origins/0001_bhattacharjee-sigl-2000/literature_analysis/04_propagation_gzk.md	171	supsub	²	$^{2}$
02_cosmic-ray-origins/0001_bhattacharjee-sigl-2000/literature_analysis/04_propagation_gzk.md	172	supsub	²	$^{2}$
02_cosmic-ray-origins/0001_bhattacharjee-sigl-2000/literature_analysis/04_propagation_gzk.md	172	supsub	²	$^{2}$
02_cosmic-ray-origins/0001_bhattacharjee-sigl-2000/literature_analysis/04_propagation_gzk.md	180	supsub	⁺	$^{+}$
02_cosmic-ray-origins/0001_bhattacharjee-sigl-2000/literature_analysis/04_propagation_gzk.md	180	supsub	⁻	$^{-}$
02_cosmic-ray-origins/0001_bhattacharjee-sigl-2000/literature_analysis/04_propagation_gzk.md	184	supsub	⁺	$^{+}$
02_cosmic-ray-origins/0001_bhattacharjee-sigl-2000/literature_analysis/04_propagation_gzk.md	184	supsub	⁻	$^{-}$
02_cosmic-ray-origins/0001_bhattacharjee-sigl-2000/literature_analysis/04_propagation_gzk.md	196	supsub	⁻¹	$^{-1}$
02_cosmic-ray-origins/0001_bhattacharjee-sigl-2000/literature_analysis/05_neutrinos_exotic_particles.md	14	supsub	⁰	$^{0}$
02_cosmic-ray-origins/0001_bhattacharjee-sigl-2000/literature_analysis/05_neutrinos_exotic_particles.md	17	supsub	⁰	$^{0}$
02_cosmic-ray-origins/0001_bhattacharjee-sigl-2000/literature_analysis/05_neutrinos_exotic_particles.md	26	supsub	²	$^{2}$
02_cosmic-ray-origins/0001_bhattacharjee-sigl-2000/literature_analysis/05_neutrinos_exotic_particles.md	33	supsub	⁰	$^{0}$
02_cosmic-ray-origins/0001_bhattacharjee-sigl-2000/literature_analysis/05_neutrinos_exotic_particles.md	34	supsub	⁰	$^{0}$
02_cosmic-ray-origins/0001_bhattacharjee-sigl-2000/literature_analysis/05_neutrinos_exotic_particles.md	36	supsub	⁰	$^{0}$
02_cosmic-ray-origins/0001_bhattacharjee-sigl-2000/literature_analysis/05_neutrinos_exotic_particles.md	38	supsub	²	$^{2}$
02_cosmic-ray-origins/0001_bhattacharjee-sigl-2000/literature_analysis/05_neutrinos_exotic_particles.md	38	supsub	²	$^{2}$
02_cosmic-ray-origins/0001_bhattacharjee-sigl-2000/literature_analysis/05_neutrinos_exotic_particles.md	38	supsub	²	$^{2}$
02_cosmic-ray-origins/0001_bhattacharjee-sigl-2000/literature_analysis/05_neutrinos_exotic_particles.md	38	supsub	²	$^{2}$
02_cosmic-ray-origins/0001_bhattacharjee-sigl-2000/literature_analysis/05_neutrinos_exotic_particles.md	38	supsub	²	$^{2}$
02_cosmic-ray-origins/0001_bhattacharjee-sigl-2000/literature_analysis/05_neutrinos_exotic_particles.md	38	supsub	²	$^{2}$
02_cosmic-ray-origins/0001_bhattacharjee-sigl-2000/literature_analysis/05_neutrinos_exotic_particles.md	38	supsub	²	$^{2}$
02_cosmic-ray-origins/0001_bhattacharjee-sigl-2000/literature_analysis/05_neutrinos_exotic_particles.md	38	supsub	²	$^{2}$
02_cosmic-ray-origins/0001_bhattacharjee-sigl-2000/literature_analysis/05_neutrinos_exotic_particles.md	38	supsub	²	$^{2}$
02_cosmic-ray-origins/0001_bhattacharjee-sigl-2000/literature_analysis/05_neutrinos_exotic_particles.md	45	supsub	²	$^{2}$
02_cosmic-ray-origins/0001_bhattacharjee-sigl-2000/literature_analysis/05_neutrinos_exotic_particles.md	51	supsub	²	$^{2}$
02_cosmic-ray-origins/0001_bhattacharjee-sigl-2000/literature_analysis/05_neutrinos_exotic_particles.md	57	supsub	⁺	$^{+}$
02_cosmic-ray-origins/0001_bhattacharjee-sigl-2000/literature_analysis/05_neutrinos_exotic_particles.md	60	supsub	²	$^{2}$
02_cosmic-ray-origins/0001_bhattacharjee-sigl-2000/literature_analysis/05_neutrinos_exotic_particles.md	60	supsub	⁵	$^{5}$
02_cosmic-ray-origins/0001_bhattacharjee-sigl-2000/literature_analysis/05_neutrinos_exotic_particles.md	60	supsub	²	$^{2}$
02_cosmic-ray-origins/0001_bhattacharjee-sigl-2000/literature_analysis/05_neutrinos_exotic_particles.md	60	supsub	²	$^{2}$
02_cosmic-ray-origins/0001_bhattacharjee-sigl-2000/literature_analysis/05_neutrinos_exotic_particles.md	62	supsub	⁵	$^{5}$
02_cosmic-ray-origins/0001_bhattacharjee-sigl-2000/literature_analysis/05_neutrinos_exotic_particles.md	62	supsub	²	$^{2}$
02_cosmic-ray-origins/0001_bhattacharjee-sigl-2000/literature_analysis/05_neutrinos_exotic_particles.md	67	supsub	²	$^{2}$
02_cosmic-ray-origins/0001_bhattacharjee-sigl-2000/literature_analysis/05_neutrinos_exotic_particles.md	67	supsub	⁰	$^{0}$
02_cosmic-ray-origins/0001_bhattacharjee-sigl-2000/literature_analysis/05_neutrinos_exotic_particles.md	68	supsub	⁰	$^{0}$
02_cosmic-ray-origins/0001_bhattacharjee-sigl-2000/literature_analysis/05_neutrinos_exotic_particles.md	72	supsub	⁰	$^{0}$
02_cosmic-ray-origins/0001_bhattacharjee-sigl-2000/literature_analysis/05_neutrinos_exotic_particles.md	74	supsub	⁻¹	$^{-1}$
02_cosmic-ray-origins/0001_bhattacharjee-sigl-2000/literature_analysis/05_neutrinos_exotic_particles.md	75	supsub	⁻¹	$^{-1}$
02_cosmic-ray-origins/0001_bhattacharjee-sigl-2000/literature_analysis/05_neutrinos_exotic_particles.md	84	supsub	²	$^{2}$
02_cosmic-ray-origins/0001_bhattacharjee-sigl-2000/literature_analysis/05_neutrinos_exotic_particles.md	84	supsub	²	$^{2}$
02_cosmic-ray-origins/0001_bhattacharjee-sigl-2000/literature_analysis/05_neutrinos_exotic_particles.md	86	supsub	²	$^{2}$
02_cosmic-ray-origins/0001_bhattacharjee-sigl-2000/literature_analysis/05_neutrinos_exotic_particles.md	86	supsub	²	$^{2}$
02_cosmic-ray-origins/0001_bhattacharjee-sigl-2000/literature_analysis/05_neutrinos_exotic_particles.md	86	supsub	²	$^{2}$
02_cosmic-ray-origins/0001_bhattacharjee-sigl-2000/literature_analysis/05_neutrinos_exotic_particles.md	86	supsub	⁻¹	$^{-1}$
02_cosmic-ray-origins/0001_bhattacharjee-sigl-2000/literature_analysis/05_neutrinos_exotic_particles.md	95	supsub	²	$^{2}$
02_cosmic-ray-origins/0001_bhattacharjee-sigl-2000/literature_analysis/05_neutrinos_exotic_particles.md	99	supsub	²	$^{2}$
02_cosmic-ray-origins/0001_bhattacharjee-sigl-2000/literature_analysis/05_neutrinos_exotic_particles.md	104	supsub	⁻	$^{-}$
02_cosmic-ray-origins/0001_bhattacharjee-sigl-2000/literature_analysis/05_neutrinos_exotic_particles.md	129	supsub	⁴	$^{4}$
02_cosmic-ray-origins/0001_bhattacharjee-sigl-2000/literature_analysis/05_neutrinos_exotic_particles.md	129	supsub	⁻⁴	$^{-4}$
02_cosmic-ray-origins/0001_bhattacharjee-sigl-2000/literature_analysis/05_neutrinos_exotic_particles.md	129	supsub	²	$^{2}$
02_cosmic-ray-origins/0001_bhattacharjee-sigl-2000/literature_analysis/05_neutrinos_exotic_particles.md	131	supsub	²	$^{2}$
02_cosmic-ray-origins/0001_bhattacharjee-sigl-2000/literature_analysis/05_neutrinos_exotic_particles.md	144	supsub	⁻¹	$^{-1}$
02_cosmic-ray-origins/0001_bhattacharjee-sigl-2000/literature_analysis/05_neutrinos_exotic_particles.md	152	supsub	⁰	$^{0}$
02_cosmic-ray-origins/0001_bhattacharjee-sigl-2000/literature_analysis/05_neutrinos_exotic_particles.md	155	supsub	⁰	$^{0}$
02_cosmic-ray-origins/0001_bhattacharjee-sigl-2000/literature_analysis/05_neutrinos_exotic_particles.md	156	supsub	⁰	$^{0}$
02_cosmic-ray-origins/0001_bhattacharjee-sigl-2000/literature_analysis/05_neutrinos_exotic_particles.md	156	supsub	⁰	$^{0}$
02_cosmic-ray-origins/0001_bhattacharjee-sigl-2000/literature_analysis/05_neutrinos_exotic_particles.md	167	supsub	⁰	$^{0}$
02_cosmic-ray-origins/0001_bhattacharjee-sigl-2000/literature_analysis/05_neutrinos_exotic_particles.md	167	supsub	₈	$_{8}$
02_cosmic-ray-origins/0001_bhattacharjee-sigl-2000/literature_analysis/05_neutrinos_exotic_particles.md	169	supsub	⁰	$^{0}$
02_cosmic-ray-origins/0001_bhattacharjee-sigl-2000/literature_analysis/05_neutrinos_exotic_particles.md	178	supsub	⁰	$^{0}$
02_cosmic-ray-origins/0001_bhattacharjee-sigl-2000/literature_analysis/05_neutrinos_exotic_particles.md	186	supsub	²	$^{2}$
02_cosmic-ray-origins/0001_bhattacharjee-sigl-2000/literature_analysis/05_neutrinos_exotic_particles.md	187	supsub	²	$^{2}$
02_cosmic-ray-origins/0001_bhattacharjee-sigl-2000/literature_analysis/05_neutrinos_exotic_particles.md	188	supsub	²	$^{2}$
02_cosmic-ray-origins/0001_bhattacharjee-sigl-2000/literature_analysis/05_neutrinos_exotic_particles.md	190	supsub	²	$^{2}$
02_cosmic-ray-origins/0001_bhattacharjee-sigl-2000/literature_analysis/05_neutrinos_exotic_particles.md	190	supsub	²	$^{2}$
02_cosmic-ray-origins/0001_bhattacharjee-sigl-2000/literature_analysis/05_neutrinos_exotic_particles.md	191	supsub	⁻⁴	$^{-4}$
02_cosmic-ray-origins/0001_bhattacharjee-sigl-2000/literature_analysis/05_neutrinos_exotic_particles.md	191	supsub	²	$^{2}$
02_cosmic-ray-origins/0001_bhattacharjee-sigl-2000/literature_analysis/05_neutrinos_exotic_particles.md	193	supsub	⁰	$^{0}$
02_cosmic-ray-origins/0001_bhattacharjee-sigl-2000/literature_analysis/05_neutrinos_exotic_particles.md	194	supsub	⁰	$^{0}$
02_cosmic-ray-origins/0001_bhattacharjee-sigl-2000/literature_analysis/06_magnetic_fields_constraints.md	13	supsub	⁻¹	$^{-1}$
02_cosmic-ray-origins/0001_bhattacharjee-sigl-2000/literature_analysis/06_magnetic_fields_constraints.md	24	supsub	²	$^{2}$
02_cosmic-ray-origins/0001_bhattacharjee-sigl-2000/literature_analysis/06_magnetic_fields_constraints.md	24	supsub	²	$^{2}$
02_cosmic-ray-origins/0001_bhattacharjee-sigl-2000/literature_analysis/06_magnetic_fields_constraints.md	29	supsub	⁻¹	$^{-1}$
02_cosmic-ray-origins/0001_bhattacharjee-sigl-2000/literature_analysis/06_magnetic_fields_constraints.md	38	supsub	²	$^{2}$
02_cosmic-ray-origins/0001_bhattacharjee-sigl-2000/literature_analysis/06_magnetic_fields_constraints.md	53	supsub	⁻¹	$^{-1}$
02_cosmic-ray-origins/0001_bhattacharjee-sigl-2000/literature_analysis/06_magnetic_fields_constraints.md	61	supsub	⁻¹	$^{-1}$
02_cosmic-ray-origins/0001_bhattacharjee-sigl-2000/literature_analysis/06_magnetic_fields_constraints.md	73	supsub	²	$^{2}$
02_cosmic-ray-origins/0001_bhattacharjee-sigl-2000/literature_analysis/06_magnetic_fields_constraints.md	73	supsub	⁻²	$^{-2}$
02_cosmic-ray-origins/0001_bhattacharjee-sigl-2000/literature_analysis/06_magnetic_fields_constraints.md	73	supsub	²	$^{2}$
02_cosmic-ray-origins/0001_bhattacharjee-sigl-2000/literature_analysis/06_magnetic_fields_constraints.md	73	supsub	²	$^{2}$
02_cosmic-ray-origins/0001_bhattacharjee-sigl-2000/literature_analysis/06_magnetic_fields_constraints.md	76	supsub	⁻²	$^{-2}$
02_cosmic-ray-origins/0001_bhattacharjee-sigl-2000/literature_analysis/06_magnetic_fields_constraints.md	98	supsub	²	$^{2}$
02_cosmic-ray-origins/0001_bhattacharjee-sigl-2000/literature_analysis/06_magnetic_fields_constraints.md	100	supsub	²	$^{2}$
02_cosmic-ray-origins/0001_bhattacharjee-sigl-2000/literature_analysis/06_magnetic_fields_constraints.md	100	supsub	⁻¹	$^{-1}$
02_cosmic-ray-origins/0001_bhattacharjee-sigl-2000/literature_analysis/06_magnetic_fields_constraints.md	100	supsub	⁻	$^{-}$
02_cosmic-ray-origins/0001_bhattacharjee-sigl-2000/literature_analysis/06_magnetic_fields_constraints.md	170	supsub	⁻¹	$^{-1}$
02_cosmic-ray-origins/0001_bhattacharjee-sigl-2000/literature_analysis/06_magnetic_fields_constraints.md	171	supsub	²	$^{2}$
02_cosmic-ray-origins/0001_bhattacharjee-sigl-2000/literature_analysis/06_magnetic_fields_constraints.md	172	supsub	⁻¹	$^{-1}$
02_cosmic-ray-origins/0001_bhattacharjee-sigl-2000/literature_analysis/06_magnetic_fields_constraints.md	173	supsub	⁻¹	$^{-1}$
02_cosmic-ray-origins/0001_bhattacharjee-sigl-2000/literature_analysis/06_magnetic_fields_constraints.md	174	supsub	²	$^{2}$
02_cosmic-ray-origins/0001_bhattacharjee-sigl-2000/literature_analysis/06_magnetic_fields_constraints.md	174	supsub	⁻²	$^{-2}$
02_cosmic-ray-origins/0001_bhattacharjee-sigl-2000/literature_analysis/06_magnetic_fields_constraints.md	174	supsub	²	$^{2}$
02_cosmic-ray-origins/0001_bhattacharjee-sigl-2000/literature_analysis/06_magnetic_fields_constraints.md	174	supsub	²	$^{2}$
02_cosmic-ray-origins/0001_bhattacharjee-sigl-2000/literature_analysis/07_source_search_transport.md	18	supsub	₋₁⁺¹	$_{-1}^{+1}$
02_cosmic-ray-origins/0001_bhattacharjee-sigl-2000/literature_analysis/07_source_search_transport.md	20	supsub	₋₁⁺¹	$_{-1}^{+1}$
02_cosmic-ray-origins/0001_bhattacharjee-sigl-2000/literature_analysis/07_source_search_transport.md	63	supsub	²	$^{2}$
02_cosmic-ray-origins/0001_bhattacharjee-sigl-2000/literature_analysis/07_source_search_transport.md	63	supsub	ⁿ	$^{n}$
02_cosmic-ray-origins/0001_bhattacharjee-sigl-2000/literature_analysis/07_source_search_transport.md	82	supsub	⁻	$^{-}$
02_cosmic-ray-origins/0001_bhattacharjee-sigl-2000/literature_analysis/07_source_search_transport.md	82	supsub	⁻¹	$^{-1}$
02_cosmic-ray-origins/0001_bhattacharjee-sigl-2000/literature_analysis/07_source_search_transport.md	95	supsub	²	$^{2}$
02_cosmic-ray-origins/0001_bhattacharjee-sigl-2000/literature_analysis/07_source_search_transport.md	95	supsub	⁻²	$^{-2}$
02_cosmic-ray-origins/0001_bhattacharjee-sigl-2000/literature_analysis/07_source_search_transport.md	106	supsub	²	$^{2}$
02_cosmic-ray-origins/0001_bhattacharjee-sigl-2000/literature_analysis/07_source_search_transport.md	106	supsub	²	$^{2}$
02_cosmic-ray-origins/0001_bhattacharjee-sigl-2000/literature_analysis/07_source_search_transport.md	110	supsub	⁻¹	$^{-1}$
02_cosmic-ray-origins/0001_bhattacharjee-sigl-2000/literature_analysis/07_source_search_transport.md	111	supsub	⁻²	$^{-2}$
02_cosmic-ray-origins/0001_bhattacharjee-sigl-2000/literature_analysis/07_source_search_transport.md	137	supsub	²	$^{2}$
02_cosmic-ray-origins/0001_bhattacharjee-sigl-2000/literature_analysis/07_source_search_transport.md	137	supsub	²	$^{2}$
02_cosmic-ray-origins/0001_bhattacharjee-sigl-2000/literature_analysis/07_source_search_transport.md	137	supsub	²	$^{2}$
02_cosmic-ray-origins/0001_bhattacharjee-sigl-2000/literature_analysis/07_source_search_transport.md	137	supsub	³	$^{3}$
02_cosmic-ray-origins/0001_bhattacharjee-sigl-2000/literature_analysis/07_source_search_transport.md	139	supsub	²	$^{2}$
02_cosmic-ray-origins/0001_bhattacharjee-sigl-2000/literature_analysis/07_source_search_transport.md	143	supsub	²	$^{2}$
02_cosmic-ray-origins/0001_bhattacharjee-sigl-2000/literature_analysis/07_source_search_transport.md	143	supsub	²	$^{2}$
02_cosmic-ray-origins/0001_bhattacharjee-sigl-2000/literature_analysis/07_source_search_transport.md	147	supsub	²	$^{2}$
02_cosmic-ray-origins/0001_bhattacharjee-sigl-2000/literature_analysis/07_source_search_transport.md	147	supsub	²	$^{2}$
02_cosmic-ray-origins/0001_bhattacharjee-sigl-2000/literature_analysis/07_source_search_transport.md	152	supsub	⁻¹	$^{-1}$
02_cosmic-ray-origins/0001_bhattacharjee-sigl-2000/literature_analysis/07_source_search_transport.md	160	supsub	⁺	$^{+}$
02_cosmic-ray-origins/0001_bhattacharjee-sigl-2000/literature_analysis/07_source_search_transport.md	162	supsub	²	$^{2}$
02_cosmic-ray-origins/0001_bhattacharjee-sigl-2000/literature_analysis/07_source_search_transport.md	162	supsub	²	$^{2}$
02_cosmic-ray-origins/0001_bhattacharjee-sigl-2000/literature_analysis/07_source_search_transport.md	163	supsub	²	$^{2}$
02_cosmic-ray-origins/0001_bhattacharjee-sigl-2000/literature_analysis/07_source_search_transport.md	163	supsub	²	$^{2}$
02_cosmic-ray-origins/0001_bhattacharjee-sigl-2000/literature_analysis/07_source_search_transport.md	170	supsub	⁻²	$^{-2}$
02_cosmic-ray-origins/0001_bhattacharjee-sigl-2000/literature_analysis/07_source_search_transport.md	170	supsub	⁻¹	$^{-1}$
02_cosmic-ray-origins/0001_bhattacharjee-sigl-2000/literature_analysis/07_source_search_transport.md	170	supsub	⁻¹	$^{-1}$
02_cosmic-ray-origins/0001_bhattacharjee-sigl-2000/literature_analysis/07_source_search_transport.md	170	supsub	³	$^{3}$
02_cosmic-ray-origins/0001_bhattacharjee-sigl-2000/literature_analysis/08_acceleration_sources.md	27	supsub	₂	$_{2}$
02_cosmic-ray-origins/0001_bhattacharjee-sigl-2000/literature_analysis/08_acceleration_sources.md	74	supsub	⁻²	$^{-2}$
02_cosmic-ray-origins/0001_bhattacharjee-sigl-2000/literature_analysis/08_acceleration_sources.md	120	supsub	⁻²·³	$^{-2.3}$
02_cosmic-ray-origins/0001_bhattacharjee-sigl-2000/literature_analysis/08_acceleration_sources.md	120	skip	±⁰·⁵	⁰·⁵
02_cosmic-ray-origins/0001_bhattacharjee-sigl-2000/literature_analysis/08_acceleration_sources.md	126	supsub	⁻¹	$^{-1}$
02_cosmic-ray-origins/0001_bhattacharjee-sigl-2000/literature_analysis/08_acceleration_sources.md	126	supsub	⁻	$^{-}$
02_cosmic-ray-origins/0001_bhattacharjee-sigl-2000/literature_analysis/08_acceleration_sources.md	134	supsub	⁺	$^{+}$
02_cosmic-ray-origins/0001_bhattacharjee-sigl-2000/literature_analysis/08_acceleration_sources.md	134	supsub	⁻	$^{-}$
02_cosmic-ray-origins/0001_bhattacharjee-sigl-2000/literature_analysis/08_acceleration_sources.md	141	supsub	⁻¹	$^{-1}$
02_cosmic-ray-origins/0001_bhattacharjee-sigl-2000/literature_analysis/08_acceleration_sources.md	145	supsub	⁻²	$^{-2}$
02_cosmic-ray-origins/0001_bhattacharjee-sigl-2000/literature_analysis/08_acceleration_sources.md	145	supsub	⁻²	$^{-2}$
02_cosmic-ray-origins/0001_bhattacharjee-sigl-2000/literature_analysis/08_acceleration_sources.md	149	supsub	²	$^{2}$
02_cosmic-ray-origins/0001_bhattacharjee-sigl-2000/literature_analysis/08_acceleration_sources.md	149	supsub	⁻²	$^{-2}$
02_cosmic-ray-origins/0001_bhattacharjee-sigl-2000/literature_analysis/08_acceleration_sources.md	152	supsub	⁻²	$^{-2}$
02_cosmic-ray-origins/0001_bhattacharjee-sigl-2000/literature_analysis/08_acceleration_sources.md	152	supsub	³	$^{3}$
02_cosmic-ray-origins/0001_bhattacharjee-sigl-2000/literature_analysis/08_acceleration_sources.md	152	supsub	⁻	$^{-}$
02_cosmic-ray-origins/0001_bhattacharjee-sigl-2000/literature_analysis/08_acceleration_sources.md	156	supsub	³	$^{3}$
02_cosmic-ray-origins/0001_bhattacharjee-sigl-2000/literature_analysis/08_acceleration_sources.md	157	supsub	⁻²	$^{-2}$
02_cosmic-ray-origins/0001_bhattacharjee-sigl-2000/literature_analysis/08_acceleration_sources.md	175	supsub	⁻	$^{-}$
02_cosmic-ray-origins/0001_bhattacharjee-sigl-2000/literature_analysis/08_acceleration_sources.md	180	supsub	⁵	$^{5}$
02_cosmic-ray-origins/0001_bhattacharjee-sigl-2000/literature_analysis/08_acceleration_sources.md	180	supsub-decimal	0^{19}$·$^{5}$	0^{19.5}$
02_cosmic-ray-origins/0001_bhattacharjee-sigl-2000/literature_analysis/09_topdown_basic_fragmentation.md	16	supsub	⁻³	$^{-3}$
02_cosmic-ray-origins/0001_bhattacharjee-sigl-2000/literature_analysis/09_topdown_basic_fragmentation.md	16	supsub	⁻¹	$^{-1}$
02_cosmic-ray-origins/0001_bhattacharjee-sigl-2000/literature_analysis/09_topdown_basic_fragmentation.md	29	supsub	⁰	$^{0}$
02_cosmic-ray-origins/0001_bhattacharjee-sigl-2000/literature_analysis/09_topdown_basic_fragmentation.md	47	supsub	²	$^{2}$
02_cosmic-ray-origins/0001_bhattacharjee-sigl-2000/literature_analysis/09_topdown_basic_fragmentation.md	61	supsub	₋	$_{-}$
02_cosmic-ray-origins/0001_bhattacharjee-sigl-2000/literature_analysis/09_topdown_basic_fragmentation.md	66	supsub	⁻¹	$^{-1}$
02_cosmic-ray-origins/0001_bhattacharjee-sigl-2000/literature_analysis/09_topdown_basic_fragmentation.md	67	supsub	²	$^{2}$
02_cosmic-ray-origins/0001_bhattacharjee-sigl-2000/literature_analysis/09_topdown_basic_fragmentation.md	77	supsub	²	$^{2}$
02_cosmic-ray-origins/0001_bhattacharjee-sigl-2000/literature_analysis/09_topdown_basic_fragmentation.md	78	supsub	²	$^{2}$
02_cosmic-ray-origins/0001_bhattacharjee-sigl-2000/literature_analysis/09_topdown_basic_fragmentation.md	86	supsub	²	$^{2}$
02_cosmic-ray-origins/0001_bhattacharjee-sigl-2000/literature_analysis/09_topdown_basic_fragmentation.md	87	supsub	³	$^{3}$
02_cosmic-ray-origins/0001_bhattacharjee-sigl-2000/literature_analysis/09_topdown_basic_fragmentation.md	93	supsub	²	$^{2}$
02_cosmic-ray-origins/0001_bhattacharjee-sigl-2000/literature_analysis/09_topdown_basic_fragmentation.md	94	supsub	²	$^{2}$
02_cosmic-ray-origins/0001_bhattacharjee-sigl-2000/literature_analysis/09_topdown_basic_fragmentation.md	104	supsub	²	$^{2}$
02_cosmic-ray-origins/0001_bhattacharjee-sigl-2000/literature_analysis/09_topdown_basic_fragmentation.md	104	supsub	²	$^{2}$
02_cosmic-ray-origins/0001_bhattacharjee-sigl-2000/literature_analysis/09_topdown_basic_fragmentation.md	105	supsub	²	$^{2}$
02_cosmic-ray-origins/0001_bhattacharjee-sigl-2000/literature_analysis/09_topdown_basic_fragmentation.md	105	supsub	²	$^{2}$
02_cosmic-ray-origins/0001_bhattacharjee-sigl-2000/literature_analysis/09_topdown_basic_fragmentation.md	125	supsub	²	$^{2}$
02_cosmic-ray-origins/0001_bhattacharjee-sigl-2000/literature_analysis/09_topdown_basic_fragmentation.md	174	supsub	⁻¹	$^{-1}$
02_cosmic-ray-origins/0001_bhattacharjee-sigl-2000/literature_analysis/09_topdown_basic_fragmentation.md	174	supsub	²	$^{2}$
02_cosmic-ray-origins/0001_bhattacharjee-sigl-2000/literature_analysis/09_topdown_basic_fragmentation.md	174	supsub	⁻²	$^{-2}$
02_cosmic-ray-origins/0001_bhattacharjee-sigl-2000/literature_analysis/09_topdown_basic_fragmentation.md	174	supsub	⁻¹	$^{-1}$
02_cosmic-ray-origins/0001_bhattacharjee-sigl-2000/literature_analysis/09_topdown_basic_fragmentation.md	174	supsub	⁻¹	$^{-1}$
02_cosmic-ray-origins/0001_bhattacharjee-sigl-2000/literature_analysis/09_topdown_basic_fragmentation.md	175	supsub	⁻³	$^{-3}$
02_cosmic-ray-origins/0001_bhattacharjee-sigl-2000/literature_analysis/09_topdown_basic_fragmentation.md	175	supsub	⁻¹	$^{-1}$
02_cosmic-ray-origins/0001_bhattacharjee-sigl-2000/literature_analysis/09_topdown_basic_fragmentation.md	181	supsub	⁻¹	$^{-1}$
02_cosmic-ray-origins/0001_bhattacharjee-sigl-2000/literature_analysis/09_topdown_basic_fragmentation.md	181	supsub	²	$^{2}$
02_cosmic-ray-origins/0001_bhattacharjee-sigl-2000/literature_analysis/09_topdown_basic_fragmentation.md	181	supsub	⁻²	$^{-2}$
02_cosmic-ray-origins/0001_bhattacharjee-sigl-2000/literature_analysis/09_topdown_basic_fragmentation.md	181	supsub	⁻¹	$^{-1}$
02_cosmic-ray-origins/0001_bhattacharjee-sigl-2000/literature_analysis/09_topdown_basic_fragmentation.md	181	supsub	⁻¹	$^{-1}$
02_cosmic-ray-origins/0001_bhattacharjee-sigl-2000/literature_analysis/09_topdown_basic_fragmentation.md	182	supsub	⁻³	$^{-3}$
02_cosmic-ray-origins/0001_bhattacharjee-sigl-2000/literature_analysis/09_topdown_basic_fragmentation.md	182	supsub	⁻¹	$^{-1}$
02_cosmic-ray-origins/0001_bhattacharjee-sigl-2000/literature_analysis/09_topdown_basic_fragmentation.md	187	supsub	²	$^{2}$
02_cosmic-ray-origins/0001_bhattacharjee-sigl-2000/literature_analysis/09_topdown_basic_fragmentation.md	187	supsub	⁻²	$^{-2}$
02_cosmic-ray-origins/0001_bhattacharjee-sigl-2000/literature_analysis/09_topdown_basic_fragmentation.md	187	supsub	⁻¹	$^{-1}$
02_cosmic-ray-origins/0001_bhattacharjee-sigl-2000/literature_analysis/09_topdown_basic_fragmentation.md	187	supsub	⁻¹	$^{-1}$
02_cosmic-ray-origins/0001_bhattacharjee-sigl-2000/literature_analysis/09_topdown_basic_fragmentation.md	189	supsub	⁻³	$^{-3}$
02_cosmic-ray-origins/0001_bhattacharjee-sigl-2000/literature_analysis/09_topdown_basic_fragmentation.md	189	supsub	⁻¹	$^{-1}$
02_cosmic-ray-origins/0001_bhattacharjee-sigl-2000/literature_analysis/09_topdown_basic_fragmentation.md	189	supsub	⁻³	$^{-3}$
02_cosmic-ray-origins/0001_bhattacharjee-sigl-2000/literature_analysis/09_topdown_basic_fragmentation.md	189	supsub	⁻¹	$^{-1}$
02_cosmic-ray-origins/0001_bhattacharjee-sigl-2000/literature_analysis/09_topdown_basic_fragmentation.md	245	supsub	⁻³	$^{-3}$
02_cosmic-ray-origins/0001_bhattacharjee-sigl-2000/literature_analysis/09_topdown_basic_fragmentation.md	245	supsub	⁻¹	$^{-1}$
02_cosmic-ray-origins/0001_bhattacharjee-sigl-2000/literature_analysis/09_topdown_basic_fragmentation.md	246	supsub	⁻³	$^{-3}$
02_cosmic-ray-origins/0001_bhattacharjee-sigl-2000/literature_analysis/09_topdown_basic_fragmentation.md	246	supsub	⁻¹	$^{-1}$
02_cosmic-ray-origins/0001_bhattacharjee-sigl-2000/literature_analysis/10_cosmic_strings.md	32	supsub	²	$^{2}$
02_cosmic-ray-origins/0001_bhattacharjee-sigl-2000/literature_analysis/10_cosmic_strings.md	51	supsub	²	$^{2}$
02_cosmic-ray-origins/0001_bhattacharjee-sigl-2000/literature_analysis/10_cosmic_strings.md	55	supsub	²	$^{2}$
02_cosmic-ray-origins/0001_bhattacharjee-sigl-2000/literature_analysis/10_cosmic_strings.md	55	supsub	⁻¹	$^{-1}$
02_cosmic-ray-origins/0001_bhattacharjee-sigl-2000/literature_analysis/10_cosmic_strings.md	55	supsub	⁻¹	$^{-1}$
02_cosmic-ray-origins/0001_bhattacharjee-sigl-2000/literature_analysis/10_cosmic_strings.md	55	supsub	⁻⁴	$^{-4}$
02_cosmic-ray-origins/0001_bhattacharjee-sigl-2000/literature_analysis/10_cosmic_strings.md	59	supsub	²	$^{2}$
02_cosmic-ray-origins/0001_bhattacharjee-sigl-2000/literature_analysis/10_cosmic_strings.md	59	supsub	²	$^{2}$
02_cosmic-ray-origins/0001_bhattacharjee-sigl-2000/literature_analysis/10_cosmic_strings.md	59	supsub	²	$^{2}$
02_cosmic-ray-origins/0001_bhattacharjee-sigl-2000/literature_analysis/10_cosmic_strings.md	66	supsub	²	$^{2}$
02_cosmic-ray-origins/0001_bhattacharjee-sigl-2000/literature_analysis/10_cosmic_strings.md	67	supsub	⁻¹	$^{-1}$
02_cosmic-ray-origins/0001_bhattacharjee-sigl-2000/literature_analysis/10_cosmic_strings.md	67	supsub	²	$^{2}$
02_cosmic-ray-origins/0001_bhattacharjee-sigl-2000/literature_analysis/10_cosmic_strings.md	67	supsub	⁻³	$^{-3}$
02_cosmic-ray-origins/0001_bhattacharjee-sigl-2000/literature_analysis/10_cosmic_strings.md	68	supsub	²	$^{2}$
02_cosmic-ray-origins/0001_bhattacharjee-sigl-2000/literature_analysis/10_cosmic_strings.md	117	supsub	⁻¹	$^{-1}$
02_cosmic-ray-origins/0001_bhattacharjee-sigl-2000/literature_analysis/10_cosmic_strings.md	123	supsub	²	$^{2}$
02_cosmic-ray-origins/0001_bhattacharjee-sigl-2000/literature_analysis/10_cosmic_strings.md	123	supsub	⁻³	$^{-3}$
02_cosmic-ray-origins/0001_bhattacharjee-sigl-2000/literature_analysis/10_cosmic_strings.md	138	supsub	⁻³	$^{-3}$
02_cosmic-ray-origins/0001_bhattacharjee-sigl-2000/literature_analysis/10_cosmic_strings.md	166	supsub	⁻¹	$^{-1}$
02_cosmic-ray-origins/0001_bhattacharjee-sigl-2000/literature_analysis/10_cosmic_strings.md	168	supsub	²	$^{2}$
02_cosmic-ray-origins/0001_bhattacharjee-sigl-2000/literature_analysis/10_cosmic_strings.md	198	supsub	⁻¹	$^{-1}$
02_cosmic-ray-origins/0001_bhattacharjee-sigl-2000/literature_analysis/10_cosmic_strings.md	207	supsub	³	$^{3}$
02_cosmic-ray-origins/0001_bhattacharjee-sigl-2000/literature_analysis/10_cosmic_strings.md	216	supsub	⁻	$^{-}$
02_cosmic-ray-origins/0001_bhattacharjee-sigl-2000/literature_analysis/10_cosmic_strings.md	221	supsub	⁻⁴	$^{-4}$
02_cosmic-ray-origins/0001_bhattacharjee-sigl-2000/literature_analysis/10_cosmic_strings.md	234	supsub	²	$^{2}$
02_cosmic-ray-origins/0001_bhattacharjee-sigl-2000/literature_analysis/10_cosmic_strings.md	234	supsub	²	$^{2}$
02_cosmic-ray-origins/0001_bhattacharjee-sigl-2000/literature_analysis/10_cosmic_strings.md	245	supsub	³	$^{3}$
02_cosmic-ray-origins/0001_bhattacharjee-sigl-2000/literature_analysis/11_monopoles_vortons_necklaces.md	27	supsub	²	$^{2}$
02_cosmic-ray-origins/0001_bhattacharjee-sigl-2000/literature_analysis/11_monopoles_vortons_necklaces.md	63	supsub	²	$^{2}$
02_cosmic-ray-origins/0001_bhattacharjee-sigl-2000/literature_analysis/11_monopoles_vortons_necklaces.md	68	supsub	³	$^{3}$
02_cosmic-ray-origins/0001_bhattacharjee-sigl-2000/literature_analysis/11_monopoles_vortons_necklaces.md	74	supsub	⁺	$^{+}$
02_cosmic-ray-origins/0001_bhattacharjee-sigl-2000/literature_analysis/11_monopoles_vortons_necklaces.md	74	supsub	⁻	$^{-}$
02_cosmic-ray-origins/0001_bhattacharjee-sigl-2000/literature_analysis/11_monopoles_vortons_necklaces.md	75	supsub	⁻³	$^{-3}$
02_cosmic-ray-origins/0001_bhattacharjee-sigl-2000/literature_analysis/11_monopoles_vortons_necklaces.md	81	supsub	²	$^{2}$
02_cosmic-ray-origins/0001_bhattacharjee-sigl-2000/literature_analysis/11_monopoles_vortons_necklaces.md	86	supsub	²	$^{2}$
02_cosmic-ray-origins/0001_bhattacharjee-sigl-2000/literature_analysis/11_monopoles_vortons_necklaces.md	86	supsub	²	$^{2}$
02_cosmic-ray-origins/0001_bhattacharjee-sigl-2000/literature_analysis/11_monopoles_vortons_necklaces.md	124	supsub	²	$^{2}$
02_cosmic-ray-origins/0001_bhattacharjee-sigl-2000/literature_analysis/11_monopoles_vortons_necklaces.md	124	supsub	³	$^{3}$
02_cosmic-ray-origins/0001_bhattacharjee-sigl-2000/literature_analysis/11_monopoles_vortons_necklaces.md	126	supsub	²	$^{2}$
02_cosmic-ray-origins/0001_bhattacharjee-sigl-2000/literature_analysis/11_monopoles_vortons_necklaces.md	147	supsub	³	$^{3}$
02_cosmic-ray-origins/0001_bhattacharjee-sigl-2000/literature_analysis/11_monopoles_vortons_necklaces.md	148	supsub	²	$^{2}$
02_cosmic-ray-origins/0001_bhattacharjee-sigl-2000/literature_analysis/11_monopoles_vortons_necklaces.md	149	supsub	²	$^{2}$
02_cosmic-ray-origins/0001_bhattacharjee-sigl-2000/literature_analysis/11_monopoles_vortons_necklaces.md	149	supsub	²	$^{2}$
02_cosmic-ray-origins/0001_bhattacharjee-sigl-2000/literature_analysis/11_monopoles_vortons_necklaces.md	150	supsub	²	$^{2}$
02_cosmic-ray-origins/0001_bhattacharjee-sigl-2000/literature_analysis/11_monopoles_vortons_necklaces.md	150	supsub	³	$^{3}$
02_cosmic-ray-origins/0001_bhattacharjee-sigl-2000/literature_analysis/12_xparticles_special_models.md	48	supsub	⁻³	$^{-3}$
02_cosmic-ray-origins/0001_bhattacharjee-sigl-2000/literature_analysis/12_xparticles_special_models.md	107	supsub	²	$^{2}$
02_cosmic-ray-origins/0001_bhattacharjee-sigl-2000/literature_analysis/12_xparticles_special_models.md	149	supsub	²	$^{2}$
02_cosmic-ray-origins/0001_bhattacharjee-sigl-2000/literature_analysis/12_xparticles_special_models.md	157	supsub	⁻³	$^{-3}$
02_cosmic-ray-origins/0001_bhattacharjee-sigl-2000/literature_analysis/12_xparticles_special_models.md	157	supsub	⁻³	$^{-3}$
02_cosmic-ray-origins/0001_bhattacharjee-sigl-2000/literature_analysis/12_xparticles_special_models.md	163	supsub	²	$^{2}$
02_cosmic-ray-origins/0001_bhattacharjee-sigl-2000/literature_analysis/12_xparticles_special_models.md	182	supsub	²	$^{2}$
02_cosmic-ray-origins/0001_bhattacharjee-sigl-2000/literature_analysis/12_xparticles_special_models.md	184	supsub	²	$^{2}$
02_cosmic-ray-origins/0001_bhattacharjee-sigl-2000/literature_analysis/12_xparticles_special_models.md	186	supsub	²	$^{2}$
02_cosmic-ray-origins/0001_bhattacharjee-sigl-2000/literature_analysis/12_xparticles_special_models.md	239	supsub	²	$^{2}$
02_cosmic-ray-origins/0001_bhattacharjee-sigl-2000/literature_analysis/12_xparticles_special_models.md	242	supsub	²	$^{2}$
02_cosmic-ray-origins/0001_bhattacharjee-sigl-2000/literature_analysis/12_xparticles_special_models.md	245	supsub	²	$^{2}$
02_cosmic-ray-origins/0001_bhattacharjee-sigl-2000/literature_analysis/13_constraints_on_td.md	27	supsub	²	$^{2}$
02_cosmic-ray-origins/0001_bhattacharjee-sigl-2000/literature_analysis/13_constraints_on_td.md	36	supsub	²	$^{2}$
02_cosmic-ray-origins/0001_bhattacharjee-sigl-2000/literature_analysis/13_constraints_on_td.md	50	supsub	⁻³	$^{-3}$
02_cosmic-ray-origins/0001_bhattacharjee-sigl-2000/literature_analysis/13_constraints_on_td.md	79	supsub	²	$^{2}$
02_cosmic-ray-origins/0001_bhattacharjee-sigl-2000/literature_analysis/13_constraints_on_td.md	79	supsub	²	$^{2}$
02_cosmic-ray-origins/0001_bhattacharjee-sigl-2000/literature_analysis/13_constraints_on_td.md	100	supsub	⁻³	$^{-3}$
02_cosmic-ray-origins/0001_bhattacharjee-sigl-2000/literature_analysis/13_constraints_on_td.md	100	supsub	⁻¹	$^{-1}$
02_cosmic-ray-origins/0001_bhattacharjee-sigl-2000/literature_analysis/13_constraints_on_td.md	101	supsub	⁻³	$^{-3}$
02_cosmic-ray-origins/0001_bhattacharjee-sigl-2000/literature_analysis/13_constraints_on_td.md	101	supsub	⁻¹	$^{-1}$
02_cosmic-ray-origins/0001_bhattacharjee-sigl-2000/literature_analysis/13_constraints_on_td.md	120	supsub	⁻³	$^{-3}$
02_cosmic-ray-origins/0001_bhattacharjee-sigl-2000/literature_analysis/13_constraints_on_td.md	120	supsub	⁻¹	$^{-1}$
02_cosmic-ray-origins/0001_bhattacharjee-sigl-2000/literature_analysis/13_constraints_on_td.md	225	supsub	³	$^{3}$
02_cosmic-ray-origins/0001_bhattacharjee-sigl-2000/literature_analysis/13_constraints_on_td.md	226	supsub	⁻¹	$^{-1}$
02_cosmic-ray-origins/0001_bhattacharjee-sigl-2000/literature_analysis/13_constraints_on_td.md	227	supsub	⁻¹	$^{-1}$
02_cosmic-ray-origins/0001_bhattacharjee-sigl-2000/literature_analysis/13_constraints_on_td.md	228	supsub	⁻¹	$^{-1}$
02_cosmic-ray-origins/0001_bhattacharjee-sigl-2000/literature_analysis/13_constraints_on_td.md	235	supsub	³	$^{3}$
02_cosmic-ray-origins/0001_bhattacharjee-sigl-2000/literature_analysis/13_constraints_on_td.md	236	supsub	³	$^{3}$
02_cosmic-ray-origins/0001_bhattacharjee-sigl-2000/literature_analysis/13_constraints_on_td.md	237	supsub	³	$^{3}$
02_cosmic-ray-origins/0001_bhattacharjee-sigl-2000/literature_analysis/13_constraints_on_td.md	238	supsub	³	$^{3}$
02_cosmic-ray-origins/0001_bhattacharjee-sigl-2000/literature_analysis/13_constraints_on_td.md	241	supsub	³	$^{3}$
02_cosmic-ray-origins/0001_bhattacharjee-sigl-2000/literature_analysis/13_constraints_on_td.md	248	supsub	²	$^{2}$
02_cosmic-ray-origins/0001_bhattacharjee-sigl-2000/literature_analysis/13_constraints_on_td.md	248	supsub	²	$^{2}$
02_cosmic-ray-origins/0001_bhattacharjee-sigl-2000/literature_analysis/13_constraints_on_td.md	251	supsub	³	$^{3}$
02_cosmic-ray-origins/0001_bhattacharjee-sigl-2000/literature_analysis/13_constraints_on_td.md	251	supsub	⁻¹	$^{-1}$
02_cosmic-ray-origins/0001_bhattacharjee-sigl-2000/literature_analysis/13_constraints_on_td.md	265	supsub	³	$^{3}$
02_cosmic-ray-origins/0001_bhattacharjee-sigl-2000/literature_analysis/13_constraints_on_td.md	279	supsub	⁻³	$^{-3}$
02_cosmic-ray-origins/0001_bhattacharjee-sigl-2000/literature_analysis/13_constraints_on_td.md	280	supsub	⁻³	$^{-3}$
02_cosmic-ray-origins/0001_bhattacharjee-sigl-2000/literature_analysis/13_constraints_on_td.md	280	supsub	⁻¹	$^{-1}$
02_cosmic-ray-origins/0001_bhattacharjee-sigl-2000/literature_analysis/13_constraints_on_td.md	281	supsub	⁻³	$^{-3}$
02_cosmic-ray-origins/0001_bhattacharjee-sigl-2000/literature_analysis/13_constraints_on_td.md	281	supsub	⁻¹	$^{-1}$
02_cosmic-ray-origins/0001_bhattacharjee-sigl-2000/literature_analysis/13_constraints_on_td.md	289	supsub	³	$^{3}$
02_cosmic-ray-origins/0001_bhattacharjee-sigl-2000/literature_analysis/13_constraints_on_td.md	289	supsub	⁻¹	$^{-1}$
02_cosmic-ray-origins/0001_bhattacharjee-sigl-2000/literature_analysis/13_constraints_on_td.md	290	supsub	³	$^{3}$
02_cosmic-ray-origins/0001_bhattacharjee-sigl-2000/literature_analysis/14_conclusion_and_references.md	27	supsub	⁰	$^{0}$
02_cosmic-ray-origins/0001_bhattacharjee-sigl-2000/literature_analysis/14_conclusion_and_references.md	60	supsub	³	$^{3}$
02_cosmic-ray-origins/0001_bhattacharjee-sigl-2000/literature_analysis/14_conclusion_and_references.md	61	supsub	²	$^{2}$
02_cosmic-ray-origins/0001_bhattacharjee-sigl-2000/literature_analysis/98_vocabulary.md	15	supsub	⁺	$^{+}$
02_cosmic-ray-origins/0001_bhattacharjee-sigl-2000/literature_analysis/98_vocabulary.md	15	supsub	²	$^{2}$
02_cosmic-ray-origins/0001_bhattacharjee-sigl-2000/literature_analysis/98_vocabulary.md	15	supsub	²	$^{2}$
02_cosmic-ray-origins/0001_bhattacharjee-sigl-2000/literature_analysis/98_vocabulary.md	16	supsub	⁺	$^{+}$
02_cosmic-ray-origins/0001_bhattacharjee-sigl-2000/literature_analysis/98_vocabulary.md	16	supsub	⁻	$^{-}$
02_cosmic-ray-origins/0001_bhattacharjee-sigl-2000/literature_analysis/98_vocabulary.md	16	supsub	²	$^{2}$
02_cosmic-ray-origins/0001_bhattacharjee-sigl-2000/literature_analysis/98_vocabulary.md	16	supsub	²	$^{2}$
02_cosmic-ray-origins/0001_bhattacharjee-sigl-2000/literature_analysis/98_vocabulary.md	16	supsub	²	$^{2}$
02_cosmic-ray-origins/0001_bhattacharjee-sigl-2000/literature_analysis/98_vocabulary.md	19	supsub	⁰	$^{0}$
02_cosmic-ray-origins/0001_bhattacharjee-sigl-2000/literature_analysis/98_vocabulary.md	19	supsub	⁻¹	$^{-1}$
02_cosmic-ray-origins/0001_bhattacharjee-sigl-2000/literature_analysis/98_vocabulary.md	19	supsub	⁻¹	$^{-1}$
02_cosmic-ray-origins/0001_bhattacharjee-sigl-2000/literature_analysis/98_vocabulary.md	22	supsub	²	$^{2}$
02_cosmic-ray-origins/0001_bhattacharjee-sigl-2000/literature_analysis/98_vocabulary.md	22	supsub	²	$^{2}$
02_cosmic-ray-origins/0001_bhattacharjee-sigl-2000/literature_analysis/98_vocabulary.md	22	supsub	²	$^{2}$
02_cosmic-ray-origins/0001_bhattacharjee-sigl-2000/literature_analysis/98_vocabulary.md	22	supsub	²	$^{2}$
02_cosmic-ray-origins/0001_bhattacharjee-sigl-2000/literature_analysis/98_vocabulary.md	141	supsub	⁻⁴	$^{-4}$
02_cosmic-ray-origins/0001_bhattacharjee-sigl-2000/literature_analysis/99_final_summary.md	40	supsub	⁹	$^{9}$
02_cosmic-ray-origins/0001_bhattacharjee-sigl-2000/literature_analysis/99_final_summary.md	40	supsub-decimal	0^{19}$·$^{9}$	0^{19.9}$
02_cosmic-ray-origins/0001_bhattacharjee-sigl-2000/literature_analysis/99_final_summary.md	50	supsub	⁻²	$^{-2}$
02_cosmic-ray-origins/0001_bhattacharjee-sigl-2000/literature_analysis/99_final_summary.md	50	supsub	⁻¹	$^{-1}$
02_cosmic-ray-origins/0001_bhattacharjee-sigl-2000/literature_analysis/99_final_summary.md	50	supsub	⁻¹	$^{-1}$
02_cosmic-ray-origins/0001_bhattacharjee-sigl-2000/literature_analysis/99_final_summary.md	50	supsub	³	$^{3}$
02_cosmic-ray-origins/0001_bhattacharjee-sigl-2000/literature_analysis/99_final_summary.md	51	supsub	⁻¹	$^{-1}$
02_cosmic-ray-origins/0001_bhattacharjee-sigl-2000/literature_analysis/99_final_summary.md	72	supsub	⁻³	$^{-3}$
02_cosmic-ray-origins/0001_bhattacharjee-sigl-2000/literature_analysis/99_final_summary.md	72	supsub	⁻¹	$^{-1}$
02_cosmic-ray-origins/0001_bhattacharjee-sigl-2000/literature_analysis/99_final_summary.md	73	supsub	⁻³	$^{-3}$
02_cosmic-ray-origins/0001_bhattacharjee-sigl-2000/literature_analysis/99_final_summary.md	73	supsub	⁻¹	$^{-1}$
02_cosmic-ray-origins/0001_bhattacharjee-sigl-2000/literature_analysis/99_final_summary.md	91	supsub	⁻³	$^{-3}$
02_cosmic-ray-origins/0001_bhattacharjee-sigl-2000/literature_analysis/99_final_summary.md	91	supsub	⁻¹	$^{-1}$
02_cosmic-ray-origins/0001_bhattacharjee-sigl-2000/literature_analysis/99_final_summary.md	94	supsub	⁻¹	$^{-1}$
02_cosmic-ray-origins/0001_bhattacharjee-sigl-2000/literature_analysis/99_final_summary.md	94	supsub	³	$^{3}$
02_cosmic-ray-origins/0001_bhattacharjee-sigl-2000/literature_analysis/99_final_summary.md	101	supsub	³	$^{3}$
02_cosmic-ray-origins/0001_bhattacharjee-sigl-2000/literature_analysis/99_final_summary.md	119	supsub	²	$^{2}$
02_cosmic-ray-origins/0001_bhattacharjee-sigl-2000/literature_analysis/99_final_summary.md	136	supsub	⁻³	$^{-3}$
02_cosmic-ray-origins/0001_bhattacharjee-sigl-2000/literature_analysis/99_final_summary.md	136	supsub	⁻¹	$^{-1}$
02_cosmic-ray-origins/0001_bhattacharjee-sigl-2000/literature_analysis/99_final_summary.md	136	supsub	⁻³	$^{-3}$
02_cosmic-ray-origins/0001_bhattacharjee-sigl-2000/literature_analysis/99_final_summary.md	136	supsub	⁻¹	$^{-1}$
02_cosmic-ray-origins/0002_al-dargazelli-1996/literature_analysis/01_analysis.md	166	supsub	⁻³	$^{-3}$
02_cosmic-ray-origins/0002_al-dargazelli-1996/literature_analysis/01_analysis.md	172	supsub	⁻³	$^{-3}$
02_cosmic-ray-origins/0002_al-dargazelli-1996/literature_analysis/01_analysis.md	173	supsub	⁻³	$^{-3}$
02_cosmic-ray-origins/0002_al-dargazelli-1996/literature_analysis/01_analysis.md	176	supsub	⁻²	$^{-2}$
02_cosmic-ray-origins/0002_al-dargazelli-1996/literature_analysis/01_analysis.md	177	supsub	⁻¹	$^{-1}$
02_cosmic-ray-origins/0002_al-dargazelli-1996/literature_analysis/01_analysis.md	177	supsub	²	$^{2}$
02_cosmic-ray-origins/0002_al-dargazelli-1996/literature_analysis/01_analysis.md	178	supsub	⁻¹	$^{-1}$
02_cosmic-ray-origins/0002_al-dargazelli-1996/literature_analysis/01_analysis.md	195	supsub	⁻¹	$^{-1}$
02_cosmic-ray-origins/0002_al-dargazelli-1996/literature_analysis/01_analysis.md	195	supsub	⁻¹	$^{-1}$
02_cosmic-ray-origins/0002_al-dargazelli-1996/literature_analysis/01_analysis.md	199	supsub	¹	$^{1}$
02_cosmic-ray-origins/0002_al-dargazelli-1996/literature_analysis/01_analysis.md	199	supsub	²	$^{2}$
02_cosmic-ray-origins/0002_al-dargazelli-1996/literature_analysis/01_analysis.md	252	supsub	⁻¹	$^{-1}$
02_cosmic-ray-origins/0002_al-dargazelli-1996/literature_analysis/01_analysis.md	252	supsub	⁻¹	$^{-1}$
02_cosmic-ray-origins/0002_al-dargazelli-1996/literature_analysis/01_analysis.md	319	supsub	⁻²	$^{-2}$
02_cosmic-ray-origins/0002_al-dargazelli-1996/literature_analysis/01_analysis.md	320	supsub	⁻¹	$^{-1}$
02_cosmic-ray-origins/0002_al-dargazelli-1996/literature_analysis/01_analysis.md	360	supsub	⁻¹	$^{-1}$
02_cosmic-ray-origins/0002_al-dargazelli-1996/literature_analysis/01_analysis.md	419	supsub	⁻¹	$^{-1}$
02_cosmic-ray-origins/0002_al-dargazelli-1996/literature_analysis/01_analysis.md	422	supsub	⁻¹	$^{-1}$
02_cosmic-ray-origins/0002_al-dargazelli-1996/literature_analysis/01_analysis.md	422	supsub	⁻¹	$^{-1}$
02_cosmic-ray-origins/0002_al-dargazelli-1996/literature_analysis/01_analysis.md	491	supsub	⁻¹	$^{-1}$
02_cosmic-ray-origins/0002_al-dargazelli-1996/literature_analysis/01_analysis.md	491	supsub	⁻¹	$^{-1}$
02_cosmic-ray-origins/0002_al-dargazelli-1996/literature_analysis/01_analysis.md	493	supsub	⁻¹	$^{-1}$
02_cosmic-ray-origins/0002_al-dargazelli-1996/literature_analysis/01_analysis.md	504	supsub	¹	$^{1}$
02_cosmic-ray-origins/0002_al-dargazelli-1996/literature_analysis/01_analysis.md	504	supsub	²	$^{2}$
02_cosmic-ray-origins/0002_al-dargazelli-1996/literature_analysis/01_analysis.md	508	supsub	⁻²	$^{-2}$
02_cosmic-ray-origins/0002_al-dargazelli-1996/literature_analysis/01_analysis.md	508	supsub	⁻¹	$^{-1}$
02_cosmic-ray-origins/0002_al-dargazelli-1996/literature_analysis/01_analysis.md	558	supsub	¹	$^{1}$
02_cosmic-ray-origins/0002_al-dargazelli-1996/literature_analysis/01_analysis.md	558	supsub	²	$^{2}$
02_cosmic-ray-origins/0002_al-dargazelli-1996/literature_analysis/01_analysis.md	560	supsub	⁻²	$^{-2}$
02_cosmic-ray-origins/0002_al-dargazelli-1996/literature_analysis/01_analysis.md	560	supsub	⁻¹	$^{-1}$
02_cosmic-ray-origins/0002_al-dargazelli-1996/literature_analysis/98_vocabulary.md	14	supsub	⁻²	$^{-2}$
02_cosmic-ray-origins/0002_al-dargazelli-1996/literature_analysis/98_vocabulary.md	14	supsub	⁻¹	$^{-1}$
02_cosmic-ray-origins/0002_al-dargazelli-1996/literature_analysis/98_vocabulary.md	19	supsub	⁻²	$^{-2}$
02_cosmic-ray-origins/0002_al-dargazelli-1996/literature_analysis/98_vocabulary.md	19	supsub	⁻¹	$^{-1}$
02_cosmic-ray-origins/0002_al-dargazelli-1996/literature_analysis/98_vocabulary.md	75	supsub	¹	$^{1}$
02_cosmic-ray-origins/0002_al-dargazelli-1996/literature_analysis/98_vocabulary.md	75	supsub	²	$^{2}$
02_cosmic-ray-origins/0002_al-dargazelli-1996/literature_analysis/98_vocabulary.md	79	supsub	⁻²	$^{-2}$
02_cosmic-ray-origins/0002_al-dargazelli-1996/literature_analysis/98_vocabulary.md	79	supsub	⁻¹	$^{-1}$
02_cosmic-ray-origins/0002_al-dargazelli-1996/literature_analysis/98_vocabulary.md	90	supsub	¹	$^{1}$
02_cosmic-ray-origins/0002_al-dargazelli-1996/literature_analysis/98_vocabulary.md	90	supsub	²	$^{2}$
02_cosmic-ray-origins/0002_al-dargazelli-1996/literature_analysis/98_vocabulary.md	91	supsub	⁻¹	$^{-1}$
02_cosmic-ray-origins/0002_al-dargazelli-1996/literature_analysis/98_vocabulary.md	91	supsub	⁻¹	$^{-1}$
02_cosmic-ray-origins/0002_al-dargazelli-1996/literature_analysis/98_vocabulary.md	93	supsub	⁻²	$^{-2}$
02_cosmic-ray-origins/0002_al-dargazelli-1996/literature_analysis/98_vocabulary.md	93	supsub	⁻¹	$^{-1}$
02_cosmic-ray-origins/0002_al-dargazelli-1996/literature_analysis/98_vocabulary.md	125	supsub	¹	$^{1}$
02_cosmic-ray-origins/0002_al-dargazelli-1996/literature_analysis/98_vocabulary.md	125	supsub	²	$^{2}$
02_cosmic-ray-origins/0002_al-dargazelli-1996/literature_analysis/98_vocabulary.md	127	supsub	⁻²	$^{-2}$
02_cosmic-ray-origins/0002_al-dargazelli-1996/literature_analysis/98_vocabulary.md	127	supsub	⁻¹	$^{-1}$
02_cosmic-ray-origins/0002_al-dargazelli-1996/literature_analysis/99_final_summary.md	23	supsub	¹	$^{1}$
02_cosmic-ray-origins/0002_al-dargazelli-1996/literature_analysis/99_final_summary.md	23	supsub	²	$^{2}$
02_cosmic-ray-origins/0002_al-dargazelli-1996/literature_analysis/99_final_summary.md	31	supsub	⁻²	$^{-2}$
02_cosmic-ray-origins/0002_al-dargazelli-1996/literature_analysis/99_final_summary.md	31	supsub	⁻¹	$^{-1}$
02_cosmic-ray-origins/0002_al-dargazelli-1996/literature_analysis/99_final_summary.md	36	supsub	⁻¹	$^{-1}$
02_cosmic-ray-origins/0002_al-dargazelli-1996/literature_analysis/99_final_summary.md	53	supsub	¹	$^{1}$
02_cosmic-ray-origins/0002_al-dargazelli-1996/literature_analysis/99_final_summary.md	53	supsub	²	$^{2}$
02_cosmic-ray-origins/0002_al-dargazelli-1996/literature_analysis/99_final_summary.md	54	supsub	⁻¹	$^{-1}$
02_cosmic-ray-origins/0002_al-dargazelli-1996/literature_analysis/99_final_summary.md	54	supsub	⁻¹	$^{-1}$
02_cosmic-ray-origins/0002_al-dargazelli-1996/literature_analysis/99_final_summary.md	56	supsub	⁻²	$^{-2}$
02_cosmic-ray-origins/0002_al-dargazelli-1996/literature_analysis/99_final_summary.md	56	supsub	⁻¹	$^{-1}$
02_cosmic-ray-origins/0002_al-dargazelli-1996/literature_analysis/99_final_summary.md	77	supsub	¹	$^{1}$
02_cosmic-ray-origins/0002_al-dargazelli-1996/literature_analysis/99_final_summary.md	77	supsub	²	$^{2}$
02_cosmic-ray-origins/0002_al-dargazelli-1996/literature_analysis/99_final_summary.md	79	supsub	⁻¹	$^{-1}$
02_cosmic-ray-origins/0003_gaisser-1990/literature_analysis/01_analysis.md	68	supsub	³	$^{3}$
02_cosmic-ray-origins/0003_gaisser-1990/literature_analysis/01_analysis.md	68	supsub	³	$^{3}$
02_cosmic-ray-origins/0003_gaisser-1990/literature_analysis/01_analysis.md	77	supsub	³	$^{3}$
02_cosmic-ray-origins/0003_gaisser-1990/literature_analysis/01_analysis.md	78	supsub	³	$^{3}$
02_cosmic-ray-origins/0003_gaisser-1990/literature_analysis/01_analysis.md	91	supsub	³	$^{3}$
02_cosmic-ray-origins/0003_gaisser-1990/literature_analysis/01_analysis.md	98	supsub	³	$^{3}$
02_cosmic-ray-origins/0003_gaisser-1990/literature_analysis/01_analysis.md	106	supsub	³	$^{3}$
02_cosmic-ray-origins/0003_gaisser-1990/literature_analysis/01_analysis.md	107	supsub	³	$^{3}$
02_cosmic-ray-origins/0003_gaisser-1990/literature_analysis/01_analysis.md	108	supsub	³	$^{3}$
02_cosmic-ray-origins/0003_gaisser-1990/literature_analysis/01_analysis.md	108	supsub	³	$^{3}$
02_cosmic-ray-origins/0003_gaisser-1990/literature_analysis/01_analysis.md	136	supsub	²	$^{2}$
02_cosmic-ray-origins/0003_gaisser-1990/literature_analysis/01_analysis.md	152	supsub	⁻²	$^{-2}$
02_cosmic-ray-origins/0003_gaisser-1990/literature_analysis/01_analysis.md	154	supsub	⁻²·¹	$^{-2.1}$
02_cosmic-ray-origins/0003_gaisser-1990/literature_analysis/01_analysis.md	162	supsub	⁻²	$^{-2}$
02_cosmic-ray-origins/0003_gaisser-1990/literature_analysis/01_analysis.md	163	supsub	²	$^{2}$
02_cosmic-ray-origins/0003_gaisser-1990/literature_analysis/01_analysis.md	164	supsub	²	$^{2}$
02_cosmic-ray-origins/0003_gaisser-1990/literature_analysis/01_analysis.md	218	supsub	²	$^{2}$
02_cosmic-ray-origins/0003_gaisser-1990/literature_analysis/01_analysis.md	272	supsub	⁻²	$^{-2}$
02_cosmic-ray-origins/0003_gaisser-1990/literature_analysis/01_analysis.md	272	supsub	⁻¹	$^{-1}$
02_cosmic-ray-origins/0003_gaisser-1990/literature_analysis/01_analysis.md	272	supsub	²	$^{2}$
02_cosmic-ray-origins/0003_gaisser-1990/literature_analysis/01_analysis.md	342	supsub	⁻²·¹	$^{-2.1}$
02_cosmic-ray-origins/0003_gaisser-1990/literature_analysis/01_analysis.md	361	supsub	⁽⁰⁾	$^{(0)}$
02_cosmic-ray-origins/0003_gaisser-1990/literature_analysis/01_analysis.md	362	supsub	⁽⁰⁾	$^{(0)}$
02_cosmic-ray-origins/0003_gaisser-1990/literature_analysis/01_analysis.md	363	supsub	⁽⁰⁾	$^{(0)}$
02_cosmic-ray-origins/0003_gaisser-1990/literature_analysis/01_analysis.md	406	supsub	²	$^{2}$
02_cosmic-ray-origins/0003_gaisser-1990/literature_analysis/01_analysis.md	417	supsub	⁽⁰⁾	$^{(0)}$
02_cosmic-ray-origins/0003_gaisser-1990/literature_analysis/01_analysis.md	418	supsub	⁽¹⁾	$^{(1)}$
02_cosmic-ray-origins/0003_gaisser-1990/literature_analysis/01_analysis.md	430	supsub	³	$^{3}$
02_cosmic-ray-origins/0003_gaisser-1990/literature_analysis/01_analysis.md	431	supsub	³	$^{3}$
02_cosmic-ray-origins/0003_gaisser-1990/literature_analysis/01_analysis.md	436	supsub	³	$^{3}$
02_cosmic-ray-origins/0003_gaisser-1990/literature_analysis/01_analysis.md	437	supsub	³	$^{3}$
02_cosmic-ray-origins/0003_gaisser-1990/literature_analysis/01_analysis.md	448	supsub	⁻²	$^{-2}$
02_cosmic-ray-origins/0003_gaisser-1990/literature_analysis/01_analysis.md	448	supsub	⁻¹	$^{-1}$
02_cosmic-ray-origins/0003_gaisser-1990/literature_analysis/01_analysis.md	448	supsub	⁻¹	$^{-1}$
02_cosmic-ray-origins/0003_gaisser-1990/literature_analysis/01_analysis.md	492	supsub	⁻²	$^{-2}$
02_cosmic-ray-origins/0003_gaisser-1990/literature_analysis/01_analysis.md	492	supsub	⁻²·⁷	$^{-2.7}$
02_cosmic-ray-origins/0003_gaisser-1990/literature_analysis/01_analysis.md	520	supsub	⁻¹	$^{-1}$
02_cosmic-ray-origins/0003_gaisser-1990/literature_analysis/01_analysis.md	521	supsub	²	$^{2}$
02_cosmic-ray-origins/0003_gaisser-1990/literature_analysis/98_vocabulary.md	13	supsub	⁻²	$^{-2}$
02_cosmic-ray-origins/0003_gaisser-1990/literature_analysis/98_vocabulary.md	18	supsub	⁴	$^{4}$
02_cosmic-ray-origins/0003_gaisser-1990/literature_analysis/98_vocabulary.md	21	supsub	⁻²	$^{-2}$
02_cosmic-ray-origins/0003_gaisser-1990/literature_analysis/98_vocabulary.md	70	supsub	⁻²·⁷	$^{-2.7}$
02_cosmic-ray-origins/0003_gaisser-1990/literature_analysis/98_vocabulary.md	70	supsub	⁻⁰·⁶	$^{-0.6}$
02_cosmic-ray-origins/0003_gaisser-1990/literature_analysis/98_vocabulary.md	70	supsub	⁻²·¹	$^{-2.1}$
02_cosmic-ray-origins/0003_gaisser-1990/literature_analysis/98_vocabulary.md	70	supsub	⁻²	$^{-2}$
02_cosmic-ray-origins/0003_gaisser-1990/literature_analysis/98_vocabulary.md	77	supsub	³	$^{3}$
02_cosmic-ray-origins/0003_gaisser-1990/literature_analysis/98_vocabulary.md	79	supsub	⁻²	$^{-2}$
02_cosmic-ray-origins/0003_gaisser-1990/literature_analysis/98_vocabulary.md	79	supsub	⁻¹	$^{-1}$
02_cosmic-ray-origins/0003_gaisser-1990/literature_analysis/98_vocabulary.md	79	supsub	⁻¹	$^{-1}$
02_cosmic-ray-origins/0003_gaisser-1990/literature_analysis/98_vocabulary.md	90	supsub	⁻²	$^{-2}$
02_cosmic-ray-origins/0003_gaisser-1990/literature_analysis/98_vocabulary.md	90	supsub	⁻²·⁷	$^{-2.7}$
02_cosmic-ray-origins/0003_gaisser-1990/literature_analysis/98_vocabulary.md	143	supsub	⁽⁰⁾	$^{(0)}$
02_cosmic-ray-origins/0003_gaisser-1990/literature_analysis/98_vocabulary.md	144	supsub	⁽⁰⁾	$^{(0)}$
02_cosmic-ray-origins/0003_gaisser-1990/literature_analysis/98_vocabulary.md	145	supsub	⁽⁰⁾	$^{(0)}$
02_cosmic-ray-origins/0003_gaisser-1990/literature_analysis/99_final_summary.md	24	supsub	⁻²	$^{-2}$
02_cosmic-ray-origins/0003_gaisser-1990/literature_analysis/99_final_summary.md	24	supsub	⁻²·⁷	$^{-2.7}$
02_cosmic-ray-origins/0003_gaisser-1990/literature_analysis/99_final_summary.md	56	supsub	⁻²·⁷	$^{-2.7}$
02_cosmic-ray-origins/0003_gaisser-1990/literature_analysis/99_final_summary.md	56	supsub	⁻⁰·⁶	$^{-0.6}$
02_cosmic-ray-origins/0003_gaisser-1990/literature_analysis/99_final_summary.md	56	supsub	⁻²·¹	$^{-2.1}$
02_cosmic-ray-origins/0003_gaisser-1990/literature_analysis/99_final_summary.md	56	supsub	⁻²	$^{-2}$
02_cosmic-ray-origins/0003_gaisser-1990/literature_analysis/99_final_summary.md	63	supsub	³	$^{3}$
02_cosmic-ray-origins/0003_gaisser-1990/literature_analysis/99_final_summary.md	65	supsub	⁻²	$^{-2}$
02_cosmic-ray-origins/0003_gaisser-1990/literature_analysis/99_final_summary.md	65	supsub	⁻¹	$^{-1}$
02_cosmic-ray-origins/0003_gaisser-1990/literature_analysis/99_final_summary.md	65	supsub	⁻¹	$^{-1}$
02_cosmic-ray-origins/0003_gaisser-1990/literature_analysis/99_final_summary.md	103	supsub	²	$^{2}$
02_cosmic-ray-origins/0004_blasi-2013/literature_analysis/00_overview.md	123	supsub	⁻⁴	$^{-4}$
02_cosmic-ray-origins/0004_blasi-2013/literature_analysis/01_introduction.md	12	supsub	³	$^{3}$
02_cosmic-ray-origins/0004_blasi-2013/literature_analysis/01_introduction.md	22	supsub	⁻³	$^{-3}$
02_cosmic-ray-origins/0004_blasi-2013/literature_analysis/01_introduction.md	46	supsub	³	$^{3}$
02_cosmic-ray-origins/0004_blasi-2013/literature_analysis/02_sn_r_premises.md	18	supsub	⁻²	$^{-2}$
02_cosmic-ray-origins/0004_blasi-2013/literature_analysis/02_sn_r_premises.md	20	supsub	²	$^{2}$
02_cosmic-ray-origins/0004_blasi-2013/literature_analysis/02_sn_r_premises.md	21	supsub	⁻	$^{-}$
02_cosmic-ray-origins/0004_blasi-2013/literature_analysis/02_sn_r_premises.md	23	supsub	²	$^{2}$
02_cosmic-ray-origins/0004_blasi-2013/literature_analysis/02_sn_r_premises.md	23	supsub	⁻	$^{-}$
02_cosmic-ray-origins/0004_blasi-2013/literature_analysis/02_sn_r_premises.md	24	supsub	²	$^{2}$
02_cosmic-ray-origins/0004_blasi-2013/literature_analysis/02_sn_r_premises.md	24	supsub	⁻¹	$^{-1}$
02_cosmic-ray-origins/0004_blasi-2013/literature_analysis/02_sn_r_premises.md	24	supsub	⁻¹	$^{-1}$
02_cosmic-ray-origins/0004_blasi-2013/literature_analysis/02_sn_r_premises.md	24	supsub	⁻	$^{-}$
02_cosmic-ray-origins/0004_blasi-2013/literature_analysis/02_sn_r_premises.md	24	supsub	⁻	$^{-}$
02_cosmic-ray-origins/0004_blasi-2013/literature_analysis/02_sn_r_premises.md	24	supsub	⁻²	$^{-2}$
02_cosmic-ray-origins/0004_blasi-2013/literature_analysis/02_sn_r_premises.md	24	supsub	⁻¹	$^{-1}$
02_cosmic-ray-origins/0004_blasi-2013/literature_analysis/02_sn_r_premises.md	24	supsub	⁻¹	$^{-1}$
02_cosmic-ray-origins/0004_blasi-2013/literature_analysis/02_sn_r_premises.md	25	supsub	⁻¹	$^{-1}$
02_cosmic-ray-origins/0004_blasi-2013/literature_analysis/02_sn_r_premises.md	25	supsub	⁻²	$^{-2}$
02_cosmic-ray-origins/0004_blasi-2013/literature_analysis/02_sn_r_premises.md	25	supsub	⁻¹	$^{-1}$
02_cosmic-ray-origins/0004_blasi-2013/literature_analysis/02_sn_r_premises.md	25	supsub	⁻¹	$^{-1}$
02_cosmic-ray-origins/0004_blasi-2013/literature_analysis/02_sn_r_premises.md	33	supsub	²	$^{2}$
02_cosmic-ray-origins/0004_blasi-2013/literature_analysis/02_sn_r_premises.md	33	supsub	⁻³	$^{-3}$
02_cosmic-ray-origins/0004_blasi-2013/literature_analysis/02_sn_r_premises.md	33	supsub	⁻¹	$^{-1}$
02_cosmic-ray-origins/0004_blasi-2013/literature_analysis/02_sn_r_premises.md	33	supsub	⁻³	$^{-3}$
02_cosmic-ray-origins/0004_blasi-2013/literature_analysis/02_sn_r_premises.md	49	supsub	²	$^{2}$
02_cosmic-ray-origins/0004_blasi-2013/literature_analysis/02_sn_r_premises.md	50	supsub	⁻³	$^{-3}$
02_cosmic-ray-origins/0004_blasi-2013/literature_analysis/02_sn_r_premises.md	55	supsub	²	$^{2}$
02_cosmic-ray-origins/0004_blasi-2013/literature_analysis/02_sn_r_premises.md	56	supsub	⁻¹	$^{-1}$
02_cosmic-ray-origins/0004_blasi-2013/literature_analysis/02_sn_r_premises.md	80	supsub	⁻¹	$^{-1}$
02_cosmic-ray-origins/0004_blasi-2013/literature_analysis/03_test_particle_dsa.md	14	supsub	⁻²	$^{-2}$
02_cosmic-ray-origins/0004_blasi-2013/literature_analysis/03_test_particle_dsa.md	20	supsub	¹	$^{1}$
02_cosmic-ray-origins/0004_blasi-2013/literature_analysis/03_test_particle_dsa.md	20	supsub	²	$^{2}$
02_cosmic-ray-origins/0004_blasi-2013/literature_analysis/03_test_particle_dsa.md	20	supsub	⁻³	$^{-3}$
02_cosmic-ray-origins/0004_blasi-2013/literature_analysis/03_test_particle_dsa.md	20	supsub	⁻¹	$^{-1}$
02_cosmic-ray-origins/0004_blasi-2013/literature_analysis/03_test_particle_dsa.md	21	supsub	⁻³	$^{-3}$
02_cosmic-ray-origins/0004_blasi-2013/literature_analysis/03_test_particle_dsa.md	21	supsub	⁻¹	$^{-1}$
02_cosmic-ray-origins/0004_blasi-2013/literature_analysis/03_test_particle_dsa.md	21	supsub	³	$^{3}$
02_cosmic-ray-origins/0004_blasi-2013/literature_analysis/03_test_particle_dsa.md	21	supsub	²	$^{2}$
02_cosmic-ray-origins/0004_blasi-2013/literature_analysis/03_test_particle_dsa.md	21	supsub	⁻¹	$^{-1}$
02_cosmic-ray-origins/0004_blasi-2013/literature_analysis/03_test_particle_dsa.md	21	supsub	³	$^{3}$
02_cosmic-ray-origins/0004_blasi-2013/literature_analysis/03_test_particle_dsa.md	21	supsub	²	$^{2}$
02_cosmic-ray-origins/0004_blasi-2013/literature_analysis/03_test_particle_dsa.md	22	supsub	²	$^{2}$
02_cosmic-ray-origins/0004_blasi-2013/literature_analysis/03_test_particle_dsa.md	29	supsub	²	$^{2}$
02_cosmic-ray-origins/0004_blasi-2013/literature_analysis/03_test_particle_dsa.md	29	supsub	²	$^{2}$
02_cosmic-ray-origins/0004_blasi-2013/literature_analysis/03_test_particle_dsa.md	30	supsub	⁻³	$^{-3}$
02_cosmic-ray-origins/0004_blasi-2013/literature_analysis/03_test_particle_dsa.md	34	supsub	²	$^{2}$
02_cosmic-ray-origins/0004_blasi-2013/literature_analysis/03_test_particle_dsa.md	38	supsub	²	$^{2}$
02_cosmic-ray-origins/0004_blasi-2013/literature_analysis/03_test_particle_dsa.md	38	supsub	²	$^{2}$
02_cosmic-ray-origins/0004_blasi-2013/literature_analysis/03_test_particle_dsa.md	41	supsub	²	$^{2}$
02_cosmic-ray-origins/0004_blasi-2013/literature_analysis/03_test_particle_dsa.md	45	supsub	⁻²	$^{-2}$
02_cosmic-ray-origins/0004_blasi-2013/literature_analysis/03_test_particle_dsa.md	45	supsub	⁻³	$^{-3}$
02_cosmic-ray-origins/0004_blasi-2013/literature_analysis/03_test_particle_dsa.md	45	supsub	²	$^{2}$
02_cosmic-ray-origins/0004_blasi-2013/literature_analysis/03_test_particle_dsa.md	57	supsub	⁻¹	$^{-1}$
02_cosmic-ray-origins/0004_blasi-2013/literature_analysis/03_test_particle_dsa.md	68	supsub	⁻¹	$^{-1}$
02_cosmic-ray-origins/0004_blasi-2013/literature_analysis/03_test_particle_dsa.md	68	supsub	²	$^{2}$
02_cosmic-ray-origins/0004_blasi-2013/literature_analysis/03_test_particle_dsa.md	70	supsub	⁻¹	$^{-1}$
02_cosmic-ray-origins/0004_blasi-2013/literature_analysis/03_test_particle_dsa.md	70	supsub	²	$^{2}$
02_cosmic-ray-origins/0004_blasi-2013/literature_analysis/03_test_particle_dsa.md	70	supsub	⁻¹	$^{-1}$
02_cosmic-ray-origins/0004_blasi-2013/literature_analysis/03_test_particle_dsa.md	70	supsub	²	$^{2}$
02_cosmic-ray-origins/0004_blasi-2013/literature_analysis/03_test_particle_dsa.md	71	supsub	⁻³	$^{-3}$
02_cosmic-ray-origins/0004_blasi-2013/literature_analysis/03_test_particle_dsa.md	71	supsub	⁻¹	$^{-1}$
02_cosmic-ray-origins/0004_blasi-2013/literature_analysis/03_test_particle_dsa.md	71	supsub	³	$^{3}$
02_cosmic-ray-origins/0004_blasi-2013/literature_analysis/03_test_particle_dsa.md	72	supsub	²	$^{2}$
02_cosmic-ray-origins/0004_blasi-2013/literature_analysis/03_test_particle_dsa.md	72	supsub	⁻¹	$^{-1}$
02_cosmic-ray-origins/0004_blasi-2013/literature_analysis/03_test_particle_dsa.md	72	supsub	³	$^{3}$
02_cosmic-ray-origins/0004_blasi-2013/literature_analysis/03_test_particle_dsa.md	73	supsub	¹	$^{1}$
02_cosmic-ray-origins/0004_blasi-2013/literature_analysis/03_test_particle_dsa.md	73	supsub	²	$^{2}$
02_cosmic-ray-origins/0004_blasi-2013/literature_analysis/03_test_particle_dsa.md	73	supsub	⁻¹	$^{-1}$
02_cosmic-ray-origins/0004_blasi-2013/literature_analysis/03_test_particle_dsa.md	74	supsub	³	$^{3}$
02_cosmic-ray-origins/0004_blasi-2013/literature_analysis/03_test_particle_dsa.md	74	supsub	²	$^{2}$
02_cosmic-ray-origins/0004_blasi-2013/literature_analysis/03_test_particle_dsa.md	74	supsub	⁴	$^{4}$
02_cosmic-ray-origins/0004_blasi-2013/literature_analysis/03_test_particle_dsa.md	74	supsub	²	$^{2}$
02_cosmic-ray-origins/0004_blasi-2013/literature_analysis/03_test_particle_dsa.md	75	supsub	²	$^{2}$
02_cosmic-ray-origins/0004_blasi-2013/literature_analysis/03_test_particle_dsa.md	78	supsub	²	$^{2}$
02_cosmic-ray-origins/0004_blasi-2013/literature_analysis/03_test_particle_dsa.md	78	supsub	²	$^{2}$
02_cosmic-ray-origins/0004_blasi-2013/literature_analysis/03_test_particle_dsa.md	84	supsub	⁻¹	$^{-1}$
02_cosmic-ray-origins/0004_blasi-2013/literature_analysis/03_test_particle_dsa.md	97	supsub	²	$^{2}$
02_cosmic-ray-origins/0004_blasi-2013/literature_analysis/03_test_particle_dsa.md	98	supsub	²	$^{2}$
02_cosmic-ray-origins/0004_blasi-2013/literature_analysis/03_test_particle_dsa.md	113	supsub	⁻⁴	$^{-4}$
02_cosmic-ray-origins/0004_blasi-2013/literature_analysis/03_test_particle_dsa.md	113	supsub	⁻²	$^{-2}$
02_cosmic-ray-origins/0004_blasi-2013/literature_analysis/04_nl_dsa.md	23	supsub	²	$^{2}$
02_cosmic-ray-origins/0004_blasi-2013/literature_analysis/04_nl_dsa.md	28	supsub	²	$^{2}$
02_cosmic-ray-origins/0004_blasi-2013/literature_analysis/04_nl_dsa.md	37	supsub	⁻¹	$^{-1}$
02_cosmic-ray-origins/0004_blasi-2013/literature_analysis/04_nl_dsa.md	37	supsub	²	$^{2}$
02_cosmic-ray-origins/0004_blasi-2013/literature_analysis/04_nl_dsa.md	38	supsub	⁻¹	$^{-1}$
02_cosmic-ray-origins/0004_blasi-2013/literature_analysis/04_nl_dsa.md	38	supsub	⁻²	$^{-2}$
02_cosmic-ray-origins/0004_blasi-2013/literature_analysis/04_nl_dsa.md	39	supsub	⁻²	$^{-2}$
02_cosmic-ray-origins/0004_blasi-2013/literature_analysis/04_nl_dsa.md	39	supsub	⁻¹	$^{-1}$
02_cosmic-ray-origins/0004_blasi-2013/literature_analysis/04_nl_dsa.md	40	supsub	⁻¹	$^{-1}$
02_cosmic-ray-origins/0004_blasi-2013/literature_analysis/04_nl_dsa.md	40	supsub	²	$^{2}$
02_cosmic-ray-origins/0004_blasi-2013/literature_analysis/04_nl_dsa.md	41	supsub	²	$^{2}$
02_cosmic-ray-origins/0004_blasi-2013/literature_analysis/04_nl_dsa.md	42	supsub	⁻³	$^{-3}$
02_cosmic-ray-origins/0004_blasi-2013/literature_analysis/04_nl_dsa.md	42	supsub	²	$^{2}$
02_cosmic-ray-origins/0004_blasi-2013/literature_analysis/04_nl_dsa.md	44	supsub	²	$^{2}$
02_cosmic-ray-origins/0004_blasi-2013/literature_analysis/04_nl_dsa.md	45	supsub	²	$^{2}$
02_cosmic-ray-origins/0004_blasi-2013/literature_analysis/04_nl_dsa.md	48	supsub	²	$^{2}$
02_cosmic-ray-origins/0004_blasi-2013/literature_analysis/04_nl_dsa.md	48	supsub	⁻³	$^{-3}$
02_cosmic-ray-origins/0004_blasi-2013/literature_analysis/04_nl_dsa.md	51	supsub	²	$^{2}$
02_cosmic-ray-origins/0004_blasi-2013/literature_analysis/04_nl_dsa.md	53	supsub	²	$^{2}$
02_cosmic-ray-origins/0004_blasi-2013/literature_analysis/04_nl_dsa.md	56	supsub	²	$^{2}$
02_cosmic-ray-origins/0004_blasi-2013/literature_analysis/04_nl_dsa.md	60	supsub	²	$^{2}$
02_cosmic-ray-origins/0004_blasi-2013/literature_analysis/04_nl_dsa.md	61	supsub	²	$^{2}$
02_cosmic-ray-origins/0004_blasi-2013/literature_analysis/04_nl_dsa.md	77	supsub	²	$^{2}$
02_cosmic-ray-origins/0004_blasi-2013/literature_analysis/04_nl_dsa.md	78	supsub	³	$^{3}$
02_cosmic-ray-origins/0004_blasi-2013/literature_analysis/04_nl_dsa.md	85	supsub	⁻¹	$^{-1}$
02_cosmic-ray-origins/0004_blasi-2013/literature_analysis/04_nl_dsa.md	85	supsub	²	$^{2}$
02_cosmic-ray-origins/0004_blasi-2013/literature_analysis/04_nl_dsa.md	86	supsub	²	$^{2}$
02_cosmic-ray-origins/0004_blasi-2013/literature_analysis/04_nl_dsa.md	87	supsub	²	$^{2}$
02_cosmic-ray-origins/0004_blasi-2013/literature_analysis/04_nl_dsa.md	89	supsub	⁻³	$^{-3}$
02_cosmic-ray-origins/0004_blasi-2013/literature_analysis/04_nl_dsa.md	93	supsub	²	$^{2}$
02_cosmic-ray-origins/0004_blasi-2013/literature_analysis/04_nl_dsa.md	94	supsub	²	$^{2}$
02_cosmic-ray-origins/0004_blasi-2013/literature_analysis/04_nl_dsa.md	95	supsub	²	$^{2}$
02_cosmic-ray-origins/0004_blasi-2013/literature_analysis/06_indirect_evidence.md	19	supsub	²	$^{2}$
02_cosmic-ray-origins/0004_blasi-2013/literature_analysis/06_indirect_evidence.md	33	supsub	⁻⁴	$^{-4}$
02_cosmic-ray-origins/0004_blasi-2013/literature_analysis/06_indirect_evidence.md	34	supsub	⁻⁴	$^{-4}$
02_cosmic-ray-origins/0004_blasi-2013/literature_analysis/06_indirect_evidence.md	73	supsub	⁻³	$^{-3}$
02_cosmic-ray-origins/0004_blasi-2013/literature_analysis/06_indirect_evidence.md	73	supsub	²	$^{2}$
02_cosmic-ray-origins/0004_blasi-2013/literature_analysis/06_indirect_evidence.md	89	supsub	²	$^{2}$
02_cosmic-ray-origins/0004_blasi-2013/literature_analysis/06_indirect_evidence.md	89	supsub	³	$^{3}$
02_cosmic-ray-origins/0004_blasi-2013/literature_analysis/06_indirect_evidence.md	89	supsub	²	$^{2}$
02_cosmic-ray-origins/0004_blasi-2013/literature_analysis/06_indirect_evidence.md	90	supsub	⁻⁴	$^{-4}$
02_cosmic-ray-origins/0004_blasi-2013/literature_analysis/06_indirect_evidence.md	97	supsub	⁻	$^{-}$
02_cosmic-ray-origins/0004_blasi-2013/literature_analysis/06_indirect_evidence.md	97	supsub	²	$^{2}$
02_cosmic-ray-origins/0004_blasi-2013/literature_analysis/06_indirect_evidence.md	107	supsub	⁻³	$^{-3}$
02_cosmic-ray-origins/0004_blasi-2013/literature_analysis/06_indirect_evidence.md	123	supsub	⁻⁴	$^{-4}$
02_cosmic-ray-origins/0004_blasi-2013/literature_analysis/06_indirect_evidence.md	123	supsub	⁻²·⁷	$^{-2.7}$
02_cosmic-ray-origins/0004_blasi-2013/literature_analysis/06_indirect_evidence.md	123	supsub	⁻⁴	$^{-4}$
02_cosmic-ray-origins/0004_blasi-2013/literature_analysis/07_h_alpha.md	44	supsub	⁻³	$^{-3}$
02_cosmic-ray-origins/0004_blasi-2013/literature_analysis/08_conclusions.md	36	supsub	⁵	$^{5}$
02_cosmic-ray-origins/0004_blasi-2013/literature_analysis/08_conclusions.md	36	supsub-decimal	0^{18}$·$^{5}$	0^{18.5}$
02_cosmic-ray-origins/0004_blasi-2013/literature_analysis/08_conclusions.md	51	supsub	⁵	$^{5}$
02_cosmic-ray-origins/0004_blasi-2013/literature_analysis/08_conclusions.md	51	supsub-decimal	0^{18}$·$^{5}$	0^{18.5}$
02_cosmic-ray-origins/0004_blasi-2013/literature_analysis/08_conclusions.md	84	supsub	⁺	$^{+}$
02_cosmic-ray-origins/0004_blasi-2013/literature_analysis/08_conclusions.md	84	supsub	⁻	$^{-}$
02_cosmic-ray-origins/0004_blasi-2013/literature_analysis/09_figures_tables.md	20	supsub	³	$^{3}$
02_cosmic-ray-origins/0004_blasi-2013/literature_analysis/09_figures_tables.md	28	supsub	⁻²·⁷	$^{-2.7}$
02_cosmic-ray-origins/0004_blasi-2013/literature_analysis/09_figures_tables.md	28	supsub	⁻³·¹	$^{-3.1}$
02_cosmic-ray-origins/0004_blasi-2013/literature_analysis/09_figures_tables.md	69	supsub	²	$^{2}$
02_cosmic-ray-origins/0004_blasi-2013/literature_analysis/09_figures_tables.md	73	supsub	⁻	$^{-}$
02_cosmic-ray-origins/0004_blasi-2013/literature_analysis/09_figures_tables.md	93	supsub	³	$^{3}$
02_cosmic-ray-origins/0004_blasi-2013/literature_analysis/09_figures_tables.md	103	supsub	⁻²	$^{-2}$
02_cosmic-ray-origins/0004_blasi-2013/literature_analysis/09_figures_tables.md	103	supsub	⁻¹	$^{-1}$
02_cosmic-ray-origins/0004_blasi-2013/literature_analysis/09_figures_tables.md	103	supsub	⁻¹	$^{-1}$
02_cosmic-ray-origins/0004_blasi-2013/literature_analysis/09_figures_tables.md	238	supsub	⁴	$^{4}$
02_cosmic-ray-origins/0004_blasi-2013/literature_analysis/09_figures_tables.md	248	supsub	⁻⁴	$^{-4}$
02_cosmic-ray-origins/0004_blasi-2013/literature_analysis/09_figures_tables.md	275	supsub	²	$^{2}$
02_cosmic-ray-origins/0004_blasi-2013/literature_analysis/09_figures_tables.md	281	supsub	⁻³	$^{-3}$
02_cosmic-ray-origins/0004_blasi-2013/literature_analysis/09_figures_tables.md	318	supsub	⁻³	$^{-3}$
02_cosmic-ray-origins/0004_blasi-2013/literature_analysis/09_figures_tables.md	321	supsub	⁻⁴	$^{-4}$
02_cosmic-ray-origins/0004_blasi-2013/literature_analysis/09_figures_tables.md	412	supsub	⁻³	$^{-3}$
02_cosmic-ray-origins/0004_blasi-2013/literature_analysis/09_figures_tables.md	436	supsub	⁻³	$^{-3}$
02_cosmic-ray-origins/0004_blasi-2013/literature_analysis/98_vocabulary.md	21	supsub-greek	β¹	$\beta^{1}$
02_cosmic-ray-origins/0004_blasi-2013/literature_analysis/98_vocabulary.md	23	supsub	³	$^{3}$
02_cosmic-ray-origins/0004_blasi-2013/literature_analysis/98_vocabulary.md	103	supsub	⁻¹	$^{-1}$
02_cosmic-ray-origins/0004_blasi-2013/literature_analysis/98_vocabulary.md	103	supsub	²	$^{2}$
02_cosmic-ray-origins/0004_blasi-2013/literature_analysis/98_vocabulary.md	104	supsub	⁻¹	$^{-1}$
02_cosmic-ray-origins/0004_blasi-2013/literature_analysis/98_vocabulary.md	104	supsub	⁻²	$^{-2}$
02_cosmic-ray-origins/0004_blasi-2013/literature_analysis/98_vocabulary.md	105	supsub	⁻²	$^{-2}$
02_cosmic-ray-origins/0004_blasi-2013/literature_analysis/98_vocabulary.md	105	supsub	⁻¹	$^{-1}$
02_cosmic-ray-origins/0004_blasi-2013/literature_analysis/98_vocabulary.md	106	supsub	⁻¹	$^{-1}$
02_cosmic-ray-origins/0004_blasi-2013/literature_analysis/98_vocabulary.md	106	supsub	²	$^{2}$
02_cosmic-ray-origins/0004_blasi-2013/literature_analysis/98_vocabulary.md	107	supsub	²	$^{2}$
02_cosmic-ray-origins/0004_blasi-2013/literature_analysis/98_vocabulary.md	108	supsub	⁻³	$^{-3}$
02_cosmic-ray-origins/0004_blasi-2013/literature_analysis/98_vocabulary.md	108	supsub	²	$^{2}$
02_cosmic-ray-origins/0004_blasi-2013/literature_analysis/98_vocabulary.md	117	supsub	⁻³	$^{-3}$
02_cosmic-ray-origins/0004_blasi-2013/literature_analysis/98_vocabulary.md	126	supsub	⁻³	$^{-3}$
02_cosmic-ray-origins/0004_blasi-2013/literature_analysis/98_vocabulary.md	126	supsub	²	$^{2}$
02_cosmic-ray-origins/0004_blasi-2013/literature_analysis/99_final_summary.md	11	supsub	⁻⁴	$^{-4}$
02_cosmic-ray-origins/0004_blasi-2013/literature_analysis/99_final_summary.md	48	supsub	⁻⁴	$^{-4}$
02_cosmic-ray-origins/0004_blasi-2013/literature_analysis/99_final_summary.md	62	supsub	⁻⁴	$^{-4}$
02_cosmic-ray-origins/0004_blasi-2013/literature_analysis/99_final_summary.md	81	supsub	⁻⁴	$^{-4}$
02_cosmic-ray-origins/0004_blasi-2013/literature_analysis/99_final_summary.md	88	supsub	⁻⁴	$^{-4}$
02_cosmic-ray-origins/0005_amato-2014/literature_analysis/01_introduction.md	31	supsub	⁻¹	$^{-1}$
02_cosmic-ray-origins/0005_amato-2014/literature_analysis/01_introduction.md	46	supsub	²	$^{2}$
02_cosmic-ray-origins/0005_amato-2014/literature_analysis/01_introduction.md	66	supsub	⁻²·⁷	$^{-2.7}$
02_cosmic-ray-origins/0005_amato-2014/literature_analysis/01_introduction.md	88	supsub	³	$^{3}$
02_cosmic-ray-origins/0005_amato-2014/literature_analysis/01_introduction.md	97	supsub	⁻⁴	$^{-4}$
02_cosmic-ray-origins/0005_amato-2014/literature_analysis/02_snr_paradigm.md	25	supsub	²	$^{2}$
02_cosmic-ray-origins/0005_amato-2014/literature_analysis/02_snr_paradigm.md	27	supsub	⁻³	$^{-3}$
02_cosmic-ray-origins/0005_amato-2014/literature_analysis/02_snr_paradigm.md	57	supsub	⁻²	$^{-2}$
02_cosmic-ray-origins/0005_amato-2014/literature_analysis/02_snr_paradigm.md	57	supsub	⁻¹	$^{-1}$
02_cosmic-ray-origins/0005_amato-2014/literature_analysis/02_snr_paradigm.md	57	supsub	⁻¹	$^{-1}$
02_cosmic-ray-origins/0005_amato-2014/literature_analysis/02_snr_paradigm.md	71	supsub	⁻⁴	$^{-4}$
02_cosmic-ray-origins/0005_amato-2014/literature_analysis/03_test_particle_dsa.md	84	supsub	²	$^{2}$
02_cosmic-ray-origins/0005_amato-2014/literature_analysis/03_test_particle_dsa.md	84	supsub	²	$^{2}$
02_cosmic-ray-origins/0005_amato-2014/literature_analysis/03_test_particle_dsa.md	109	supsub	⁻⁴	$^{-4}$
02_cosmic-ray-origins/0005_amato-2014/literature_analysis/03_test_particle_dsa.md	109	supsub	⁻²	$^{-2}$
02_cosmic-ray-origins/0005_amato-2014/literature_analysis/03_test_particle_dsa.md	110	supsub	²	$^{2}$
02_cosmic-ray-origins/0005_amato-2014/literature_analysis/04_nl_dsa.md	15	supsub	²	$^{2}$
02_cosmic-ray-origins/0005_amato-2014/literature_analysis/04_nl_dsa.md	68	supsub	⁻⁴	$^{-4}$
02_cosmic-ray-origins/0005_amato-2014/literature_analysis/04_nl_dsa.md	69	supsub	⁻⁴	$^{-4}$
02_cosmic-ray-origins/0005_amato-2014/literature_analysis/04_nl_dsa.md	71	supsub	⁴	$^{4}$
02_cosmic-ray-origins/0005_amato-2014/literature_analysis/04_nl_dsa.md	98	supsub	⁻²	$^{-2}$
02_cosmic-ray-origins/0005_amato-2014/literature_analysis/04_nl_dsa.md	98	supsub	⁻²	$^{-2}$
02_cosmic-ray-origins/0005_amato-2014/literature_analysis/05_magnetic_field_amplification.md	23	supsub	₋₄	$_{-4}$
02_cosmic-ray-origins/0005_amato-2014/literature_analysis/05_magnetic_field_amplification.md	73	supsub	⁻³	$^{-3}$
02_cosmic-ray-origins/0005_amato-2014/literature_analysis/05_magnetic_field_amplification.md	86	supsub	²	$^{2}$
02_cosmic-ray-origins/0005_amato-2014/literature_analysis/06_escape_spectra.md	34	supsub	⁻⁴	$^{-4}$
02_cosmic-ray-origins/0005_amato-2014/literature_analysis/06_escape_spectra.md	34	supsub	⁻⁴	$^{-4}$
02_cosmic-ray-origins/0005_amato-2014/literature_analysis/06_escape_spectra.md	34	supsub	⁻⁴	$^{-4}$
02_cosmic-ray-origins/0005_amato-2014/literature_analysis/06_escape_spectra.md	44	supsub	⁻⁴	$^{-4}$
02_cosmic-ray-origins/0005_amato-2014/literature_analysis/06_escape_spectra.md	46	supsub	⁻⁴	$^{-4}$
02_cosmic-ray-origins/0005_amato-2014/literature_analysis/06_escape_spectra.md	51	supsub	⁻³	$^{-3}$
02_cosmic-ray-origins/0005_amato-2014/literature_analysis/06_escape_spectra.md	58	supsub	⁻²	$^{-2}$
02_cosmic-ray-origins/0005_amato-2014/literature_analysis/06_escape_spectra.md	59	supsub	⁻²	$^{-2}$
02_cosmic-ray-origins/0005_amato-2014/literature_analysis/06_escape_spectra.md	67	supsub	⁻²	$^{-2}$
02_cosmic-ray-origins/0005_amato-2014/literature_analysis/07_gammaray_snr.md	58	supsub	⁻²	$^{-2}$
02_cosmic-ray-origins/0005_amato-2014/literature_analysis/07_gammaray_snr.md	61	supsub	⁻³	$^{-3}$
02_cosmic-ray-origins/0005_amato-2014/literature_analysis/07_gammaray_snr.md	93	supsub	⁻²	$^{-2}$
02_cosmic-ray-origins/0005_amato-2014/literature_analysis/08_superbubble_ha.md	56	supsub	⁻²	$^{-2}$
02_cosmic-ray-origins/0005_amato-2014/literature_analysis/08_superbubble_ha.md	59	supsub	⁻³	$^{-3}$
02_cosmic-ray-origins/0005_amato-2014/literature_analysis/08_superbubble_ha.md	65	supsub	⁻³	$^{-3}$
02_cosmic-ray-origins/0005_amato-2014/literature_analysis/09_figures_tables.md	13	supsub	²	$^{2}$
02_cosmic-ray-origins/0005_amato-2014/literature_analysis/09_figures_tables.md	13	supsub	⁻²	$^{-2}$
02_cosmic-ray-origins/0005_amato-2014/literature_analysis/09_figures_tables.md	13	supsub	⁻¹	$^{-1}$
02_cosmic-ray-origins/0005_amato-2014/literature_analysis/09_figures_tables.md	13	supsub	⁻¹	$^{-1}$
02_cosmic-ray-origins/0005_amato-2014/literature_analysis/09_figures_tables.md	13	supsub	⁻¹	$^{-1}$
02_cosmic-ray-origins/0005_amato-2014/literature_analysis/09_figures_tables.md	28	supsub	²	$^{2}$
02_cosmic-ray-origins/0005_amato-2014/literature_analysis/09_figures_tables.md	28	supsub	⁻²	$^{-2}$
02_cosmic-ray-origins/0005_amato-2014/literature_analysis/09_figures_tables.md	28	supsub	⁻¹	$^{-1}$
02_cosmic-ray-origins/0005_amato-2014/literature_analysis/09_figures_tables.md	28	supsub	⁻¹	$^{-1}$
02_cosmic-ray-origins/0005_amato-2014/literature_analysis/09_figures_tables.md	55	supsub	⁻³	$^{-3}$
02_cosmic-ray-origins/0005_amato-2014/literature_analysis/09_figures_tables.md	60	supsub	⁻³	$^{-3}$
02_cosmic-ray-origins/0005_amato-2014/literature_analysis/09_figures_tables.md	63	supsub	⁻²	$^{-2}$
02_cosmic-ray-origins/0005_amato-2014/literature_analysis/09_figures_tables.md	75	supsub	⁻³	$^{-3}$
02_cosmic-ray-origins/0005_amato-2014/literature_analysis/09_figures_tables.md	80	supsub	⁻³	$^{-3}$
02_cosmic-ray-origins/0005_amato-2014/literature_analysis/09_figures_tables.md	125	supsub	⁻²	$^{-2}$
02_cosmic-ray-origins/0005_amato-2014/literature_analysis/98_vocabulary.md	13	supsub	²	$^{2}$
02_cosmic-ray-origins/0005_amato-2014/literature_analysis/98_vocabulary.md	14	supsub	⁻²	$^{-2}$
02_cosmic-ray-origins/0005_amato-2014/literature_analysis/98_vocabulary.md	15	supsub	⁻²	$^{-2}$
02_cosmic-ray-origins/0005_amato-2014/literature_analysis/98_vocabulary.md	17	supsub	⁻⁴	$^{-4}$
02_cosmic-ray-origins/0005_amato-2014/literature_analysis/98_vocabulary.md	20	supsub	⁻²	$^{-2}$
02_cosmic-ray-origins/0005_amato-2014/literature_analysis/98_vocabulary.md	86	supsub	⁻²	$^{-2}$
02_cosmic-ray-origins/0005_amato-2014/literature_analysis/98_vocabulary.md	95	supsub	⁻⁴	$^{-4}$
02_cosmic-ray-origins/0005_amato-2014/literature_analysis/98_vocabulary.md	128	supsub	²	$^{2}$
02_cosmic-ray-origins/0005_amato-2014/literature_analysis/99_final_summary.md	57	supsub	⁻²	$^{-2}$
02_cosmic-ray-origins/0005_amato-2014/literature_analysis/99_final_summary.md	66	supsub	⁻⁴	$^{-4}$
02_cosmic-ray-origins/0005_amato-2014/literature_analysis/99_final_summary.md	70	supsub	⁻²	$^{-2}$
02_cosmic-ray-origins/0005_amato-2014/literature_analysis/99_final_summary.md	90	supsub	⁻⁴	$^{-4}$
02_cosmic-ray-origins/0006_grenier-2015/literature_analysis/01_scope_and_nine_lives.md	59	supsub	⁻¹	$^{-1}$
02_cosmic-ray-origins/0006_grenier-2015/literature_analysis/01_scope_and_nine_lives.md	59	supsub	⁻¹	$^{-1}$
02_cosmic-ray-origins/0006_grenier-2015/literature_analysis/02_direct_measurements.md	37	supsub	⁻	$^{-}$
02_cosmic-ray-origins/0006_grenier-2015/literature_analysis/02_direct_measurements.md	37	supsub	⁺	$^{+}$
02_cosmic-ray-origins/0006_grenier-2015/literature_analysis/02_direct_measurements.md	38	supsub	⁻	$^{-}$
02_cosmic-ray-origins/0006_grenier-2015/literature_analysis/02_direct_measurements.md	38	supsub	⁺	$^{+}$
02_cosmic-ray-origins/0006_grenier-2015/literature_analysis/02_direct_measurements.md	39	supsub	⁻	$^{-}$
02_cosmic-ray-origins/0006_grenier-2015/literature_analysis/02_direct_measurements.md	39	supsub	⁺	$^{+}$
02_cosmic-ray-origins/0006_grenier-2015/literature_analysis/02_direct_measurements.md	40	supsub	⁻	$^{-}$
02_cosmic-ray-origins/0006_grenier-2015/literature_analysis/02_direct_measurements.md	40	supsub	⁺	$^{+}$
02_cosmic-ray-origins/0006_grenier-2015/literature_analysis/02_direct_measurements.md	41	supsub	⁻	$^{-}$
02_cosmic-ray-origins/0006_grenier-2015/literature_analysis/02_direct_measurements.md	41	supsub	⁺	$^{+}$
02_cosmic-ray-origins/0006_grenier-2015/literature_analysis/02_direct_measurements.md	42	supsub	⁻	$^{-}$
02_cosmic-ray-origins/0006_grenier-2015/literature_analysis/02_direct_measurements.md	42	supsub	⁺	$^{+}$
02_cosmic-ray-origins/0006_grenier-2015/literature_analysis/02_direct_measurements.md	134	supsub	²	$^{2}$
02_cosmic-ray-origins/0006_grenier-2015/literature_analysis/02_direct_measurements.md	134	supsub	²	$^{2}$
02_cosmic-ray-origins/0006_grenier-2015/literature_analysis/02_direct_measurements.md	134	supsub	⁻²	$^{-2}$
02_cosmic-ray-origins/0006_grenier-2015/literature_analysis/02_direct_measurements.md	134	supsub	⁻¹	$^{-1}$
02_cosmic-ray-origins/0006_grenier-2015/literature_analysis/02_direct_measurements.md	134	supsub	⁻¹	$^{-1}$
02_cosmic-ray-origins/0006_grenier-2015/literature_analysis/02_direct_measurements.md	135	supsub	⁻²	$^{-2}$
02_cosmic-ray-origins/0006_grenier-2015/literature_analysis/02_direct_measurements.md	135	supsub	⁻¹	$^{-1}$
02_cosmic-ray-origins/0006_grenier-2015/literature_analysis/02_direct_measurements.md	135	supsub	⁻¹	$^{-1}$
02_cosmic-ray-origins/0006_grenier-2015/literature_analysis/02_direct_measurements.md	135	supsub	⁻¹	$^{-1}$
02_cosmic-ray-origins/0006_grenier-2015/literature_analysis/03_propagation_physics.md	85	supsub	⁻¹	$^{-1}$
02_cosmic-ray-origins/0006_grenier-2015/literature_analysis/03_propagation_physics.md	119	supsub	³	$^{3}$
02_cosmic-ray-origins/0006_grenier-2015/literature_analysis/03_propagation_physics.md	119	supsub	⁻²	$^{-2}$
02_cosmic-ray-origins/0006_grenier-2015/literature_analysis/03_propagation_physics.md	119	supsub	⁻¹	$^{-1}$
02_cosmic-ray-origins/0006_grenier-2015/literature_analysis/03_propagation_physics.md	119	supsub	⁻¹	$^{-1}$
02_cosmic-ray-origins/0006_grenier-2015/literature_analysis/04_crwanderers.md	15	supsub	⁻²	$^{-2}$
02_cosmic-ray-origins/0006_grenier-2015/literature_analysis/04_crwanderers.md	15	supsub	⁻²	$^{-2}$
02_cosmic-ray-origins/0006_grenier-2015/literature_analysis/04_crwanderers.md	50	supsub	⁻¹	$^{-1}$
02_cosmic-ray-origins/0006_grenier-2015/literature_analysis/04_crwanderers.md	51	supsub	⁻³	$^{-3}$
02_cosmic-ray-origins/0006_grenier-2015/literature_analysis/04_crwanderers.md	54	supsub	⁻¹	$^{-1}$
02_cosmic-ray-origins/0006_grenier-2015/literature_analysis/04_crwanderers.md	60	supsub	⁻¹	$^{-1}$
02_cosmic-ray-origins/0006_grenier-2015/literature_analysis/04_crwanderers.md	161	supsub	⁻²	$^{-2}$
02_cosmic-ray-origins/0006_grenier-2015/literature_analysis/04_crwanderers.md	162	supsub	⁻²	$^{-2}$
02_cosmic-ray-origins/0006_grenier-2015/literature_analysis/04_crwanderers.md	164	supsub	⁻¹	$^{-1}$
02_cosmic-ray-origins/0006_grenier-2015/literature_analysis/04_crwanderers.md	165	supsub	⁻³	$^{-3}$
02_cosmic-ray-origins/0006_grenier-2015/literature_analysis/04_crwanderers.md	166	supsub	⁻¹	$^{-1}$
02_cosmic-ray-origins/0006_grenier-2015/literature_analysis/05_crism_interactions.md	21	supsub	⁻²	$^{-2}$
02_cosmic-ray-origins/0006_grenier-2015/literature_analysis/05_crism_interactions.md	37	supsub	⁺	$^{+}$
02_cosmic-ray-origins/0006_grenier-2015/literature_analysis/05_crism_interactions.md	37	supsub	⁻	$^{-}$
02_cosmic-ray-origins/0006_grenier-2015/literature_analysis/05_crism_interactions.md	38	supsub	⁻	$^{-}$
02_cosmic-ray-origins/0006_grenier-2015/literature_analysis/05_crism_interactions.md	50	supsub	⁻¹	$^{-1}$
02_cosmic-ray-origins/0006_grenier-2015/literature_analysis/05_crism_interactions.md	70	supsub	⁻¹	$^{-1}$
02_cosmic-ray-origins/0006_grenier-2015/literature_analysis/05_crism_interactions.md	70	supsub	⁻¹	$^{-1}$
02_cosmic-ray-origins/0006_grenier-2015/literature_analysis/05_crism_interactions.md	74	supsub	²	$^{2}$
02_cosmic-ray-origins/0006_grenier-2015/literature_analysis/05_crism_interactions.md	78	supsub	⁻²	$^{-2}$
02_cosmic-ray-origins/0006_grenier-2015/literature_analysis/05_crism_interactions.md	122	supsub	⁻	$^{-}$
02_cosmic-ray-origins/0006_grenier-2015/literature_analysis/05_crism_interactions.md	123	supsub	⁺	$^{+}$
02_cosmic-ray-origins/0006_grenier-2015/literature_analysis/05_crism_interactions.md	124	supsub	⁺	$^{+}$
02_cosmic-ray-origins/0006_grenier-2015/literature_analysis/05_crism_interactions.md	124	supsub	⁺	$^{+}$
02_cosmic-ray-origins/0006_grenier-2015/literature_analysis/05_crism_interactions.md	128	supsub	⁺	$^{+}$
02_cosmic-ray-origins/0006_grenier-2015/literature_analysis/05_crism_interactions.md	128	supsub	⁺	$^{+}$
02_cosmic-ray-origins/0006_grenier-2015/literature_analysis/05_crism_interactions.md	128	supsub	⁺	$^{+}$
02_cosmic-ray-origins/0006_grenier-2015/literature_analysis/05_crism_interactions.md	128	supsub	⁺	$^{+}$
02_cosmic-ray-origins/0006_grenier-2015/literature_analysis/05_crism_interactions.md	128	supsub	⁺	$^{+}$
02_cosmic-ray-origins/0006_grenier-2015/literature_analysis/05_crism_interactions.md	129	supsub	⁻	$^{-}$
02_cosmic-ray-origins/0006_grenier-2015/literature_analysis/05_crism_interactions.md	133	supsub	⁺	$^{+}$
02_cosmic-ray-origins/0006_grenier-2015/literature_analysis/05_crism_interactions.md	133	supsub	⁺	$^{+}$
02_cosmic-ray-origins/0006_grenier-2015/literature_analysis/05_crism_interactions.md	133	supsub	⁺	$^{+}$
02_cosmic-ray-origins/0006_grenier-2015/literature_analysis/05_crism_interactions.md	133	supsub	⁺	$^{+}$
02_cosmic-ray-origins/0006_grenier-2015/literature_analysis/05_crism_interactions.md	134	supsub	⁺	$^{+}$
02_cosmic-ray-origins/0006_grenier-2015/literature_analysis/05_crism_interactions.md	135	supsub	⁺	$^{+}$
02_cosmic-ray-origins/0006_grenier-2015/literature_analysis/05_crism_interactions.md	136	supsub	⁺	$^{+}$
02_cosmic-ray-origins/0006_grenier-2015/literature_analysis/05_crism_interactions.md	136	supsub	⁺	$^{+}$
02_cosmic-ray-origins/0006_grenier-2015/literature_analysis/05_crism_interactions.md	136	supsub	⁺	$^{+}$
02_cosmic-ray-origins/0006_grenier-2015/literature_analysis/05_crism_interactions.md	137	supsub	⁺	$^{+}$
02_cosmic-ray-origins/0006_grenier-2015/literature_analysis/05_crism_interactions.md	137	supsub	⁺	$^{+}$
02_cosmic-ray-origins/0006_grenier-2015/literature_analysis/05_crism_interactions.md	141	supsub	⁺	$^{+}$
02_cosmic-ray-origins/0006_grenier-2015/literature_analysis/05_crism_interactions.md	141	supsub	⁺	$^{+}$
02_cosmic-ray-origins/0006_grenier-2015/literature_analysis/05_crism_interactions.md	142	supsub	⁺	$^{+}$
02_cosmic-ray-origins/0006_grenier-2015/literature_analysis/05_crism_interactions.md	142	supsub	⁺	$^{+}$
02_cosmic-ray-origins/0006_grenier-2015/literature_analysis/05_crism_interactions.md	147	supsub	⁻²	$^{-2}$
02_cosmic-ray-origins/0006_grenier-2015/literature_analysis/05_crism_interactions.md	156	supsub	⁻¹	$^{-1}$
02_cosmic-ray-origins/0006_grenier-2015/literature_analysis/05_crism_interactions.md	158	supsub	⁻²	$^{-2}$
02_cosmic-ray-origins/0006_grenier-2015/literature_analysis/06_cr_stimuli.md	43	supsub	⁺	$^{+}$
02_cosmic-ray-origins/0006_grenier-2015/literature_analysis/06_cr_stimuli.md	43	supsub	⁺	$^{+}$
02_cosmic-ray-origins/0006_grenier-2015/literature_analysis/06_cr_stimuli.md	47	supsub	⁺	$^{+}$
02_cosmic-ray-origins/0006_grenier-2015/literature_analysis/06_cr_stimuli.md	47	supsub	⁺	$^{+}$
02_cosmic-ray-origins/0006_grenier-2015/literature_analysis/06_cr_stimuli.md	49	supsub	⁻¹	$^{-1}$
02_cosmic-ray-origins/0006_grenier-2015/literature_analysis/06_cr_stimuli.md	51	supsub	⁻¹	$^{-1}$
02_cosmic-ray-origins/0006_grenier-2015/literature_analysis/06_cr_stimuli.md	51	supsub	⁻²	$^{-2}$
02_cosmic-ray-origins/0006_grenier-2015/literature_analysis/06_cr_stimuli.md	51	supsub	⁻¹	$^{-1}$
02_cosmic-ray-origins/0006_grenier-2015/literature_analysis/06_cr_stimuli.md	51	supsub	⁻²	$^{-2}$
02_cosmic-ray-origins/0006_grenier-2015/literature_analysis/06_cr_stimuli.md	60	supsub	⁺	$^{+}$
02_cosmic-ray-origins/0006_grenier-2015/literature_analysis/06_cr_stimuli.md	64	supsub	⁺	$^{+}$
02_cosmic-ray-origins/0006_grenier-2015/literature_analysis/06_cr_stimuli.md	64	supsub	⁺	$^{+}$
02_cosmic-ray-origins/0006_grenier-2015/literature_analysis/06_cr_stimuli.md	64	supsub	⁺	$^{+}$
02_cosmic-ray-origins/0006_grenier-2015/literature_analysis/06_cr_stimuli.md	64	supsub	⁺	$^{+}$
02_cosmic-ray-origins/0006_grenier-2015/literature_analysis/06_cr_stimuli.md	64	supsub	⁺	$^{+}$
02_cosmic-ray-origins/0006_grenier-2015/literature_analysis/06_cr_stimuli.md	65	supsub	⁺	$^{+}$
02_cosmic-ray-origins/0006_grenier-2015/literature_analysis/06_cr_stimuli.md	66	supsub	⁺	$^{+}$
02_cosmic-ray-origins/0006_grenier-2015/literature_analysis/06_cr_stimuli.md	66	supsub	⁺	$^{+}$
02_cosmic-ray-origins/0006_grenier-2015/literature_analysis/06_cr_stimuli.md	68	supsub	⁺	$^{+}$
02_cosmic-ray-origins/0006_grenier-2015/literature_analysis/06_cr_stimuli.md	68	supsub	⁺	$^{+}$
02_cosmic-ray-origins/0006_grenier-2015/literature_analysis/06_cr_stimuli.md	70	supsub	⁺	$^{+}$
02_cosmic-ray-origins/0006_grenier-2015/literature_analysis/06_cr_stimuli.md	70	supsub	⁺	$^{+}$
02_cosmic-ray-origins/0006_grenier-2015/literature_analysis/06_cr_stimuli.md	72	supsub	⁺	$^{+}$
02_cosmic-ray-origins/0006_grenier-2015/literature_analysis/06_cr_stimuli.md	77	supsub	⁺	$^{+}$
02_cosmic-ray-origins/0006_grenier-2015/literature_analysis/06_cr_stimuli.md	77	supsub	⁺	$^{+}$
02_cosmic-ray-origins/0006_grenier-2015/literature_analysis/06_cr_stimuli.md	77	supsub	⁺	$^{+}$
02_cosmic-ray-origins/0006_grenier-2015/literature_analysis/06_cr_stimuli.md	77	supsub	⁺	$^{+}$
02_cosmic-ray-origins/0006_grenier-2015/literature_analysis/06_cr_stimuli.md	78	supsub	⁺	$^{+}$
02_cosmic-ray-origins/0006_grenier-2015/literature_analysis/06_cr_stimuli.md	78	supsub	⁺	$^{+}$
02_cosmic-ray-origins/0006_grenier-2015/literature_analysis/06_cr_stimuli.md	81	supsub	⁺	$^{+}$
02_cosmic-ray-origins/0006_grenier-2015/literature_analysis/06_cr_stimuli.md	83	supsub	⁺	$^{+}$
02_cosmic-ray-origins/0006_grenier-2015/literature_analysis/06_cr_stimuli.md	83	supsub	⁺	$^{+}$
02_cosmic-ray-origins/0006_grenier-2015/literature_analysis/06_cr_stimuli.md	83	supsub	⁺	$^{+}$
02_cosmic-ray-origins/0006_grenier-2015/literature_analysis/06_cr_stimuli.md	84	supsub	⁺	$^{+}$
02_cosmic-ray-origins/0006_grenier-2015/literature_analysis/06_cr_stimuli.md	84	supsub	⁺	$^{+}$
02_cosmic-ray-origins/0006_grenier-2015/literature_analysis/06_cr_stimuli.md	85	supsub	⁺	$^{+}$
02_cosmic-ray-origins/0006_grenier-2015/literature_analysis/06_cr_stimuli.md	86	supsub	⁺	$^{+}$
02_cosmic-ray-origins/0006_grenier-2015/literature_analysis/06_cr_stimuli.md	86	supsub	⁺	$^{+}$
02_cosmic-ray-origins/0006_grenier-2015/literature_analysis/06_cr_stimuli.md	86	supsub	⁺	$^{+}$
02_cosmic-ray-origins/0006_grenier-2015/literature_analysis/06_cr_stimuli.md	97	supsub	⁻	$^{-}$
02_cosmic-ray-origins/0006_grenier-2015/literature_analysis/06_cr_stimuli.md	101	supsub	⁻¹	$^{-1}$
02_cosmic-ray-origins/0006_grenier-2015/literature_analysis/06_cr_stimuli.md	102	supsub	⁻¹	$^{-1}$
02_cosmic-ray-origins/0006_grenier-2015/literature_analysis/06_cr_stimuli.md	103	supsub	⁻¹	$^{-1}$
02_cosmic-ray-origins/0006_grenier-2015/literature_analysis/06_cr_stimuli.md	106	supsub	⁺	$^{+}$
02_cosmic-ray-origins/0006_grenier-2015/literature_analysis/06_cr_stimuli.md	106	supsub	⁺	$^{+}$
02_cosmic-ray-origins/0006_grenier-2015/literature_analysis/06_cr_stimuli.md	106	supsub	⁻¹	$^{-1}$
02_cosmic-ray-origins/0006_grenier-2015/literature_analysis/06_cr_stimuli.md	108	supsub	⁻	$^{-}$
02_cosmic-ray-origins/0006_grenier-2015/literature_analysis/06_cr_stimuli.md	116	supsub	⁻³	$^{-3}$
02_cosmic-ray-origins/0006_grenier-2015/literature_analysis/06_cr_stimuli.md	117	supsub	⁻¹	$^{-1}$
02_cosmic-ray-origins/0006_grenier-2015/literature_analysis/06_cr_stimuli.md	120	supsub	⁻³	$^{-3}$
02_cosmic-ray-origins/0006_grenier-2015/literature_analysis/06_cr_stimuli.md	121	supsub	⁻¹	$^{-1}$
02_cosmic-ray-origins/0006_grenier-2015/literature_analysis/06_cr_stimuli.md	125	supsub	⁺	$^{+}$
02_cosmic-ray-origins/0006_grenier-2015/literature_analysis/06_cr_stimuli.md	125	supsub	⁺	$^{+}$
02_cosmic-ray-origins/0006_grenier-2015/literature_analysis/06_cr_stimuli.md	125	supsub	⁺	$^{+}$
02_cosmic-ray-origins/0006_grenier-2015/literature_analysis/06_cr_stimuli.md	127	supsub	⁺	$^{+}$
02_cosmic-ray-origins/0006_grenier-2015/literature_analysis/06_cr_stimuli.md	129	supsub	⁺	$^{+}$
02_cosmic-ray-origins/0006_grenier-2015/literature_analysis/06_cr_stimuli.md	129	supsub	⁺	$^{+}$
02_cosmic-ray-origins/0006_grenier-2015/literature_analysis/06_cr_stimuli.md	129	supsub	⁺	$^{+}$
02_cosmic-ray-origins/0006_grenier-2015/literature_analysis/06_cr_stimuli.md	131	supsub	⁺	$^{+}$
02_cosmic-ray-origins/0006_grenier-2015/literature_analysis/06_cr_stimuli.md	133	supsub	⁺	$^{+}$
02_cosmic-ray-origins/0006_grenier-2015/literature_analysis/06_cr_stimuli.md	135	supsub	⁻¹	$^{-1}$
02_cosmic-ray-origins/0006_grenier-2015/literature_analysis/06_cr_stimuli.md	139	supsub	⁺	$^{+}$
02_cosmic-ray-origins/0006_grenier-2015/literature_analysis/06_cr_stimuli.md	139	supsub	⁺	$^{+}$
02_cosmic-ray-origins/0006_grenier-2015/literature_analysis/06_cr_stimuli.md	139	supsub	⁺	$^{+}$
02_cosmic-ray-origins/0006_grenier-2015/literature_analysis/06_cr_stimuli.md	141	supsub	⁺	$^{+}$
02_cosmic-ray-origins/0006_grenier-2015/literature_analysis/06_cr_stimuli.md	143	supsub	⁺	$^{+}$
02_cosmic-ray-origins/0006_grenier-2015/literature_analysis/06_cr_stimuli.md	143	supsub	⁺	$^{+}$
02_cosmic-ray-origins/0006_grenier-2015/literature_analysis/06_cr_stimuli.md	143	supsub	⁺	$^{+}$
02_cosmic-ray-origins/0006_grenier-2015/literature_analysis/06_cr_stimuli.md	145	supsub	⁺	$^{+}$
02_cosmic-ray-origins/0006_grenier-2015/literature_analysis/06_cr_stimuli.md	147	supsub	⁺	$^{+}$
02_cosmic-ray-origins/0006_grenier-2015/literature_analysis/06_cr_stimuli.md	147	supsub	⁺	$^{+}$
02_cosmic-ray-origins/0006_grenier-2015/literature_analysis/06_cr_stimuli.md	147	supsub	⁺	$^{+}$
02_cosmic-ray-origins/0006_grenier-2015/literature_analysis/06_cr_stimuli.md	149	supsub	⁺	$^{+}$
02_cosmic-ray-origins/0006_grenier-2015/literature_analysis/06_cr_stimuli.md	149	supsub	⁺	$^{+}$
02_cosmic-ray-origins/0006_grenier-2015/literature_analysis/06_cr_stimuli.md	149	supsub	⁺	$^{+}$
02_cosmic-ray-origins/0006_grenier-2015/literature_analysis/06_cr_stimuli.md	158	supsub	⁻¹	$^{-1}$
02_cosmic-ray-origins/0006_grenier-2015/literature_analysis/06_cr_stimuli.md	159	supsub	⁻¹	$^{-1}$
02_cosmic-ray-origins/0006_grenier-2015/literature_analysis/06_cr_stimuli.md	159	supsub	⁻²	$^{-2}$
02_cosmic-ray-origins/0006_grenier-2015/literature_analysis/06_cr_stimuli.md	160	supsub	⁻¹	$^{-1}$
02_cosmic-ray-origins/0006_grenier-2015/literature_analysis/06_cr_stimuli.md	161	supsub	⁻¹	$^{-1}$
02_cosmic-ray-origins/0006_grenier-2015/literature_analysis/06_cr_stimuli.md	162	supsub	⁻¹	$^{-1}$
02_cosmic-ray-origins/0006_grenier-2015/literature_analysis/06_cr_stimuli.md	164	supsub	⁻¹	$^{-1}$
02_cosmic-ray-origins/0006_grenier-2015/literature_analysis/06_cr_stimuli.md	167	supsub	⁺	$^{+}$
02_cosmic-ray-origins/0006_grenier-2015/literature_analysis/07_tracers.md	13	supsub	⁻²	$^{-2}$
02_cosmic-ray-origins/0006_grenier-2015/literature_analysis/07_tracers.md	13	supsub	⁻¹	$^{-1}$
02_cosmic-ray-origins/0006_grenier-2015/literature_analysis/07_tracers.md	63	supsub	⁻²	$^{-2}$
02_cosmic-ray-origins/0006_grenier-2015/literature_analysis/07_tracers.md	63	supsub	⁻¹	$^{-1}$
02_cosmic-ray-origins/0006_grenier-2015/literature_analysis/07_tracers.md	63	supsub	⁻¹	$^{-1}$
02_cosmic-ray-origins/0006_grenier-2015/literature_analysis/07_tracers.md	64	supsub	⁻²	$^{-2}$
02_cosmic-ray-origins/0006_grenier-2015/literature_analysis/07_tracers.md	64	supsub	⁻¹	$^{-1}$
02_cosmic-ray-origins/0006_grenier-2015/literature_analysis/07_tracers.md	64	supsub	⁻¹	$^{-1}$
02_cosmic-ray-origins/0006_grenier-2015/literature_analysis/07_tracers.md	90	supsub	⁻	$^{-}$
02_cosmic-ray-origins/0006_grenier-2015/literature_analysis/07_tracers.md	90	supsub	⁺	$^{+}$
02_cosmic-ray-origins/0006_grenier-2015/literature_analysis/07_tracers.md	152	supsub	⁻²	$^{-2}$
02_cosmic-ray-origins/0006_grenier-2015/literature_analysis/07_tracers.md	152	supsub	⁻¹	$^{-1}$
02_cosmic-ray-origins/0006_grenier-2015/literature_analysis/07_tracers.md	152	supsub	⁻¹	$^{-1}$
02_cosmic-ray-origins/0006_grenier-2015/literature_analysis/07_tracers.md	153	supsub	⁻²	$^{-2}$
02_cosmic-ray-origins/0006_grenier-2015/literature_analysis/07_tracers.md	153	supsub	⁻¹	$^{-1}$
02_cosmic-ray-origins/0006_grenier-2015/literature_analysis/07_tracers.md	153	supsub	⁻¹	$^{-1}$
02_cosmic-ray-origins/0006_grenier-2015/literature_analysis/08_starbursts.md	102	supsub	⁻¹	$^{-1}$
02_cosmic-ray-origins/0006_grenier-2015/literature_analysis/08_starbursts.md	104	supsub	⁻¹	$^{-1}$
02_cosmic-ray-origins/0006_grenier-2015/literature_analysis/08_starbursts.md	106	supsub	⁺	$^{+}$
02_cosmic-ray-origins/0006_grenier-2015/literature_analysis/08_starbursts.md	106	supsub	⁺	$^{+}$
02_cosmic-ray-origins/0006_grenier-2015/literature_analysis/08_starbursts.md	106	supsub	⁺	$^{+}$
02_cosmic-ray-origins/0006_grenier-2015/literature_analysis/08_starbursts.md	108	supsub	⁻¹	$^{-1}$
02_cosmic-ray-origins/0006_grenier-2015/literature_analysis/08_starbursts.md	154	supsub	⁻¹	$^{-1}$
02_cosmic-ray-origins/0006_grenier-2015/literature_analysis/08_starbursts.md	155	supsub	⁻¹	$^{-1}$
02_cosmic-ray-origins/0006_grenier-2015/literature_analysis/08_starbursts.md	156	supsub	⁻¹	$^{-1}$
02_cosmic-ray-origins/0006_grenier-2015/literature_analysis/09_conclusion.md	38	supsub	⁺	$^{+}$
02_cosmic-ray-origins/0006_grenier-2015/literature_analysis/09_conclusion.md	90	supsub	⁻¹	$^{-1}$
02_cosmic-ray-origins/0006_grenier-2015/literature_analysis/09_conclusion.md	91	supsub	⁺	$^{+}$
02_cosmic-ray-origins/0006_grenier-2015/literature_analysis/09_conclusion.md	91	supsub	⁺	$^{+}$
02_cosmic-ray-origins/0006_grenier-2015/literature_analysis/09_conclusion.md	91	supsub	⁺	$^{+}$
02_cosmic-ray-origins/0006_grenier-2015/literature_analysis/09_conclusion.md	106	supsub	⁺	$^{+}$
02_cosmic-ray-origins/0006_grenier-2015/literature_analysis/98_vocabulary.md	22	supsub	⁺	$^{+}$
02_cosmic-ray-origins/0006_grenier-2015/literature_analysis/98_vocabulary.md	22	supsub	⁺	$^{+}$
02_cosmic-ray-origins/0006_grenier-2015/literature_analysis/98_vocabulary.md	22	supsub	⁺	$^{+}$
02_cosmic-ray-origins/0006_grenier-2015/literature_analysis/98_vocabulary.md	103	supsub	⁻¹	$^{-1}$
02_cosmic-ray-origins/0006_grenier-2015/literature_analysis/98_vocabulary.md	103	supsub	⁻¹	$^{-1}$
02_cosmic-ray-origins/0006_grenier-2015/literature_analysis/98_vocabulary.md	103	supsub	⁻¹	$^{-1}$
02_cosmic-ray-origins/0006_grenier-2015/literature_analysis/98_vocabulary.md	104	supsub	⁺	$^{+}$
02_cosmic-ray-origins/0006_grenier-2015/literature_analysis/98_vocabulary.md	104	supsub	⁺	$^{+}$
02_cosmic-ray-origins/0006_grenier-2015/literature_analysis/98_vocabulary.md	150	supsub	⁻¹	$^{-1}$
02_cosmic-ray-origins/0006_grenier-2015/literature_analysis/98_vocabulary.md	150	supsub	⁻³	$^{-3}$
02_cosmic-ray-origins/0006_grenier-2015/literature_analysis/98_vocabulary.md	154	supsub	⁻¹	$^{-1}$
02_cosmic-ray-origins/0006_grenier-2015/literature_analysis/98_vocabulary.md	163	supsub	⁺	$^{+}$
02_cosmic-ray-origins/0006_grenier-2015/literature_analysis/98_vocabulary.md	163	supsub	⁺	$^{+}$
02_cosmic-ray-origins/0006_grenier-2015/literature_analysis/98_vocabulary.md	163	supsub	⁺	$^{+}$
02_cosmic-ray-origins/0006_grenier-2015/literature_analysis/98_vocabulary.md	163	supsub	⁺	$^{+}$
02_cosmic-ray-origins/0006_grenier-2015/literature_analysis/99_final_summary.md	25	supsub	⁺	$^{+}$
02_cosmic-ray-origins/0006_grenier-2015/literature_analysis/99_final_summary.md	25	supsub	⁺	$^{+}$
02_cosmic-ray-origins/0006_grenier-2015/literature_analysis/99_final_summary.md	25	supsub	⁺	$^{+}$
02_cosmic-ray-origins/0006_grenier-2015/literature_analysis/99_final_summary.md	25	supsub	⁺	$^{+}$
02_cosmic-ray-origins/0006_grenier-2015/literature_analysis/99_final_summary.md	34	supsub	⁻¹	$^{-1}$
02_cosmic-ray-origins/0006_grenier-2015/literature_analysis/99_final_summary.md	34	supsub	⁻³	$^{-3}$
02_cosmic-ray-origins/0006_grenier-2015/literature_analysis/99_final_summary.md	38	supsub	⁻¹	$^{-1}$
02_cosmic-ray-origins/0006_grenier-2015/literature_analysis/99_final_summary.md	43	supsub	⁺	$^{+}$
02_cosmic-ray-origins/0006_grenier-2015/literature_analysis/99_final_summary.md	53	supsub	⁺	$^{+}$
02_cosmic-ray-origins/0006_grenier-2015/literature_analysis/99_final_summary.md	53	supsub	⁺	$^{+}$
02_cosmic-ray-origins/0006_grenier-2015/literature_analysis/99_final_summary.md	63	supsub	⁻¹	$^{-1}$
02_cosmic-ray-origins/0006_grenier-2015/literature_analysis/99_final_summary.md	63	supsub	⁻¹	$^{-1}$
02_cosmic-ray-origins/0006_grenier-2015/literature_analysis/99_final_summary.md	63	supsub	⁻¹	$^{-1}$
02_cosmic-ray-origins/0006_grenier-2015/literature_analysis/99_final_summary.md	64	supsub	⁺	$^{+}$
02_cosmic-ray-origins/0006_grenier-2015/literature_analysis/99_final_summary.md	64	supsub	⁺	$^{+}$
02_cosmic-ray-origins/0006_grenier-2015/literature_analysis/99_final_summary.md	86	supsub	⁺	$^{+}$
02_cosmic-ray-origins/0006_grenier-2015/literature_analysis/99_final_summary.md	94	supsub	⁺	$^{+}$
02_cosmic-ray-origins/0006_grenier-2015/literature_analysis/99_final_summary.md	94	supsub	⁻	$^{-}$
02_cosmic-ray-origins/0006_grenier-2015/literature_analysis/99_final_summary.md	94	supsub	⁻	$^{-}$
02_cosmic-ray-origins/0006_grenier-2015/literature_analysis/99_final_summary.md	95	supsub	⁻¹	$^{-1}$
02_cosmic-ray-origins/0006_grenier-2015/literature_analysis/99_final_summary.md	108	supsub	⁺	$^{+}$
02_cosmic-ray-origins/0007_biermann-1996/literature_analysis/01_main_text.md	212	supsub	²	$^{2}$
02_cosmic-ray-origins/0007_biermann-1996/literature_analysis/01_main_text.md	233	supsub	²	$^{2}$
02_cosmic-ray-origins/0007_biermann-1996/literature_analysis/01_main_text.md	313	supsub	²	$^{2}$
02_cosmic-ray-origins/0007_biermann-1996/literature_analysis/01_main_text.md	429	supsub	²	$^{2}$
02_cosmic-ray-origins/0007_biermann-1996/literature_analysis/98_vocabulary.md	16	supsub	²	$^{2}$
02_cosmic-ray-origins/0007_biermann-1996/literature_analysis/99_final_summary.md	23	supsub	²	$^{2}$
02_cosmic-ray-origins/0007_biermann-1996/literature_analysis/99_final_summary.md	23	supsub	²	$^{2}$
02_cosmic-ray-origins/0007_biermann-1996/literature_analysis/99_final_summary.md	33	supsub	²	$^{2}$
02_cosmic-ray-origins/0007_biermann-1996/literature_analysis/99_final_summary.md	61	supsub	²	$^{2}$
02_cosmic-ray-origins/0007_biermann-1996/literature_analysis/99_final_summary.md	61	supsub	²	$^{2}$
02_cosmic-ray-origins/0007_biermann-1996/literature_analysis/99_final_summary.md	62	supsub	²	$^{2}$
02_cosmic-ray-origins/0007_biermann-1996/literature_analysis/99_final_summary.md	90	supsub	²	$^{2}$
02_cosmic-ray-origins/0007_biermann-1996/literature_analysis/99_final_summary.md	91	supsub	²	$^{2}$
02_cosmic-ray-origins/0008_bell-1978/literature_analysis/03_alfven_waves.md	79	supsub	⁻³	$^{-3}$
02_cosmic-ray-origins/0008_bell-1978/literature_analysis/97_quality_check.md	74	supsub	⁻³	$^{-3}$
02_cosmic-ray-origins/0009_blandford-ostriker-1978/literature_analysis/01_introduction.md	94	supsub	³	$^{3}$
02_cosmic-ray-origins/0009_blandford-ostriker-1978/literature_analysis/04_extragalactic_radio_sources.md	77	supsub	³	$^{3}$
02_cosmic-ray-origins/0009_blandford-ostriker-1978/literature_analysis/98_vocabulary.md	19	supsub	²	$^{2}$
02_cosmic-ray-origins/0009_blandford-ostriker-1978/literature_analysis/99_final_summary.md	10	supsub	³	$^{3}$
02_cosmic-ray-origins/0009_blandford-ostriker-1978/literature_analysis/99_final_summary.md	70	supsub	³	$^{3}$
02_cosmic-ray-origins/0009_blandford-ostriker-1978/literature_analysis/99_final_summary.md	71	supsub	³	$^{3}$
02_cosmic-ray-origins/0009_blandford-ostriker-1978/literature_analysis/99_final_summary.md	78	supsub	⁻³	$^{-3}$
02_cosmic-ray-origins/0009_blandford-ostriker-1978/literature_analysis/99_final_summary.md	78	supsub	⁻¹	$^{-1}$
02_cosmic-ray-origins/0010_blandford-eichler-1987/literature_analysis/02_observational_background.md	33	supsub	³	$^{3}$
02_cosmic-ray-origins/0010_blandford-eichler-1987/literature_analysis/02_observational_background.md	145	supsub	²	$^{2}$
02_cosmic-ray-origins/0010_blandford-eichler-1987/literature_analysis/02_observational_background.md	154	supsub	³	$^{3}$
02_cosmic-ray-origins/0010_blandford-eichler-1987/literature_analysis/02_observational_background.md	155	supsub	³	$^{3}$
02_cosmic-ray-origins/0010_blandford-eichler-1987/literature_analysis/02_observational_background.md	158	supsub	⁻¹	$^{-1}$
02_cosmic-ray-origins/0010_blandford-eichler-1987/literature_analysis/02_observational_background.md	160	supsub	²	$^{2}$
02_cosmic-ray-origins/0010_blandford-eichler-1987/literature_analysis/04_test_particle_approximation.md	169	supsub	²	$^{2}$
02_cosmic-ray-origins/0010_blandford-eichler-1987/literature_analysis/04_test_particle_approximation.md	169	supsub	₋²	$_{-}^{2}$
02_cosmic-ray-origins/0010_blandford-eichler-1987/literature_analysis/97_quality_check.md	38	supsub	²	$^{2}$
02_cosmic-ray-origins/0010_blandford-eichler-1987/literature_analysis/97_quality_check.md	79	supsub	³	$^{3}$
02_cosmic-ray-origins/0010_blandford-eichler-1987/literature_analysis/97_quality_check.md	83	supsub	²	$^{2}$
02_cosmic-ray-origins/0010_blandford-eichler-1987/literature_analysis/99_final_summary.md	74	supsub	³	$^{3}$
02_cosmic-ray-origins/0010_blandford-eichler-1987/literature_analysis/99_final_summary.md	81	supsub	²	$^{2}$
02_cosmic-ray-origins/0012_gabici-2019/literature_analysis/02_orthodoxy.md	20	supsub-greek	π⁰	$\pi^{0}$
02_cosmic-ray-origins/0012_gabici-2019/literature_analysis/02_orthodoxy.md	28	supsub	²	$^{2}$
02_cosmic-ray-origins/0012_gabici-2019/literature_analysis/02_orthodoxy.md	44	isotope	¹⁰Be	$^{10}{\rm Be}$
02_cosmic-ray-origins/0012_gabici-2019/literature_analysis/02_orthodoxy.md	45	isotope	¹⁰Be	$^{10}{\rm Be}$
02_cosmic-ray-origins/0012_gabici-2019/literature_analysis/02_orthodoxy.md	45	isotope	¹⁰Be	^{10}{\rm Be}
02_cosmic-ray-origins/0012_gabici-2019/literature_analysis/02_orthodoxy.md	46	isotope	¹⁰Be	$^{10}{\rm Be}$
02_cosmic-ray-origins/0012_gabici-2019/literature_analysis/02_orthodoxy.md	46	isotope	¹⁰Be	^{10}{\rm Be}
02_cosmic-ray-origins/0012_gabici-2019/literature_analysis/02_orthodoxy.md	52	supsub	²	$^{2}$
02_cosmic-ray-origins/0012_gabici-2019/literature_analysis/02_orthodoxy.md	74	supsub	⁻³	$^{-3}$
02_cosmic-ray-origins/0012_gabici-2019/literature_analysis/02_orthodoxy.md	83	supsub-greek	π⁰	$\pi^{0}$
02_cosmic-ray-origins/0012_gabici-2019/literature_analysis/02_orthodoxy.md	90	supsub-greek	π⁰	$\pi^{0}$
02_cosmic-ray-origins/0012_gabici-2019/literature_analysis/03_observations_confront.md	139	supsub-greek	π⁰	$\pi^{0}$
02_cosmic-ray-origins/0012_gabici-2019/literature_analysis/03_observations_confront.md	144	isotope	¹⁰Be	$^{10}{\rm Be}$
02_cosmic-ray-origins/0012_gabici-2019/literature_analysis/04_open_problems.md	45	supsub-greek	π⁰	$\pi^{0}$
02_cosmic-ray-origins/0012_gabici-2019/literature_analysis/04_open_problems.md	62	isotope	²²Ne	$^{22}{\rm Ne}$
02_cosmic-ray-origins/0012_gabici-2019/literature_analysis/04_open_problems.md	63	isotope	⁵⁸Fe	$^{58}{\rm Fe}$
02_cosmic-ray-origins/0012_gabici-2019/literature_analysis/04_open_problems.md	63	isotope	⁵⁶Fe	$^{56}{\rm Fe}$
02_cosmic-ray-origins/0012_gabici-2019/literature_analysis/04_open_problems.md	71	isotope	⁶⁰Fe	$^{60}{\rm Fe}$
02_cosmic-ray-origins/0012_gabici-2019/literature_analysis/04_open_problems.md	73	isotope	⁶⁰Fe	$^{60}{\rm Fe}$
02_cosmic-ray-origins/0012_gabici-2019/literature_analysis/04_open_problems.md	75	isotope	⁶⁰Fe	$^{60}{\rm Fe}$
02_cosmic-ray-origins/0012_gabici-2019/literature_analysis/04_open_problems.md	77	isotope	⁶⁰Fe	$^{60}{\rm Fe}$
02_cosmic-ray-origins/0012_gabici-2019/literature_analysis/05_conclusions.md	60	isotope	¹⁰Be	$^{10}{\rm Be}$
02_cosmic-ray-origins/0012_gabici-2019/literature_analysis/05_conclusions.md	60	isotope	¹⁰Be	$^{10}{\rm Be}$
02_cosmic-ray-origins/0012_gabici-2019/literature_analysis/97_quality_check.md	22	supsub	³	$^{3}$
02_cosmic-ray-origins/0012_gabici-2019/literature_analysis/97_quality_check.md	25	supsub	²	$^{2}$
02_cosmic-ray-origins/0012_gabici-2019/literature_analysis/97_quality_check.md	27	supsub	²	$^{2}$
02_cosmic-ray-origins/0012_gabici-2019/literature_analysis/97_quality_check.md	58	supsub	²	$^{2}$
02_cosmic-ray-origins/0012_gabici-2019/literature_analysis/97_quality_check.md	69	isotope	⁶⁰Fe	$^{60}{\rm Fe}$
02_cosmic-ray-origins/0012_gabici-2019/literature_analysis/98_vocabulary.md	30	isotope	¹⁰Be	$^{10}{\rm Be}$
02_cosmic-ray-origins/0012_gabici-2019/literature_analysis/98_vocabulary.md	49	supsub-greek	π⁰	$\pi^{0}$
02_cosmic-ray-origins/0012_gabici-2019/literature_analysis/98_vocabulary.md	50	supsub	⁻³	$^{-3}$
02_cosmic-ray-origins/0012_gabici-2019/literature_analysis/98_vocabulary.md	51	supsub	¹⁸	$^{18}$
02_cosmic-ray-origins/0012_gabici-2019/literature_analysis/98_vocabulary.md	52	supsub	¹⁷	$^{17}$
02_cosmic-ray-origins/0012_gabici-2019/literature_analysis/99_final_summary.md	14	supsub	²	$^{2}$
02_cosmic-ray-origins/0012_gabici-2019/literature_analysis/99_final_summary.md	60	isotope	⁶⁰Fe	$^{60}{\rm Fe}$
02_cosmic-ray-origins/0014_alvesbatista-2019/literature_analysis/03_open_questions.md	462	skip	±²	²
02_cosmic-ray-origins/0014_alvesbatista-2019/literature_analysis/03_open_questions.md	462	supsub	²	$^{2}$
02_cosmic-ray-origins/0014_alvesbatista-2019/literature_analysis/03_open_questions.md	462	supsub	²	$^{2}$
02_cosmic-ray-origins/0014_alvesbatista-2019/literature_analysis/03_open_questions.md	463	supsub	²	$^{2}$
02_cosmic-ray-origins/0014_alvesbatista-2019/literature_analysis/03_open_questions.md	469	supsub	³	$^{3}$
02_cosmic-ray-origins/0014_alvesbatista-2019/literature_analysis/04_conclusions_and_perspectives.md	30	supsub	²	$^{2}$
02_cosmic-ray-origins/0014_alvesbatista-2019/literature_analysis/04_conclusions_and_perspectives.md	60	supsub	²	$^{2}$
02_cosmic-ray-origins/0014_alvesbatista-2019/literature_analysis/04_conclusions_and_perspectives.md	66	supsub	²	$^{2}$
02_cosmic-ray-origins/0014_alvesbatista-2019/literature_analysis/04_conclusions_and_perspectives.md	170	supsub	²	$^{2}$
02_cosmic-ray-origins/0014_alvesbatista-2019/literature_analysis/04_conclusions_and_perspectives.md	172	supsub	²	$^{2}$
02_cosmic-ray-origins/0014_alvesbatista-2019/literature_analysis/04_conclusions_and_perspectives.md	296	supsub	²	$^{2}$
02_cosmic-ray-origins/0014_alvesbatista-2019/literature_analysis/04_conclusions_and_perspectives.md	296	supsub	²	$^{2}$
02_cosmic-ray-origins/0014_alvesbatista-2019/literature_analysis/04_conclusions_and_perspectives.md	344	supsub	²	$^{2}$
02_cosmic-ray-origins/0015_telescope-array-2023/literature_analysis/05_conclusions.md	39	supsub	¹⁹	$^{19}$
02_cosmic-ray-origins/0015_telescope-array-2023/literature_analysis/98_vocabulary.md	26	supsub	⁷	$^{7}$
02_cosmic-ray-origins/0015_telescope-array-2023/literature_analysis/98_vocabulary.md	35	supsub	¹⁸	$^{18}$
02_cosmic-ray-origins/0015_telescope-array-2023/literature_analysis/98_vocabulary.md	36	supsub	¹⁸	$^{18}$
02_cosmic-ray-origins/0015_telescope-array-2023/literature_analysis/98_vocabulary.md	41	supsub	₈₀₀	$_{800}$
03_stellar-nucleosynthesis/0001_b2fh-1957/literature_analysis/00_overview.md	52	supsub	⁹⁹	$^{99}$
03_stellar-nucleosynthesis/0001_b2fh-1957/literature_analysis/00_overview.md	105	supsub	²³⁵	$^{235}$
03_stellar-nucleosynthesis/0001_b2fh-1957/literature_analysis/00_overview.md	105	supsub	²³⁸	$^{238}$
03_stellar-nucleosynthesis/0001_b2fh-1957/literature_analysis/00_overview.md	123	supsub	²⁵⁴	$^{254}$
03_stellar-nucleosynthesis/0001_b2fh-1957/literature_analysis/00_overview.md	136	supsub	⁴	$^{4}$
03_stellar-nucleosynthesis/0001_b2fh-1957/literature_analysis/00_overview.md	137	supsub	³	$^{3}$
03_stellar-nucleosynthesis/0001_b2fh-1957/literature_analysis/00_overview.md	138	supsub	²⁰	$^{20}$
03_stellar-nucleosynthesis/0001_b2fh-1957/literature_analysis/00_overview.md	140	supsub	⁹⁹	$^{99}$
03_stellar-nucleosynthesis/0001_b2fh-1957/literature_analysis/00_overview.md	151	supsub	⁹⁹	$^{99}$
03_stellar-nucleosynthesis/0001_b2fh-1957/literature_analysis/00_overview.md	154	supsub	²⁵⁴	$^{254}$
03_stellar-nucleosynthesis/0001_b2fh-1957/literature_analysis/00_overview.md	168	supsub	⁵⁶	$^{56}$
03_stellar-nucleosynthesis/0001_b2fh-1957/literature_analysis/01_introduction.md	44	supsub	¹⁴	$^{14}$
03_stellar-nucleosynthesis/0001_b2fh-1957/literature_analysis/01_introduction.md	44	supsub	⁹⁸	$^{98}$
03_stellar-nucleosynthesis/0001_b2fh-1957/literature_analysis/01_introduction.md	66	supsub	⁵⁶	$^{56}$
03_stellar-nucleosynthesis/0001_b2fh-1957/literature_analysis/01_introduction.md	66	supsub	⁵⁶	$^{56}$
03_stellar-nucleosynthesis/0001_b2fh-1957/literature_analysis/01_introduction.md	93	supsub	⁹⁹	$^{99}$
03_stellar-nucleosynthesis/0001_b2fh-1957/literature_analysis/01_introduction.md	120	supsub	⁴	$^{4}$
03_stellar-nucleosynthesis/0001_b2fh-1957/literature_analysis/01_introduction.md	121	supsub	¹²	$^{12}$
03_stellar-nucleosynthesis/0001_b2fh-1957/literature_analysis/01_introduction.md	121	supsub	¹⁴	$^{14}$
03_stellar-nucleosynthesis/0001_b2fh-1957/literature_analysis/01_introduction.md	121	supsub	¹⁶	$^{16}$
03_stellar-nucleosynthesis/0001_b2fh-1957/literature_analysis/01_introduction.md	125	supsub	⁵⁶	$^{56}$
03_stellar-nucleosynthesis/0001_b2fh-1957/literature_analysis/01_introduction.md	126	supsub	⁵⁶	$^{56}$
03_stellar-nucleosynthesis/0001_b2fh-1957/literature_analysis/01_introduction.md	128	supsub	⁹⁹	$^{99}$
03_stellar-nucleosynthesis/0001_b2fh-1957/literature_analysis/01_introduction.md	175	supsub	⁹⁹	$^{99}$
03_stellar-nucleosynthesis/0001_b2fh-1957/literature_analysis/02_physical_processes.md	17	supsub	⁴	$^{4}$
03_stellar-nucleosynthesis/0001_b2fh-1957/literature_analysis/02_physical_processes.md	69	supsub	⁶	$^{6}$
03_stellar-nucleosynthesis/0001_b2fh-1957/literature_analysis/02_physical_processes.md	75	supsub	⁷⁸	$^{78}$
03_stellar-nucleosynthesis/0001_b2fh-1957/literature_analysis/02_physical_processes.md	75	supsub	⁸⁰	$^{80}$
03_stellar-nucleosynthesis/0001_b2fh-1957/literature_analysis/02_physical_processes.md	75	supsub	⁷⁶	$^{76}$
03_stellar-nucleosynthesis/0001_b2fh-1957/literature_analysis/02_physical_processes.md	75	supsub	⁷⁸	$^{78}$
03_stellar-nucleosynthesis/0001_b2fh-1957/literature_analysis/02_physical_processes.md	99	supsub	³	$^{3}$
03_stellar-nucleosynthesis/0001_b2fh-1957/literature_analysis/02_physical_processes.md	117	supsub	²⁵⁴	$^{254}$
03_stellar-nucleosynthesis/0001_b2fh-1957/literature_analysis/02_physical_processes.md	124	supsub	⁷⁸	$^{78}$
03_stellar-nucleosynthesis/0001_b2fh-1957/literature_analysis/02_physical_processes.md	129	supsub	¹⁴⁷	$^{147}$
03_stellar-nucleosynthesis/0001_b2fh-1957/literature_analysis/02_physical_processes.md	130	supsub	¹⁴⁷	$^{147}$
03_stellar-nucleosynthesis/0001_b2fh-1957/literature_analysis/02_physical_processes.md	151	supsub	⁷⁸	$^{78}$
03_stellar-nucleosynthesis/0001_b2fh-1957/literature_analysis/02_physical_processes.md	153	supsub	⁸⁰	$^{80}$
03_stellar-nucleosynthesis/0001_b2fh-1957/literature_analysis/02_physical_processes.md	153	supsub	⁸⁰	$^{80}$
03_stellar-nucleosynthesis/0001_b2fh-1957/literature_analysis/02_physical_processes.md	153	supsub	⁷⁸	$^{78}$
03_stellar-nucleosynthesis/0001_b2fh-1957/literature_analysis/02_physical_processes.md	153	supsub	⁷⁸	$^{78}$
03_stellar-nucleosynthesis/0001_b2fh-1957/literature_analysis/02_physical_processes.md	154	supsub	⁸²	$^{82}$
03_stellar-nucleosynthesis/0001_b2fh-1957/literature_analysis/02_physical_processes.md	154	supsub	⁸²	$^{82}$
03_stellar-nucleosynthesis/0001_b2fh-1957/literature_analysis/02_physical_processes.md	154	supsub	⁸⁰	$^{80}$
03_stellar-nucleosynthesis/0001_b2fh-1957/literature_analysis/02_physical_processes.md	154	supsub	⁸⁰	$^{80}$
03_stellar-nucleosynthesis/0001_b2fh-1957/literature_analysis/02_physical_processes.md	154	supsub	⁸¹	$^{81}$
03_stellar-nucleosynthesis/0001_b2fh-1957/literature_analysis/02_physical_processes.md	154	supsub	⁸¹	$^{81}$
03_stellar-nucleosynthesis/0001_b2fh-1957/literature_analysis/02_physical_processes.md	156	supsub	⁷⁸	$^{78}$
03_stellar-nucleosynthesis/0001_b2fh-1957/literature_analysis/02_physical_processes.md	160	supsub	⁷⁸	$^{78}$
03_stellar-nucleosynthesis/0001_b2fh-1957/literature_analysis/02_physical_processes.md	160	supsub	⁷⁸	$^{78}$
03_stellar-nucleosynthesis/0001_b2fh-1957/literature_analysis/02_physical_processes.md	160	supsub	⁸⁰	$^{80}$
03_stellar-nucleosynthesis/0001_b2fh-1957/literature_analysis/02_physical_processes.md	160	supsub	⁸⁰	$^{80}$
03_stellar-nucleosynthesis/0001_b2fh-1957/literature_analysis/02_physical_processes.md	160	supsub	⁷⁸	$^{78}$
03_stellar-nucleosynthesis/0001_b2fh-1957/literature_analysis/02_physical_processes.md	160	supsub	⁸⁰	$^{80}$
03_stellar-nucleosynthesis/0001_b2fh-1957/literature_analysis/02_physical_processes.md	164	supsub	⁷⁸	$^{78}$
03_stellar-nucleosynthesis/0001_b2fh-1957/literature_analysis/02_physical_processes.md	165	supsub	⁵⁶	$^{56}$
03_stellar-nucleosynthesis/0001_b2fh-1957/literature_analysis/02_physical_processes.md	172	supsub	⁹⁹	$^{99}$
03_stellar-nucleosynthesis/0001_b2fh-1957/literature_analysis/02_physical_processes.md	173	supsub	²⁵⁴	$^{254}$
03_stellar-nucleosynthesis/0001_b2fh-1957/literature_analysis/02_physical_processes.md	188	supsub	⁹⁹	$^{99}$
03_stellar-nucleosynthesis/0001_b2fh-1957/literature_analysis/02_physical_processes.md	194	supsub	²⁵⁴	$^{254}$
03_stellar-nucleosynthesis/0001_b2fh-1957/literature_analysis/02_physical_processes.md	194	supsub	²⁵⁴	$^{254}$
03_stellar-nucleosynthesis/0001_b2fh-1957/literature_analysis/02_physical_processes.md	194	supsub	²⁵⁴	$^{254}$
03_stellar-nucleosynthesis/0001_b2fh-1957/literature_analysis/03_figures.md	25	supsub	²⁵⁴	$^{254}$
03_stellar-nucleosynthesis/0001_b2fh-1957/literature_analysis/03_figures.md	34	supsub	³	$^{3}$
03_stellar-nucleosynthesis/0001_b2fh-1957/literature_analysis/03_figures.md	43	supsub	¹²	$^{12}$
03_stellar-nucleosynthesis/0001_b2fh-1957/literature_analysis/03_figures.md	43	supsub	¹³	$^{13}$
03_stellar-nucleosynthesis/0001_b2fh-1957/literature_analysis/03_figures.md	43	supsub	¹⁴	$^{14}$
03_stellar-nucleosynthesis/0001_b2fh-1957/literature_analysis/03_figures.md	43	supsub	¹⁵	$^{15}$
03_stellar-nucleosynthesis/0001_b2fh-1957/literature_analysis/03_figures.md	43	supsub	²⁰	$^{20}$
03_stellar-nucleosynthesis/0001_b2fh-1957/literature_analysis/03_figures.md	43	supsub	²³	$^{23}$
03_stellar-nucleosynthesis/0001_b2fh-1957/literature_analysis/03_figures.md	44	supsub	¹⁴	$^{14}$
03_stellar-nucleosynthesis/0001_b2fh-1957/literature_analysis/03_figures.md	44	supsub	¹⁵	$^{15}$
03_stellar-nucleosynthesis/0001_b2fh-1957/literature_analysis/03_figures.md	51	supsub	¹²	$^{12}$
03_stellar-nucleosynthesis/0001_b2fh-1957/literature_analysis/03_figures.md	51	supsub	¹⁶	$^{16}$
03_stellar-nucleosynthesis/0001_b2fh-1957/literature_analysis/03_figures.md	51	supsub	¹⁶	$^{16}$
03_stellar-nucleosynthesis/0001_b2fh-1957/literature_analysis/03_figures.md	51	supsub	²⁰	$^{20}$
03_stellar-nucleosynthesis/0001_b2fh-1957/literature_analysis/03_figures.md	51	supsub	²⁰	$^{20}$
03_stellar-nucleosynthesis/0001_b2fh-1957/literature_analysis/03_figures.md	51	supsub	²⁴	$^{24}$
03_stellar-nucleosynthesis/0001_b2fh-1957/literature_analysis/03_figures.md	53	supsub	¹²	$^{12}$
03_stellar-nucleosynthesis/0001_b2fh-1957/literature_analysis/03_figures.md	53	supsub	¹⁶	$^{16}$
03_stellar-nucleosynthesis/0001_b2fh-1957/literature_analysis/03_figures.md	53	supsub	¹⁶	$^{16}$
03_stellar-nucleosynthesis/0001_b2fh-1957/literature_analysis/03_figures.md	53	supsub	²⁰	$^{20}$
03_stellar-nucleosynthesis/0001_b2fh-1957/literature_analysis/03_figures.md	53	supsub	²⁰	$^{20}$
03_stellar-nucleosynthesis/0001_b2fh-1957/literature_analysis/03_figures.md	53	supsub	²⁴	$^{24}$
03_stellar-nucleosynthesis/0001_b2fh-1957/literature_analysis/03_figures.md	53	supsub	¹²	$^{12}$
03_stellar-nucleosynthesis/0001_b2fh-1957/literature_analysis/03_figures.md	53	supsub	¹⁶	$^{16}$
03_stellar-nucleosynthesis/0001_b2fh-1957/literature_analysis/03_figures.md	53	supsub	²⁰	$^{20}$
03_stellar-nucleosynthesis/0001_b2fh-1957/literature_analysis/03_figures.md	53	supsub	²⁴	$^{24}$
03_stellar-nucleosynthesis/0001_b2fh-1957/literature_analysis/03_figures.md	58	supsub	¹²	$^{12}$
03_stellar-nucleosynthesis/0001_b2fh-1957/literature_analysis/03_figures.md	58	supsub	¹⁴	$^{14}$
03_stellar-nucleosynthesis/0001_b2fh-1957/literature_analysis/03_figures.md	58	supsub	¹²	$^{12}$
03_stellar-nucleosynthesis/0001_b2fh-1957/literature_analysis/03_figures.md	58	supsub	¹⁴	$^{14}$
03_stellar-nucleosynthesis/0001_b2fh-1957/literature_analysis/03_figures.md	60	supsub	¹²	$^{12}$
03_stellar-nucleosynthesis/0001_b2fh-1957/literature_analysis/03_figures.md	60	supsub	¹⁴	$^{14}$
03_stellar-nucleosynthesis/0001_b2fh-1957/literature_analysis/03_figures.md	61	supsub	¹²	$^{12}$
03_stellar-nucleosynthesis/0001_b2fh-1957/literature_analysis/03_figures.md	61	supsub	¹³	$^{13}$
03_stellar-nucleosynthesis/0001_b2fh-1957/literature_analysis/03_figures.md	61	supsub	¹⁴	$^{14}$
03_stellar-nucleosynthesis/0001_b2fh-1957/literature_analysis/03_figures.md	61	supsub	¹⁵	$^{15}$
03_stellar-nucleosynthesis/0001_b2fh-1957/literature_analysis/03_figures.md	62	supsub	¹²	$^{12}$
03_stellar-nucleosynthesis/0001_b2fh-1957/literature_analysis/03_figures.md	62	supsub	¹⁴	$^{14}$
03_stellar-nucleosynthesis/0001_b2fh-1957/literature_analysis/03_figures.md	62	supsub	¹⁴	$^{14}$
03_stellar-nucleosynthesis/0001_b2fh-1957/literature_analysis/03_figures.md	63	supsub	¹⁴	$^{14}$
03_stellar-nucleosynthesis/0001_b2fh-1957/literature_analysis/03_figures.md	70	supsub	⁵⁶	$^{56}$
03_stellar-nucleosynthesis/0001_b2fh-1957/literature_analysis/03_figures.md	71	supsub	⁵⁶	$^{56}$
03_stellar-nucleosynthesis/0001_b2fh-1957/literature_analysis/03_figures.md	71	supsub	⁵⁴	$^{54}$
03_stellar-nucleosynthesis/0001_b2fh-1957/literature_analysis/03_figures.md	71	supsub	⁵⁸	$^{58}$
03_stellar-nucleosynthesis/0001_b2fh-1957/literature_analysis/03_figures.md	71	supsub	⁶⁰	$^{60}$
03_stellar-nucleosynthesis/0001_b2fh-1957/literature_analysis/03_figures.md	71	supsub	⁵²	$^{52}$
03_stellar-nucleosynthesis/0001_b2fh-1957/literature_analysis/03_figures.md	71	supsub	⁵⁵	$^{55}$
03_stellar-nucleosynthesis/0001_b2fh-1957/literature_analysis/03_figures.md	72	supsub	⁵⁶	$^{56}$
03_stellar-nucleosynthesis/0001_b2fh-1957/literature_analysis/03_figures.md	88	supsub	²³	$^{23}$
03_stellar-nucleosynthesis/0001_b2fh-1957/literature_analysis/03_figures.md	88	supsub	²⁵	$^{25}$
03_stellar-nucleosynthesis/0001_b2fh-1957/literature_analysis/03_figures.md	88	supsub	²⁶	$^{26}$
03_stellar-nucleosynthesis/0001_b2fh-1957/literature_analysis/03_figures.md	88	supsub	²⁷	$^{27}$
03_stellar-nucleosynthesis/0001_b2fh-1957/literature_analysis/03_figures.md	88	supsub	²⁹	$^{29}$
03_stellar-nucleosynthesis/0001_b2fh-1957/literature_analysis/03_figures.md	88	supsub	³⁰	$^{30}$
03_stellar-nucleosynthesis/0001_b2fh-1957/literature_analysis/03_figures.md	88	supsub	³¹	$^{31}$
03_stellar-nucleosynthesis/0001_b2fh-1957/literature_analysis/03_figures.md	88	supsub	³³	$^{33}$
03_stellar-nucleosynthesis/0001_b2fh-1957/literature_analysis/03_figures.md	88	supsub	³⁴	$^{34}$
03_stellar-nucleosynthesis/0001_b2fh-1957/literature_analysis/03_figures.md	88	supsub	³⁵	$^{35}$
03_stellar-nucleosynthesis/0001_b2fh-1957/literature_analysis/03_figures.md	88	supsub	³⁷	$^{37}$
03_stellar-nucleosynthesis/0001_b2fh-1957/literature_analysis/03_figures.md	88	supsub	³⁶	$^{36}$
03_stellar-nucleosynthesis/0001_b2fh-1957/literature_analysis/03_figures.md	88	supsub	³⁸	$^{38}$
03_stellar-nucleosynthesis/0001_b2fh-1957/literature_analysis/03_figures.md	88	supsub	³⁹	$^{39}$
03_stellar-nucleosynthesis/0001_b2fh-1957/literature_analysis/03_figures.md	88	supsub	⁴¹	$^{41}$
03_stellar-nucleosynthesis/0001_b2fh-1957/literature_analysis/03_figures.md	88	supsub	⁴⁰	$^{40}$
03_stellar-nucleosynthesis/0001_b2fh-1957/literature_analysis/03_figures.md	88	supsub	⁴²	$^{42}$
03_stellar-nucleosynthesis/0001_b2fh-1957/literature_analysis/03_figures.md	88	supsub	⁴³	$^{43}$
03_stellar-nucleosynthesis/0001_b2fh-1957/literature_analysis/03_figures.md	88	supsub	⁴⁴	$^{44}$
03_stellar-nucleosynthesis/0001_b2fh-1957/literature_analysis/03_figures.md	88	supsub	⁴⁵	$^{45}$
03_stellar-nucleosynthesis/0001_b2fh-1957/literature_analysis/03_figures.md	88	supsub	⁴⁶	$^{46}$
03_stellar-nucleosynthesis/0001_b2fh-1957/literature_analysis/03_figures.md	88	supsub	⁴⁷	$^{47}$
03_stellar-nucleosynthesis/0001_b2fh-1957/literature_analysis/03_figures.md	88	supsub	⁴⁸	$^{48}$
03_stellar-nucleosynthesis/0001_b2fh-1957/literature_analysis/03_figures.md	88	supsub	⁵⁰	$^{50}$
03_stellar-nucleosynthesis/0001_b2fh-1957/literature_analysis/03_figures.md	88	supsub	⁵¹	$^{51}$
03_stellar-nucleosynthesis/0001_b2fh-1957/literature_analysis/03_figures.md	88	supsub	⁵⁰	$^{50}$
03_stellar-nucleosynthesis/0001_b2fh-1957/literature_analysis/03_figures.md	88	supsub	⁵²	$^{52}$
03_stellar-nucleosynthesis/0001_b2fh-1957/literature_analysis/03_figures.md	88	supsub	⁵³	$^{53}$
03_stellar-nucleosynthesis/0001_b2fh-1957/literature_analysis/03_figures.md	88	supsub	⁵⁴	$^{54}$
03_stellar-nucleosynthesis/0001_b2fh-1957/literature_analysis/03_figures.md	88	supsub	⁵⁵	$^{55}$
03_stellar-nucleosynthesis/0001_b2fh-1957/literature_analysis/03_figures.md	89	supsub	⁴⁵	$^{45}$
03_stellar-nucleosynthesis/0001_b2fh-1957/literature_analysis/03_figures.md	98	supsub	¹²	$^{12}$
03_stellar-nucleosynthesis/0001_b2fh-1957/literature_analysis/03_figures.md	98	supsub	²⁰	$^{20}$
03_stellar-nucleosynthesis/0001_b2fh-1957/literature_analysis/03_figures.md	107	supsub	⁸⁰	$^{80}$
03_stellar-nucleosynthesis/0001_b2fh-1957/literature_analysis/03_figures.md	107	supsub	⁸²	$^{82}$
03_stellar-nucleosynthesis/0001_b2fh-1957/literature_analysis/03_figures.md	107	supsub	⁸⁰	$^{80}$
03_stellar-nucleosynthesis/0001_b2fh-1957/literature_analysis/03_figures.md	107	supsub	⁸²	$^{82}$
03_stellar-nucleosynthesis/0001_b2fh-1957/literature_analysis/03_figures.md	107	supsub	⁸³	$^{83}$
03_stellar-nucleosynthesis/0001_b2fh-1957/literature_analysis/03_figures.md	116	supsub	²⁵⁴	$^{254}$
03_stellar-nucleosynthesis/0001_b2fh-1957/literature_analysis/03_figures.md	117	supsub	²⁵⁴	$^{254}$
03_stellar-nucleosynthesis/0001_b2fh-1957/literature_analysis/03_figures.md	133	supsub	⁵⁶	$^{56}$
03_stellar-nucleosynthesis/0001_b2fh-1957/literature_analysis/03_figures.md	133	supsub	⁵⁹	$^{59}$
03_stellar-nucleosynthesis/0001_b2fh-1957/literature_analysis/03_figures.md	133	supsub	²⁵⁴	$^{254}$
03_stellar-nucleosynthesis/0001_b2fh-1957/literature_analysis/03_figures.md	134	supsub	²⁵⁴	$^{254}$
03_stellar-nucleosynthesis/0001_b2fh-1957/literature_analysis/03_figures.md	135	supsub	²⁵⁴	$^{254}$
03_stellar-nucleosynthesis/0001_b2fh-1957/literature_analysis/03_figures.md	144	supsub	²⁵⁴	$^{254}$
03_stellar-nucleosynthesis/0001_b2fh-1957/literature_analysis/03_figures.md	144	supsub	²⁵⁴	$^{254}$
03_stellar-nucleosynthesis/0001_b2fh-1957/literature_analysis/03_hydrogen_helium_alpha_burning.md	22	supsub	²	$^{2}$
03_stellar-nucleosynthesis/0001_b2fh-1957/literature_analysis/03_hydrogen_helium_alpha_burning.md	44	supsub	⁻³	$^{-3}$
03_stellar-nucleosynthesis/0001_b2fh-1957/literature_analysis/03_hydrogen_helium_alpha_burning.md	44	supsub	⁻¹	$^{-1}$
03_stellar-nucleosynthesis/0001_b2fh-1957/literature_analysis/03_hydrogen_helium_alpha_burning.md	49	supsub	³	$^{3}$
03_stellar-nucleosynthesis/0001_b2fh-1957/literature_analysis/03_hydrogen_helium_alpha_burning.md	49	supsub	⁻³	$^{-3}$
03_stellar-nucleosynthesis/0001_b2fh-1957/literature_analysis/03_hydrogen_helium_alpha_burning.md	49	supsub	⁻¹	$^{-1}$
03_stellar-nucleosynthesis/0001_b2fh-1957/literature_analysis/03_hydrogen_helium_alpha_burning.md	56	supsub	³	$^{3}$
03_stellar-nucleosynthesis/0001_b2fh-1957/literature_analysis/03_hydrogen_helium_alpha_burning.md	56	supsub	⁻¹	$^{-1}$
03_stellar-nucleosynthesis/0001_b2fh-1957/literature_analysis/03_hydrogen_helium_alpha_burning.md	63	supsub	²	$^{2}$
03_stellar-nucleosynthesis/0001_b2fh-1957/literature_analysis/03_hydrogen_helium_alpha_burning.md	63	supsub	²	$^{2}$
03_stellar-nucleosynthesis/0001_b2fh-1957/literature_analysis/03_hydrogen_helium_alpha_burning.md	71	supsub	²	$^{2}$
03_stellar-nucleosynthesis/0001_b2fh-1957/literature_analysis/03_hydrogen_helium_alpha_burning.md	90	supsub	²	$^{2}$
03_stellar-nucleosynthesis/0001_b2fh-1957/literature_analysis/03_hydrogen_helium_alpha_burning.md	100	supsub	⁺	$^{+}$
03_stellar-nucleosynthesis/0001_b2fh-1957/literature_analysis/03_hydrogen_helium_alpha_burning.md	102	supsub	²	$^{2}$
03_stellar-nucleosynthesis/0001_b2fh-1957/literature_analysis/03_hydrogen_helium_alpha_burning.md	107	supsub	⁺	$^{+}$
03_stellar-nucleosynthesis/0001_b2fh-1957/literature_analysis/03_hydrogen_helium_alpha_burning.md	108	supsub	⁻	$^{-}$
03_stellar-nucleosynthesis/0001_b2fh-1957/literature_analysis/03_hydrogen_helium_alpha_burning.md	109	supsub	⁺	$^{+}$
03_stellar-nucleosynthesis/0001_b2fh-1957/literature_analysis/03_hydrogen_helium_alpha_burning.md	109	supsub	⁺	^{+}
03_stellar-nucleosynthesis/0001_b2fh-1957/literature_analysis/03_hydrogen_helium_alpha_burning.md	129	supsub	⁺	^{+}
03_stellar-nucleosynthesis/0001_b2fh-1957/literature_analysis/03_hydrogen_helium_alpha_burning.md	129	supsub	⁺	^{+}
03_stellar-nucleosynthesis/0001_b2fh-1957/literature_analysis/03_hydrogen_helium_alpha_burning.md	138	supsub	⁻¹	$^{-1}$
03_stellar-nucleosynthesis/0001_b2fh-1957/literature_analysis/03_hydrogen_helium_alpha_burning.md	138	supsub	⁻¹	$^{-1}$
03_stellar-nucleosynthesis/0001_b2fh-1957/literature_analysis/03_hydrogen_helium_alpha_burning.md	144	supsub	⁻¹	$^{-1}$
03_stellar-nucleosynthesis/0001_b2fh-1957/literature_analysis/03_hydrogen_helium_alpha_burning.md	147	supsub	¹⁴	$^{14}$
03_stellar-nucleosynthesis/0001_b2fh-1957/literature_analysis/03_hydrogen_helium_alpha_burning.md	149	supsub	¹⁴	$^{14}$
03_stellar-nucleosynthesis/0001_b2fh-1957/literature_analysis/03_hydrogen_helium_alpha_burning.md	150	supsub	⁻¹	$^{-1}$
03_stellar-nucleosynthesis/0001_b2fh-1957/literature_analysis/03_hydrogen_helium_alpha_burning.md	155	supsub	¹⁴	$^{14}$
03_stellar-nucleosynthesis/0001_b2fh-1957/literature_analysis/03_hydrogen_helium_alpha_burning.md	157	supsub	⁺	^{+}
03_stellar-nucleosynthesis/0001_b2fh-1957/literature_analysis/03_hydrogen_helium_alpha_burning.md	158	supsub	¹⁹	$^{19}$
03_stellar-nucleosynthesis/0001_b2fh-1957/literature_analysis/03_hydrogen_helium_alpha_burning.md	158	supsub	²³	$^{23}$
03_stellar-nucleosynthesis/0001_b2fh-1957/literature_analysis/03_hydrogen_helium_alpha_burning.md	158	supsub	²⁴	$^{24}$
03_stellar-nucleosynthesis/0001_b2fh-1957/literature_analysis/03_hydrogen_helium_alpha_burning.md	158	supsub	²⁵	$^{25}$
03_stellar-nucleosynthesis/0001_b2fh-1957/literature_analysis/03_hydrogen_helium_alpha_burning.md	158	supsub	²⁶	$^{26}$
03_stellar-nucleosynthesis/0001_b2fh-1957/literature_analysis/03_hydrogen_helium_alpha_burning.md	158	supsub	²⁷	$^{27}$
03_stellar-nucleosynthesis/0001_b2fh-1957/literature_analysis/03_hydrogen_helium_alpha_burning.md	158	supsub	²⁸	$^{28}$
03_stellar-nucleosynthesis/0001_b2fh-1957/literature_analysis/03_hydrogen_helium_alpha_burning.md	158	supsub	²⁹	$^{29}$
03_stellar-nucleosynthesis/0001_b2fh-1957/literature_analysis/03_hydrogen_helium_alpha_burning.md	158	supsub	³⁰	$^{30}$
03_stellar-nucleosynthesis/0001_b2fh-1957/literature_analysis/03_hydrogen_helium_alpha_burning.md	185	supsub	²⁸	$^{28}$
03_stellar-nucleosynthesis/0001_b2fh-1957/literature_analysis/03_hydrogen_helium_alpha_burning.md	187	supsub	²⁴	$^{24}$
03_stellar-nucleosynthesis/0001_b2fh-1957/literature_analysis/03_hydrogen_helium_alpha_burning.md	188	supsub	²⁸	$^{28}$
03_stellar-nucleosynthesis/0001_b2fh-1957/literature_analysis/03_hydrogen_helium_alpha_burning.md	189	supsub	³²	$^{32}$
03_stellar-nucleosynthesis/0001_b2fh-1957/literature_analysis/03_hydrogen_helium_alpha_burning.md	190	supsub	³⁶	$^{36}$
03_stellar-nucleosynthesis/0001_b2fh-1957/literature_analysis/03_hydrogen_helium_alpha_burning.md	191	supsub	⁴⁰	$^{40}$
03_stellar-nucleosynthesis/0001_b2fh-1957/literature_analysis/03_hydrogen_helium_alpha_burning.md	192	supsub	⁴⁴	$^{44}$
03_stellar-nucleosynthesis/0001_b2fh-1957/literature_analysis/03_hydrogen_helium_alpha_burning.md	193	supsub	⁴⁸	$^{48}$
03_stellar-nucleosynthesis/0001_b2fh-1957/literature_analysis/03_hydrogen_helium_alpha_burning.md	222	supsub	⁹⁹	$^{99}$
03_stellar-nucleosynthesis/0001_b2fh-1957/literature_analysis/03_hydrogen_helium_alpha_burning.md	222	supsub	⁹⁹	$^{99}$
03_stellar-nucleosynthesis/0001_b2fh-1957/literature_analysis/03_hydrogen_helium_alpha_burning.md	231	supsub	²⁰	$^{20}$
03_stellar-nucleosynthesis/0001_b2fh-1957/literature_analysis/03_hydrogen_helium_alpha_burning.md	237	supsub	²	$^{2}$
03_stellar-nucleosynthesis/0001_b2fh-1957/literature_analysis/03_hydrogen_helium_alpha_burning.md	239	supsub	²	$^{2}$
03_stellar-nucleosynthesis/0001_b2fh-1957/literature_analysis/03_hydrogen_helium_alpha_burning.md	245	supsub	⁴	$^{4}$
03_stellar-nucleosynthesis/0001_b2fh-1957/literature_analysis/04_epsilon_process.md	17	supsub	³	$^{3}$
03_stellar-nucleosynthesis/0001_b2fh-1957/literature_analysis/04_epsilon_process.md	35	supsub	²	$^{2}$
03_stellar-nucleosynthesis/0001_b2fh-1957/literature_analysis/04_epsilon_process.md	38	supsub	²	$^{2}$
03_stellar-nucleosynthesis/0001_b2fh-1957/literature_analysis/04_epsilon_process.md	40	supsub	⁵⁶	$^{56}$
03_stellar-nucleosynthesis/0001_b2fh-1957/literature_analysis/04_epsilon_process.md	42	supsub	⁵⁶	$^{56}$
03_stellar-nucleosynthesis/0001_b2fh-1957/literature_analysis/04_epsilon_process.md	45	supsub	⁵⁶	$^{56}$
03_stellar-nucleosynthesis/0001_b2fh-1957/literature_analysis/04_epsilon_process.md	46	supsub	²	$^{2}$
03_stellar-nucleosynthesis/0001_b2fh-1957/literature_analysis/04_epsilon_process.md	50	supsub	²	$^{2}$
03_stellar-nucleosynthesis/0001_b2fh-1957/literature_analysis/04_epsilon_process.md	57	supsub	²	$^{2}$
03_stellar-nucleosynthesis/0001_b2fh-1957/literature_analysis/04_epsilon_process.md	70	supsub	⁵⁶	$^{56}$
03_stellar-nucleosynthesis/0001_b2fh-1957/literature_analysis/04_epsilon_process.md	72	supsub	⁴⁶	$^{46}$
03_stellar-nucleosynthesis/0001_b2fh-1957/literature_analysis/04_epsilon_process.md	73	supsub	⁴⁷	$^{47}$
03_stellar-nucleosynthesis/0001_b2fh-1957/literature_analysis/04_epsilon_process.md	74	supsub	⁴⁸	$^{48}$
03_stellar-nucleosynthesis/0001_b2fh-1957/literature_analysis/04_epsilon_process.md	75	supsub	⁴⁹	$^{49}$
03_stellar-nucleosynthesis/0001_b2fh-1957/literature_analysis/04_epsilon_process.md	76	supsub	⁵⁰	$^{50}$
03_stellar-nucleosynthesis/0001_b2fh-1957/literature_analysis/04_epsilon_process.md	85	supsub	⁵⁶	$^{56}$
03_stellar-nucleosynthesis/0001_b2fh-1957/literature_analysis/04_epsilon_process.md	86	supsub	⁵⁹	$^{59}$
03_stellar-nucleosynthesis/0001_b2fh-1957/literature_analysis/04_epsilon_process.md	86	supsub	⁵⁸	$^{58}$
03_stellar-nucleosynthesis/0001_b2fh-1957/literature_analysis/04_epsilon_process.md	86	supsub	⁵⁹	$^{59}$
03_stellar-nucleosynthesis/0001_b2fh-1957/literature_analysis/04_epsilon_process.md	86	supsub	⁶⁰	$^{60}$
03_stellar-nucleosynthesis/0001_b2fh-1957/literature_analysis/04_epsilon_process.md	87	supsub	⁵⁵	$^{55}$
03_stellar-nucleosynthesis/0001_b2fh-1957/literature_analysis/04_epsilon_process.md	88	supsub	⁵⁶	$^{56}$
03_stellar-nucleosynthesis/0001_b2fh-1957/literature_analysis/04_epsilon_process.md	110	supsub	⁵⁶	$^{56}$
03_stellar-nucleosynthesis/0001_b2fh-1957/literature_analysis/05_s_r_general.md	25	supsub	⁹⁹	$^{99}$
03_stellar-nucleosynthesis/0001_b2fh-1957/literature_analysis/05_s_r_general.md	42	supsub	⁹⁰	$^{90}$
03_stellar-nucleosynthesis/0001_b2fh-1957/literature_analysis/05_s_r_general.md	42	supsub	⁸⁰	$^{80}$
03_stellar-nucleosynthesis/0001_b2fh-1957/literature_analysis/05_s_r_general.md	43	supsub	¹³⁸	$^{138}$
03_stellar-nucleosynthesis/0001_b2fh-1957/literature_analysis/05_s_r_general.md	43	supsub	¹³⁰	$^{130}$
03_stellar-nucleosynthesis/0001_b2fh-1957/literature_analysis/05_s_r_general.md	44	supsub	²⁰⁸	$^{208}$
03_stellar-nucleosynthesis/0001_b2fh-1957/literature_analysis/05_s_r_general.md	44	supsub	¹⁹⁴	$^{194}$
03_stellar-nucleosynthesis/0001_b2fh-1957/literature_analysis/05_s_r_general.md	93	supsub	⁻³	$^{-3}$
03_stellar-nucleosynthesis/0001_b2fh-1957/literature_analysis/05_s_r_general.md	94	supsub	⁻³	$^{-3}$
03_stellar-nucleosynthesis/0001_b2fh-1957/literature_analysis/05_s_r_general.md	98	supsub	⁷⁸	$^{78}$
03_stellar-nucleosynthesis/0001_b2fh-1957/literature_analysis/05_s_r_general.md	99	supsub	⁸⁰	$^{80}$
03_stellar-nucleosynthesis/0001_b2fh-1957/literature_analysis/05_s_r_general.md	100	supsub	⁸⁰	$^{80}$
03_stellar-nucleosynthesis/0001_b2fh-1957/literature_analysis/05_s_r_general.md	104	supsub	⁸⁰	$^{80}$
03_stellar-nucleosynthesis/0001_b2fh-1957/literature_analysis/05_s_r_general.md	104	supsub	⁸⁰	$^{80}$
03_stellar-nucleosynthesis/0001_b2fh-1957/literature_analysis/05_s_r_general.md	104	supsub	⁷⁸	$^{78}$
03_stellar-nucleosynthesis/0001_b2fh-1957/literature_analysis/05_s_r_general.md	104	supsub	⁷⁸	$^{78}$
03_stellar-nucleosynthesis/0001_b2fh-1957/literature_analysis/05_s_r_general.md	105	supsub	⁸²	$^{82}$
03_stellar-nucleosynthesis/0001_b2fh-1957/literature_analysis/05_s_r_general.md	105	supsub	⁸²	$^{82}$
03_stellar-nucleosynthesis/0001_b2fh-1957/literature_analysis/05_s_r_general.md	105	supsub	⁸⁰	$^{80}$
03_stellar-nucleosynthesis/0001_b2fh-1957/literature_analysis/05_s_r_general.md	105	supsub	⁸⁰	$^{80}$
03_stellar-nucleosynthesis/0001_b2fh-1957/literature_analysis/05_s_r_general.md	105	supsub	⁸¹	$^{81}$
03_stellar-nucleosynthesis/0001_b2fh-1957/literature_analysis/05_s_r_general.md	105	supsub	⁸¹	$^{81}$
03_stellar-nucleosynthesis/0001_b2fh-1957/literature_analysis/05_s_r_general.md	108	supsub	⁷⁸	$^{78}$
03_stellar-nucleosynthesis/0001_b2fh-1957/literature_analysis/05_s_r_general.md	112	supsub	¹⁴⁷	$^{147}$
03_stellar-nucleosynthesis/0001_b2fh-1957/literature_analysis/05_s_r_general.md	113	supsub	¹⁵²	$^{152}$
03_stellar-nucleosynthesis/0001_b2fh-1957/literature_analysis/05_s_r_general.md	118	supsub	¹⁵²	$^{152}$
03_stellar-nucleosynthesis/0001_b2fh-1957/literature_analysis/05_s_r_general.md	118	supsub	¹⁵⁴	$^{154}$
03_stellar-nucleosynthesis/0001_b2fh-1957/literature_analysis/05_s_r_general.md	118	supsub	¹⁴⁷	$^{147}$
03_stellar-nucleosynthesis/0001_b2fh-1957/literature_analysis/05_s_r_general.md	118	supsub	¹⁴⁷	$^{147}$
03_stellar-nucleosynthesis/0001_b2fh-1957/literature_analysis/05_s_r_general.md	120	supsub	¹⁴⁷	$^{147}$
03_stellar-nucleosynthesis/0001_b2fh-1957/literature_analysis/05_s_r_general.md	124	supsub	¹³⁸	$^{138}$
03_stellar-nucleosynthesis/0001_b2fh-1957/literature_analysis/05_s_r_general.md	127	supsub	¹³⁸	$^{138}$
03_stellar-nucleosynthesis/0001_b2fh-1957/literature_analysis/05_s_r_general.md	129	supsub	⁹⁰	$^{90}$
03_stellar-nucleosynthesis/0001_b2fh-1957/literature_analysis/05_s_r_general.md	132	supsub	²⁰⁸	$^{208}$
03_stellar-nucleosynthesis/0001_b2fh-1957/literature_analysis/06_r_process_details.md	79	supsub	²	$^{2}$
03_stellar-nucleosynthesis/0001_b2fh-1957/literature_analysis/06_r_process_details.md	124	supsub	⁵⁶	$^{56}$
03_stellar-nucleosynthesis/0001_b2fh-1957/literature_analysis/06_r_process_details.md	156	supsub	²³⁵	$^{235}$
03_stellar-nucleosynthesis/0001_b2fh-1957/literature_analysis/06_r_process_details.md	156	supsub	²³⁸	$^{238}$
03_stellar-nucleosynthesis/0001_b2fh-1957/literature_analysis/06_r_process_details.md	157	supsub	²³²	$^{232}$
03_stellar-nucleosynthesis/0001_b2fh-1957/literature_analysis/06_r_process_details.md	158	supsub	²⁴⁴	$^{244}$
03_stellar-nucleosynthesis/0001_b2fh-1957/literature_analysis/06_r_process_details.md	162	supsub	²⁵⁴	$^{254}$
03_stellar-nucleosynthesis/0001_b2fh-1957/literature_analysis/06_r_process_details.md	162	supsub	²⁵⁸	$^{258}$
03_stellar-nucleosynthesis/0001_b2fh-1957/literature_analysis/06_r_process_details.md	166	supsub	²⁵⁸	$^{258}$
03_stellar-nucleosynthesis/0001_b2fh-1957/literature_analysis/06_r_process_details.md	182	supsub	¹⁹⁴	$^{194}$
03_stellar-nucleosynthesis/0001_b2fh-1957/literature_analysis/06_r_process_details.md	182	supsub	¹⁹⁴	$^{194}$
03_stellar-nucleosynthesis/0001_b2fh-1957/literature_analysis/06_r_process_details.md	182	supsub	¹⁹⁴	$^{194}$
03_stellar-nucleosynthesis/0001_b2fh-1957/literature_analysis/06_r_process_details.md	182	supsub	¹⁹⁷	$^{197}$
03_stellar-nucleosynthesis/0001_b2fh-1957/literature_analysis/07_r_process_termination.md	11	supsub	²³⁵	$^{235}$
03_stellar-nucleosynthesis/0001_b2fh-1957/literature_analysis/07_r_process_termination.md	11	supsub	²³⁸	$^{238}$
03_stellar-nucleosynthesis/0001_b2fh-1957/literature_analysis/07_r_process_termination.md	19	supsub	²³²	$^{232}$
03_stellar-nucleosynthesis/0001_b2fh-1957/literature_analysis/07_r_process_termination.md	20	supsub	²³⁸	$^{238}$
03_stellar-nucleosynthesis/0001_b2fh-1957/literature_analysis/07_r_process_termination.md	21	supsub	²³⁵	$^{235}$
03_stellar-nucleosynthesis/0001_b2fh-1957/literature_analysis/07_r_process_termination.md	23	supsub	²³⁷	$^{237}$
03_stellar-nucleosynthesis/0001_b2fh-1957/literature_analysis/07_r_process_termination.md	29	supsub	²⁴⁴	$^{244}$
03_stellar-nucleosynthesis/0001_b2fh-1957/literature_analysis/07_r_process_termination.md	43	supsub	²⁵⁴	$^{254}$
03_stellar-nucleosynthesis/0001_b2fh-1957/literature_analysis/07_r_process_termination.md	54	supsub	²⁵⁸	$^{258}$
03_stellar-nucleosynthesis/0001_b2fh-1957/literature_analysis/07_r_process_termination.md	57	supsub	²⁵⁴	$^{254}$
03_stellar-nucleosynthesis/0001_b2fh-1957/literature_analysis/07_r_process_termination.md	59	supsub	²⁵⁴	$^{254}$
03_stellar-nucleosynthesis/0001_b2fh-1957/literature_analysis/07_r_process_termination.md	61	supsub	²⁵⁴	$^{254}$
03_stellar-nucleosynthesis/0001_b2fh-1957/literature_analysis/07_r_process_termination.md	66	supsub	²⁵⁴	$^{254}$
03_stellar-nucleosynthesis/0001_b2fh-1957/literature_analysis/07_r_process_termination.md	69	supsub	²⁵⁴	$^{254}$
03_stellar-nucleosynthesis/0001_b2fh-1957/literature_analysis/07_r_process_termination.md	73	supsub	²³⁵	$^{235}$
03_stellar-nucleosynthesis/0001_b2fh-1957/literature_analysis/07_r_process_termination.md	73	supsub	²³⁸	$^{238}$
03_stellar-nucleosynthesis/0001_b2fh-1957/literature_analysis/07_r_process_termination.md	76	supsub	²³⁵	$^{235}$
03_stellar-nucleosynthesis/0001_b2fh-1957/literature_analysis/07_r_process_termination.md	77	supsub	²³⁸	$^{238}$
03_stellar-nucleosynthesis/0001_b2fh-1957/literature_analysis/07_r_process_termination.md	78	supsub	²³⁵	$^{235}$
03_stellar-nucleosynthesis/0001_b2fh-1957/literature_analysis/07_r_process_termination.md	78	supsub	²³⁸	$^{238}$
03_stellar-nucleosynthesis/0001_b2fh-1957/literature_analysis/07_r_process_termination.md	79	supsub	²³⁵	$^{235}$
03_stellar-nucleosynthesis/0001_b2fh-1957/literature_analysis/07_r_process_termination.md	79	supsub	²³⁸	$^{238}$
03_stellar-nucleosynthesis/0001_b2fh-1957/literature_analysis/07_r_process_termination.md	84	supsub	²³⁵	$^{235}$
03_stellar-nucleosynthesis/0001_b2fh-1957/literature_analysis/07_r_process_termination.md	84	supsub	²³⁵	$^{235}$
03_stellar-nucleosynthesis/0001_b2fh-1957/literature_analysis/07_r_process_termination.md	85	supsub	²³⁸	$^{238}$
03_stellar-nucleosynthesis/0001_b2fh-1957/literature_analysis/07_r_process_termination.md	85	supsub	²³⁸	$^{238}$
03_stellar-nucleosynthesis/0001_b2fh-1957/literature_analysis/07_r_process_termination.md	95	supsub	²³⁵	$^{235}$
03_stellar-nucleosynthesis/0001_b2fh-1957/literature_analysis/07_r_process_termination.md	95	supsub	²³⁸	$^{238}$
03_stellar-nucleosynthesis/0001_b2fh-1957/literature_analysis/07_r_process_termination.md	102	supsub	²³⁵	$^{235}$
03_stellar-nucleosynthesis/0001_b2fh-1957/literature_analysis/07_r_process_termination.md	102	supsub	²³⁸	$^{238}$
03_stellar-nucleosynthesis/0001_b2fh-1957/literature_analysis/07_r_process_termination.md	108	supsub	²³⁵	$^{235}$
03_stellar-nucleosynthesis/0001_b2fh-1957/literature_analysis/07_r_process_termination.md	108	supsub	²³⁸	$^{238}$
03_stellar-nucleosynthesis/0001_b2fh-1957/literature_analysis/07_r_process_termination.md	109	supsub	²³⁵	$^{235}$
03_stellar-nucleosynthesis/0001_b2fh-1957/literature_analysis/07_r_process_termination.md	109	supsub	²³⁸	$^{238}$
03_stellar-nucleosynthesis/0001_b2fh-1957/literature_analysis/07_r_process_termination.md	115	supsub	²³⁵	$^{235}$
03_stellar-nucleosynthesis/0001_b2fh-1957/literature_analysis/07_r_process_termination.md	115	supsub	²³⁸	$^{238}$
03_stellar-nucleosynthesis/0001_b2fh-1957/literature_analysis/07_r_process_termination.md	125	supsub	²⁰⁸	$^{208}$
03_stellar-nucleosynthesis/0001_b2fh-1957/literature_analysis/07_r_process_termination.md	127	supsub	²⁰⁸	$^{208}$
03_stellar-nucleosynthesis/0001_b2fh-1957/literature_analysis/07_r_process_termination.md	128	supsub	²⁰⁴	$^{204}$
03_stellar-nucleosynthesis/0001_b2fh-1957/literature_analysis/07_r_process_termination.md	128	supsub	²⁰⁶	$^{206}$
03_stellar-nucleosynthesis/0001_b2fh-1957/literature_analysis/07_r_process_termination.md	128	supsub	²⁰⁷	$^{207}$
03_stellar-nucleosynthesis/0001_b2fh-1957/literature_analysis/07_r_process_termination.md	128	supsub	²⁰⁸	$^{208}$
03_stellar-nucleosynthesis/0001_b2fh-1957/literature_analysis/07_r_process_termination.md	129	supsub	²⁰⁴	$^{204}$
03_stellar-nucleosynthesis/0001_b2fh-1957/literature_analysis/07_r_process_termination.md	130	supsub	²⁰⁶	$^{206}$
03_stellar-nucleosynthesis/0001_b2fh-1957/literature_analysis/07_r_process_termination.md	131	supsub	²⁰⁷	$^{207}$
03_stellar-nucleosynthesis/0001_b2fh-1957/literature_analysis/07_r_process_termination.md	132	supsub	²⁰⁸	$^{208}$
03_stellar-nucleosynthesis/0001_b2fh-1957/literature_analysis/07_r_process_termination.md	138	supsub	²⁰⁶	$^{206}$
03_stellar-nucleosynthesis/0001_b2fh-1957/literature_analysis/07_r_process_termination.md	138	supsub	²⁰⁴	$^{204}$
03_stellar-nucleosynthesis/0001_b2fh-1957/literature_analysis/07_r_process_termination.md	139	supsub	²⁰⁷	$^{207}$
03_stellar-nucleosynthesis/0001_b2fh-1957/literature_analysis/07_r_process_termination.md	139	supsub	²⁰⁴	$^{204}$
03_stellar-nucleosynthesis/0001_b2fh-1957/literature_analysis/07_r_process_termination.md	140	supsub	²⁰⁸	$^{208}$
03_stellar-nucleosynthesis/0001_b2fh-1957/literature_analysis/07_r_process_termination.md	140	supsub	²⁰⁴	$^{204}$
03_stellar-nucleosynthesis/0001_b2fh-1957/literature_analysis/07_r_process_termination.md	146	supsub	²⁰⁹	$^{209}$
03_stellar-nucleosynthesis/0001_b2fh-1957/literature_analysis/07_r_process_termination.md	147	supsub	²³²	$^{232}$
03_stellar-nucleosynthesis/0001_b2fh-1957/literature_analysis/07_r_process_termination.md	147	supsub	²³⁸	$^{238}$
03_stellar-nucleosynthesis/0001_b2fh-1957/literature_analysis/07_r_process_termination.md	154	supsub	²³⁵	$^{235}$
03_stellar-nucleosynthesis/0001_b2fh-1957/literature_analysis/07_r_process_termination.md	154	supsub	²³⁸	$^{238}$
03_stellar-nucleosynthesis/0001_b2fh-1957/literature_analysis/07_r_process_termination.md	168	supsub	²³⁵	$^{235}$
03_stellar-nucleosynthesis/0001_b2fh-1957/literature_analysis/07_r_process_termination.md	168	supsub	²³⁸	$^{238}$
03_stellar-nucleosynthesis/0001_b2fh-1957/literature_analysis/07_r_process_termination.md	173	supsub	²⁵⁴	$^{254}$
03_stellar-nucleosynthesis/0001_b2fh-1957/literature_analysis/07_r_process_termination.md	174	supsub	²³⁵	$^{235}$
03_stellar-nucleosynthesis/0001_b2fh-1957/literature_analysis/07_r_process_termination.md	174	supsub	²³⁸	$^{238}$
03_stellar-nucleosynthesis/0001_b2fh-1957/literature_analysis/07_r_process_termination.md	175	supsub	²³⁸	$^{238}$
03_stellar-nucleosynthesis/0001_b2fh-1957/literature_analysis/08_p_process.md	32	supsub	⁸⁶	$^{86}$
03_stellar-nucleosynthesis/0001_b2fh-1957/literature_analysis/08_p_process.md	32	supsub	⁸⁷	$^{87}$
03_stellar-nucleosynthesis/0001_b2fh-1957/literature_analysis/08_p_process.md	32	supsub	⁸⁸	$^{88}$
03_stellar-nucleosynthesis/0001_b2fh-1957/literature_analysis/08_p_process.md	32	supsub	⁸⁹	$^{89}$
03_stellar-nucleosynthesis/0001_b2fh-1957/literature_analysis/09_x_variations_general_astrophysics_conclusion.md	60	supsub	⁹⁹	$^{99}$
03_stellar-nucleosynthesis/0001_b2fh-1957/literature_analysis/09_x_variations_general_astrophysics_conclusion.md	66	supsub	⁹⁹	$^{99}$
03_stellar-nucleosynthesis/0001_b2fh-1957/literature_analysis/09_x_variations_general_astrophysics_conclusion.md	67	supsub	⁹⁹	$^{99}$
03_stellar-nucleosynthesis/0001_b2fh-1957/literature_analysis/09_x_variations_general_astrophysics_conclusion.md	109	supsub	²⁵⁴	$^{254}$
03_stellar-nucleosynthesis/0001_b2fh-1957/literature_analysis/09_x_variations_general_astrophysics_conclusion.md	116	supsub	²⁵⁴	$^{254}$
03_stellar-nucleosynthesis/0001_b2fh-1957/literature_analysis/09_x_variations_general_astrophysics_conclusion.md	125	supsub	²³⁵	$^{235}$
03_stellar-nucleosynthesis/0001_b2fh-1957/literature_analysis/09_x_variations_general_astrophysics_conclusion.md	125	supsub	²³⁸	$^{238}$
03_stellar-nucleosynthesis/0001_b2fh-1957/literature_analysis/09_x_variations_general_astrophysics_conclusion.md	137	supsub	⁹⁹	$^{99}$
03_stellar-nucleosynthesis/0001_b2fh-1957/literature_analysis/09_x_variations_general_astrophysics_conclusion.md	162	supsub	⁹⁹	$^{99}$
03_stellar-nucleosynthesis/0001_b2fh-1957/literature_analysis/09_x_variations_general_astrophysics_conclusion.md	202	supsub	²⁵⁴	$^{254}$
03_stellar-nucleosynthesis/0001_b2fh-1957/literature_analysis/09_x_variations_general_astrophysics_conclusion.md	211	supsub	²³⁵	$^{235}$
03_stellar-nucleosynthesis/0001_b2fh-1957/literature_analysis/09_x_variations_general_astrophysics_conclusion.md	211	supsub	²³⁸	$^{238}$
03_stellar-nucleosynthesis/0001_b2fh-1957/literature_analysis/98_vocabulary.md	15	supsub	⁹⁹	$^{99}$
03_stellar-nucleosynthesis/0001_b2fh-1957/literature_analysis/98_vocabulary.md	18	supsub	⁵⁶	$^{56}$
03_stellar-nucleosynthesis/0001_b2fh-1957/literature_analysis/98_vocabulary.md	26	supsub	⁹⁹	$^{99}$
03_stellar-nucleosynthesis/0001_b2fh-1957/literature_analysis/98_vocabulary.md	27	supsub	²⁵⁴	$^{254}$
03_stellar-nucleosynthesis/0001_b2fh-1957/literature_analysis/98_vocabulary.md	43	supsub	²	$^{2}$
03_stellar-nucleosynthesis/0001_b2fh-1957/literature_analysis/98_vocabulary.md	52	supsub	⁹⁹	$^{99}$
03_stellar-nucleosynthesis/0001_b2fh-1957/literature_analysis/98_vocabulary.md	53	supsub	²³⁵	$^{235}$
03_stellar-nucleosynthesis/0001_b2fh-1957/literature_analysis/98_vocabulary.md	53	supsub	²³⁸	$^{238}$
03_stellar-nucleosynthesis/0001_b2fh-1957/literature_analysis/98_vocabulary.md	62	supsub	²⁵⁴	$^{254}$
03_stellar-nucleosynthesis/0001_b2fh-1957/literature_analysis/98_vocabulary.md	104	supsub	²⁵⁴	$^{254}$
03_stellar-nucleosynthesis/0001_b2fh-1957/literature_analysis/98_vocabulary.md	106	supsub	²⁵⁴	$^{254}$
03_stellar-nucleosynthesis/0001_b2fh-1957/literature_analysis/99_final_summary.md	24	supsub	²³⁵	$^{235}$
03_stellar-nucleosynthesis/0001_b2fh-1957/literature_analysis/99_final_summary.md	24	supsub	²³⁸	$^{238}$
03_stellar-nucleosynthesis/0001_b2fh-1957/literature_analysis/99_final_summary.md	34	supsub	⁹⁹	$^{99}$
03_stellar-nucleosynthesis/0001_b2fh-1957/literature_analysis/99_final_summary.md	36	supsub	²³⁵	$^{235}$
03_stellar-nucleosynthesis/0001_b2fh-1957/literature_analysis/99_final_summary.md	36	supsub	²³⁸	$^{238}$
03_stellar-nucleosynthesis/0001_b2fh-1957/literature_analysis/99_final_summary.md	45	supsub	²³⁵	$^{235}$
03_stellar-nucleosynthesis/0001_b2fh-1957/literature_analysis/99_final_summary.md	45	supsub	²³⁸	$^{238}$
03_stellar-nucleosynthesis/0001_b2fh-1957/literature_analysis/99_final_summary.md	46	supsub	⁹⁹	$^{99}$
03_stellar-nucleosynthesis/0001_b2fh-1957/literature_analysis/99_final_summary.md	51	supsub	²⁵⁴	$^{254}$
03_stellar-nucleosynthesis/0001_b2fh-1957/literature_analysis/99_final_summary.md	67	supsub	⁹⁹	$^{99}$
03_stellar-nucleosynthesis/0001_b2fh-1957/literature_analysis/99_final_summary.md	69	supsub	²³⁵	$^{235}$
03_stellar-nucleosynthesis/0001_b2fh-1957/literature_analysis/99_final_summary.md	69	supsub	²³⁸	$^{238}$
03_stellar-nucleosynthesis/0001_b2fh-1957/literature_analysis/99_final_summary.md	86	supsub	²⁵⁴	$^{254}$
03_stellar-nucleosynthesis/0001_b2fh-1957/literature_analysis/99_final_summary.md	106	supsub	²³⁵	$^{235}$
03_stellar-nucleosynthesis/0001_b2fh-1957/literature_analysis/99_final_summary.md	106	supsub	²³⁸	$^{238}$
03_stellar-nucleosynthesis/0002_trimble-1975/literature_analysis/02_observed_abundances_I.md	31	supsub	⁺	$^{+}$
03_stellar-nucleosynthesis/0002_trimble-1975/literature_analysis/02_observed_abundances_I.md	31	supsub	⁺	$^{+}$
03_stellar-nucleosynthesis/0002_trimble-1975/literature_analysis/02_observed_abundances_I.md	31	supsub	⁺	$^{+}$
03_stellar-nucleosynthesis/0002_trimble-1975/literature_analysis/02_observed_abundances_I.md	31	supsub	⁺	$^{+}$
03_stellar-nucleosynthesis/0002_trimble-1975/literature_analysis/02_observed_abundances_I.md	33	supsub	⁺	$^{+}$
03_stellar-nucleosynthesis/0002_trimble-1975/literature_analysis/02_observed_abundances_I.md	93	supsub	⁺	$^{+}$
03_stellar-nucleosynthesis/0002_trimble-1975/literature_analysis/02_observed_abundances_I.md	93	supsub	⁺	$^{+}$
03_stellar-nucleosynthesis/0002_trimble-1975/literature_analysis/05_hydrostatic_burning.md	18	supsub	⁴	$^{4}$
03_stellar-nucleosynthesis/0002_trimble-1975/literature_analysis/05_hydrostatic_burning.md	19	supsub	¹⁶	$^{16}$
03_stellar-nucleosynthesis/0002_trimble-1975/literature_analysis/05_hydrostatic_burning.md	19	supsub	²⁰	$^{20}$
03_stellar-nucleosynthesis/0002_trimble-1975/literature_analysis/05_hydrostatic_burning.md	53	supsub	⁺	^{+}
03_stellar-nucleosynthesis/0002_trimble-1975/literature_analysis/05_hydrostatic_burning.md	53	supsub	⁺	^{+}
03_stellar-nucleosynthesis/0002_trimble-1975/literature_analysis/06_heavy_element_processes.md	32	supsub	⁻³	$^{-3}$
03_stellar-nucleosynthesis/0002_trimble-1975/literature_analysis/06_heavy_element_processes.md	32	supsub	⁻¹	$^{-1}$
03_stellar-nucleosynthesis/0002_trimble-1975/literature_analysis/06_heavy_element_processes.md	57	supsub	⁻³	$^{-3}$
03_stellar-nucleosynthesis/0002_trimble-1975/literature_analysis/06_heavy_element_processes.md	57	supsub	⁻¹	$^{-1}$
03_stellar-nucleosynthesis/0002_trimble-1975/literature_analysis/08_conclusions.md	91	supsub	⁻¹	$^{-1}$
03_stellar-nucleosynthesis/0002_trimble-1975/literature_analysis/98_vocabulary.md	22	supsub	⁹⁹	$^{99}$
03_stellar-nucleosynthesis/0002_trimble-1975/literature_analysis/98_vocabulary.md	51	supsub	⁹⁹	$^{99}$
03_stellar-nucleosynthesis/0002_trimble-1975/literature_analysis/99_final_summary.md	53	supsub	⁺	$^{+}$
03_stellar-nucleosynthesis/0002_trimble-1975/literature_analysis/99_final_summary.md	53	supsub	⁺	$^{+}$
03_stellar-nucleosynthesis/0002_trimble-1975/literature_analysis/99_final_summary.md	90	supsub	³	$^{3}$
03_stellar-nucleosynthesis/0003_fowler-1984/literature_analysis/01_introduction.md	32	supsub	²	$^{2}$
03_stellar-nucleosynthesis/0003_fowler-1984/literature_analysis/01_introduction.md	32	supsub	²	$^{2}$
03_stellar-nucleosynthesis/0003_fowler-1984/literature_analysis/03_reaction_rates.md	17	supsub	⁻³	$^{-3}$
03_stellar-nucleosynthesis/0003_fowler-1984/literature_analysis/03_reaction_rates.md	20	supsub	⁻¹	$^{-1}$
03_stellar-nucleosynthesis/0003_fowler-1984/literature_analysis/03_reaction_rates.md	22	supsub	²	$^{2}$
03_stellar-nucleosynthesis/0003_fowler-1984/literature_analysis/03_reaction_rates.md	22	supsub	⁻¹	$^{-1}$
03_stellar-nucleosynthesis/0003_fowler-1984/literature_analysis/03_reaction_rates.md	23	supsub	³	$^{3}$
03_stellar-nucleosynthesis/0003_fowler-1984/literature_analysis/03_reaction_rates.md	37	supsub	⁻¹	$^{-1}$
03_stellar-nucleosynthesis/0003_fowler-1984/literature_analysis/03_reaction_rates.md	53	supsub	²	$^{2}$
03_stellar-nucleosynthesis/0003_fowler-1984/literature_analysis/03_reaction_rates.md	57	supsub	²	$^{2}$
03_stellar-nucleosynthesis/0003_fowler-1984/literature_analysis/03_reaction_rates.md	103	supsub	⁺	$^{+}$
03_stellar-nucleosynthesis/0003_fowler-1984/literature_analysis/03_reaction_rates.md	103	supsub	⁺	$^{+}$
03_stellar-nucleosynthesis/0003_fowler-1984/literature_analysis/03_reaction_rates.md	103	supsub	⁺	^{+}
03_stellar-nucleosynthesis/0003_fowler-1984/literature_analysis/03_reaction_rates.md	115	supsub	³	$^{3}$
03_stellar-nucleosynthesis/0003_fowler-1984/literature_analysis/05_helium_burning.md	97	supsub	⁺	$^{+}$
03_stellar-nucleosynthesis/0003_fowler-1984/literature_analysis/05_helium_burning.md	104	supsub	⁺	$^{+}$
03_stellar-nucleosynthesis/0003_fowler-1984/literature_analysis/05_helium_burning.md	113	supsub	⁺	^{+}
03_stellar-nucleosynthesis/0003_fowler-1984/literature_analysis/05_helium_burning.md	113	supsub	⁺	$^{+}$
03_stellar-nucleosynthesis/0003_fowler-1984/literature_analysis/05_helium_burning.md	114	supsub	⁺	^{+}
03_stellar-nucleosynthesis/0003_fowler-1984/literature_analysis/05_helium_burning.md	114	supsub	⁻	$^{-}$
03_stellar-nucleosynthesis/0003_fowler-1984/literature_analysis/05_helium_burning.md	115	supsub	⁻	$^{-}$
03_stellar-nucleosynthesis/0003_fowler-1984/literature_analysis/05_helium_burning.md	116	supsub	⁺	$^{+}$
03_stellar-nucleosynthesis/0003_fowler-1984/literature_analysis/05_helium_burning.md	116	supsub	⁻	$^{-}$
03_stellar-nucleosynthesis/0003_fowler-1984/literature_analysis/05_helium_burning.md	116	supsub	⁺	$^{+}$
03_stellar-nucleosynthesis/0003_fowler-1984/literature_analysis/06_advanced_burning.md	61	supsub	⁺	$^{+}$
03_stellar-nucleosynthesis/0003_fowler-1984/literature_analysis/06_advanced_burning.md	83	supsub	⁻³	$^{-3}$
03_stellar-nucleosynthesis/0003_fowler-1984/literature_analysis/06_advanced_burning.md	125	supsub	⁻³	$^{-3}$
03_stellar-nucleosynthesis/0003_fowler-1984/literature_analysis/07_weak_rates.md	38	supsub	²	$^{2}$
03_stellar-nucleosynthesis/0003_fowler-1984/literature_analysis/07_weak_rates.md	39	supsub	²	$^{2}$
03_stellar-nucleosynthesis/0003_fowler-1984/literature_analysis/07_weak_rates.md	77	supsub	²	$^{2}$
03_stellar-nucleosynthesis/0003_fowler-1984/literature_analysis/07_weak_rates.md	89	supsub	⁻	$^{-}$
03_stellar-nucleosynthesis/0003_fowler-1984/literature_analysis/07_weak_rates.md	89	supsub	⁺	$^{+}$
03_stellar-nucleosynthesis/0003_fowler-1984/literature_analysis/08_abundances_explosive.md	134	supsub	⁻³	$^{-3}$
03_stellar-nucleosynthesis/0003_fowler-1984/literature_analysis/08_abundances_explosive.md	144	supsub	⁺	$^{+}$
03_stellar-nucleosynthesis/0003_fowler-1984/literature_analysis/08_abundances_explosive.md	160	supsub	¹⁸⁰⁹	$^{1809}$
03_stellar-nucleosynthesis/0003_fowler-1984/literature_analysis/08_abundances_explosive.md	163	supsub	⁻³	$^{-3}$
03_stellar-nucleosynthesis/0003_fowler-1984/literature_analysis/09_anomalies_neutron.md	89	supsub	⁻³	$^{-3}$
03_stellar-nucleosynthesis/0003_fowler-1984/literature_analysis/10_cosmochronology.md	70	skip	±²	²
03_stellar-nucleosynthesis/0003_fowler-1984/literature_analysis/10_cosmochronology.md	70	skip	/₋₄	₋₄
03_stellar-nucleosynthesis/0003_fowler-1984/literature_analysis/10_cosmochronology.md	81	supsub	⁻³	$^{-3}$
03_stellar-nucleosynthesis/0003_fowler-1984/literature_analysis/10_cosmochronology.md	157	supsub	³	$^{3}$
03_stellar-nucleosynthesis/0003_fowler-1984/literature_analysis/98_vocabulary.md	14	supsub	⁵⁶	$^{56}$
03_stellar-nucleosynthesis/0003_fowler-1984/literature_analysis/98_vocabulary.md	44	supsub	²	$^{2}$
03_stellar-nucleosynthesis/0003_fowler-1984/literature_analysis/98_vocabulary.md	44	supsub	²	$^{2}$
03_stellar-nucleosynthesis/0003_fowler-1984/literature_analysis/98_vocabulary.md	49	supsub	⁺	^{+}
03_stellar-nucleosynthesis/0003_fowler-1984/literature_analysis/99_final_summary.md	36	supsub	³	$^{3}$
03_stellar-nucleosynthesis/0003_fowler-1984/literature_analysis/99_final_summary.md	41	supsub	⁺	$^{+}$
03_stellar-nucleosynthesis/0003_fowler-1984/literature_analysis/99_final_summary.md	44	supsub	⁻³	$^{-3}$
03_stellar-nucleosynthesis/0003_fowler-1984/literature_analysis/99_final_summary.md	45	skip	±²	²
03_stellar-nucleosynthesis/0003_fowler-1984/literature_analysis/99_final_summary.md	45	skip	/₋₄	₋₄
03_stellar-nucleosynthesis/0003_fowler-1984/literature_analysis/99_final_summary.md	115	supsub	²	$^{2}$
03_stellar-nucleosynthesis/0003_fowler-1984/literature_analysis/99_final_summary.md	115	supsub	²	$^{2}$
03_stellar-nucleosynthesis/0004_wallerstein-1997/literature_analysis/03_hydrogen_burning.md	11	supsub	⁺	$^{+}$
03_stellar-nucleosynthesis/0004_wallerstein-1997/literature_analysis/03_hydrogen_burning.md	17	supsub	²	$^{2}$
03_stellar-nucleosynthesis/0004_wallerstein-1997/literature_analysis/03_hydrogen_burning.md	34	supsub	²	$^{2}$
03_stellar-nucleosynthesis/0004_wallerstein-1997/literature_analysis/04_x_process_light_elements.md	111	supsub	⁻	$^{-}$
03_stellar-nucleosynthesis/0004_wallerstein-1997/literature_analysis/04_x_process_light_elements.md	127	supsub	⁻	$^{-}$
03_stellar-nucleosynthesis/0004_wallerstein-1997/literature_analysis/05_helium_burning.md	26	supsub	₂	$_{2}$
03_stellar-nucleosynthesis/0004_wallerstein-1997/literature_analysis/05_helium_burning.md	35	supsub	²	$^{2}$
03_stellar-nucleosynthesis/0004_wallerstein-1997/literature_analysis/05_helium_burning.md	49	supsub	²	$^{2}$
03_stellar-nucleosynthesis/0004_wallerstein-1997/literature_analysis/07_s_process.md	62	supsub	₂	$_{2}$
03_stellar-nucleosynthesis/0004_wallerstein-1997/literature_analysis/07_s_process.md	63	supsub	₂	$_{2}$
03_stellar-nucleosynthesis/0004_wallerstein-1997/literature_analysis/07_s_process.md	83	supsub	⁻¹	$^{-1}$
03_stellar-nucleosynthesis/0004_wallerstein-1997/literature_analysis/07_s_process.md	117	supsub	⁻³	$^{-3}$
03_stellar-nucleosynthesis/0004_wallerstein-1997/literature_analysis/07_s_process.md	118	supsub	⁻³	$^{-3}$
03_stellar-nucleosynthesis/0004_wallerstein-1997/literature_analysis/07_s_process.md	124	supsub	⁻³	$^{-3}$
03_stellar-nucleosynthesis/0004_wallerstein-1997/literature_analysis/07_s_process.md	126	supsub	⁻³	$^{-3}$
03_stellar-nucleosynthesis/0004_wallerstein-1997/literature_analysis/07_s_process.md	144	supsub	⁻³	$^{-3}$
03_stellar-nucleosynthesis/0004_wallerstein-1997/literature_analysis/07_s_process.md	155	supsub	⁻³	$^{-3}$
03_stellar-nucleosynthesis/0004_wallerstein-1997/literature_analysis/07_s_process.md	158	supsub	⁻³	$^{-3}$
03_stellar-nucleosynthesis/0004_wallerstein-1997/literature_analysis/08_r_process.md	11	supsub	⁺	^{+}
03_stellar-nucleosynthesis/0004_wallerstein-1997/literature_analysis/08_r_process.md	14	supsub	⁺	^{+}
03_stellar-nucleosynthesis/0004_wallerstein-1997/literature_analysis/08_r_process.md	16	supsub	⁺	^{+}
03_stellar-nucleosynthesis/0004_wallerstein-1997/literature_analysis/08_r_process.md	113	supsub	²	$^{2}$
03_stellar-nucleosynthesis/0004_wallerstein-1997/literature_analysis/08_r_process.md	113	supsub	²	$^{2}$
03_stellar-nucleosynthesis/0004_wallerstein-1997/literature_analysis/09_p_and_e_process.md	51	supsub	²	$^{2}$
03_stellar-nucleosynthesis/0004_wallerstein-1997/literature_analysis/09_p_and_e_process.md	52	supsub	²	$^{2}$
03_stellar-nucleosynthesis/0004_wallerstein-1997/literature_analysis/09_p_and_e_process.md	86	supsub	⁺	^{+}
03_stellar-nucleosynthesis/0004_wallerstein-1997/literature_analysis/09_p_and_e_process.md	86	supsub	₂	$_{2}$
03_stellar-nucleosynthesis/0004_wallerstein-1997/literature_analysis/09_p_and_e_process.md	86	supsub	⁺	^{+}
03_stellar-nucleosynthesis/0004_wallerstein-1997/literature_analysis/09_p_and_e_process.md	86	supsub	₂	$_{2}$
03_stellar-nucleosynthesis/0004_wallerstein-1997/literature_analysis/99_final_summary.md	46	supsub	⁻¹	$^{-1}$
03_stellar-nucleosynthesis/0004_wallerstein-1997/literature_analysis/99_final_summary.md	70	supsub	⁻¹	$^{-1}$
03_stellar-nucleosynthesis/0005_champagne-wiescher-1992/literature_analysis/00_overview.md	98	supsub	³	$^{3}$
03_stellar-nucleosynthesis/0005_champagne-wiescher-1992/literature_analysis/00_overview.md	100	supsub	³	$^{3}$
03_stellar-nucleosynthesis/0005_champagne-wiescher-1992/literature_analysis/00_overview.md	102	supsub	³	$^{3}$
03_stellar-nucleosynthesis/0005_champagne-wiescher-1992/literature_analysis/00_overview.md	115	supsub	³	$^{3}$
03_stellar-nucleosynthesis/0005_champagne-wiescher-1992/literature_analysis/00_overview.md	116	supsub	³	$^{3}$
03_stellar-nucleosynthesis/0005_champagne-wiescher-1992/literature_analysis/00_overview.md	120	supsub	³	$^{3}$
03_stellar-nucleosynthesis/0005_champagne-wiescher-1992/literature_analysis/00_overview.md	122	supsub	⁺	^{+}
03_stellar-nucleosynthesis/0005_champagne-wiescher-1992/literature_analysis/00_overview.md	123	supsub	⁺	^{+}
03_stellar-nucleosynthesis/0005_champagne-wiescher-1992/literature_analysis/00_overview.md	124	supsub	⁺	^{+}
03_stellar-nucleosynthesis/0005_champagne-wiescher-1992/literature_analysis/01_introduction.md	31	supsub	⁻³	$^{-3}$
03_stellar-nucleosynthesis/0005_champagne-wiescher-1992/literature_analysis/01_introduction.md	45	supsub	⁻³	$^{-3}$
03_stellar-nucleosynthesis/0005_champagne-wiescher-1992/literature_analysis/01_introduction.md	55	supsub	⁻³	$^{-3}$
03_stellar-nucleosynthesis/0005_champagne-wiescher-1992/literature_analysis/01_introduction.md	62	supsub	⁻³	$^{-3}$
03_stellar-nucleosynthesis/0005_champagne-wiescher-1992/literature_analysis/01_introduction.md	82	supsub	⁻³	$^{-3}$
03_stellar-nucleosynthesis/0005_champagne-wiescher-1992/literature_analysis/02_reaction_rates.md	19	supsub	⁻³	$^{-3}$
03_stellar-nucleosynthesis/0005_champagne-wiescher-1992/literature_analysis/02_reaction_rates.md	27	supsub	⁺	^{+}
03_stellar-nucleosynthesis/0005_champagne-wiescher-1992/literature_analysis/02_reaction_rates.md	27	supsub	₂	$_{2}$
03_stellar-nucleosynthesis/0005_champagne-wiescher-1992/literature_analysis/02_reaction_rates.md	34	supsub	⁺	^{+}
03_stellar-nucleosynthesis/0005_champagne-wiescher-1992/literature_analysis/02_reaction_rates.md	38	supsub	⁺	^{+}
03_stellar-nucleosynthesis/0005_champagne-wiescher-1992/literature_analysis/02_reaction_rates.md	38	supsub	₂	$_{2}$
03_stellar-nucleosynthesis/0005_champagne-wiescher-1992/literature_analysis/02_reaction_rates.md	46	supsub	⁺	^{+}
03_stellar-nucleosynthesis/0005_champagne-wiescher-1992/literature_analysis/02_reaction_rates.md	175	supsub	⁺	^{+}
03_stellar-nucleosynthesis/0005_champagne-wiescher-1992/literature_analysis/02_reaction_rates.md	176	supsub	⁺	^{+}
03_stellar-nucleosynthesis/0005_champagne-wiescher-1992/literature_analysis/02_reaction_rates.md	177	supsub	⁺	^{+}
03_stellar-nucleosynthesis/0005_champagne-wiescher-1992/literature_analysis/04_hot_cno_cycles_continued.md	34	supsub	₂	$_{2}$
03_stellar-nucleosynthesis/0005_champagne-wiescher-1992/literature_analysis/05_lab_vs_stellar_rates.md	111	supsub	⁺	^{+}
03_stellar-nucleosynthesis/0005_champagne-wiescher-1992/literature_analysis/05_lab_vs_stellar_rates.md	115	supsub	₂	$_{2}$
03_stellar-nucleosynthesis/0005_champagne-wiescher-1992/literature_analysis/05_lab_vs_stellar_rates.md	119	supsub	⁻³	$^{-3}$
03_stellar-nucleosynthesis/0005_champagne-wiescher-1992/literature_analysis/05_lab_vs_stellar_rates.md	123	supsub	⁺	^{+}
03_stellar-nucleosynthesis/0005_champagne-wiescher-1992/literature_analysis/05_lab_vs_stellar_rates.md	137	supsub	₂	$_{2}$
03_stellar-nucleosynthesis/0005_champagne-wiescher-1992/literature_analysis/05_lab_vs_stellar_rates.md	156	supsub	³	$^{3}$
03_stellar-nucleosynthesis/0005_champagne-wiescher-1992/literature_analysis/06_rp_process.md	119	supsub	₂	$_{2}$
03_stellar-nucleosynthesis/0005_champagne-wiescher-1992/literature_analysis/06_rp_process.md	120	supsub	₂	$_{2}$
03_stellar-nucleosynthesis/0005_champagne-wiescher-1992/literature_analysis/07_rp_process_impedance.md	33	supsub	₂	$_{2}$
03_stellar-nucleosynthesis/0005_champagne-wiescher-1992/literature_analysis/07_rp_process_impedance.md	60	supsub	⁺	^{+}
03_stellar-nucleosynthesis/0005_champagne-wiescher-1992/literature_analysis/07_rp_process_impedance.md	70	supsub	⁵⁰	$^{50}$
03_stellar-nucleosynthesis/0005_champagne-wiescher-1992/literature_analysis/07_rp_process_impedance.md	116	supsub	⁻³	$^{-3}$
03_stellar-nucleosynthesis/0005_champagne-wiescher-1992/literature_analysis/07_rp_process_impedance.md	136	supsub	⁺	^{+}
03_stellar-nucleosynthesis/0005_champagne-wiescher-1992/literature_analysis/07_rp_process_impedance.md	168	supsub	⁵⁰	$^{50}$
03_stellar-nucleosynthesis/0005_champagne-wiescher-1992/literature_analysis/07_rp_process_impedance.md	188	supsub	₂	$_{2}$
03_stellar-nucleosynthesis/0005_champagne-wiescher-1992/literature_analysis/08_network_calculations.md	31	supsub	⁺	^{+}
03_stellar-nucleosynthesis/0005_champagne-wiescher-1992/literature_analysis/08_network_calculations.md	41	supsub	⁺	^{+}
03_stellar-nucleosynthesis/0005_champagne-wiescher-1992/literature_analysis/08_network_calculations.md	47	supsub	³	$^{3}$
03_stellar-nucleosynthesis/0005_champagne-wiescher-1992/literature_analysis/08_network_calculations.md	96	supsub	₂	$_{2}$
03_stellar-nucleosynthesis/0005_champagne-wiescher-1992/literature_analysis/08_network_calculations.md	97	supsub	₂	$_{2}$
03_stellar-nucleosynthesis/0005_champagne-wiescher-1992/literature_analysis/08_network_calculations.md	97	supsub	₂	$_{2}$
03_stellar-nucleosynthesis/0005_champagne-wiescher-1992/literature_analysis/08_network_calculations.md	98	supsub	₂	$_{2}$
03_stellar-nucleosynthesis/0005_champagne-wiescher-1992/literature_analysis/08_network_calculations.md	135	supsub	⁺	^{+}
03_stellar-nucleosynthesis/0005_champagne-wiescher-1992/literature_analysis/08_network_calculations.md	143	supsub	⁺	^{+}
03_stellar-nucleosynthesis/0005_champagne-wiescher-1992/literature_analysis/08_network_calculations.md	151	supsub	₂	$_{2}$
03_stellar-nucleosynthesis/0005_champagne-wiescher-1992/literature_analysis/08_network_calculations.md	152	supsub	₂	$_{2}$
03_stellar-nucleosynthesis/0005_champagne-wiescher-1992/literature_analysis/08_network_calculations.md	157	supsub	₂	$_{2}$
03_stellar-nucleosynthesis/0005_champagne-wiescher-1992/literature_analysis/08_network_calculations.md	179	supsub	⁵⁵	$^{55}$
03_stellar-nucleosynthesis/0005_champagne-wiescher-1992/literature_analysis/08_network_calculations.md	181	supsub	₂	$_{2}$
03_stellar-nucleosynthesis/0005_champagne-wiescher-1992/literature_analysis/08_network_calculations.md	195	supsub	₂	$_{2}$
03_stellar-nucleosynthesis/0005_champagne-wiescher-1992/literature_analysis/08_network_calculations.md	203	supsub	⁵⁵	$^{55}$
03_stellar-nucleosynthesis/0005_champagne-wiescher-1992/literature_analysis/08_network_calculations.md	205	supsub	⁺	^{+}
03_stellar-nucleosynthesis/0005_champagne-wiescher-1992/literature_analysis/08_network_calculations.md	210	supsub	³	$^{3}$
03_stellar-nucleosynthesis/0005_champagne-wiescher-1992/literature_analysis/08_network_calculations.md	237	supsub	¹	$^{1}$
03_stellar-nucleosynthesis/0005_champagne-wiescher-1992/literature_analysis/08_network_calculations.md	237	supsub	²	$^{2}$
03_stellar-nucleosynthesis/0005_champagne-wiescher-1992/literature_analysis/09_figures_and_tables.md	31	supsub	⁺	^{+}
03_stellar-nucleosynthesis/0005_champagne-wiescher-1992/literature_analysis/09_figures_and_tables.md	31	supsub	⁺	^{+}
03_stellar-nucleosynthesis/0005_champagne-wiescher-1992/literature_analysis/09_figures_and_tables.md	34	supsub	⁺	^{+}
03_stellar-nucleosynthesis/0005_champagne-wiescher-1992/literature_analysis/09_figures_and_tables.md	37	supsub	⁺	^{+}
03_stellar-nucleosynthesis/0005_champagne-wiescher-1992/literature_analysis/09_figures_and_tables.md	40	supsub	₂	$_{2}$
03_stellar-nucleosynthesis/0005_champagne-wiescher-1992/literature_analysis/09_figures_and_tables.md	40	supsub	₂	$_{2}$
03_stellar-nucleosynthesis/0005_champagne-wiescher-1992/literature_analysis/09_figures_and_tables.md	146	supsub	₂	$_{2}$
03_stellar-nucleosynthesis/0005_champagne-wiescher-1992/literature_analysis/09_figures_and_tables.md	168	supsub	⁺	^{+}
03_stellar-nucleosynthesis/0005_champagne-wiescher-1992/literature_analysis/09_figures_and_tables.md	175	supsub	₂	$_{2}$
03_stellar-nucleosynthesis/0005_champagne-wiescher-1992/literature_analysis/09_figures_and_tables.md	194	supsub	₂	$_{2}$
03_stellar-nucleosynthesis/0005_champagne-wiescher-1992/literature_analysis/09_figures_and_tables.md	195	supsub	₂	$_{2}$
03_stellar-nucleosynthesis/0005_champagne-wiescher-1992/literature_analysis/09_figures_and_tables.md	213	supsub	⁺	^{+}
03_stellar-nucleosynthesis/0005_champagne-wiescher-1992/literature_analysis/09_figures_and_tables.md	214	supsub	⁺	^{+}
03_stellar-nucleosynthesis/0005_champagne-wiescher-1992/literature_analysis/09_figures_and_tables.md	214	supsub	⁺	^{+}
03_stellar-nucleosynthesis/0005_champagne-wiescher-1992/literature_analysis/09_figures_and_tables.md	219	supsub	₂	$_{2}$
03_stellar-nucleosynthesis/0005_champagne-wiescher-1992/literature_analysis/09_figures_and_tables.md	235	supsub	⁵⁵	$^{55}$
03_stellar-nucleosynthesis/0005_champagne-wiescher-1992/literature_analysis/09_figures_and_tables.md	240	supsub	⁺	^{+}
03_stellar-nucleosynthesis/0005_champagne-wiescher-1992/literature_analysis/09_figures_and_tables.md	258	supsub	⁵⁵	$^{55}$
03_stellar-nucleosynthesis/0005_champagne-wiescher-1992/literature_analysis/98_vocabulary.md	41	supsub	⁺	^{+}
03_stellar-nucleosynthesis/0005_champagne-wiescher-1992/literature_analysis/98_vocabulary.md	42	supsub	⁺	^{+}
03_stellar-nucleosynthesis/0005_champagne-wiescher-1992/literature_analysis/98_vocabulary.md	47	supsub	⁴	$^{4}$
03_stellar-nucleosynthesis/0005_champagne-wiescher-1992/literature_analysis/98_vocabulary.md	47	supsub	²	$^{2}$
03_stellar-nucleosynthesis/0005_champagne-wiescher-1992/literature_analysis/98_vocabulary.md	47	supsub	²	$^{2}$
03_stellar-nucleosynthesis/0005_champagne-wiescher-1992/literature_analysis/98_vocabulary.md	47	supsub	²	$^{2}$
03_stellar-nucleosynthesis/0005_champagne-wiescher-1992/literature_analysis/98_vocabulary.md	53	supsub	⁺	^{+}
03_stellar-nucleosynthesis/0005_champagne-wiescher-1992/literature_analysis/98_vocabulary.md	66	supsub	³	$^{3}$
03_stellar-nucleosynthesis/0005_champagne-wiescher-1992/literature_analysis/98_vocabulary.md	82	supsub	₂	$_{2}$
03_stellar-nucleosynthesis/0005_champagne-wiescher-1992/literature_analysis/98_vocabulary.md	86	supsub	₂	$_{2}$
03_stellar-nucleosynthesis/0005_champagne-wiescher-1992/literature_analysis/99_final_summary.md	44	supsub	³	$^{3}$
03_stellar-nucleosynthesis/0005_champagne-wiescher-1992/literature_analysis/99_final_summary.md	52	supsub	₂	$_{2}$
03_stellar-nucleosynthesis/0005_champagne-wiescher-1992/literature_analysis/99_final_summary.md	76	supsub	₂	$_{2}$
03_stellar-nucleosynthesis/0005_champagne-wiescher-1992/literature_analysis/99_final_summary.md	81	supsub	₂	$_{2}$
03_stellar-nucleosynthesis/0005_champagne-wiescher-1992/literature_analysis/99_final_summary.md	84	supsub	³	$^{3}$
03_stellar-nucleosynthesis/0005_champagne-wiescher-1992/literature_analysis/99_final_summary.md	173	supsub	₂	$_{2}$
03_stellar-nucleosynthesis/0006_anders-grevesse/literature_analysis/01_analysis.md	117	supsub	₂	$_{2}$
03_stellar-nucleosynthesis/0006_anders-grevesse/literature_analysis/01_analysis.md	344	supsub	²⁰	$^{20}$
03_stellar-nucleosynthesis/0006_anders-grevesse/literature_analysis/01_analysis.md	344	supsub	⁴⁰	$^{40}$
03_stellar-nucleosynthesis/0006_anders-grevesse/literature_analysis/01_analysis.md	534	supsub	²⁰⁸	$^{208}$
03_stellar-nucleosynthesis/0007_grevesse-sauval-1998/literature_analysis/01_analysis.md	72	supsub	⁻	$^{-}$
03_stellar-nucleosynthesis/0008_lodders-2003/literature_analysis/00_overview.md	82	supsub	₀	$_{0}$
03_stellar-nucleosynthesis/0008_lodders-2003/literature_analysis/00_overview.md	117	supsub	₀	$_{0}$
03_stellar-nucleosynthesis/0008_lodders-2003/literature_analysis/02_abundance_selection.md	120	supsub	₀	$_{0}$
03_stellar-nucleosynthesis/0008_lodders-2003/literature_analysis/02_abundance_selection.md	120	supsub	₀	$_{0}$
03_stellar-nucleosynthesis/0008_lodders-2003/literature_analysis/02_abundance_selection.md	122	supsub	₀	$_{0}$
03_stellar-nucleosynthesis/0008_lodders-2003/literature_analysis/02_abundance_selection.md	150	supsub	₀	$_{0}$
03_stellar-nucleosynthesis/0008_lodders-2003/literature_analysis/02_abundance_selection.md	254	supsub	₀	$_{0}$
03_stellar-nucleosynthesis/0008_lodders-2003/literature_analysis/02_abundance_selection.md	272	supsub	²⁰⁶	$^{206}$
03_stellar-nucleosynthesis/0008_lodders-2003/literature_analysis/02_abundance_selection.md	272	supsub	²⁰⁷	$^{207}$
03_stellar-nucleosynthesis/0008_lodders-2003/literature_analysis/02_abundance_selection.md	283	supsub	₀	$_{0}$
03_stellar-nucleosynthesis/0008_lodders-2003/literature_analysis/03_condensation_methods.md	78	supsub	ᵢ	$_{i}$
03_stellar-nucleosynthesis/0008_lodders-2003/literature_analysis/04_major_trace_condensation.md	124	supsub	₂	$_{2}$
03_stellar-nucleosynthesis/0008_lodders-2003/literature_analysis/04_major_trace_condensation.md	144	supsub	₃	$_{3}$
03_stellar-nucleosynthesis/0008_lodders-2003/literature_analysis/09_figures_and_tables.md	64	supsub	₀	$_{0}$
03_stellar-nucleosynthesis/0008_lodders-2003/literature_analysis/09_figures_and_tables.md	64	supsub	₀	$_{0}$
03_stellar-nucleosynthesis/0008_lodders-2003/literature_analysis/09_figures_and_tables.md	68	supsub	₀	$_{0}$
03_stellar-nucleosynthesis/0008_lodders-2003/literature_analysis/09_figures_and_tables.md	120	supsub	₀	$_{0}$
03_stellar-nucleosynthesis/0008_lodders-2003/literature_analysis/09_figures_and_tables.md	122	supsub	₀	$_{0}$
03_stellar-nucleosynthesis/0008_lodders-2003/literature_analysis/09_figures_and_tables.md	122	supsub	₀	$_{0}$
03_stellar-nucleosynthesis/0008_lodders-2003/literature_analysis/09_figures_and_tables.md	138	supsub	²⁰⁶	$^{206}$
03_stellar-nucleosynthesis/0008_lodders-2003/literature_analysis/09_figures_and_tables.md	138	supsub	²⁰⁷	$^{207}$
03_stellar-nucleosynthesis/0008_lodders-2003/literature_analysis/09_figures_and_tables.md	189	supsub	₀	$_{0}$
03_stellar-nucleosynthesis/0008_lodders-2003/literature_analysis/09_figures_and_tables.md	190	supsub	₀	$_{0}$
03_stellar-nucleosynthesis/0008_lodders-2003/literature_analysis/09_figures_and_tables.md	190	supsub	₀	$_{0}$
03_stellar-nucleosynthesis/0008_lodders-2003/literature_analysis/09_figures_and_tables.md	195	supsub	²	$^{2}$
03_stellar-nucleosynthesis/0008_lodders-2003/literature_analysis/98_vocabulary.md	16	supsub	₀	$_{0}$
03_stellar-nucleosynthesis/0008_lodders-2003/literature_analysis/98_vocabulary.md	57	supsub	₀	$_{0}$
03_stellar-nucleosynthesis/0008_lodders-2003/literature_analysis/98_vocabulary.md	67	supsub	₂	$_{2}$
03_stellar-nucleosynthesis/0008_lodders-2003/literature_analysis/98_vocabulary.md	69	supsub	₃	$_{3}$
03_stellar-nucleosynthesis/0008_lodders-2003/literature_analysis/98_vocabulary.md	86	supsub	₀	$_{0}$
03_stellar-nucleosynthesis/0008_lodders-2003/literature_analysis/98_vocabulary.md	88	supsub	₀	$_{0}$
03_stellar-nucleosynthesis/0008_lodders-2003/literature_analysis/98_vocabulary.md	90	supsub	₀	$_{0}$
03_stellar-nucleosynthesis/0008_lodders-2003/literature_analysis/99_final_summary.md	28	supsub	₀	$_{0}$
03_stellar-nucleosynthesis/0008_lodders-2003/literature_analysis/99_final_summary.md	40	supsub	₀	$_{0}$
03_stellar-nucleosynthesis/0008_lodders-2003/literature_analysis/99_final_summary.md	66	supsub	₀	$_{0}$
03_stellar-nucleosynthesis/0008_lodders-2003/literature_analysis/99_final_summary.md	87	supsub	₀	$_{0}$
03_stellar-nucleosynthesis/0008_lodders-2003/literature_analysis/99_final_summary.md	90	supsub	₀	$_{0}$
03_stellar-nucleosynthesis/0009_asplund-2009-solar-composition/literature_analysis/05_heavy_and_indirect.md	107	supsub	³	$^{3}$
03_stellar-nucleosynthesis/0009_asplund-2009-solar-composition/literature_analysis/05_heavy_and_indirect.md	107	supsub	⁴	$^{4}$
03_stellar-nucleosynthesis/0009_asplund-2009-solar-composition/literature_analysis/05_heavy_and_indirect.md	107	supsub	³	$^{3}$
03_stellar-nucleosynthesis/0009_asplund-2009-solar-composition/literature_analysis/05_heavy_and_indirect.md	107	supsub	⁴	$^{4}$
03_stellar-nucleosynthesis/0010_gies-lambert-1992/literature_analysis/00_overview.md	75	supsub	⁻¹	$^{-1}$
03_stellar-nucleosynthesis/0010_gies-lambert-1992/literature_analysis/00_overview.md	83	supsub	⁰	$^{0}$
03_stellar-nucleosynthesis/0010_gies-lambert-1992/literature_analysis/00_overview.md	94	supsub	⁻¹	$^{-1}$
03_stellar-nucleosynthesis/0010_gies-lambert-1992/literature_analysis/00_overview.md	94	supsub	⁻¹	$^{-1}$
03_stellar-nucleosynthesis/0010_gies-lambert-1992/literature_analysis/00_overview.md	95	supsub	⁻¹	$^{-1}$
03_stellar-nucleosynthesis/0010_gies-lambert-1992/literature_analysis/00_overview.md	95	supsub	⁻¹	$^{-1}$
03_stellar-nucleosynthesis/0010_gies-lambert-1992/literature_analysis/00_overview.md	144	supsub	⁻¹	$^{-1}$
03_stellar-nucleosynthesis/0010_gies-lambert-1992/literature_analysis/01_introduction.md	34	supsub	⁻¹	$^{-1}$
03_stellar-nucleosynthesis/0010_gies-lambert-1992/literature_analysis/02_observations.md	15	supsub	⁻¹	$^{-1}$
03_stellar-nucleosynthesis/0010_gies-lambert-1992/literature_analysis/02_observations.md	24	supsub	⁻¹	$^{-1}$
03_stellar-nucleosynthesis/0010_gies-lambert-1992/literature_analysis/02_observations.md	27	supsub	⁻¹	$^{-1}$
03_stellar-nucleosynthesis/0010_gies-lambert-1992/literature_analysis/02_observations.md	60	supsub	⁰	$^{0}$
03_stellar-nucleosynthesis/0010_gies-lambert-1992/literature_analysis/04_rotation.md	45	supsub	⁻¹	$^{-1}$
03_stellar-nucleosynthesis/0010_gies-lambert-1992/literature_analysis/04_rotation.md	53	supsub	⁻¹	$^{-1}$
03_stellar-nucleosynthesis/0010_gies-lambert-1992/literature_analysis/04_rotation.md	59	supsub	⁻¹	$^{-1}$
03_stellar-nucleosynthesis/0010_gies-lambert-1992/literature_analysis/04_rotation.md	59	supsub	⁻¹	$^{-1}$
03_stellar-nucleosynthesis/0010_gies-lambert-1992/literature_analysis/04_rotation.md	59	supsub	⁻¹	$^{-1}$
03_stellar-nucleosynthesis/0010_gies-lambert-1992/literature_analysis/04_rotation.md	72	supsub	⁻¹	$^{-1}$
03_stellar-nucleosynthesis/0010_gies-lambert-1992/literature_analysis/04_rotation.md	72	supsub	⁻¹	$^{-1}$
03_stellar-nucleosynthesis/0010_gies-lambert-1992/literature_analysis/04_rotation.md	84	supsub	⁻¹	$^{-1}$
03_stellar-nucleosynthesis/0010_gies-lambert-1992/literature_analysis/04_rotation.md	86	supsub	⁻¹	$^{-1}$
03_stellar-nucleosynthesis/0010_gies-lambert-1992/literature_analysis/04_rotation.md	87	supsub	⁻¹	$^{-1}$
03_stellar-nucleosynthesis/0010_gies-lambert-1992/literature_analysis/04_rotation.md	106	supsub	⁻¹	$^{-1}$
03_stellar-nucleosynthesis/0010_gies-lambert-1992/literature_analysis/04_rotation.md	106	supsub	⁻¹	$^{-1}$
03_stellar-nucleosynthesis/0010_gies-lambert-1992/literature_analysis/04_rotation.md	106	supsub	⁻¹	$^{-1}$
03_stellar-nucleosynthesis/0010_gies-lambert-1992/literature_analysis/05_lte_abundances.md	24	supsub	⁻¹	$^{-1}$
03_stellar-nucleosynthesis/0010_gies-lambert-1992/literature_analysis/05_lte_abundances.md	24	supsub	⁻¹	$^{-1}$
03_stellar-nucleosynthesis/0010_gies-lambert-1992/literature_analysis/05_lte_abundances.md	52	supsub	⁻¹	$^{-1}$
03_stellar-nucleosynthesis/0010_gies-lambert-1992/literature_analysis/05_lte_abundances.md	52	supsub	⁻¹	$^{-1}$
03_stellar-nucleosynthesis/0010_gies-lambert-1992/literature_analysis/05_lte_abundances.md	53	supsub	⁻¹	$^{-1}$
03_stellar-nucleosynthesis/0010_gies-lambert-1992/literature_analysis/05_lte_abundances.md	54	supsub	⁻¹	$^{-1}$
03_stellar-nucleosynthesis/0010_gies-lambert-1992/literature_analysis/05_lte_abundances.md	56	supsub	⁻¹	$^{-1}$
03_stellar-nucleosynthesis/0010_gies-lambert-1992/literature_analysis/05_lte_abundances.md	59	supsub	⁻¹	$^{-1}$
03_stellar-nucleosynthesis/0010_gies-lambert-1992/literature_analysis/05_lte_abundances.md	60	supsub	⁻¹	$^{-1}$
03_stellar-nucleosynthesis/0010_gies-lambert-1992/literature_analysis/05_lte_abundances.md	65	supsub	⁻¹	$^{-1}$
03_stellar-nucleosynthesis/0010_gies-lambert-1992/literature_analysis/05_lte_abundances.md	68	supsub	⁻¹	$^{-1}$
03_stellar-nucleosynthesis/0010_gies-lambert-1992/literature_analysis/05_lte_abundances.md	68	supsub	⁻¹	$^{-1}$
03_stellar-nucleosynthesis/0010_gies-lambert-1992/literature_analysis/05_lte_abundances.md	126	supsub	⁻¹	$^{-1}$
03_stellar-nucleosynthesis/0010_gies-lambert-1992/literature_analysis/05_lte_abundances.md	126	supsub	⁻¹	$^{-1}$
03_stellar-nucleosynthesis/0010_gies-lambert-1992/literature_analysis/05_lte_abundances.md	139	supsub	⁻¹	$^{-1}$
03_stellar-nucleosynthesis/0010_gies-lambert-1992/literature_analysis/05_lte_abundances.md	140	supsub	⁻¹	$^{-1}$
03_stellar-nucleosynthesis/0010_gies-lambert-1992/literature_analysis/05_lte_abundances.md	141	supsub	⁻¹	$^{-1}$
03_stellar-nucleosynthesis/0010_gies-lambert-1992/literature_analysis/05_lte_abundances.md	142	supsub	⁻¹	$^{-1}$
03_stellar-nucleosynthesis/0010_gies-lambert-1992/literature_analysis/05_lte_abundances.md	145	supsub	⁻¹	$^{-1}$
03_stellar-nucleosynthesis/0010_gies-lambert-1992/literature_analysis/05_lte_abundances.md	152	supsub	⁻¹	$^{-1}$
03_stellar-nucleosynthesis/0010_gies-lambert-1992/literature_analysis/07_results_and_discussion.md	39	supsub	⁻¹	$^{-1}$
03_stellar-nucleosynthesis/0010_gies-lambert-1992/literature_analysis/07_results_and_discussion.md	161	supsub	⁻¹	$^{-1}$
03_stellar-nucleosynthesis/0010_gies-lambert-1992/literature_analysis/07_results_and_discussion.md	162	supsub	⁻¹	$^{-1}$
03_stellar-nucleosynthesis/0010_gies-lambert-1992/literature_analysis/07_results_and_discussion.md	244	supsub	⁻¹	$^{-1}$
03_stellar-nucleosynthesis/0010_gies-lambert-1992/literature_analysis/07_results_and_discussion.md	246	supsub	⁻¹	$^{-1}$
03_stellar-nucleosynthesis/0010_gies-lambert-1992/literature_analysis/08_figures_tables.md	98	supsub	⁻¹	$^{-1}$
03_stellar-nucleosynthesis/0010_gies-lambert-1992/literature_analysis/08_figures_tables.md	105	supsub	⁻¹	$^{-1}$
03_stellar-nucleosynthesis/0010_gies-lambert-1992/literature_analysis/08_figures_tables.md	117	supsub	⁻¹	$^{-1}$
03_stellar-nucleosynthesis/0010_gies-lambert-1992/literature_analysis/08_figures_tables.md	117	supsub	⁻¹	$^{-1}$
03_stellar-nucleosynthesis/0010_gies-lambert-1992/literature_analysis/08_figures_tables.md	225	supsub	⁰	$^{0}$
03_stellar-nucleosynthesis/0010_gies-lambert-1992/literature_analysis/09_references.md	68	supsub	⁰	$^{0}$
03_stellar-nucleosynthesis/0010_gies-lambert-1992/literature_analysis/09_references.md	70	supsub	⁰	$^{0}$
03_stellar-nucleosynthesis/0010_gies-lambert-1992/literature_analysis/09_references.md	71	supsub	⁰	$^{0}$
03_stellar-nucleosynthesis/0010_gies-lambert-1992/literature_analysis/98_vocabulary.md	16	supsub	⁻¹	$^{-1}$
03_stellar-nucleosynthesis/0010_gies-lambert-1992/literature_analysis/98_vocabulary.md	98	supsub	⁻¹	$^{-1}$
03_stellar-nucleosynthesis/0010_gies-lambert-1992/literature_analysis/98_vocabulary.md	110	supsub	⁻¹	$^{-1}$
03_stellar-nucleosynthesis/0010_gies-lambert-1992/literature_analysis/99_final_summary.md	34	supsub	⁰	$^{0}$
03_stellar-nucleosynthesis/0010_gies-lambert-1992/literature_analysis/99_final_summary.md	89	supsub	⁻¹	$^{-1}$
03_stellar-nucleosynthesis/0010_gies-lambert-1992/literature_analysis/99_final_summary.md	103	supsub	⁻¹	$^{-1}$
03_stellar-nucleosynthesis/0010_gies-lambert-1992/literature_analysis/99_final_summary.md	107	supsub	⁻¹	$^{-1}$
03_stellar-nucleosynthesis/0010_gies-lambert-1992/literature_analysis/99_final_summary.md	107	supsub	⁻¹	$^{-1}$
03_stellar-nucleosynthesis/0010_gies-lambert-1992/literature_analysis/99_final_summary.md	108	supsub	⁻¹	$^{-1}$
03_stellar-nucleosynthesis/0011_kewley-2001-starburst/literature_analysis/00_overview.md	67	supsub	²	$^{2}$
03_stellar-nucleosynthesis/0011_kewley-2001-starburst/literature_analysis/00_overview.md	67	supsub	⁻³	$^{-3}$
03_stellar-nucleosynthesis/0011_kewley-2001-starburst/literature_analysis/01_analysis.md	109	supsub	⁻¹	$^{-1}$
03_stellar-nucleosynthesis/0011_kewley-2001-starburst/literature_analysis/01_analysis.md	109	supsub	⁻¹	$^{-1}$
03_stellar-nucleosynthesis/0011_kewley-2001-starburst/literature_analysis/01_analysis.md	118	supsub	⁻¹	$^{-1}$
03_stellar-nucleosynthesis/0011_kewley-2001-starburst/literature_analysis/01_analysis.md	210	supsub	⁻³	$^{-3}$
03_stellar-nucleosynthesis/0011_kewley-2001-starburst/literature_analysis/01_analysis.md	211	supsub	⁻¹	$^{-1}$
03_stellar-nucleosynthesis/0011_kewley-2001-starburst/literature_analysis/01_analysis.md	212	supsub	⁻¹	$^{-1}$
03_stellar-nucleosynthesis/0011_kewley-2001-starburst/literature_analysis/01_analysis.md	334	supsub	⁻¹	$^{-1}$
03_stellar-nucleosynthesis/0011_kewley-2001-starburst/literature_analysis/01_analysis.md	368	supsub	⁻¹	$^{-1}$
03_stellar-nucleosynthesis/0011_kewley-2001-starburst/literature_analysis/01_analysis.md	370	supsub	⁻³	$^{-3}$
03_stellar-nucleosynthesis/0011_kewley-2001-starburst/literature_analysis/01_analysis.md	370	supsub	⁻¹	$^{-1}$
03_stellar-nucleosynthesis/0011_kewley-2001-starburst/literature_analysis/01_analysis.md	375	supsub	⁻¹	$^{-1}$
03_stellar-nucleosynthesis/0011_kewley-2001-starburst/literature_analysis/01_analysis.md	375	supsub	⁻¹	$^{-1}$
03_stellar-nucleosynthesis/0011_kewley-2001-starburst/literature_analysis/01_analysis.md	375	supsub	⁻¹	$^{-1}$
03_stellar-nucleosynthesis/0011_kewley-2001-starburst/literature_analysis/01_analysis.md	376	supsub	⁻¹	$^{-1}$
03_stellar-nucleosynthesis/0011_kewley-2001-starburst/literature_analysis/01_analysis.md	377	supsub	⁻¹	$^{-1}$
03_stellar-nucleosynthesis/0011_kewley-2001-starburst/literature_analysis/01_analysis.md	378	supsub	⁻¹	$^{-1}$
03_stellar-nucleosynthesis/0011_kewley-2001-starburst/literature_analysis/01_analysis.md	380	supsub	⁻¹	$^{-1}$
03_stellar-nucleosynthesis/0011_kewley-2001-starburst/literature_analysis/01_analysis.md	380	supsub	⁻³	$^{-3}$
03_stellar-nucleosynthesis/0011_kewley-2001-starburst/literature_analysis/01_analysis.md	383	supsub	⁻¹	$^{-1}$
03_stellar-nucleosynthesis/0011_kewley-2001-starburst/literature_analysis/01_analysis.md	387	supsub	⁻¹	$^{-1}$
03_stellar-nucleosynthesis/0011_kewley-2001-starburst/literature_analysis/01_analysis.md	389	supsub	⁻¹	$^{-1}$
03_stellar-nucleosynthesis/0011_kewley-2001-starburst/literature_analysis/01_analysis.md	404	supsub	⁻³	$^{-3}$
03_stellar-nucleosynthesis/0011_kewley-2001-starburst/literature_analysis/01_analysis.md	404	supsub	⁻¹	$^{-1}$
03_stellar-nucleosynthesis/0011_kewley-2001-starburst/literature_analysis/01_analysis.md	404	supsub	²	$^{2}$
03_stellar-nucleosynthesis/0011_kewley-2001-starburst/literature_analysis/01_analysis.md	410	supsub	⁻¹	$^{-1}$
03_stellar-nucleosynthesis/0011_kewley-2001-starburst/literature_analysis/01_analysis.md	499	supsub	⁻¹	$^{-1}$
03_stellar-nucleosynthesis/0011_kewley-2001-starburst/literature_analysis/01_analysis.md	568	supsub	⁻¹	$^{-1}$
03_stellar-nucleosynthesis/0011_kewley-2001-starburst/literature_analysis/01_analysis.md	568	supsub	⁻²	$^{-2}$
03_stellar-nucleosynthesis/0011_kewley-2001-starburst/literature_analysis/01_analysis.md	568	supsub	⁻¹	$^{-1}$
03_stellar-nucleosynthesis/0011_kewley-2001-starburst/literature_analysis/98_vocabulary.md	25	supsub	⁻¹	$^{-1}$
03_stellar-nucleosynthesis/0011_kewley-2001-starburst/literature_analysis/98_vocabulary.md	25	supsub	⁻¹	$^{-1}$
03_stellar-nucleosynthesis/0011_kewley-2001-starburst/literature_analysis/98_vocabulary.md	124	supsub	⁻¹	$^{-1}$
03_stellar-nucleosynthesis/0011_kewley-2001-starburst/literature_analysis/99_final_summary.md	21	supsub	⁻³	$^{-3}$
03_stellar-nucleosynthesis/0011_kewley-2001-starburst/literature_analysis/99_final_summary.md	22	supsub	⁻¹	$^{-1}$
03_stellar-nucleosynthesis/0011_kewley-2001-starburst/literature_analysis/99_final_summary.md	24	supsub	⁻¹	$^{-1}$
03_stellar-nucleosynthesis/0011_kewley-2001-starburst/literature_analysis/99_final_summary.md	49	supsub	⁻¹	$^{-1}$
03_stellar-nucleosynthesis/0011_kewley-2001-starburst/literature_analysis/99_final_summary.md	49	supsub	⁻¹	$^{-1}$
03_stellar-nucleosynthesis/0012_dieterich-2014-h-burning-limit/literature_analysis/01_analysis.md	188	supsub	²	$^{2}$
03_stellar-nucleosynthesis/0012_dieterich-2014-h-burning-limit/literature_analysis/01_analysis.md	260	supsub	⁻¹	$^{-1}$
03_stellar-nucleosynthesis/0012_dieterich-2014-h-burning-limit/literature_analysis/01_analysis.md	260	supsub	⁻²	$^{-2}$
03_stellar-nucleosynthesis/0012_dieterich-2014-h-burning-limit/literature_analysis/01_analysis.md	276	supsub	²	$^{2}$
03_stellar-nucleosynthesis/0012_dieterich-2014-h-burning-limit/literature_analysis/01_analysis.md	276	supsub	⁴	$^{4}$
03_stellar-nucleosynthesis/0012_dieterich-2014-h-burning-limit/literature_analysis/01_analysis.md	277	supsub	⁻²	$^{-2}$
03_stellar-nucleosynthesis/0012_dieterich-2014-h-burning-limit/literature_analysis/01_analysis.md	277	supsub	⁻¹	$^{-1}$
03_stellar-nucleosynthesis/0012_dieterich-2014-h-burning-limit/literature_analysis/01_analysis.md	277	supsub	⁻⁴	$^{-4}$
03_stellar-nucleosynthesis/0012_dieterich-2014-h-burning-limit/literature_analysis/01_analysis.md	340	supsub	³	$^{3}$
03_stellar-nucleosynthesis/0012_dieterich-2014-h-burning-limit/literature_analysis/01_analysis.md	340	supsub	²	$^{2}$
03_stellar-nucleosynthesis/0012_dieterich-2014-h-burning-limit/literature_analysis/01_analysis.md	507	supsub	²	$^{2}$
03_stellar-nucleosynthesis/0012_dieterich-2014-h-burning-limit/literature_analysis/01_analysis.md	507	supsub	⁴	$^{4}$
03_stellar-nucleosynthesis/0012_dieterich-2014-h-burning-limit/literature_analysis/01_analysis.md	507	supsub	⁻²	$^{-2}$
03_stellar-nucleosynthesis/0012_dieterich-2014-h-burning-limit/literature_analysis/01_analysis.md	507	supsub	⁻¹	$^{-1}$
03_stellar-nucleosynthesis/0012_dieterich-2014-h-burning-limit/literature_analysis/01_analysis.md	507	supsub	⁻⁴	$^{-4}$
03_stellar-nucleosynthesis/0012_dieterich-2014-h-burning-limit/literature_analysis/01_analysis.md	508	supsub	⁴	$^{4}$
03_stellar-nucleosynthesis/0012_dieterich-2014-h-burning-limit/literature_analysis/01_analysis.md	510	supsub	²	$^{2}$
03_stellar-nucleosynthesis/0012_dieterich-2014-h-burning-limit/literature_analysis/01_analysis.md	515	supsub	³	$^{3}$
03_stellar-nucleosynthesis/0012_dieterich-2014-h-burning-limit/literature_analysis/01_analysis.md	515	supsub	²	$^{2}$
03_stellar-nucleosynthesis/0012_dieterich-2014-h-burning-limit/literature_analysis/98_vocabulary.md	57	supsub	²	$^{2}$
03_stellar-nucleosynthesis/0012_dieterich-2014-h-burning-limit/literature_analysis/98_vocabulary.md	57	supsub	⁴	$^{4}$
03_stellar-nucleosynthesis/0013_bertone-hooper-2018/literature_analysis/00_overview.md	146	supsub	³	$^{3}$
03_stellar-nucleosynthesis/0013_bertone-hooper-2018/literature_analysis/00_overview.md	146	supsub	³	$^{3}$
03_stellar-nucleosynthesis/0013_bertone-hooper-2018/literature_analysis/00_overview.md	147	supsub	³	$^{3}$
03_stellar-nucleosynthesis/0013_bertone-hooper-2018/literature_analysis/00_overview.md	148	supsub	³	$^{3}$
03_stellar-nucleosynthesis/0013_bertone-hooper-2018/literature_analysis/00_overview.md	148	supsub	³	$^{3}$
03_stellar-nucleosynthesis/0013_bertone-hooper-2018/literature_analysis/00_overview.md	149	supsub	²	$^{2}$
03_stellar-nucleosynthesis/0013_bertone-hooper-2018/literature_analysis/00_overview.md	152	supsub	²	$^{2}$
03_stellar-nucleosynthesis/0013_bertone-hooper-2018/literature_analysis/00_overview.md	153	supsub	²	$^{2}$
03_stellar-nucleosynthesis/0013_bertone-hooper-2018/literature_analysis/00_overview.md	154	supsub	²	$^{2}$
03_stellar-nucleosynthesis/0013_bertone-hooper-2018/literature_analysis/00_overview.md	157	supsub	³	$^{3}$
03_stellar-nucleosynthesis/0013_bertone-hooper-2018/literature_analysis/02_prehistory.md	79	supsub	³	$^{3}$
03_stellar-nucleosynthesis/0013_bertone-hooper-2018/literature_analysis/02_prehistory.md	79	supsub	³	$^{3}$
03_stellar-nucleosynthesis/0013_bertone-hooper-2018/literature_analysis/02_prehistory.md	80	supsub	³	$^{3}$
03_stellar-nucleosynthesis/0013_bertone-hooper-2018/literature_analysis/02_prehistory.md	82	supsub	³	$^{3}$
03_stellar-nucleosynthesis/0013_bertone-hooper-2018/literature_analysis/02_prehistory.md	82	supsub	³	$^{3}$
03_stellar-nucleosynthesis/0013_bertone-hooper-2018/literature_analysis/03_galaxy_clusters.md	116	supsub	²	$^{2}$
03_stellar-nucleosynthesis/0013_bertone-hooper-2018/literature_analysis/04_rotation_curves.md	17	supsub	⁻¹	$^{-1}$
03_stellar-nucleosynthesis/0013_bertone-hooper-2018/literature_analysis/04_rotation_curves.md	17	supsub	²	$^{2}$
03_stellar-nucleosynthesis/0013_bertone-hooper-2018/literature_analysis/05_baryonic_dark_matter.md	77	supsub	²	$^{2}$
03_stellar-nucleosynthesis/0013_bertone-hooper-2018/literature_analysis/05_baryonic_dark_matter.md	78	supsub	²	$^{2}$
03_stellar-nucleosynthesis/0013_bertone-hooper-2018/literature_analysis/05_baryonic_dark_matter.md	79	supsub	²	$^{2}$
03_stellar-nucleosynthesis/0013_bertone-hooper-2018/literature_analysis/06_modified_gravity.md	20	supsub	²	$^{2}$
03_stellar-nucleosynthesis/0013_bertone-hooper-2018/literature_analysis/06_modified_gravity.md	23	supsub	⁴	$^{4}$
03_stellar-nucleosynthesis/0013_bertone-hooper-2018/literature_analysis/06_modified_gravity.md	92	supsub	²	$^{2}$
03_stellar-nucleosynthesis/0013_bertone-hooper-2018/literature_analysis/07_dark_matter_particles.md	95	supsub	²	$^{2}$
03_stellar-nucleosynthesis/0013_bertone-hooper-2018/literature_analysis/07_dark_matter_particles.md	95	supsub	³	$^{3}$
03_stellar-nucleosynthesis/0013_bertone-hooper-2018/literature_analysis/07_dark_matter_particles.md	121	supsub	⁺	$^{+}$
03_stellar-nucleosynthesis/0013_bertone-hooper-2018/literature_analysis/07_dark_matter_particles.md	159	supsub	³	$^{3}$
03_stellar-nucleosynthesis/0013_bertone-hooper-2018/literature_analysis/07_dark_matter_particles.md	159	supsub	²	$^{2}$
03_stellar-nucleosynthesis/0013_bertone-hooper-2018/literature_analysis/07_dark_matter_particles.md	160	supsub	²	$^{2}$
03_stellar-nucleosynthesis/0013_bertone-hooper-2018/literature_analysis/08_piecing_the_puzzle.md	17	supsub	⁻³	$^{-3}$
03_stellar-nucleosynthesis/0013_bertone-hooper-2018/literature_analysis/08_piecing_the_puzzle.md	17	supsub	²	$^{2}$
03_stellar-nucleosynthesis/0013_bertone-hooper-2018/literature_analysis/08_piecing_the_puzzle.md	102	supsub	²	$^{2}$
03_stellar-nucleosynthesis/0013_bertone-hooper-2018/literature_analysis/09_hunt_for_dm.md	15	supsub	⁺	$^{+}$
03_stellar-nucleosynthesis/0013_bertone-hooper-2018/literature_analysis/09_hunt_for_dm.md	80	supsub	⁻²	$^{-2}$
03_stellar-nucleosynthesis/0013_bertone-hooper-2018/literature_analysis/09_hunt_for_dm.md	80	supsub	⁻¹	$^{-1}$
03_stellar-nucleosynthesis/0013_bertone-hooper-2018/literature_analysis/09_hunt_for_dm.md	80	supsub	⁻¹	$^{-1}$
03_stellar-nucleosynthesis/0013_bertone-hooper-2018/literature_analysis/98_vocabulary.md	22	supsub	²	$^{2}$
03_stellar-nucleosynthesis/0013_bertone-hooper-2018/literature_analysis/98_vocabulary.md	29	supsub	³	$^{3}$
03_stellar-nucleosynthesis/0013_bertone-hooper-2018/literature_analysis/98_vocabulary.md	52	supsub	⁴	$^{4}$
03_stellar-nucleosynthesis/0013_bertone-hooper-2018/literature_analysis/98_vocabulary.md	66	supsub	²	$^{2}$
03_stellar-nucleosynthesis/0013_bertone-hooper-2018/literature_analysis/98_vocabulary.md	66	supsub	²	$^{2}$
03_stellar-nucleosynthesis/0013_bertone-hooper-2018/literature_analysis/99_final_summary.md	37	supsub	²	$^{2}$
03_stellar-nucleosynthesis/0013_bertone-hooper-2018/literature_analysis/99_final_summary.md	58	supsub	³	$^{3}$
03_stellar-nucleosynthesis/0013_bertone-hooper-2018/literature_analysis/99_final_summary.md	58	supsub	³	$^{3}$
03_stellar-nucleosynthesis/0013_bertone-hooper-2018/literature_analysis/99_final_summary.md	62	supsub	²	$^{2}$
03_stellar-nucleosynthesis/0013_bertone-hooper-2018/literature_analysis/99_final_summary.md	63	supsub	³	$^{3}$
03_stellar-nucleosynthesis/0013_bertone-hooper-2018/literature_analysis/99_final_summary.md	66	supsub	²	$^{2}$
03_stellar-nucleosynthesis/0013_bertone-hooper-2018/literature_analysis/99_final_summary.md	113	supsub	²	$^{2}$
03_stellar-nucleosynthesis/0014_cameron-1968/literature_analysis/01_abundance_table.md	291	supsub	⁴⁰	$^{40}$
03_stellar-nucleosynthesis/0015_kraft-1994/literature_analysis/00_overview.md	88	supsub	⁻¹	$^{-1}$
03_stellar-nucleosynthesis/0015_kraft-1994/literature_analysis/00_overview.md	90	supsub	⁻¹	$^{-1}$
03_stellar-nucleosynthesis/0015_kraft-1994/literature_analysis/03_standard_predictions.md	32	supsub	³	$^{3}$
03_stellar-nucleosynthesis/0015_kraft-1994/literature_analysis/03_standard_predictions.md	82	supsub	³	$^{3}$
03_stellar-nucleosynthesis/0015_kraft-1994/literature_analysis/05_mixing_mechanisms.md	22	supsub	⁻¹	$^{-1}$
03_stellar-nucleosynthesis/0015_kraft-1994/literature_analysis/05_mixing_mechanisms.md	65	supsub	⁻¹	$^{-1}$
03_stellar-nucleosynthesis/0015_kraft-1994/literature_analysis/05_mixing_mechanisms.md	66	supsub	⁻¹	$^{-1}$
03_stellar-nucleosynthesis/0015_kraft-1994/literature_analysis/05_mixing_mechanisms.md	82	supsub	⁻¹	$^{-1}$
03_stellar-nucleosynthesis/0015_kraft-1994/literature_analysis/05_mixing_mechanisms.md	85	supsub	⁻¹	$^{-1}$
03_stellar-nucleosynthesis/0015_kraft-1994/literature_analysis/05_mixing_mechanisms.md	86	supsub	⁻¹	$^{-1}$
03_stellar-nucleosynthesis/0015_kraft-1994/literature_analysis/06_primordial_variations.md	106	supsub	⁺	^{+}
03_stellar-nucleosynthesis/0015_kraft-1994/literature_analysis/06_primordial_variations.md	109	supsub	⁺	^{+}
03_stellar-nucleosynthesis/0015_kraft-1994/literature_analysis/07_conclusions.md	72	supsub	⁻³	$^{-3}$
03_stellar-nucleosynthesis/0015_kraft-1994/literature_analysis/07_conclusions.md	105	supsub	⁻¹	$^{-1}$
03_stellar-nucleosynthesis/0015_kraft-1994/literature_analysis/07_conclusions.md	107	supsub	⁻¹	$^{-1}$
03_stellar-nucleosynthesis/0015_kraft-1994/literature_analysis/98_vocabulary.md	68	supsub	³	$^{3}$
03_stellar-nucleosynthesis/0015_kraft-1994/literature_analysis/98_vocabulary.md	69	supsub	³	$^{3}$
03_stellar-nucleosynthesis/0015_kraft-1994/literature_analysis/98_vocabulary.md	80	supsub	⁻¹	$^{-1}$
03_stellar-nucleosynthesis/0015_kraft-1994/literature_analysis/98_vocabulary.md	82	supsub	⁻¹	$^{-1}$
03_stellar-nucleosynthesis/0015_kraft-1994/literature_analysis/98_vocabulary.md	92	supsub	³⁰	$^{30}$
03_stellar-nucleosynthesis/0015_kraft-1994/literature_analysis/98_vocabulary.md	92	supsub	⁰⁰⁰	$^{000}$
03_stellar-nucleosynthesis/0015_kraft-1994/literature_analysis/99_final_summary.md	43	supsub	⁻¹	$^{-1}$
03_stellar-nucleosynthesis/0015_kraft-1994/literature_analysis/99_final_summary.md	44	supsub	⁻¹	$^{-1}$
03_stellar-nucleosynthesis/0015_kraft-1994/literature_analysis/99_final_summary.md	52	supsub	⁻¹	$^{-1}$
03_stellar-nucleosynthesis/0015_kraft-1994/literature_analysis/99_final_summary.md	81	supsub	⁻¹	$^{-1}$
03_stellar-nucleosynthesis/0015_kraft-1994/literature_analysis/99_final_summary.md	82	supsub	⁻¹	$^{-1}$
03_stellar-nucleosynthesis/0015_kraft-1994/literature_analysis/99_final_summary.md	161	supsub	⁺	^{+}
03_stellar-nucleosynthesis/0016_cowan-2021/literature_analysis/00_overview.md	36	supsub	²	$^{2}$
03_stellar-nucleosynthesis/0016_cowan-2021/literature_analysis/00_overview.md	50	supsub	²	$^{2}$
03_stellar-nucleosynthesis/0016_cowan-2021/literature_analysis/00_overview.md	51	supsub	²	$^{2}$
03_stellar-nucleosynthesis/0016_cowan-2021/literature_analysis/00_overview.md	66	supsub	²	$^{2}$
03_stellar-nucleosynthesis/0016_cowan-2021/literature_analysis/00_overview.md	87	supsub	²	$^{2}$
03_stellar-nucleosynthesis/0016_cowan-2021/literature_analysis/00_overview.md	87	supsub	²	$^{2}$
03_stellar-nucleosynthesis/0016_cowan-2021/literature_analysis/00_overview.md	115	supsub	²	$^{2}$
03_stellar-nucleosynthesis/0016_cowan-2021/literature_analysis/01_introduction_and_historical_reviews.md	19	isotope	¹H	$^{1}{\rm H}$
03_stellar-nucleosynthesis/0016_cowan-2021/literature_analysis/01_introduction_and_historical_reviews.md	19	isotope	²H	$^{2}{\rm H}$
03_stellar-nucleosynthesis/0016_cowan-2021/literature_analysis/01_introduction_and_historical_reviews.md	19	isotope	³He	$^{3}{\rm He}$
03_stellar-nucleosynthesis/0016_cowan-2021/literature_analysis/01_introduction_and_historical_reviews.md	19	isotope	⁴He	$^{4}{\rm He}$
03_stellar-nucleosynthesis/0016_cowan-2021/literature_analysis/01_introduction_and_historical_reviews.md	19	isotope	⁷Li	$^{7}{\rm Li}$
03_stellar-nucleosynthesis/0016_cowan-2021/literature_analysis/01_introduction_and_historical_reviews.md	27	isotope	¹H	$^{1}{\rm H}$
03_stellar-nucleosynthesis/0016_cowan-2021/literature_analysis/01_introduction_and_historical_reviews.md	27	isotope	²H	$^{2}{\rm H}$
03_stellar-nucleosynthesis/0016_cowan-2021/literature_analysis/01_introduction_and_historical_reviews.md	27	isotope	³He	$^{3}{\rm He}$
03_stellar-nucleosynthesis/0016_cowan-2021/literature_analysis/01_introduction_and_historical_reviews.md	27	isotope	⁴He	$^{4}{\rm He}$
03_stellar-nucleosynthesis/0016_cowan-2021/literature_analysis/01_introduction_and_historical_reviews.md	27	isotope	⁷Li	$^{7}{\rm Li}$
03_stellar-nucleosynthesis/0016_cowan-2021/literature_analysis/01_introduction_and_historical_reviews.md	27	isotope	⁷Li	$^{7}{\rm Li}$
03_stellar-nucleosynthesis/0016_cowan-2021/literature_analysis/01_introduction_and_historical_reviews.md	51	isotope	¹H	$^{1}{\rm H}$
03_stellar-nucleosynthesis/0016_cowan-2021/literature_analysis/01_introduction_and_historical_reviews.md	51	isotope	²H	$^{2}{\rm H}$
03_stellar-nucleosynthesis/0016_cowan-2021/literature_analysis/01_introduction_and_historical_reviews.md	51	isotope	³He	$^{3}{\rm He}$
03_stellar-nucleosynthesis/0016_cowan-2021/literature_analysis/01_introduction_and_historical_reviews.md	51	isotope	⁴He	$^{4}{\rm He}$
03_stellar-nucleosynthesis/0016_cowan-2021/literature_analysis/01_introduction_and_historical_reviews.md	51	isotope	⁷Li	$^{7}{\rm Li}$
03_stellar-nucleosynthesis/0016_cowan-2021/literature_analysis/01_introduction_and_historical_reviews.md	85	isotope	⁷Li	$^{7}{\rm Li}$
03_stellar-nucleosynthesis/0016_cowan-2021/literature_analysis/01_introduction_and_historical_reviews.md	107	supsub	⁻³	$^{-3}$
03_stellar-nucleosynthesis/0016_cowan-2021/literature_analysis/01_introduction_and_historical_reviews.md	117	supsub	²	$^{2}$
03_stellar-nucleosynthesis/0016_cowan-2021/literature_analysis/01_introduction_and_historical_reviews.md	130	isotope	⁷Li	$^{7}{\rm Li}$
03_stellar-nucleosynthesis/0016_cowan-2021/literature_analysis/01_introduction_and_historical_reviews.md	151	supsub	²	$^{2}$
03_stellar-nucleosynthesis/0016_cowan-2021/literature_analysis/03_basic_working_of_r_process.md	39	supsub	⁻³	$^{-3}$
03_stellar-nucleosynthesis/0016_cowan-2021/literature_analysis/03_basic_working_of_r_process.md	78	supsub	⁻³	$^{-3}$
03_stellar-nucleosynthesis/0016_cowan-2021/literature_analysis/06_astrophysical_sites_and_their_ejecta.md	47	supsub	⁻³	$^{-3}$
03_stellar-nucleosynthesis/0016_cowan-2021/literature_analysis/06_astrophysical_sites_and_their_ejecta.md	47	supsub	⁻¹	$^{-1}$
03_stellar-nucleosynthesis/0016_cowan-2021/literature_analysis/07_electromagnetic_signatures_of_r_process.md	77	supsub	²	$^{2}$
03_stellar-nucleosynthesis/0016_cowan-2021/literature_analysis/07_electromagnetic_signatures_of_r_process.md	188	supsub	²	$^{2}$
03_stellar-nucleosynthesis/0016_cowan-2021/literature_analysis/08_abundance_evolution_in_galaxy.md	116	supsub	⁻¹	$^{-1}$
03_stellar-nucleosynthesis/0016_cowan-2021/literature_analysis/08_abundance_evolution_in_galaxy.md	173	supsub	⁻³	$^{-3}$
03_stellar-nucleosynthesis/0016_cowan-2021/literature_analysis/08_abundance_evolution_in_galaxy.md	173	supsub	⁻¹	$^{-1}$
03_stellar-nucleosynthesis/0016_cowan-2021/literature_analysis/08_abundance_evolution_in_galaxy.md	182	supsub	⁻¹	$^{-1}$
03_stellar-nucleosynthesis/0016_cowan-2021/literature_analysis/08_abundance_evolution_in_galaxy.md	182	supsub	⁻¹·⁵	$^{-1.5}$
03_stellar-nucleosynthesis/0016_cowan-2021/literature_analysis/09_final_remarks_and_conclusions.md	151	supsub	²	$^{2}$
03_stellar-nucleosynthesis/0016_cowan-2021/literature_analysis/09_final_remarks_and_conclusions.md	214	supsub	²	$^{2}$
03_stellar-nucleosynthesis/0016_cowan-2021/literature_analysis/09_final_remarks_and_conclusions.md	241	supsub	²	$^{2}$
03_stellar-nucleosynthesis/0016_cowan-2021/literature_analysis/09_final_remarks_and_conclusions.md	257	supsub	²	$^{2}$
03_stellar-nucleosynthesis/0016_cowan-2021/literature_analysis/98_vocabulary.md	46	supsub	²	$^{2}$
03_stellar-nucleosynthesis/0016_cowan-2021/literature_analysis/99_final_summary.md	3	supsub	²	$^{2}$
03_stellar-nucleosynthesis/0016_cowan-2021/literature_analysis/99_final_summary.md	7	supsub	²	$^{2}$
03_stellar-nucleosynthesis/0017_kaeppeler-2011/literature_analysis/00_overview.md	17	supsub	²	$^{2}$
03_stellar-nucleosynthesis/0017_kaeppeler-2011/literature_analysis/00_overview.md	44	supsub	³	$^{3}$
03_stellar-nucleosynthesis/0017_kaeppeler-2011/literature_analysis/00_overview.md	47	supsub	²	$^{2}$
03_stellar-nucleosynthesis/0017_kaeppeler-2011/literature_analysis/00_overview.md	48	supsub	²	$^{2}$
03_stellar-nucleosynthesis/0017_kaeppeler-2011/literature_analysis/00_overview.md	69	supsub	²	$^{2}$
03_stellar-nucleosynthesis/0017_kaeppeler-2011/literature_analysis/01_introduction.md	56	isotope	⁷⁰Ge	$^{70}{\rm Ge}$
03_stellar-nucleosynthesis/0017_kaeppeler-2011/literature_analysis/01_introduction.md	56	isotope	⁷⁶Se	$^{76}{\rm Se}$
03_stellar-nucleosynthesis/0017_kaeppeler-2011/literature_analysis/01_introduction.md	56	supsub	⁸⁰	$^{80}$
03_stellar-nucleosynthesis/0017_kaeppeler-2011/literature_analysis/01_introduction.md	56	isotope	⁸²Kr	$^{82}{\rm Kr}$
03_stellar-nucleosynthesis/0017_kaeppeler-2011/literature_analysis/01_introduction.md	56	supsub	⁸⁶	$^{86}$
03_stellar-nucleosynthesis/0017_kaeppeler-2011/literature_analysis/01_introduction.md	56	isotope	⁸⁷Sr	$^{87}{\rm Sr}$
03_stellar-nucleosynthesis/0017_kaeppeler-2011/literature_analysis/01_introduction.md	56	isotope	¹⁴²Nd	$^{142}{\rm Nd}$
03_stellar-nucleosynthesis/0017_kaeppeler-2011/literature_analysis/01_introduction.md	56	isotope	¹⁵⁰Sm	$^{150}{\rm Sm}$
03_stellar-nucleosynthesis/0017_kaeppeler-2011/literature_analysis/01_introduction.md	56	supsub	¹⁵⁴	$^{154}$
03_stellar-nucleosynthesis/0017_kaeppeler-2011/literature_analysis/01_introduction.md	56	isotope	¹⁵⁶Gd	$^{156}{\rm Gd}$
03_stellar-nucleosynthesis/0017_kaeppeler-2011/literature_analysis/01_introduction.md	56	supsub	¹⁶⁰	$^{160}$
03_stellar-nucleosynthesis/0017_kaeppeler-2011/literature_analysis/01_introduction.md	56	supsub	¹⁶²	$^{162}$
03_stellar-nucleosynthesis/0017_kaeppeler-2011/literature_analysis/01_introduction.md	56	isotope	¹⁶⁴Dy	$^{164}{\rm Dy}$
03_stellar-nucleosynthesis/0017_kaeppeler-2011/literature_analysis/01_introduction.md	56	supsub	¹⁶⁸	$^{168}$
03_stellar-nucleosynthesis/0017_kaeppeler-2011/literature_analysis/01_introduction.md	56	supsub	¹⁷⁰	$^{170}$
03_stellar-nucleosynthesis/0017_kaeppeler-2011/literature_analysis/01_introduction.md	56	supsub	¹⁷²	$^{172}$
03_stellar-nucleosynthesis/0017_kaeppeler-2011/literature_analysis/01_introduction.md	56	isotope	¹⁷⁴Yb	$^{174}{\rm Yb}$
03_stellar-nucleosynthesis/0017_kaeppeler-2011/literature_analysis/01_introduction.md	56	isotope	¹⁸⁰Hf	$^{180}{\rm Hf}$
03_stellar-nucleosynthesis/0017_kaeppeler-2011/literature_analysis/01_introduction.md	56	isotope	¹⁸⁴W	$^{184}{\rm W}$
03_stellar-nucleosynthesis/0017_kaeppeler-2011/literature_analysis/01_introduction.md	56	supsub	¹⁸⁶	$^{186}$
03_stellar-nucleosynthesis/0017_kaeppeler-2011/literature_analysis/01_introduction.md	56	supsub	¹⁸⁸	$^{188}$
03_stellar-nucleosynthesis/0017_kaeppeler-2011/literature_analysis/01_introduction.md	56	supsub	¹⁹⁰	$^{190}$
03_stellar-nucleosynthesis/0017_kaeppeler-2011/literature_analysis/01_introduction.md	56	isotope	¹⁹²Os	$^{192}{\rm Os}$
03_stellar-nucleosynthesis/0017_kaeppeler-2011/literature_analysis/01_introduction.md	56	supsub	¹⁹⁶	$^{196}$
03_stellar-nucleosynthesis/0017_kaeppeler-2011/literature_analysis/01_introduction.md	56	isotope	¹⁹⁸Pt	$^{198}{\rm Pt}$
03_stellar-nucleosynthesis/0017_kaeppeler-2011/literature_analysis/01_introduction.md	56	isotope	¹⁹⁹Hg	$^{199}{\rm Hg}$
03_stellar-nucleosynthesis/0017_kaeppeler-2011/literature_analysis/01_introduction.md	56	isotope	²⁰⁴Pb	$^{204}{\rm Pb}$
03_stellar-nucleosynthesis/0017_kaeppeler-2011/literature_analysis/01_introduction.md	62	supsub	²	$^{2}$
03_stellar-nucleosynthesis/0017_kaeppeler-2011/literature_analysis/01_introduction.md	64	supsub	²	$^{2}$
03_stellar-nucleosynthesis/0017_kaeppeler-2011/literature_analysis/01_introduction.md	77	supsub	²	$^{2}$
03_stellar-nucleosynthesis/0017_kaeppeler-2011/literature_analysis/01_introduction.md	83	isotope	⁷⁹Se	$^{79}{\rm Se}$
03_stellar-nucleosynthesis/0017_kaeppeler-2011/literature_analysis/01_introduction.md	83	isotope	⁷⁹Se	$^{79}{\rm Se}$
03_stellar-nucleosynthesis/0017_kaeppeler-2011/literature_analysis/01_introduction.md	83	isotope	⁸⁰Kr	$^{80}{\rm Kr}$
03_stellar-nucleosynthesis/0017_kaeppeler-2011/literature_analysis/01_introduction.md	83	isotope	⁸²Kr	$^{82}{\rm Kr}$
03_stellar-nucleosynthesis/0017_kaeppeler-2011/literature_analysis/01_introduction.md	120	isotope	¹²C	$^{12}{\rm C}$
03_stellar-nucleosynthesis/0017_kaeppeler-2011/literature_analysis/01_introduction.md	120	isotope	¹⁶O	$^{16}{\rm O}$
03_stellar-nucleosynthesis/0017_kaeppeler-2011/literature_analysis/01_introduction.md	120	isotope	²²Ne	$^{22}{\rm Ne}$
03_stellar-nucleosynthesis/0017_kaeppeler-2011/literature_analysis/01_introduction.md	120	isotope	²⁵Mg	$^{25}{\rm Mg}$
03_stellar-nucleosynthesis/0017_kaeppeler-2011/literature_analysis/01_introduction.md	161	supsub	⁸⁰	$^{80}$
03_stellar-nucleosynthesis/0017_kaeppeler-2011/literature_analysis/01_introduction.md	161	isotope	⁸²Kr	$^{82}{\rm Kr}$
03_stellar-nucleosynthesis/0017_kaeppeler-2011/literature_analysis/01_introduction.md	161	isotope	⁷⁹Se	$^{79}{\rm Se}$
03_stellar-nucleosynthesis/0017_kaeppeler-2011/literature_analysis/01_introduction.md	161	supsub	¹²²	$^{122}$
03_stellar-nucleosynthesis/0017_kaeppeler-2011/literature_analysis/01_introduction.md	161	isotope	¹²⁴Te	$^{124}{\rm Te}$
03_stellar-nucleosynthesis/0017_kaeppeler-2011/literature_analysis/01_introduction.md	161	isotope	¹²³Te	$^{123}{\rm Te}$
03_stellar-nucleosynthesis/0017_kaeppeler-2011/literature_analysis/01_introduction.md	161	supsub	¹⁴⁸	$^{148}$
03_stellar-nucleosynthesis/0017_kaeppeler-2011/literature_analysis/01_introduction.md	161	isotope	¹⁵⁰Sm	$^{150}{\rm Sm}$
03_stellar-nucleosynthesis/0017_kaeppeler-2011/literature_analysis/01_introduction.md	161	supsub	¹⁴⁸	$^{148}$
03_stellar-nucleosynthesis/0017_kaeppeler-2011/literature_analysis/01_introduction.md	161	isotope	¹⁵⁰Sm	$^{150}{\rm Sm}$
03_stellar-nucleosynthesis/0017_kaeppeler-2011/literature_analysis/01_introduction.md	167	isotope	¹²C	$^{12}{\rm C}$
03_stellar-nucleosynthesis/0017_kaeppeler-2011/literature_analysis/01_introduction.md	167	isotope	¹⁶O	$^{16}{\rm O}$
03_stellar-nucleosynthesis/0017_kaeppeler-2011/literature_analysis/01_introduction.md	168	isotope	²²Ne	$^{22}{\rm Ne}$
03_stellar-nucleosynthesis/0017_kaeppeler-2011/literature_analysis/01_introduction.md	168	isotope	²⁵Mg	$^{25}{\rm Mg}$
03_stellar-nucleosynthesis/0017_kaeppeler-2011/literature_analysis/01_introduction.md	217	supsub	²	$^{2}$
03_stellar-nucleosynthesis/0017_kaeppeler-2011/literature_analysis/01_introduction.md	226	supsub	²	$^{2}$
03_stellar-nucleosynthesis/0017_kaeppeler-2011/literature_analysis/01_introduction.md	258	isotope	¹²C	$^{12}{\rm C}$
03_stellar-nucleosynthesis/0017_kaeppeler-2011/literature_analysis/01_introduction.md	258	isotope	¹⁶O	$^{16}{\rm O}$
03_stellar-nucleosynthesis/0017_kaeppeler-2011/literature_analysis/01_introduction.md	270	isotope	⁹⁸Tc	$^{98}{\rm Tc}$
03_stellar-nucleosynthesis/0017_kaeppeler-2011/literature_analysis/01_introduction.md	280	supsub	¹³⁴	$^{134}$
03_stellar-nucleosynthesis/0017_kaeppeler-2011/literature_analysis/01_introduction.md	280	isotope	¹³⁶Xe	$^{136}{\rm Xe}$
03_stellar-nucleosynthesis/0017_kaeppeler-2011/literature_analysis/02_nuclear_physics.md	44	isotope	²²Ne	$^{22}{\rm Ne}$
03_stellar-nucleosynthesis/0017_kaeppeler-2011/literature_analysis/02_nuclear_physics.md	44	isotope	²⁵Mg	$^{25}{\rm Mg}$
03_stellar-nucleosynthesis/0017_kaeppeler-2011/literature_analysis/02_nuclear_physics.md	121	isotope	⁷Li	$^{7}{\rm Li}$
03_stellar-nucleosynthesis/0017_kaeppeler-2011/literature_analysis/02_nuclear_physics.md	121	isotope	⁷Be	$^{7}{\rm Be}$
03_stellar-nucleosynthesis/0017_kaeppeler-2011/literature_analysis/02_nuclear_physics.md	121	isotope	³H	$^{3}{\rm H}$
03_stellar-nucleosynthesis/0017_kaeppeler-2011/literature_analysis/02_nuclear_physics.md	121	isotope	³He	$^{3}{\rm He}$
03_stellar-nucleosynthesis/0017_kaeppeler-2011/literature_analysis/02_nuclear_physics.md	121	isotope	¹⁸O	$^{18}{\rm O}$
03_stellar-nucleosynthesis/0017_kaeppeler-2011/literature_analysis/02_nuclear_physics.md	121	isotope	¹⁸F	$^{18}{\rm F}$
03_stellar-nucleosynthesis/0017_kaeppeler-2011/literature_analysis/02_nuclear_physics.md	131	isotope	⁷Li	$^{7}{\rm Li}$
03_stellar-nucleosynthesis/0017_kaeppeler-2011/literature_analysis/02_nuclear_physics.md	131	isotope	⁷Be	$^{7}{\rm Be}$
03_stellar-nucleosynthesis/0017_kaeppeler-2011/literature_analysis/02_nuclear_physics.md	131	isotope	²²Ne	$^{22}{\rm Ne}$
03_stellar-nucleosynthesis/0017_kaeppeler-2011/literature_analysis/02_nuclear_physics.md	131	supsub	⁻¹	$^{-1}$
03_stellar-nucleosynthesis/0017_kaeppeler-2011/literature_analysis/02_nuclear_physics.md	132	isotope	³H	$^{3}{\rm H}$
03_stellar-nucleosynthesis/0017_kaeppeler-2011/literature_analysis/02_nuclear_physics.md	132	isotope	³He	$^{3}{\rm He}$
03_stellar-nucleosynthesis/0017_kaeppeler-2011/literature_analysis/02_nuclear_physics.md	132	supsub	⁻¹	$^{-1}$
03_stellar-nucleosynthesis/0017_kaeppeler-2011/literature_analysis/02_nuclear_physics.md	133	isotope	¹⁸O	$^{18}{\rm O}$
03_stellar-nucleosynthesis/0017_kaeppeler-2011/literature_analysis/02_nuclear_physics.md	133	isotope	¹⁸F	$^{18}{\rm F}$
03_stellar-nucleosynthesis/0017_kaeppeler-2011/literature_analysis/02_nuclear_physics.md	133	isotope	¹²C	$^{12}{\rm C}$
03_stellar-nucleosynthesis/0017_kaeppeler-2011/literature_analysis/02_nuclear_physics.md	133	supsub	⁻¹	$^{-1}$
03_stellar-nucleosynthesis/0017_kaeppeler-2011/literature_analysis/02_nuclear_physics.md	139	supsub	⁸	$^{8}$
03_stellar-nucleosynthesis/0017_kaeppeler-2011/literature_analysis/02_nuclear_physics.md	139	isotope	¹⁹⁷Au	$^{197}{\rm Au}$
03_stellar-nucleosynthesis/0017_kaeppeler-2011/literature_analysis/02_nuclear_physics.md	157	isotope	⁷⁹Se	$^{79}{\rm Se}$
03_stellar-nucleosynthesis/0017_kaeppeler-2011/literature_analysis/02_nuclear_physics.md	157	supsub	⁸⁰	$^{80}$
03_stellar-nucleosynthesis/0017_kaeppeler-2011/literature_analysis/02_nuclear_physics.md	157	isotope	⁸²Kr	$^{82}{\rm Kr}$
03_stellar-nucleosynthesis/0017_kaeppeler-2011/literature_analysis/02_nuclear_physics.md	158	isotope	⁸⁵Kr	$^{85}{\rm Kr}$
03_stellar-nucleosynthesis/0017_kaeppeler-2011/literature_analysis/02_nuclear_physics.md	158	supsub	⁸⁶	$^{86}$
03_stellar-nucleosynthesis/0017_kaeppeler-2011/literature_analysis/02_nuclear_physics.md	158	isotope	⁸⁷Sr	$^{87}{\rm Sr}$
03_stellar-nucleosynthesis/0017_kaeppeler-2011/literature_analysis/02_nuclear_physics.md	159	isotope	¹²³Te	$^{123}{\rm Te}$
03_stellar-nucleosynthesis/0017_kaeppeler-2011/literature_analysis/02_nuclear_physics.md	159	supsub	¹²²	$^{122}$
03_stellar-nucleosynthesis/0017_kaeppeler-2011/literature_analysis/02_nuclear_physics.md	159	isotope	¹²⁴Te	$^{124}{\rm Te}$
03_stellar-nucleosynthesis/0017_kaeppeler-2011/literature_analysis/02_nuclear_physics.md	160	isotope	¹⁴⁸Pm	$^{148}{\rm Pm}$
03_stellar-nucleosynthesis/0017_kaeppeler-2011/literature_analysis/02_nuclear_physics.md	160	supsub	¹⁴⁸	$^{148}$
03_stellar-nucleosynthesis/0017_kaeppeler-2011/literature_analysis/02_nuclear_physics.md	160	isotope	¹⁵⁰Sm	$^{150}{\rm Sm}$
03_stellar-nucleosynthesis/0017_kaeppeler-2011/literature_analysis/02_nuclear_physics.md	161	isotope	¹⁵¹Sm	$^{151}{\rm Sm}$
03_stellar-nucleosynthesis/0017_kaeppeler-2011/literature_analysis/02_nuclear_physics.md	161	isotope	¹⁵¹Eu	$^{151}{\rm Eu}$
03_stellar-nucleosynthesis/0017_kaeppeler-2011/literature_analysis/02_nuclear_physics.md	161	isotope	¹⁵²Sm	$^{152}{\rm Sm}$
03_stellar-nucleosynthesis/0017_kaeppeler-2011/literature_analysis/02_nuclear_physics.md	162	isotope	¹⁷⁶Lu	$^{176}{\rm Lu}$
03_stellar-nucleosynthesis/0017_kaeppeler-2011/literature_analysis/02_nuclear_physics.md	162	isotope	¹⁷⁶Hf	$^{176}{\rm Hf}$
03_stellar-nucleosynthesis/0017_kaeppeler-2011/literature_analysis/02_nuclear_physics.md	163	isotope	¹⁸⁵W	$^{185}{\rm W}$
03_stellar-nucleosynthesis/0017_kaeppeler-2011/literature_analysis/02_nuclear_physics.md	163	isotope	¹⁸⁶W	$^{186}{\rm W}$
03_stellar-nucleosynthesis/0017_kaeppeler-2011/literature_analysis/02_nuclear_physics.md	163	isotope	¹⁸⁶Re	$^{186}{\rm Re}$
03_stellar-nucleosynthesis/0017_kaeppeler-2011/literature_analysis/02_nuclear_physics.md	220	supsub	⁸⁰	$^{80}$
03_stellar-nucleosynthesis/0017_kaeppeler-2011/literature_analysis/02_nuclear_physics.md	220	isotope	⁸²Kr	$^{82}{\rm Kr}$
03_stellar-nucleosynthesis/0017_kaeppeler-2011/literature_analysis/02_nuclear_physics.md	221	supsub	¹²²	$^{122}$
03_stellar-nucleosynthesis/0017_kaeppeler-2011/literature_analysis/02_nuclear_physics.md	221	isotope	¹²⁴Te	$^{124}{\rm Te}$
03_stellar-nucleosynthesis/0017_kaeppeler-2011/literature_analysis/02_nuclear_physics.md	222	supsub	¹²⁸	$^{128}$
03_stellar-nucleosynthesis/0017_kaeppeler-2011/literature_analysis/02_nuclear_physics.md	222	isotope	¹³⁰Xe	$^{130}{\rm Xe}$
03_stellar-nucleosynthesis/0017_kaeppeler-2011/literature_analysis/02_nuclear_physics.md	223	supsub	¹³⁴	$^{134}$
03_stellar-nucleosynthesis/0017_kaeppeler-2011/literature_analysis/02_nuclear_physics.md	223	isotope	¹³⁶Ba	$^{136}{\rm Ba}$
03_stellar-nucleosynthesis/0017_kaeppeler-2011/literature_analysis/02_nuclear_physics.md	224	supsub	¹⁴⁸	$^{148}$
03_stellar-nucleosynthesis/0017_kaeppeler-2011/literature_analysis/02_nuclear_physics.md	224	isotope	¹⁵⁰Sm	$^{150}{\rm Sm}$
03_stellar-nucleosynthesis/0017_kaeppeler-2011/literature_analysis/02_nuclear_physics.md	239	isotope	¹⁸⁷Os	$^{187}{\rm Os}$
03_stellar-nucleosynthesis/0017_kaeppeler-2011/literature_analysis/02_nuclear_physics.md	268	isotope	¹²C	$^{12}{\rm C}$
03_stellar-nucleosynthesis/0017_kaeppeler-2011/literature_analysis/02_nuclear_physics.md	268	isotope	¹⁶O	$^{16}{\rm O}$
03_stellar-nucleosynthesis/0017_kaeppeler-2011/literature_analysis/02_nuclear_physics.md	279	isotope	¹⁸⁷Os	$^{187}{\rm Os}$
03_stellar-nucleosynthesis/0017_kaeppeler-2011/literature_analysis/02_nuclear_physics.md	280	isotope	⁶⁰Fe	$^{60}{\rm Fe}$
03_stellar-nucleosynthesis/0017_kaeppeler-2011/literature_analysis/02_nuclear_physics.md	281	isotope	¹⁴⁷Pm	$^{147}{\rm Pm}$
03_stellar-nucleosynthesis/0017_kaeppeler-2011/literature_analysis/02_nuclear_physics.md	290	isotope	²⁰⁹Bi	$^{209}{\rm Bi}$
03_stellar-nucleosynthesis/0017_kaeppeler-2011/literature_analysis/02_nuclear_physics.md	301	isotope	²⁰⁹Bi	$^{209}{\rm Bi}$
03_stellar-nucleosynthesis/0017_kaeppeler-2011/literature_analysis/02_nuclear_physics.md	311	isotope	²⁰Ne	$^{20}{\rm Ne}$
03_stellar-nucleosynthesis/0017_kaeppeler-2011/literature_analysis/02_nuclear_physics.md	311	isotope	⁹⁰Zr	$^{90}{\rm Zr}$
03_stellar-nucleosynthesis/0017_kaeppeler-2011/literature_analysis/02_nuclear_physics.md	311	isotope	⁹⁸Mo	$^{98}{\rm Mo}$
03_stellar-nucleosynthesis/0017_kaeppeler-2011/literature_analysis/02_nuclear_physics.md	378	isotope	¹⁸⁷Os	$^{187}{\rm Os}$
03_stellar-nucleosynthesis/0017_kaeppeler-2011/literature_analysis/02_nuclear_physics.md	378	isotope	¹⁸⁷Os	$^{187}{\rm Os}$
03_stellar-nucleosynthesis/0017_kaeppeler-2011/literature_analysis/02_nuclear_physics.md	380	isotope	³H	$^{3}{\rm H}$
03_stellar-nucleosynthesis/0017_kaeppeler-2011/literature_analysis/02_nuclear_physics.md	380	isotope	³He	$^{3}{\rm He}$
03_stellar-nucleosynthesis/0017_kaeppeler-2011/literature_analysis/02_nuclear_physics.md	388	isotope	²⁰⁹Bi	$^{209}{\rm Bi}$
03_stellar-nucleosynthesis/0017_kaeppeler-2011/literature_analysis/02_nuclear_physics.md	388	isotope	²⁰⁸Pb	$^{208}{\rm Pb}$
03_stellar-nucleosynthesis/0017_kaeppeler-2011/literature_analysis/02_nuclear_physics.md	388	isotope	⁹⁰Zr	$^{90}{\rm Zr}$
03_stellar-nucleosynthesis/0017_kaeppeler-2011/literature_analysis/02_nuclear_physics.md	388	isotope	¹³⁹La	$^{139}{\rm La}$
03_stellar-nucleosynthesis/0017_kaeppeler-2011/literature_analysis/02_nuclear_physics.md	390	isotope	¹³C	$^{13}{\rm C}$
03_stellar-nucleosynthesis/0017_kaeppeler-2011/literature_analysis/02_nuclear_physics.md	390	isotope	²²Ne	$^{22}{\rm Ne}$
03_stellar-nucleosynthesis/0017_kaeppeler-2011/literature_analysis/02_nuclear_physics.md	401	isotope	⁷⁹Se	$^{79}{\rm Se}$
03_stellar-nucleosynthesis/0017_kaeppeler-2011/literature_analysis/02_nuclear_physics.md	402	isotope	¹⁵¹Sm	$^{151}{\rm Sm}$
03_stellar-nucleosynthesis/0017_kaeppeler-2011/literature_analysis/03_stellar_models.md	20	isotope	¹³C	$^{13}{\rm C}$
03_stellar-nucleosynthesis/0017_kaeppeler-2011/literature_analysis/03_stellar_models.md	39	isotope	⁵⁶Fe	$^{56}{\rm Fe}$
03_stellar-nucleosynthesis/0017_kaeppeler-2011/literature_analysis/03_stellar_models.md	48	isotope	⁵⁶Fe	$^{56}{\rm Fe}$
03_stellar-nucleosynthesis/0017_kaeppeler-2011/literature_analysis/03_stellar_models.md	53	isotope	¹⁴²Nd	$^{142}{\rm Nd}$
03_stellar-nucleosynthesis/0017_kaeppeler-2011/literature_analysis/03_stellar_models.md	54	isotope	¹⁴²Nd	$^{142}{\rm Nd}$
03_stellar-nucleosynthesis/0017_kaeppeler-2011/literature_analysis/03_stellar_models.md	79	isotope	²²Ne	$^{22}{\rm Ne}$
03_stellar-nucleosynthesis/0017_kaeppeler-2011/literature_analysis/03_stellar_models.md	83	isotope	¹⁴N	$^{14}{\rm N}$
03_stellar-nucleosynthesis/0017_kaeppeler-2011/literature_analysis/03_stellar_models.md	85	isotope	²²Ne	$^{22}{\rm Ne}$
03_stellar-nucleosynthesis/0017_kaeppeler-2011/literature_analysis/03_stellar_models.md	98	isotope	⁶²Ni	$^{62}{\rm Ni}$
03_stellar-nucleosynthesis/0017_kaeppeler-2011/literature_analysis/03_stellar_models.md	98	isotope	⁶³Ni	$^{63}{\rm Ni}$
03_stellar-nucleosynthesis/0017_kaeppeler-2011/literature_analysis/03_stellar_models.md	129	isotope	¹²C	$^{12}{\rm C}$
03_stellar-nucleosynthesis/0017_kaeppeler-2011/literature_analysis/03_stellar_models.md	129	isotope	¹⁶O	$^{16}{\rm O}$
03_stellar-nucleosynthesis/0017_kaeppeler-2011/literature_analysis/03_stellar_models.md	133	isotope	¹²C	$^{12}{\rm C}$
03_stellar-nucleosynthesis/0017_kaeppeler-2011/literature_analysis/03_stellar_models.md	135	isotope	²²Ne	$^{22}{\rm Ne}$
03_stellar-nucleosynthesis/0017_kaeppeler-2011/literature_analysis/03_stellar_models.md	135	isotope	²⁵Mg	$^{25}{\rm Mg}$
03_stellar-nucleosynthesis/0017_kaeppeler-2011/literature_analysis/03_stellar_models.md	140	isotope	¹³C	$^{13}{\rm C}$
03_stellar-nucleosynthesis/0017_kaeppeler-2011/literature_analysis/03_stellar_models.md	142	isotope	¹³C	$^{13}{\rm C}$
03_stellar-nucleosynthesis/0017_kaeppeler-2011/literature_analysis/03_stellar_models.md	147	isotope	¹²C	$^{12}{\rm C}$
03_stellar-nucleosynthesis/0017_kaeppeler-2011/literature_analysis/03_stellar_models.md	148	isotope	¹³C	$^{13}{\rm C}$
03_stellar-nucleosynthesis/0017_kaeppeler-2011/literature_analysis/03_stellar_models.md	149	isotope	¹³C	$^{13}{\rm C}$
03_stellar-nucleosynthesis/0017_kaeppeler-2011/literature_analysis/03_stellar_models.md	149	isotope	¹⁶O	$^{16}{\rm O}$
03_stellar-nucleosynthesis/0017_kaeppeler-2011/literature_analysis/03_stellar_models.md	151	isotope	¹³C	$^{13}{\rm C}$
03_stellar-nucleosynthesis/0017_kaeppeler-2011/literature_analysis/03_stellar_models.md	153	isotope	¹³C	$^{13}{\rm C}$
03_stellar-nucleosynthesis/0017_kaeppeler-2011/literature_analysis/03_stellar_models.md	155	isotope	¹³C	$^{13}{\rm C}$
03_stellar-nucleosynthesis/0017_kaeppeler-2011/literature_analysis/03_stellar_models.md	162	isotope	²²Ne	$^{22}{\rm Ne}$
03_stellar-nucleosynthesis/0017_kaeppeler-2011/literature_analysis/03_stellar_models.md	162	isotope	²⁵Mg	$^{25}{\rm Mg}$
03_stellar-nucleosynthesis/0017_kaeppeler-2011/literature_analysis/03_stellar_models.md	172	isotope	¹³C	$^{13}{\rm C}$
03_stellar-nucleosynthesis/0017_kaeppeler-2011/literature_analysis/03_stellar_models.md	174	isotope	¹²C	$^{12}{\rm C}$
03_stellar-nucleosynthesis/0017_kaeppeler-2011/literature_analysis/03_stellar_models.md	174	isotope	¹⁶O	$^{16}{\rm O}$
03_stellar-nucleosynthesis/0017_kaeppeler-2011/literature_analysis/03_stellar_models.md	175	isotope	¹³C	$^{13}{\rm C}$
03_stellar-nucleosynthesis/0017_kaeppeler-2011/literature_analysis/03_stellar_models.md	175	isotope	¹⁶O	$^{16}{\rm O}$
03_stellar-nucleosynthesis/0017_kaeppeler-2011/literature_analysis/03_stellar_models.md	187	isotope	¹³C	$^{13}{\rm C}$
03_stellar-nucleosynthesis/0017_kaeppeler-2011/literature_analysis/03_stellar_models.md	189	isotope	¹³C	$^{13}{\rm C}$
03_stellar-nucleosynthesis/0017_kaeppeler-2011/literature_analysis/03_stellar_models.md	191	isotope	¹³C	$^{13}{\rm C}$
03_stellar-nucleosynthesis/0017_kaeppeler-2011/literature_analysis/03_stellar_models.md	192	isotope	¹⁴N	$^{14}{\rm N}$
03_stellar-nucleosynthesis/0017_kaeppeler-2011/literature_analysis/03_stellar_models.md	193	isotope	¹³C	$^{13}{\rm C}$
03_stellar-nucleosynthesis/0017_kaeppeler-2011/literature_analysis/03_stellar_models.md	193	isotope	¹⁴N	$^{14}{\rm N}$
03_stellar-nucleosynthesis/0017_kaeppeler-2011/literature_analysis/03_stellar_models.md	195	isotope	¹³C	$^{13}{\rm C}$
03_stellar-nucleosynthesis/0017_kaeppeler-2011/literature_analysis/03_stellar_models.md	197	isotope	¹³C	$^{13}{\rm C}$
03_stellar-nucleosynthesis/0017_kaeppeler-2011/literature_analysis/03_stellar_models.md	198	isotope	¹³C	$^{13}{\rm C}$
03_stellar-nucleosynthesis/0017_kaeppeler-2011/literature_analysis/03_stellar_models.md	198	isotope	¹³C	$^{13}{\rm C}$
03_stellar-nucleosynthesis/0017_kaeppeler-2011/literature_analysis/03_stellar_models.md	198	isotope	¹⁴N	$^{14}{\rm N}$
03_stellar-nucleosynthesis/0017_kaeppeler-2011/literature_analysis/03_stellar_models.md	198	isotope	¹³C	$^{13}{\rm C}$
03_stellar-nucleosynthesis/0017_kaeppeler-2011/literature_analysis/03_stellar_models.md	213	isotope	¹³C	$^{13}{\rm C}$
03_stellar-nucleosynthesis/0017_kaeppeler-2011/literature_analysis/03_stellar_models.md	243	isotope	¹³C	$^{13}{\rm C}$
03_stellar-nucleosynthesis/0017_kaeppeler-2011/literature_analysis/03_stellar_models.md	264	isotope	¹³C	$^{13}{\rm C}$
03_stellar-nucleosynthesis/0017_kaeppeler-2011/literature_analysis/03_stellar_models.md	268	isotope	¹³C	$^{13}{\rm C}$
03_stellar-nucleosynthesis/0017_kaeppeler-2011/literature_analysis/03_stellar_models.md	287	isotope	²²Ne	$^{22}{\rm Ne}$
03_stellar-nucleosynthesis/0017_kaeppeler-2011/literature_analysis/03_stellar_models.md	300	isotope	²²Ne	$^{22}{\rm Ne}$
03_stellar-nucleosynthesis/0017_kaeppeler-2011/literature_analysis/03_stellar_models.md	301	isotope	²²Ne	$^{22}{\rm Ne}$
03_stellar-nucleosynthesis/0017_kaeppeler-2011/literature_analysis/03_stellar_models.md	303	isotope	²²Ne	$^{22}{\rm Ne}$
03_stellar-nucleosynthesis/0017_kaeppeler-2011/literature_analysis/03_stellar_models.md	304	isotope	¹³C	$^{13}{\rm C}$
03_stellar-nucleosynthesis/0017_kaeppeler-2011/literature_analysis/03_stellar_models.md	304	isotope	¹²C	$^{12}{\rm C}$
03_stellar-nucleosynthesis/0017_kaeppeler-2011/literature_analysis/03_stellar_models.md	304	isotope	¹⁶O	$^{16}{\rm O}$
03_stellar-nucleosynthesis/0017_kaeppeler-2011/literature_analysis/03_stellar_models.md	305	isotope	¹³C	$^{13}{\rm C}$
03_stellar-nucleosynthesis/0017_kaeppeler-2011/literature_analysis/03_stellar_models.md	306	isotope	¹³C	$^{13}{\rm C}$
03_stellar-nucleosynthesis/0017_kaeppeler-2011/literature_analysis/03_stellar_models.md	308	isotope	⁵⁶Fe	$^{56}{\rm Fe}$
03_stellar-nucleosynthesis/0017_kaeppeler-2011/literature_analysis/03_stellar_models.md	333	isotope	¹³C	$^{13}{\rm C}$
03_stellar-nucleosynthesis/0017_kaeppeler-2011/literature_analysis/03_stellar_models.md	335	isotope	¹³C	$^{13}{\rm C}$
03_stellar-nucleosynthesis/0017_kaeppeler-2011/literature_analysis/03_stellar_models.md	338	isotope	¹²C	$^{12}{\rm C}$
03_stellar-nucleosynthesis/0017_kaeppeler-2011/literature_analysis/03_stellar_models.md	339	isotope	¹³C	$^{13}{\rm C}$
03_stellar-nucleosynthesis/0017_kaeppeler-2011/literature_analysis/03_stellar_models.md	340	isotope	¹⁴N	$^{14}{\rm N}$
03_stellar-nucleosynthesis/0017_kaeppeler-2011/literature_analysis/03_stellar_models.md	345	isotope	¹³C	$^{13}{\rm C}$
03_stellar-nucleosynthesis/0017_kaeppeler-2011/literature_analysis/03_stellar_models.md	346	isotope	¹⁴N	$^{14}{\rm N}$
03_stellar-nucleosynthesis/0017_kaeppeler-2011/literature_analysis/03_stellar_models.md	347	isotope	¹³C	$^{13}{\rm C}$
03_stellar-nucleosynthesis/0017_kaeppeler-2011/literature_analysis/03_stellar_models.md	347	isotope	¹⁴N	$^{14}{\rm N}$
03_stellar-nucleosynthesis/0017_kaeppeler-2011/literature_analysis/03_stellar_models.md	349	isotope	¹³C	$^{13}{\rm C}$
03_stellar-nucleosynthesis/0017_kaeppeler-2011/literature_analysis/03_stellar_models.md	362	isotope	¹³C	$^{13}{\rm C}$
03_stellar-nucleosynthesis/0017_kaeppeler-2011/literature_analysis/03_stellar_models.md	362	isotope	¹³C	$^{13}{\rm C}$
03_stellar-nucleosynthesis/0017_kaeppeler-2011/literature_analysis/03_stellar_models.md	366	supsub	ᵢₙᵢ	$_{ini}$
03_stellar-nucleosynthesis/0017_kaeppeler-2011/literature_analysis/03_stellar_models.md	377	isotope	¹³C	$^{13}{\rm C}$
03_stellar-nucleosynthesis/0017_kaeppeler-2011/literature_analysis/03_stellar_models.md	378	supsub	ᵢₙᵢ	$_{ini}$
03_stellar-nucleosynthesis/0017_kaeppeler-2011/literature_analysis/03_stellar_models.md	390	isotope	¹³C	$^{13}{\rm C}$
03_stellar-nucleosynthesis/0017_kaeppeler-2011/literature_analysis/03_stellar_models.md	391	isotope	¹³C	$^{13}{\rm C}$
03_stellar-nucleosynthesis/0017_kaeppeler-2011/literature_analysis/03_stellar_models.md	396	isotope	¹³C	$^{13}{\rm C}$
03_stellar-nucleosynthesis/0017_kaeppeler-2011/literature_analysis/03_stellar_models.md	396	isotope	¹³C	$^{13}{\rm C}$
03_stellar-nucleosynthesis/0017_kaeppeler-2011/literature_analysis/03_stellar_models.md	406	isotope	¹³C	$^{13}{\rm C}$
03_stellar-nucleosynthesis/0017_kaeppeler-2011/literature_analysis/03_stellar_models.md	407	isotope	¹²C	$^{12}{\rm C}$
03_stellar-nucleosynthesis/0017_kaeppeler-2011/literature_analysis/03_stellar_models.md	407	isotope	¹⁶O	$^{16}{\rm O}$
03_stellar-nucleosynthesis/0017_kaeppeler-2011/literature_analysis/03_stellar_models.md	412	isotope	¹³C	$^{13}{\rm C}$
03_stellar-nucleosynthesis/0017_kaeppeler-2011/literature_analysis/03_stellar_models.md	412	isotope	¹³C	$^{13}{\rm C}$
03_stellar-nucleosynthesis/0017_kaeppeler-2011/literature_analysis/03_stellar_models.md	420	isotope	¹³C	$^{13}{\rm C}$
03_stellar-nucleosynthesis/0017_kaeppeler-2011/literature_analysis/03_stellar_models.md	422	isotope	¹³C	$^{13}{\rm C}$
03_stellar-nucleosynthesis/0017_kaeppeler-2011/literature_analysis/03_stellar_models.md	423	isotope	¹³C	$^{13}{\rm C}$
03_stellar-nucleosynthesis/0017_kaeppeler-2011/literature_analysis/03_stellar_models.md	429	supsub	ᵢₙᵢ	$_{ini}$
03_stellar-nucleosynthesis/0017_kaeppeler-2011/literature_analysis/03_stellar_models.md	439	isotope	²²Ne	$^{22}{\rm Ne}$
03_stellar-nucleosynthesis/0017_kaeppeler-2011/literature_analysis/03_stellar_models.md	439	isotope	²⁵Mg	$^{25}{\rm Mg}$
03_stellar-nucleosynthesis/0017_kaeppeler-2011/literature_analysis/03_stellar_models.md	446	isotope	¹²C	$^{12}{\rm C}$
03_stellar-nucleosynthesis/0017_kaeppeler-2011/literature_analysis/03_stellar_models.md	446	isotope	¹⁶O	$^{16}{\rm O}$
03_stellar-nucleosynthesis/0017_kaeppeler-2011/literature_analysis/03_stellar_models.md	446	isotope	²²Ne	$^{22}{\rm Ne}$
03_stellar-nucleosynthesis/0017_kaeppeler-2011/literature_analysis/03_stellar_models.md	446	isotope	²⁵Mg	$^{25}{\rm Mg}$
03_stellar-nucleosynthesis/0017_kaeppeler-2011/literature_analysis/03_stellar_models.md	447	isotope	¹³C	$^{13}{\rm C}$
03_stellar-nucleosynthesis/0017_kaeppeler-2011/literature_analysis/04_observational_constraints.md	17	isotope	⁸⁵Kr	$^{85}{\rm Kr}$
03_stellar-nucleosynthesis/0017_kaeppeler-2011/literature_analysis/04_observational_constraints.md	17	isotope	¹⁵¹Sm	$^{151}{\rm Sm}$
03_stellar-nucleosynthesis/0017_kaeppeler-2011/literature_analysis/04_observational_constraints.md	34	isotope	⁸⁵Kr	$^{85}{\rm Kr}$
03_stellar-nucleosynthesis/0017_kaeppeler-2011/literature_analysis/04_observational_constraints.md	34	isotope	¹⁵¹Sm	$^{151}{\rm Sm}$
03_stellar-nucleosynthesis/0017_kaeppeler-2011/literature_analysis/04_observational_constraints.md	97	isotope	¹³C	$^{13}{\rm C}$
03_stellar-nucleosynthesis/0017_kaeppeler-2011/literature_analysis/04_observational_constraints.md	98	isotope	¹³C	$^{13}{\rm C}$
03_stellar-nucleosynthesis/0017_kaeppeler-2011/literature_analysis/04_observational_constraints.md	101	supsub	¹	$^{1}$
03_stellar-nucleosynthesis/0017_kaeppeler-2011/literature_analysis/04_observational_constraints.md	101	supsub	³	$^{3}$
03_stellar-nucleosynthesis/0017_kaeppeler-2011/literature_analysis/04_observational_constraints.md	152	isotope	⁹³Zr	$^{93}{\rm Zr}$
03_stellar-nucleosynthesis/0017_kaeppeler-2011/literature_analysis/04_observational_constraints.md	153	isotope	⁹³Zr	$^{93}{\rm Zr}$
03_stellar-nucleosynthesis/0017_kaeppeler-2011/literature_analysis/04_observational_constraints.md	153	isotope	⁹³Nb	$^{93}{\rm Nb}$
03_stellar-nucleosynthesis/0017_kaeppeler-2011/literature_analysis/04_observational_constraints.md	155	isotope	⁹³Zr	$^{93}{\rm Zr}$
03_stellar-nucleosynthesis/0017_kaeppeler-2011/literature_analysis/04_observational_constraints.md	155	isotope	⁹³Nb	$^{93}{\rm Nb}$
03_stellar-nucleosynthesis/0017_kaeppeler-2011/literature_analysis/04_observational_constraints.md	159	isotope	¹⁵¹Sm	$^{151}{\rm Sm}$
03_stellar-nucleosynthesis/0017_kaeppeler-2011/literature_analysis/04_observational_constraints.md	161	isotope	¹⁵¹Eu	$^{151}{\rm Eu}$
03_stellar-nucleosynthesis/0017_kaeppeler-2011/literature_analysis/04_observational_constraints.md	161	isotope	¹⁵¹Sm	$^{151}{\rm Sm}$
03_stellar-nucleosynthesis/0017_kaeppeler-2011/literature_analysis/04_observational_constraints.md	161	isotope	¹⁵²Sm	$^{152}{\rm Sm}$
03_stellar-nucleosynthesis/0017_kaeppeler-2011/literature_analysis/04_observational_constraints.md	162	isotope	¹⁵¹Eu	$^{151}{\rm Eu}$
03_stellar-nucleosynthesis/0017_kaeppeler-2011/literature_analysis/04_observational_constraints.md	164	isotope	¹⁵¹Sm	$^{151}{\rm Sm}$
03_stellar-nucleosynthesis/0017_kaeppeler-2011/literature_analysis/04_observational_constraints.md	168	isotope	⁸⁵Kr	$^{85}{\rm Kr}$
03_stellar-nucleosynthesis/0017_kaeppeler-2011/literature_analysis/04_observational_constraints.md	170	isotope	⁸⁵Kr	$^{85}{\rm Kr}$
03_stellar-nucleosynthesis/0017_kaeppeler-2011/literature_analysis/04_observational_constraints.md	171	isotope	⁸⁴Kr	$^{84}{\rm Kr}$
03_stellar-nucleosynthesis/0017_kaeppeler-2011/literature_analysis/04_observational_constraints.md	171	isotope	⁸⁵Rb	$^{85}{\rm Rb}$
03_stellar-nucleosynthesis/0017_kaeppeler-2011/literature_analysis/04_observational_constraints.md	171	isotope	⁸⁶Sr	$^{86}{\rm Sr}$
03_stellar-nucleosynthesis/0017_kaeppeler-2011/literature_analysis/04_observational_constraints.md	172	isotope	⁸⁴Kr	$^{84}{\rm Kr}$
03_stellar-nucleosynthesis/0017_kaeppeler-2011/literature_analysis/04_observational_constraints.md	172	isotope	⁸⁶Kr	$^{86}{\rm Kr}$
03_stellar-nucleosynthesis/0017_kaeppeler-2011/literature_analysis/04_observational_constraints.md	172	isotope	⁸⁷Rb	$^{87}{\rm Rb}$
03_stellar-nucleosynthesis/0017_kaeppeler-2011/literature_analysis/04_observational_constraints.md	175	isotope	⁸⁷Rb	$^{87}{\rm Rb}$
03_stellar-nucleosynthesis/0017_kaeppeler-2011/literature_analysis/04_observational_constraints.md	175	isotope	⁸⁷Rb	$^{87}{\rm Rb}$
03_stellar-nucleosynthesis/0017_kaeppeler-2011/literature_analysis/04_observational_constraints.md	177	isotope	¹²C	$^{12}{\rm C}$
03_stellar-nucleosynthesis/0017_kaeppeler-2011/literature_analysis/04_observational_constraints.md	177	isotope	¹⁶O	$^{16}{\rm O}$
03_stellar-nucleosynthesis/0017_kaeppeler-2011/literature_analysis/04_observational_constraints.md	183	isotope	²²Ne	$^{22}{\rm Ne}$
03_stellar-nucleosynthesis/0017_kaeppeler-2011/literature_analysis/04_observational_constraints.md	183	isotope	²⁵Mg	$^{25}{\rm Mg}$
03_stellar-nucleosynthesis/0017_kaeppeler-2011/literature_analysis/04_observational_constraints.md	190	isotope	¹⁵¹Sm	$^{151}{\rm Sm}$
03_stellar-nucleosynthesis/0017_kaeppeler-2011/literature_analysis/04_observational_constraints.md	192	isotope	¹⁵¹Sm	$^{151}{\rm Sm}$
03_stellar-nucleosynthesis/0017_kaeppeler-2011/literature_analysis/04_observational_constraints.md	193	isotope	¹⁵¹Sm	$^{151}{\rm Sm}$
03_stellar-nucleosynthesis/0017_kaeppeler-2011/literature_analysis/04_observational_constraints.md	193	supsub-greek	β⁻	$\beta^{-}$
03_stellar-nucleosynthesis/0017_kaeppeler-2011/literature_analysis/04_observational_constraints.md	194	isotope	¹⁵¹Eu	$^{151}{\rm Eu}$
03_stellar-nucleosynthesis/0017_kaeppeler-2011/literature_analysis/04_observational_constraints.md	194	isotope	¹⁵²Sm	$^{152}{\rm Sm}$
03_stellar-nucleosynthesis/0017_kaeppeler-2011/literature_analysis/04_observational_constraints.md	197	isotope	¹⁵¹Eu	$^{151}{\rm Eu}$
03_stellar-nucleosynthesis/0017_kaeppeler-2011/literature_analysis/04_observational_constraints.md	199	isotope	¹⁵¹Sm	$^{151}{\rm Sm}$
03_stellar-nucleosynthesis/0017_kaeppeler-2011/literature_analysis/04_observational_constraints.md	259	isotope	⁸⁵Kr	$^{85}{\rm Kr}$
03_stellar-nucleosynthesis/0017_kaeppeler-2011/literature_analysis/04_observational_constraints.md	261	isotope	⁸⁴Kr	$^{84}{\rm Kr}$
03_stellar-nucleosynthesis/0017_kaeppeler-2011/literature_analysis/04_observational_constraints.md	261	isotope	⁸⁵Rb	$^{85}{\rm Rb}$
03_stellar-nucleosynthesis/0017_kaeppeler-2011/literature_analysis/04_observational_constraints.md	261	isotope	⁸⁶Sr	$^{86}{\rm Sr}$
03_stellar-nucleosynthesis/0017_kaeppeler-2011/literature_analysis/04_observational_constraints.md	262	isotope	⁸⁴Kr	$^{84}{\rm Kr}$
03_stellar-nucleosynthesis/0017_kaeppeler-2011/literature_analysis/04_observational_constraints.md	262	isotope	⁸⁶Kr	$^{86}{\rm Kr}$
03_stellar-nucleosynthesis/0017_kaeppeler-2011/literature_analysis/04_observational_constraints.md	262	isotope	⁸⁷Rb	$^{87}{\rm Rb}$
03_stellar-nucleosynthesis/0017_kaeppeler-2011/literature_analysis/04_observational_constraints.md	264	isotope	¹⁵¹Sm	$^{151}{\rm Sm}$
03_stellar-nucleosynthesis/0017_kaeppeler-2011/literature_analysis/04_observational_constraints.md	268	isotope	¹⁵¹Eu	$^{151}{\rm Eu}$
03_stellar-nucleosynthesis/0017_kaeppeler-2011/literature_analysis/04_observational_constraints.md	268	isotope	¹⁵²Sm	$^{152}{\rm Sm}$
03_stellar-nucleosynthesis/0017_kaeppeler-2011/literature_analysis/04_observational_constraints.md	274	isotope	⁸⁵Kr	$^{85}{\rm Kr}$
03_stellar-nucleosynthesis/0017_kaeppeler-2011/literature_analysis/04_observational_constraints.md	274	isotope	⁸⁵Kr	$^{85}{\rm Kr}$
03_stellar-nucleosynthesis/0017_kaeppeler-2011/literature_analysis/04_observational_constraints.md	275	isotope	⁸⁵Kr	$^{85}{\rm Kr}$
03_stellar-nucleosynthesis/0017_kaeppeler-2011/literature_analysis/04_observational_constraints.md	276	isotope	⁸⁵Kr	$^{85}{\rm Kr}$
03_stellar-nucleosynthesis/0017_kaeppeler-2011/literature_analysis/04_observational_constraints.md	277	isotope	¹⁵¹Sm	$^{151}{\rm Sm}$
03_stellar-nucleosynthesis/0017_kaeppeler-2011/literature_analysis/04_observational_constraints.md	277	isotope	¹⁵¹Sm	$^{151}{\rm Sm}$
03_stellar-nucleosynthesis/0017_kaeppeler-2011/literature_analysis/04_observational_constraints.md	278	isotope	⁹³Zr	$^{93}{\rm Zr}$
03_stellar-nucleosynthesis/0017_kaeppeler-2011/literature_analysis/04_observational_constraints.md	279	isotope	⁹⁹Tc	$^{99}{\rm Tc}$
03_stellar-nucleosynthesis/0017_kaeppeler-2011/literature_analysis/04_observational_constraints.md	280	isotope	⁹⁸Tc	$^{98}{\rm Tc}$
03_stellar-nucleosynthesis/0017_kaeppeler-2011/literature_analysis/04_observational_constraints.md	291	isotope	²²Ne	$^{22}{\rm Ne}$
03_stellar-nucleosynthesis/0017_kaeppeler-2011/literature_analysis/04_observational_constraints.md	303	isotope	¹³C	$^{13}{\rm C}$
03_stellar-nucleosynthesis/0017_kaeppeler-2011/literature_analysis/04_observational_constraints.md	311	isotope	¹³C	$^{13}{\rm C}$
03_stellar-nucleosynthesis/0017_kaeppeler-2011/literature_analysis/04_observational_constraints.md	315	supsub	ᵢₙᵢ	$_{ini}$
03_stellar-nucleosynthesis/0017_kaeppeler-2011/literature_analysis/04_observational_constraints.md	328	supsub	ᵢₙᵢ	$_{ini}$
03_stellar-nucleosynthesis/0017_kaeppeler-2011/literature_analysis/04_observational_constraints.md	329	supsub	ᵢₙᵢ	$_{ini}$
03_stellar-nucleosynthesis/0017_kaeppeler-2011/literature_analysis/04_observational_constraints.md	358	isotope	⁸⁵Kr	$^{85}{\rm Kr}$
03_stellar-nucleosynthesis/0017_kaeppeler-2011/literature_analysis/04_observational_constraints.md	358	isotope	¹⁵¹Sm	$^{151}{\rm Sm}$
03_stellar-nucleosynthesis/0017_kaeppeler-2011/literature_analysis/04_observational_constraints.md	371	isotope	⁸⁵Kr	$^{85}{\rm Kr}$
03_stellar-nucleosynthesis/0017_kaeppeler-2011/literature_analysis/04_observational_constraints.md	371	isotope	¹⁵¹Sm	$^{151}{\rm Sm}$
03_stellar-nucleosynthesis/0017_kaeppeler-2011/literature_analysis/04_observational_constraints.md	375	isotope	¹³C	$^{13}{\rm C}$
03_stellar-nucleosynthesis/0017_kaeppeler-2011/literature_analysis/04_observational_constraints.md	399	isotope	¹³C	$^{13}{\rm C}$
03_stellar-nucleosynthesis/0017_kaeppeler-2011/literature_analysis/04_observational_constraints.md	401	isotope	¹²C	$^{12}{\rm C}$
03_stellar-nucleosynthesis/0017_kaeppeler-2011/literature_analysis/04_observational_constraints.md	401	isotope	¹⁶O	$^{16}{\rm O}$
03_stellar-nucleosynthesis/0017_kaeppeler-2011/literature_analysis/04_observational_constraints.md	401	isotope	²²Ne	$^{22}{\rm Ne}$
03_stellar-nucleosynthesis/0017_kaeppeler-2011/literature_analysis/04_observational_constraints.md	401	isotope	²⁵Mg	$^{25}{\rm Mg}$
03_stellar-nucleosynthesis/0017_kaeppeler-2011/literature_analysis/05_conclusions.md	42	isotope	⁹⁰Zr	$^{90}{\rm Zr}$
03_stellar-nucleosynthesis/0017_kaeppeler-2011/literature_analysis/05_conclusions.md	42	isotope	¹³⁹La	$^{139}{\rm La}$
03_stellar-nucleosynthesis/0017_kaeppeler-2011/literature_analysis/05_conclusions.md	42	isotope	²⁰⁸Pb	$^{208}{\rm Pb}$
03_stellar-nucleosynthesis/0017_kaeppeler-2011/literature_analysis/05_conclusions.md	47	isotope	¹²C	$^{12}{\rm C}$
03_stellar-nucleosynthesis/0017_kaeppeler-2011/literature_analysis/05_conclusions.md	47	isotope	¹⁶O	$^{16}{\rm O}$
03_stellar-nucleosynthesis/0017_kaeppeler-2011/literature_analysis/05_conclusions.md	48	isotope	²²Ne	$^{22}{\rm Ne}$
03_stellar-nucleosynthesis/0017_kaeppeler-2011/literature_analysis/05_conclusions.md	48	isotope	²⁵Mg	$^{25}{\rm Mg}$
03_stellar-nucleosynthesis/0017_kaeppeler-2011/literature_analysis/05_conclusions.md	52	isotope	⁷⁹Se	$^{79}{\rm Se}$
03_stellar-nucleosynthesis/0017_kaeppeler-2011/literature_analysis/05_conclusions.md	52	isotope	¹²³Te	$^{123}{\rm Te}$
03_stellar-nucleosynthesis/0017_kaeppeler-2011/literature_analysis/05_conclusions.md	52	isotope	¹⁴⁷Pm	$^{147}{\rm Pm}$
03_stellar-nucleosynthesis/0017_kaeppeler-2011/literature_analysis/05_conclusions.md	80	isotope	²²Ne	$^{22}{\rm Ne}$
03_stellar-nucleosynthesis/0017_kaeppeler-2011/literature_analysis/05_conclusions.md	80	isotope	¹⁴N	$^{14}{\rm N}$
03_stellar-nucleosynthesis/0017_kaeppeler-2011/literature_analysis/05_conclusions.md	80	isotope	¹⁴N	$^{14}{\rm N}$
03_stellar-nucleosynthesis/0017_kaeppeler-2011/literature_analysis/05_conclusions.md	80	isotope	¹⁸F	$^{18}{\rm F}$
03_stellar-nucleosynthesis/0017_kaeppeler-2011/literature_analysis/05_conclusions.md	80	supsub-greek	β⁺	$\beta^{+}$
03_stellar-nucleosynthesis/0017_kaeppeler-2011/literature_analysis/05_conclusions.md	80	isotope	¹⁸O	$^{18}{\rm O}$
03_stellar-nucleosynthesis/0017_kaeppeler-2011/literature_analysis/05_conclusions.md	80	isotope	¹⁸O	$^{18}{\rm O}$
03_stellar-nucleosynthesis/0017_kaeppeler-2011/literature_analysis/05_conclusions.md	80	isotope	²²Ne	$^{22}{\rm Ne}$
03_stellar-nucleosynthesis/0017_kaeppeler-2011/literature_analysis/05_conclusions.md	105	isotope	¹³C	$^{13}{\rm C}$
03_stellar-nucleosynthesis/0017_kaeppeler-2011/literature_analysis/05_conclusions.md	152	supsub	²	$^{2}$
03_stellar-nucleosynthesis/0017_kaeppeler-2011/literature_analysis/05_conclusions.md	200	isotope	⁵⁶Fe	$^{56}{\rm Fe}$
03_stellar-nucleosynthesis/0017_kaeppeler-2011/literature_analysis/05_conclusions.md	215	isotope	²⁰⁹Bi	$^{209}{\rm Bi}$
03_stellar-nucleosynthesis/0017_kaeppeler-2011/literature_analysis/05_conclusions.md	220	isotope	¹³C	$^{13}{\rm C}$
03_stellar-nucleosynthesis/0017_kaeppeler-2011/literature_analysis/05_conclusions.md	264	isotope	¹³C	$^{13}{\rm C}$
03_stellar-nucleosynthesis/0017_kaeppeler-2011/literature_analysis/05_conclusions.md	267	isotope	¹²C	$^{12}{\rm C}$
03_stellar-nucleosynthesis/0017_kaeppeler-2011/literature_analysis/05_conclusions.md	267	isotope	¹⁶O	$^{16}{\rm O}$
03_stellar-nucleosynthesis/0017_kaeppeler-2011/literature_analysis/05_conclusions.md	267	isotope	²²Ne	$^{22}{\rm Ne}$
03_stellar-nucleosynthesis/0017_kaeppeler-2011/literature_analysis/05_conclusions.md	267	isotope	²⁵Mg	$^{25}{\rm Mg}$
03_stellar-nucleosynthesis/0017_kaeppeler-2011/literature_analysis/05_conclusions.md	286	isotope	¹³C	$^{13}{\rm C}$
03_stellar-nucleosynthesis/0017_kaeppeler-2011/literature_analysis/05_conclusions.md	286	isotope	¹³C	$^{13}{\rm C}$
03_stellar-nucleosynthesis/0017_kaeppeler-2011/literature_analysis/05_conclusions.md	292	isotope	¹²C	$^{12}{\rm C}$
03_stellar-nucleosynthesis/0017_kaeppeler-2011/literature_analysis/05_conclusions.md	292	isotope	¹⁶O	$^{16}{\rm O}$
03_stellar-nucleosynthesis/0017_kaeppeler-2011/literature_analysis/05_conclusions.md	292	isotope	²²Ne	$^{22}{\rm Ne}$
03_stellar-nucleosynthesis/0017_kaeppeler-2011/literature_analysis/05_conclusions.md	292	isotope	²⁵Mg	$^{25}{\rm Mg}$
03_stellar-nucleosynthesis/0017_kaeppeler-2011/literature_analysis/05_conclusions.md	294	isotope	¹²C	$^{12}{\rm C}$
03_stellar-nucleosynthesis/0017_kaeppeler-2011/literature_analysis/05_conclusions.md	294	isotope	¹⁶O	$^{16}{\rm O}$
03_stellar-nucleosynthesis/0017_kaeppeler-2011/literature_analysis/05_conclusions.md	294	supsub	⁻	^{-}
03_stellar-nucleosynthesis/0017_kaeppeler-2011/literature_analysis/05_conclusions.md	322	isotope	¹⁸⁷Re	$^{187}{\rm Re}$
03_stellar-nucleosynthesis/0017_kaeppeler-2011/literature_analysis/05_conclusions.md	322	supsub-greek	β⁻	$\beta^{-}$
03_stellar-nucleosynthesis/0017_kaeppeler-2011/literature_analysis/05_conclusions.md	323	isotope	¹⁸⁷Os	$^{187}{\rm Os}$
03_stellar-nucleosynthesis/0017_kaeppeler-2011/literature_analysis/05_conclusions.md	323	isotope	¹⁸⁶Os	$^{186}{\rm Os}$
03_stellar-nucleosynthesis/0017_kaeppeler-2011/literature_analysis/05_conclusions.md	345	isotope	¹³C	$^{13}{\rm C}$
03_stellar-nucleosynthesis/0017_kaeppeler-2011/literature_analysis/98_vocabulary.md	52	isotope	¹³C	$^{13}{\rm C}$
03_stellar-nucleosynthesis/0017_kaeppeler-2011/literature_analysis/98_vocabulary.md	52	isotope	¹³C	$^{13}{\rm C}$
03_stellar-nucleosynthesis/0017_kaeppeler-2011/literature_analysis/98_vocabulary.md	53	isotope	²²Ne	$^{22}{\rm Ne}$
03_stellar-nucleosynthesis/0017_kaeppeler-2011/literature_analysis/98_vocabulary.md	53	isotope	²⁵Mg	$^{25}{\rm Mg}$
03_stellar-nucleosynthesis/0017_kaeppeler-2011/literature_analysis/98_vocabulary.md	54	isotope	¹³C	$^{13}{\rm C}$
03_stellar-nucleosynthesis/0017_kaeppeler-2011/literature_analysis/98_vocabulary.md	54	isotope	¹⁶O	$^{16}{\rm O}$
03_stellar-nucleosynthesis/0017_kaeppeler-2011/literature_analysis/99_final_summary.md	12	isotope	¹³C	$^{13}{\rm C}$
03_stellar-nucleosynthesis/0017_kaeppeler-2011/literature_analysis/99_final_summary.md	14	isotope	⁸⁵Kr	$^{85}{\rm Kr}$
03_stellar-nucleosynthesis/0017_kaeppeler-2011/literature_analysis/99_final_summary.md	14	isotope	¹⁵¹Sm	$^{151}{\rm Sm}$
03_stellar-nucleosynthesis/0017_kaeppeler-2011/literature_analysis/99_final_summary.md	23	isotope	¹³C	$^{13}{\rm C}$
03_stellar-nucleosynthesis/0017_kaeppeler-2011/literature_analysis/99_final_summary.md	23	isotope	¹⁶O	$^{16}{\rm O}$
03_stellar-nucleosynthesis/0017_kaeppeler-2011/literature_analysis/99_final_summary.md	24	isotope	²²Ne	$^{22}{\rm Ne}$
03_stellar-nucleosynthesis/0017_kaeppeler-2011/literature_analysis/99_final_summary.md	24	isotope	²⁵Mg	$^{25}{\rm Mg}$
03_stellar-nucleosynthesis/0017_kaeppeler-2011/literature_analysis/99_final_summary.md	27	isotope	⁸⁵Kr	$^{85}{\rm Kr}$
03_stellar-nucleosynthesis/0017_kaeppeler-2011/literature_analysis/99_final_summary.md	27	isotope	¹⁵¹Sm	$^{151}{\rm Sm}$
03_stellar-nucleosynthesis/0017_kaeppeler-2011/literature_analysis/99_final_summary.md	40	isotope	¹³C	$^{13}{\rm C}$
03_stellar-nucleosynthesis/0017_kaeppeler-2011/literature_analysis/99_final_summary.md	40	isotope	¹⁶O	$^{16}{\rm O}$
03_stellar-nucleosynthesis/0017_kaeppeler-2011/literature_analysis/99_final_summary.md	41	isotope	¹³C	$^{13}{\rm C}$
03_stellar-nucleosynthesis/0002_trimble-1975/literature_analysis/03_observed_abundances_II.md	39	supsub	₁₀	$_{10}$
03_stellar-nucleosynthesis/0002_trimble-1975/literature_analysis/03_observed_abundances_II.md	39	supsub	₁₀	$_{10}$
03_stellar-nucleosynthesis/0002_trimble-1975/literature_analysis/03_observed_abundances_II.md	73	supsub	²	$^{2}$
03_stellar-nucleosynthesis/0002_trimble-1975/literature_analysis/03_observed_abundances_II.md	135	supsub	²	$^{2}$
03_stellar-nucleosynthesis/0002_trimble-1975/literature_analysis/03_observed_abundances_II.md	136	supsub	₁	$_{1}$
03_stellar-nucleosynthesis/0002_trimble-1975/literature_analysis/03_observed_abundances_II.md	136	supsub	₂	$_{2}$
03_stellar-nucleosynthesis/0002_trimble-1975/literature_analysis/03_observed_abundances_II.md	136	supsub	⁶	$^{6}$
03_stellar-nucleosynthesis/0002_trimble-1975/literature_analysis/03_observed_abundances_II.md	144	supsub	⁻²·⁷	$^{-2.7}$
03_stellar-nucleosynthesis/0002_trimble-1975/literature_analysis/03_observed_abundances_II.md	191	supsub	²	$^{2}$
03_stellar-nucleosynthesis/0002_trimble-1975/literature_analysis/03_observed_abundances_II.md	199	supsub	²	$^{2}$
